candidate_id,iteration,ari,mean_matched_jaccard,minimum_matched_jaccard,minimum_resample_cluster_size,maximum_resample_cluster_size,representation_dimensions
R0_STANDARDIZED__GMM_DIAG__K2,1,1.0,1.0,1.0,13,52,13
R0_STANDARDIZED__GMM_DIAG__K2,2,1.0,1.0,1.0,12,53,13
R0_STANDARDIZED__GMM_DIAG__K2,3,0.9261606184048209,0.9490740740740741,0.9166666666666666,11,54,13
R0_STANDARDIZED__GMM_DIAG__K2,4,0.7858376511226253,0.8573426573426574,0.7692307692307693,13,52,13
R0_STANDARDIZED__GMM_DIAG__K2,5,0.09147994651418778,0.4787581699346405,0.3888888888888889,29,36,13
R0_STANDARDIZED__GMM_DIAG__K2,6,0.9261606184048209,0.9490740740740741,0.9166666666666666,11,54,13
R0_STANDARDIZED__GMM_DIAG__K2,7,1.0,1.0,1.0,13,52,13
R0_STANDARDIZED__GMM_DIAG__K2,8,0.001867607387424777,0.3716216216216216,0.24324324324324326,28,37,13
R0_STANDARDIZED__GMM_DIAG__K2,9,1.0,1.0,1.0,12,53,13
R0_STANDARDIZED__GMM_DIAG__K2,10,0.9228790582346534,0.9454545454545454,0.9090909090909091,10,55,13
R0_STANDARDIZED__GMM_DIAG__K2,11,0.24502585223484794,0.5633423180592991,0.42857142857142855,28,37,13
R0_STANDARDIZED__GMM_DIAG__K2,12,1.0,1.0,1.0,13,52,13
R0_STANDARDIZED__GMM_DIAG__K2,13,1.0,1.0,1.0,9,56,13
R0_STANDARDIZED__GMM_DIAG__K2,14,1.0,1.0,1.0,10,55,13
R0_STANDARDIZED__GMM_DIAG__K2,15,1.0,1.0,1.0,12,53,13
R0_STANDARDIZED__GMM_DIAG__K2,16,0.31824176506182994,0.588474025974026,0.4090909090909091,22,43,13
R0_STANDARDIZED__GMM_DIAG__K2,17,0.2103764631445745,0.5306397306397306,0.37037037037037035,27,38,13
R0_STANDARDIZED__GMM_DIAG__K2,18,0.9228790582346534,0.9454545454545454,0.9090909090909091,10,55,13
R0_STANDARDIZED__GMM_DIAG__K2,19,-0.11018469390333258,0.3,0.0,14,51,13
R0_STANDARDIZED__GMM_DIAG__K2,20,-0.11284219897618518,0.3076923076923077,0.0,13,52,13
R0_STANDARDIZED__GMM_DIAG__K2,21,1.0,1.0,1.0,12,53,13
R0_STANDARDIZED__GMM_DIAG__K2,22,0.2371685721235709,0.5468531468531469,0.38461538461538464,26,39,13
R0_STANDARDIZED__GMM_DIAG__K2,23,0.9261606184048209,0.9490740740740741,0.9166666666666666,11,54,13
R0_STANDARDIZED__GMM_DIAG__K2,24,0.21801629132726402,0.5532051282051282,0.43333333333333335,30,35,13
R0_STANDARDIZED__GMM_DIAG__K2,25,0.1397564849126522,0.4988207547169811,0.375,32,33,13
R0_STANDARDIZED__GMM_DIAG__K2,26,0.9261606184048209,0.9490740740740741,0.9166666666666666,11,54,13
R0_STANDARDIZED__GMM_DIAG__K2,27,0.18085534253921437,0.5059523809523809,0.3333333333333333,27,38,13
R0_STANDARDIZED__GMM_DIAG__K2,28,-0.01528812230497844,0.3893058161350844,0.3170731707317073,24,41,13
R0_STANDARDIZED__GMM_DIAG__K2,29,-0.07555241571490247,0.3074074074074074,0.24444444444444444,20,45,13
R0_STANDARDIZED__GMM_DIAG__K2,30,0.9261606184048209,0.9490740740740741,0.9166666666666666,11,54,13
R0_STANDARDIZED__GMM_DIAG__K2,31,1.0,1.0,1.0,11,54,13
R0_STANDARDIZED__GMM_DIAG__K2,32,0.03702277070771419,0.4263131055583886,0.32432432432432434,28,37,13
R0_STANDARDIZED__GMM_DIAG__K2,33,0.8574499377757665,0.9045584045584045,0.8461538461538461,13,52,13
R0_STANDARDIZED__GMM_DIAG__K2,34,1.0,1.0,1.0,10,55,13
R0_STANDARDIZED__GMM_DIAG__K2,35,0.05773161703773272,0.43492063492063493,0.3142857142857143,30,35,13
R0_STANDARDIZED__GMM_DIAG__K2,36,0.018759655705142354,0.37744360902255636,0.22857142857142856,30,35,13
R0_STANDARDIZED__GMM_DIAG__K2,37,0.9228790582346534,0.9454545454545454,0.9090909090909091,10,55,13
R0_STANDARDIZED__GMM_DIAG__K2,38,0.2103764631445745,0.5306397306397306,0.37037037037037035,27,38,13
R0_STANDARDIZED__GMM_DIAG__K2,39,0.24502585223484794,0.5633423180592991,0.42857142857142855,28,37,13
R0_STANDARDIZED__GMM_DIAG__K2,40,0.24883280173808534,0.5423340961098397,0.34782608695652173,23,42,13
R0_STANDARDIZED__GMM_DIAG__K2,41,-0.03984214919936253,0.34013303769401326,0.24390243902439024,24,41,13
R0_STANDARDIZED__GMM_DIAG__K2,42,0.3019478077761901,0.5903703703703703,0.44,25,40,13
R0_STANDARDIZED__GMM_DIAG__K2,43,0.2309085421068518,0.5371428571428571,0.36,25,40,13
R0_STANDARDIZED__GMM_DIAG__K2,44,-0.06639323250448603,0.3194444444444444,0.25,21,44,13
R0_STANDARDIZED__GMM_DIAG__K2,45,1.0,1.0,1.0,12,53,13
R0_STANDARDIZED__GMM_DIAG__K2,46,1.0,1.0,1.0,14,51,13
R0_STANDARDIZED__GMM_DIAG__K2,47,-0.025292357900462335,0.37275655775425676,0.2926829268292683,24,41,13
R0_STANDARDIZED__GMM_DIAG__K2,48,0.9228790582346534,0.9454545454545454,0.9090909090909091,10,55,13
R0_STANDARDIZED__GMM_DIAG__K2,49,-0.006949506730815959,0.3817663817663818,0.28205128205128205,26,39,13
R0_STANDARDIZED__GMM_DIAG__K2,50,1.0,1.0,1.0,10,55,13
R0_STANDARDIZED__GMM_DIAG__K2,51,1.0,1.0,1.0,12,53,13
R0_STANDARDIZED__GMM_DIAG__K2,52,0.3067288086221963,0.5986937590711175,0.46153846153846156,26,39,13
R0_STANDARDIZED__GMM_DIAG__K2,53,0.3067288086221963,0.5986937590711175,0.46153846153846156,26,39,13
R0_STANDARDIZED__GMM_DIAG__K2,54,0.8620480557871598,0.9097035040431267,0.8571428571428571,14,51,13
R0_STANDARDIZED__GMM_DIAG__K2,55,0.9187261893132753,0.9410714285714286,0.9,9,56,13
R0_STANDARDIZED__GMM_DIAG__K2,56,0.055257677139185536,0.44025157232704404,0.3333333333333333,29,36,13
R0_STANDARDIZED__GMM_DIAG__K2,57,0.2778740612362796,0.5879120879120879,0.4642857142857143,28,37,13
R0_STANDARDIZED__GMM_DIAG__K2,58,-0.050339969184303925,0.34708205353225097,0.27906976744186046,22,43,13
R0_STANDARDIZED__GMM_DIAG__K2,59,0.24502585223484794,0.5633423180592991,0.42857142857142855,28,37,13
R0_STANDARDIZED__GMM_DIAG__K2,60,0.9187261893132753,0.9410714285714286,0.9,9,56,13
R0_STANDARDIZED__GMM_DIAG__K2,61,0.24502585223484794,0.5633423180592991,0.42857142857142855,28,37,13
R0_STANDARDIZED__GMM_DIAG__K2,62,-0.03984214919936253,0.34013303769401326,0.24390243902439024,24,41,13
R0_STANDARDIZED__GMM_DIAG__K2,63,-0.11343359673719093,0.3384615384615385,0.0,11,54,13
R0_STANDARDIZED__GMM_DIAG__K2,64,0.9287780992655241,0.9521044992743106,0.9230769230769231,12,53,13
R0_STANDARDIZED__GMM_DIAG__K2,65,1.0,1.0,1.0,12,53,13
R0_STANDARDIZED__GMM_DIAG__K2,66,0.04669717235715124,0.4019138755980861,0.24242424242424243,32,33,13
R0_STANDARDIZED__GMM_DIAG__K2,67,0.20514319111630624,0.5212912087912087,0.34615384615384615,26,39,13
R0_STANDARDIZED__GMM_DIAG__K2,68,0.01987464031585287,0.4126117179741807,0.3157894736842105,27,38,13
R0_STANDARDIZED__GMM_DIAG__K2,69,-0.0278915545153111,0.33063427800269907,0.20512820512820512,26,39,13
R0_STANDARDIZED__GMM_DIAG__K2,70,0.07648523133831689,0.44880174291939,0.3235294117647059,31,34,13
R0_STANDARDIZED__GMM_DIAG__K2,71,-0.11092121004956418,0.34615384615384615,0.0,9,56,13
R0_STANDARDIZED__GMM_DIAG__K2,72,1.0,1.0,1.0,11,54,13
R0_STANDARDIZED__GMM_DIAG__K2,73,0.055257677139185536,0.44025157232704404,0.3333333333333333,29,36,13
R0_STANDARDIZED__GMM_DIAG__K2,74,0.2371685721235709,0.5468531468531469,0.38461538461538464,26,39,13
R0_STANDARDIZED__GMM_DIAG__K2,75,1.0,1.0,1.0,11,54,13
R0_STANDARDIZED__GMM_DIAG__K2,76,0.2750552073342107,0.5807127882599581,0.4444444444444444,27,38,13
R0_STANDARDIZED__GMM_DIAG__K2,77,1.0,1.0,1.0,12,53,13
R0_STANDARDIZED__GMM_DIAG__K2,78,-0.05403786796885797,0.3125,0.21428571428571427,23,42,13
R0_STANDARDIZED__GMM_DIAG__K2,79,0.24177667674704936,0.5555555555555556,0.4074074074074074,27,38,13
R0_STANDARDIZED__GMM_DIAG__K2,80,0.09634658907209828,0.4629629629629629,0.3333333333333333,32,33,13
R0_STANDARDIZED__GMM_DIAG__K2,81,0.02338917000674189,0.4079079079079079,0.2972972972972973,28,37,13
R0_STANDARDIZED__GMM_DIAG__K2,82,0.24177667674704936,0.5555555555555556,0.4074074074074074,27,38,13
R0_STANDARDIZED__GMM_DIAG__K2,83,0.2778740612362796,0.5879120879120879,0.4642857142857143,28,37,13
R0_STANDARDIZED__GMM_DIAG__K2,84,0.9261606184048209,0.9490740740740741,0.9166666666666666,11,54,13
R0_STANDARDIZED__GMM_DIAG__K2,85,0.04004489636177016,0.42129629629629634,0.3055555555555556,29,36,13
R0_STANDARDIZED__GMM_DIAG__K2,86,1.0,1.0,1.0,11,54,13
R0_STANDARDIZED__GMM_DIAG__K2,87,0.11420828493999226,0.49411764705882355,0.4,30,35,13
R0_STANDARDIZED__GMM_DIAG__K2,88,1.0,1.0,1.0,12,53,13
R0_STANDARDIZED__GMM_DIAG__K2,89,0.9187261893132753,0.9410714285714286,0.9,9,56,13
R0_STANDARDIZED__GMM_DIAG__K2,90,0.25826182216541904,0.5535714285714286,0.375,24,41,13
R0_STANDARDIZED__GMM_DIAG__K2,91,0.2655367231638418,0.5636363636363637,0.4,25,40,13
R0_STANDARDIZED__GMM_DIAG__K2,92,-0.10638297872340426,0.2923076923076923,0.0,15,50,13
R0_STANDARDIZED__GMM_DIAG__K2,93,0.19806471121862715,0.5108771929824562,0.32,25,40,13
R0_STANDARDIZED__GMM_DIAG__K2,94,0.9228790582346534,0.9454545454545454,0.9090909090909091,10,55,13
R0_STANDARDIZED__GMM_DIAG__K2,95,0.9187261893132753,0.9410714285714286,0.9,9,56,13
R0_STANDARDIZED__GMM_DIAG__K2,96,1.0,1.0,1.0,13,52,13
R0_STANDARDIZED__GMM_DIAG__K2,97,1.0,1.0,1.0,11,54,13
R0_STANDARDIZED__GMM_DIAG__K2,98,-0.11226252158894647,0.3230769230769231,0.0,13,52,13
R0_STANDARDIZED__GMM_DIAG__K2,99,-0.04535970001792874,0.34391534391534395,0.2619047619047619,23,42,13
R0_STANDARDIZED__GMM_DIAG__K2,100,0.9228790582346534,0.9454545454545454,0.9090909090909091,10,55,13
R0_STANDARDIZED__GMM_DIAG__K2,101,0.2750552073342107,0.5807127882599581,0.4444444444444444,27,38,13
R0_STANDARDIZED__GMM_DIAG__K2,102,0.2140883261592716,0.5390211640211641,0.39285714285714285,28,37,13
R0_STANDARDIZED__GMM_DIAG__K2,103,1.0,1.0,1.0,13,52,13
R0_STANDARDIZED__GMM_DIAG__K2,104,0.2371685721235709,0.5468531468531469,0.38461538461538464,26,39,13
R0_STANDARDIZED__GMM_DIAG__K2,105,0.2471672748223545,0.5702917771883289,0.4482758620689655,29,36,13
R0_STANDARDIZED__GMM_DIAG__K2,106,-0.06137217609129285,0.3344768439108062,0.2727272727272727,21,44,13
R0_STANDARDIZED__GMM_DIAG__K2,107,1.0,1.0,1.0,12,53,13
R0_STANDARDIZED__GMM_DIAG__K2,108,0.9228790582346534,0.9454545454545454,0.9090909090909091,10,55,13
R0_STANDARDIZED__GMM_DIAG__K2,109,0.2710307625018224,0.5726495726495726,0.4230769230769231,26,39,13
R0_STANDARDIZED__GMM_DIAG__K2,110,0.18506168722907637,0.5149350649350649,0.35714285714285715,28,37,13
R0_STANDARDIZED__GMM_DIAG__K2,111,0.9261606184048209,0.9490740740740741,0.9166666666666666,11,54,13
R0_STANDARDIZED__GMM_DIAG__K2,112,1.0,1.0,1.0,12,53,13
R0_STANDARDIZED__GMM_DIAG__K2,113,0.2655367231638418,0.5636363636363637,0.4,25,40,13
R0_STANDARDIZED__GMM_DIAG__K2,114,0.27971454533365836,0.5943204868154158,0.4827586206896552,29,36,13
R0_STANDARDIZED__GMM_DIAG__K2,115,1.0,1.0,1.0,13,52,13
R0_STANDARDIZED__GMM_DIAG__K2,116,0.24177667674704936,0.5555555555555556,0.4074074074074074,27,38,13
R0_STANDARDIZED__GMM_DIAG__K2,117,1.0,1.0,1.0,14,51,13
R0_STANDARDIZED__GMM_DIAG__K2,118,0.18506168722907637,0.5149350649350649,0.35714285714285715,28,37,13
R0_STANDARDIZED__GMM_DIAG__K2,119,0.01987464031585287,0.4126117179741807,0.3157894736842105,27,38,13
R0_STANDARDIZED__GMM_DIAG__K2,120,1.0,1.0,1.0,11,54,13
R0_STANDARDIZED__GMM_DIAG__K2,121,0.07783815538258188,0.4424242424242424,0.30303030303030304,32,33,13
R0_STANDARDIZED__GMM_DIAG__K2,122,0.24502585223484794,0.5633423180592991,0.42857142857142855,28,37,13
R0_STANDARDIZED__GMM_DIAG__K2,123,0.9261606184048209,0.9490740740740741,0.9166666666666666,11,54,13
R0_STANDARDIZED__GMM_DIAG__K2,124,0.25826182216541904,0.5535714285714286,0.375,24,41,13
R0_STANDARDIZED__GMM_DIAG__K2,125,0.9261606184048209,0.9490740740740741,0.9166666666666666,11,54,13
R0_STANDARDIZED__GMM_DIAG__K2,126,0.2710307625018224,0.5726495726495726,0.4230769230769231,26,39,13
R0_STANDARDIZED__GMM_DIAG__K2,127,0.9133982846198684,0.935672514619883,0.8888888888888888,8,57,13
R0_STANDARDIZED__GMM_DIAG__K2,128,-0.03348021623586063,0.35636856368563685,0.2682926829268293,24,41,13
R0_STANDARDIZED__GMM_DIAG__K2,129,1.0,1.0,1.0,12,53,13
R0_STANDARDIZED__GMM_DIAG__K2,130,0.8657432072456047,0.9141025641025642,0.8666666666666667,15,50,13
R0_STANDARDIZED__GMM_DIAG__K2,131,0.9308780645858084,0.9546703296703296,0.9285714285714286,13,52,13
R0_STANDARDIZED__GMM_DIAG__K2,132,-0.03395713854512526,0.33571428571428574,0.225,25,40,13
R0_STANDARDIZED__GMM_DIAG__K2,133,0.9261606184048209,0.9490740740740741,0.9166666666666666,11,54,13
R0_STANDARDIZED__GMM_DIAG__K2,134,1.0,1.0,1.0,10,55,13
R0_STANDARDIZED__GMM_DIAG__K2,135,1.0,1.0,1.0,12,53,13
R0_STANDARDIZED__GMM_DIAG__K2,136,0.17495611468695144,0.4959514170040486,0.3076923076923077,26,39,13
R0_STANDARDIZED__GMM_DIAG__K2,137,0.9261606184048209,0.9490740740740741,0.9166666666666666,11,54,13
R0_STANDARDIZED__GMM_DIAG__K2,138,1.0,1.0,1.0,13,52,13
R0_STANDARDIZED__GMM_DIAG__K2,139,1.0,1.0,1.0,12,53,13
R0_STANDARDIZED__GMM_DIAG__K2,140,1.0,1.0,1.0,9,56,13
R0_STANDARDIZED__GMM_DIAG__K2,141,0.2309085421068518,0.5371428571428571,0.36,25,40,13
R0_STANDARDIZED__GMM_DIAG__K2,142,0.9228790582346534,0.9454545454545454,0.9090909090909091,10,55,13
R0_STANDARDIZED__GMM_DIAG__K2,143,1.0,1.0,1.0,13,52,13
R0_STANDARDIZED__GMM_DIAG__K2,144,0.8517043139740166,0.8984848484848484,0.8333333333333334,12,53,13
R0_STANDARDIZED__GMM_DIAG__K2,145,0.2371685721235709,0.5468531468531469,0.38461538461538464,26,39,13
R0_STANDARDIZED__GMM_DIAG__K2,146,1.0,1.0,1.0,11,54,13
R0_STANDARDIZED__GMM_DIAG__K2,147,1.0,1.0,1.0,11,54,13
R0_STANDARDIZED__GMM_DIAG__K2,148,0.05980927181522518,0.42887700534759354,0.29411764705882354,31,34,13
R0_STANDARDIZED__GMM_DIAG__K2,149,0.24883280173808534,0.5423340961098397,0.34782608695652173,23,42,13
R0_STANDARDIZED__GMM_DIAG__K2,150,0.9261606184048209,0.9490740740740741,0.9166666666666666,11,54,13
R0_STANDARDIZED__GMM_DIAG__K2,151,0.2140883261592716,0.5390211640211641,0.39285714285714285,28,37,13
R0_STANDARDIZED__GMM_DIAG__K2,152,0.20514319111630624,0.5212912087912087,0.34615384615384615,26,39,13
R0_STANDARDIZED__GMM_DIAG__K2,153,0.9287780992655241,0.9521044992743106,0.9230769230769231,12,53,13
R0_STANDARDIZED__GMM_DIAG__K2,154,0.05980927181522518,0.42887700534759354,0.29411764705882354,31,34,13
R0_STANDARDIZED__GMM_DIAG__K2,155,0.24177667674704936,0.5555555555555556,0.4074074074074074,27,38,13
R0_STANDARDIZED__GMM_DIAG__K2,156,0.05980927181522518,0.42887700534759354,0.29411764705882354,31,34,13
R0_STANDARDIZED__GMM_DIAG__K2,157,0.9287780992655241,0.9521044992743106,0.9230769230769231,12,53,13
R0_STANDARDIZED__GMM_DIAG__K2,158,0.9287780992655241,0.9521044992743106,0.9230769230769231,12,53,13
R0_STANDARDIZED__GMM_DIAG__K2,159,0.16306649724692926,0.5074074074074074,0.36666666666666664,30,35,13
R0_STANDARDIZED__GMM_DIAG__K2,160,1.0,1.0,1.0,10,55,13
R0_STANDARDIZED__GMM_DIAG__K2,161,0.2140883261592716,0.5390211640211641,0.39285714285714285,28,37,13
R0_STANDARDIZED__GMM_DIAG__K2,162,0.24177667674704936,0.5555555555555556,0.4074074074074074,27,38,13
R0_STANDARDIZED__GMM_DIAG__K2,163,0.9261606184048209,0.9490740740740741,0.9166666666666666,11,54,13
R0_STANDARDIZED__GMM_DIAG__K2,164,-0.04704374885593996,0.30808729139922975,0.1951219512195122,24,41,13
R0_STANDARDIZED__GMM_DIAG__K2,165,0.9133982846198684,0.935672514619883,0.8888888888888888,8,57,13
R0_STANDARDIZED__GMM_DIAG__K2,166,0.8657432072456047,0.9141025641025642,0.8666666666666667,15,50,13
R0_STANDARDIZED__GMM_DIAG__K2,167,0.24177667674704936,0.5555555555555556,0.4074074074074074,27,38,13
R0_STANDARDIZED__GMM_DIAG__K2,168,1.0,1.0,1.0,10,55,13
R0_STANDARDIZED__GMM_DIAG__K2,169,-0.0696748506967485,0.30454545454545456,0.22727272727272727,21,44,13
R0_STANDARDIZED__GMM_DIAG__K2,170,1.0,1.0,1.0,11,54,13
R0_STANDARDIZED__GMM_DIAG__K2,171,0.2140883261592716,0.5390211640211641,0.39285714285714285,28,37,13
R0_STANDARDIZED__GMM_DIAG__K2,172,0.2750552073342107,0.5807127882599581,0.4444444444444444,27,38,13
R0_STANDARDIZED__GMM_DIAG__K2,173,0.9287780992655241,0.9521044992743106,0.9230769230769231,12,53,13
R0_STANDARDIZED__GMM_DIAG__K2,174,1.0,1.0,1.0,11,54,13
R0_STANDARDIZED__GMM_DIAG__K2,175,0.9261606184048209,0.9490740740740741,0.9166666666666666,11,54,13
R0_STANDARDIZED__GMM_DIAG__K2,176,1.0,1.0,1.0,12,53,13
R0_STANDARDIZED__GMM_DIAG__K2,177,-0.10742864343771659,0.3,0.0,15,50,13
R0_STANDARDIZED__GMM_DIAG__K2,178,1.0,1.0,1.0,11,54,13
R0_STANDARDIZED__GMM_DIAG__K2,179,0.21655514689590996,0.5465191932335719,0.41379310344827586,29,36,13
R0_STANDARDIZED__GMM_DIAG__K2,180,0.25826182216541904,0.5535714285714286,0.375,24,41,13
R0_STANDARDIZED__GMM_DIAG__K2,181,1.0,1.0,1.0,13,52,13
R0_STANDARDIZED__GMM_DIAG__K2,182,0.9228790582346534,0.9454545454545454,0.9090909090909091,10,55,13
R0_STANDARDIZED__GMM_DIAG__K2,183,-0.03984214919936253,0.34013303769401326,0.24390243902439024,24,41,13
R0_STANDARDIZED__GMM_DIAG__K2,184,0.9287780992655241,0.9521044992743106,0.9230769230769231,12,53,13
R0_STANDARDIZED__GMM_DIAG__K2,185,1.0,1.0,1.0,11,54,13
R0_STANDARDIZED__GMM_DIAG__K2,186,0.2140883261592716,0.5390211640211641,0.39285714285714285,28,37,13
R0_STANDARDIZED__GMM_DIAG__K2,187,0.9187261893132753,0.9410714285714286,0.9,9,56,13
R0_STANDARDIZED__GMM_DIAG__K2,188,0.14660938339110482,0.4708222811671088,0.2692307692307692,26,39,13
R0_STANDARDIZED__GMM_DIAG__K2,189,-0.04436735439109001,0.3240418118466899,0.21951219512195122,24,41,13
R0_STANDARDIZED__GMM_DIAG__K2,190,0.07240253504897254,0.45940170940170943,0.3611111111111111,29,36,13
R0_STANDARDIZED__GMM_DIAG__K2,191,1.0,1.0,1.0,13,52,13
R0_STANDARDIZED__GMM_DIAG__K2,192,1.0,1.0,1.0,11,54,13
R0_STANDARDIZED__GMM_DIAG__K2,193,1.0,1.0,1.0,13,52,13
R0_STANDARDIZED__GMM_DIAG__K2,194,0.24502585223484794,0.5633423180592991,0.42857142857142855,28,37,13
R0_STANDARDIZED__GMM_DIAG__K2,195,0.9261606184048209,0.9490740740740741,0.9166666666666666,11,54,13
R0_STANDARDIZED__GMM_DIAG__K2,196,1.0,1.0,1.0,11,54,13
R0_STANDARDIZED__GMM_DIAG__K2,197,0.2371685721235709,0.5468531468531469,0.38461538461538464,26,39,13
R0_STANDARDIZED__GMM_DIAG__K2,198,1.0,1.0,1.0,11,54,13
R0_STANDARDIZED__GMM_DIAG__K2,199,0.3102115737609893,0.6061253561253561,0.48148148148148145,27,38,13
R0_STANDARDIZED__GMM_DIAG__K2,200,0.29559080215527056,0.581060606060606,0.4166666666666667,24,41,13
R0_STANDARDIZED__GMM_DIAG__K2,201,1.0,1.0,1.0,11,54,13
R0_STANDARDIZED__GMM_DIAG__K2,202,0.18085534253921437,0.5059523809523809,0.3333333333333333,27,38,13
R0_STANDARDIZED__GMM_DIAG__K2,203,1.0,1.0,1.0,11,54,13
R0_STANDARDIZED__GMM_DIAG__K2,204,0.2655367231638418,0.5636363636363637,0.4,25,40,13
R0_STANDARDIZED__GMM_DIAG__K2,205,0.2309085421068518,0.5371428571428571,0.36,25,40,13
R0_STANDARDIZED__GMM_DIAG__K2,206,0.2140883261592716,0.5390211640211641,0.39285714285714285,28,37,13
R0_STANDARDIZED__GMM_DIAG__K2,207,1.0,1.0,1.0,13,52,13
R0_STANDARDIZED__GMM_DIAG__K2,208,0.2655367231638418,0.5636363636363637,0.4,25,40,13
R0_STANDARDIZED__GMM_DIAG__K2,209,-0.09674520766773163,0.3,0.0,17,48,13
R0_STANDARDIZED__GMM_DIAG__K2,210,0.07461036807781585,0.4544474393530997,0.34285714285714286,30,35,13
R0_STANDARDIZED__GMM_DIAG__K2,211,0.1397564849126522,0.4988207547169811,0.375,32,33,13
R0_STANDARDIZED__GMM_DIAG__K2,212,0.2371685721235709,0.5468531468531469,0.38461538461538464,26,39,13
R0_STANDARDIZED__GMM_DIAG__K2,213,1.0,1.0,1.0,10,55,13
R0_STANDARDIZED__GMM_DIAG__K2,214,0.20514319111630624,0.5212912087912087,0.34615384615384615,26,39,13
R0_STANDARDIZED__GMM_DIAG__K2,215,0.3401411623366872,0.6173584905660378,0.48,25,40,13
R0_STANDARDIZED__GMM_DIAG__K2,216,0.2655367231638418,0.5636363636363637,0.4,25,40,13
R0_STANDARDIZED__GMM_DIAG__K2,217,0.9287780992655241,0.9521044992743106,0.9230769230769231,12,53,13
R0_STANDARDIZED__GMM_DIAG__K2,218,1.0,1.0,1.0,13,52,13
R0_STANDARDIZED__GMM_DIAG__K2,219,1.0,1.0,1.0,12,53,13
R0_STANDARDIZED__GMM_DIAG__K2,220,1.0,1.0,1.0,11,54,13
R0_STANDARDIZED__GMM_DIAG__K2,221,1.0,1.0,1.0,11,54,13
R0_STANDARDIZED__GMM_DIAG__K2,222,-0.056329087138685514,0.33161068044788977,0.2558139534883721,22,43,13
R0_STANDARDIZED__GMM_DIAG__K2,223,-0.11086899863704919,0.3076923076923077,0.0,14,51,13
R0_STANDARDIZED__GMM_DIAG__K2,224,1.0,1.0,1.0,13,52,13
R0_STANDARDIZED__GMM_DIAG__K2,225,1.0,1.0,1.0,10,55,13
R0_STANDARDIZED__GMM_DIAG__K2,226,0.9228790582346534,0.9454545454545454,0.9090909090909091,10,55,13
R0_STANDARDIZED__GMM_DIAG__K2,227,0.3067288086221963,0.5986937590711175,0.46153846153846156,26,39,13
R0_STANDARDIZED__GMM_DIAG__K2,228,0.9261606184048209,0.9490740740740741,0.9166666666666666,11,54,13
R0_STANDARDIZED__GMM_DIAG__K2,229,0.24177667674704936,0.5555555555555556,0.4074074074074074,27,38,13
R0_STANDARDIZED__GMM_DIAG__K2,230,0.9261606184048209,0.9490740740740741,0.9166666666666666,11,54,13
R0_STANDARDIZED__GMM_DIAG__K2,231,0.042797975149562816,0.41558441558441556,0.2857142857142857,30,35,13
R0_STANDARDIZED__GMM_DIAG__K2,232,0.3126328339640247,0.6127450980392157,0.5,28,37,13
R0_STANDARDIZED__GMM_DIAG__K2,233,0.05980927181522518,0.42887700534759354,0.29411764705882354,31,34,13
R0_STANDARDIZED__GMM_DIAG__K2,234,1.0,1.0,1.0,12,53,13
R0_STANDARDIZED__GMM_DIAG__K2,235,0.2371685721235709,0.5468531468531469,0.38461538461538464,26,39,13
R0_STANDARDIZED__GMM_DIAG__K2,236,0.9261606184048209,0.9490740740740741,0.9166666666666666,11,54,13
R0_STANDARDIZED__GMM_DIAG__K2,237,1.0,1.0,1.0,12,53,13
R0_STANDARDIZED__GMM_DIAG__K2,238,0.3401411623366872,0.6173584905660378,0.48,25,40,13
R0_STANDARDIZED__GMM_DIAG__K2,239,1.0,1.0,1.0,13,52,13
R0_STANDARDIZED__GMM_DIAG__K2,240,0.2655367231638418,0.5636363636363637,0.4,25,40,13
R0_STANDARDIZED__GMM_DIAG__K2,241,1.0,1.0,1.0,11,54,13
R0_STANDARDIZED__GMM_DIAG__K2,242,0.24177667674704936,0.5555555555555556,0.4074074074074074,27,38,13
R0_STANDARDIZED__GMM_DIAG__K2,243,0.18787798232205755,0.5229885057471264,0.3793103448275862,29,36,13
R0_STANDARDIZED__GMM_DIAG__K2,244,0.37539660955489074,0.6367924528301887,0.5,24,41,13
R0_STANDARDIZED__GMM_DIAG__K2,245,0.9187261893132753,0.9410714285714286,0.9,9,56,13
R0_STANDARDIZED__GMM_DIAG__K2,246,-0.06137217609129285,0.3344768439108062,0.2727272727272727,21,44,13
R0_STANDARDIZED__GMM_DIAG__K2,247,0.24177667674704936,0.5555555555555556,0.4074074074074074,27,38,13
R0_STANDARDIZED__GMM_DIAG__K2,248,-0.06559031281533804,0.3367521367521368,0.28888888888888886,20,45,13
R0_STANDARDIZED__GMM_DIAG__K2,249,1.0,1.0,1.0,12,53,13
R0_STANDARDIZED__GMM_DIAG__K2,250,0.2710307625018224,0.5726495726495726,0.4230769230769231,26,39,13
R0_STANDARDIZED__GMM_DIAG__K2,251,0.3067288086221963,0.5986937590711175,0.46153846153846156,26,39,13
R0_STANDARDIZED__GMM_DIAG__K2,252,0.24502585223484794,0.5633423180592991,0.42857142857142855,28,37,13
R0_STANDARDIZED__GMM_DIAG__K2,253,1.0,1.0,1.0,10,55,13
R0_STANDARDIZED__GMM_DIAG__K2,254,-0.042597557342865654,0.3627012522361359,0.3023255813953488,22,43,13
R0_STANDARDIZED__GMM_DIAG__K2,255,1.0,1.0,1.0,13,52,13
R0_STANDARDIZED__GMM_DIAG__K2,256,1.0,1.0,1.0,10,55,13
R0_STANDARDIZED__GMM_DIAG__K2,257,1.0,1.0,1.0,11,54,13
R0_STANDARDIZED__GMM_DIAG__K2,258,1.0,1.0,1.0,12,53,13
R0_STANDARDIZED__GMM_DIAG__K2,259,1.0,1.0,1.0,13,52,13
R0_STANDARDIZED__GMM_DIAG__K2,260,0.9287780992655241,0.9521044992743106,0.9230769230769231,12,53,13
R0_STANDARDIZED__GMM_DIAG__K2,261,0.9261606184048209,0.9490740740740741,0.9166666666666666,11,54,13
R0_STANDARDIZED__GMM_DIAG__K2,262,0.20514319111630624,0.5212912087912087,0.34615384615384615,26,39,13
R0_STANDARDIZED__GMM_DIAG__K2,263,1.0,1.0,1.0,13,52,13
R0_STANDARDIZED__GMM_DIAG__K2,264,1.0,1.0,1.0,12,53,13
R0_STANDARDIZED__GMM_DIAG__K2,265,0.9228790582346534,0.9454545454545454,0.9090909090909091,10,55,13
R0_STANDARDIZED__GMM_DIAG__K2,266,0.24177667674704936,0.5555555555555556,0.4074074074074074,27,38,13
R0_STANDARDIZED__GMM_DIAG__K2,267,0.9308780645858084,0.9546703296703296,0.9285714285714286,13,52,13
R0_STANDARDIZED__GMM_DIAG__K2,268,1.0,1.0,1.0,11,54,13
R0_STANDARDIZED__GMM_DIAG__K2,269,0.9261606184048209,0.9490740740740741,0.9166666666666666,11,54,13
R0_STANDARDIZED__GMM_DIAG__K2,270,1.0,1.0,1.0,12,53,13
R0_STANDARDIZED__GMM_DIAG__K2,271,0.8620480557871598,0.9097035040431267,0.8571428571428571,14,51,13
R0_STANDARDIZED__GMM_DIAG__K2,272,0.18506168722907637,0.5149350649350649,0.35714285714285715,28,37,13
R0_STANDARDIZED__GMM_DIAG__K2,273,0.2103764631445745,0.5306397306397306,0.37037037037037035,27,38,13
R0_STANDARDIZED__GMM_DIAG__K2,274,0.9261606184048209,0.9490740740740741,0.9166666666666666,11,54,13
R0_STANDARDIZED__GMM_DIAG__K2,275,1.0,1.0,1.0,13,52,13
R0_STANDARDIZED__GMM_DIAG__K2,276,0.20514319111630624,0.5212912087912087,0.34615384615384615,26,39,13
R0_STANDARDIZED__GMM_DIAG__K2,277,1.0,1.0,1.0,11,54,13
R0_STANDARDIZED__GMM_DIAG__K2,278,0.2371685721235709,0.5468531468531469,0.38461538461538464,26,39,13
R0_STANDARDIZED__GMM_DIAG__K2,279,0.21655514689590996,0.5465191932335719,0.41379310344827586,29,36,13
R0_STANDARDIZED__GMM_DIAG__K2,280,0.24177667674704936,0.5555555555555556,0.4074074074074074,27,38,13
R0_STANDARDIZED__GMM_DIAG__K2,281,0.2140883261592716,0.5390211640211641,0.39285714285714285,28,37,13
R0_STANDARDIZED__GMM_DIAG__K2,282,1.0,1.0,1.0,12,53,13
R0_STANDARDIZED__GMM_DIAG__K2,283,0.9228790582346534,0.9454545454545454,0.9090909090909091,10,55,13
R0_STANDARDIZED__GMM_DIAG__K2,284,-0.11324810498925218,0.3153846153846154,0.0,13,52,13
R0_STANDARDIZED__GMM_DIAG__K2,285,1.0,1.0,1.0,12,53,13
R0_STANDARDIZED__GMM_DIAG__K2,286,0.20514319111630624,0.5212912087912087,0.34615384615384615,26,39,13
R0_STANDARDIZED__GMM_DIAG__K2,287,0.7858376511226253,0.8573426573426574,0.7692307692307693,13,52,13
R0_STANDARDIZED__GMM_DIAG__K2,288,1.0,1.0,1.0,13,52,13
R0_STANDARDIZED__GMM_DIAG__K2,289,0.18506168722907637,0.5149350649350649,0.35714285714285715,28,37,13
R0_STANDARDIZED__GMM_DIAG__K2,290,0.9261606184048209,0.9490740740740741,0.9166666666666666,11,54,13
R0_STANDARDIZED__GMM_DIAG__K2,291,0.2655367231638418,0.5636363636363637,0.4,25,40,13
R0_STANDARDIZED__GMM_DIAG__K2,292,0.2103764631445745,0.5306397306397306,0.37037037037037035,27,38,13
R0_STANDARDIZED__GMM_DIAG__K2,293,1.0,1.0,1.0,12,53,13
R0_STANDARDIZED__GMM_DIAG__K2,294,-0.11284219897618518,0.3076923076923077,0.0,13,52,13
R0_STANDARDIZED__GMM_DIAG__K2,295,-0.024481434632218777,0.3077609277430865,0.15789473684210525,27,38,13
R0_STANDARDIZED__GMM_DIAG__K2,296,1.0,1.0,1.0,12,53,13
R0_STANDARDIZED__GMM_DIAG__K2,297,0.07783815538258188,0.4424242424242424,0.30303030303030304,32,33,13
R0_STANDARDIZED__GMM_DIAG__K2,298,0.29559080215527056,0.581060606060606,0.4166666666666667,24,41,13
R0_STANDARDIZED__GMM_DIAG__K2,299,1.0,1.0,1.0,10,55,13
R0_STANDARDIZED__GMM_DIAG__K2,300,0.09526962407121313,0.4403508771929825,0.26666666666666666,30,35,13
R0_STANDARDIZED__GMM_DIAG__K2,301,-0.050605544607496125,0.3281385281385281,0.23809523809523808,23,42,13
R0_STANDARDIZED__GMM_DIAG__K2,302,1.0,1.0,1.0,12,53,13
R0_STANDARDIZED__GMM_DIAG__K2,303,1.0,1.0,1.0,13,52,13
R0_STANDARDIZED__GMM_DIAG__K2,304,1.0,1.0,1.0,12,53,13
R0_STANDARDIZED__GMM_DIAG__K2,305,1.0,1.0,1.0,10,55,13
R0_STANDARDIZED__GMM_DIAG__K2,306,1.0,1.0,1.0,11,54,13
R0_STANDARDIZED__GMM_DIAG__K2,307,1.0,1.0,1.0,11,54,13
R0_STANDARDIZED__GMM_DIAG__K2,308,0.2750552073342107,0.5807127882599581,0.4444444444444444,27,38,13
R0_STANDARDIZED__GMM_DIAG__K2,309,0.9261606184048209,0.9490740740740741,0.9166666666666666,11,54,13
R0_STANDARDIZED__GMM_DIAG__K2,310,0.7994276471320144,0.8716981132075472,0.8,15,50,13
R0_STANDARDIZED__GMM_DIAG__K2,311,-0.08045451319618033,0.30968006562756356,0.2608695652173913,19,46,13
R0_STANDARDIZED__GMM_DIAG__K2,312,0.2471672748223545,0.5702917771883289,0.4482758620689655,29,36,13
R0_STANDARDIZED__GMM_DIAG__K2,313,0.2778740612362796,0.5879120879120879,0.4642857142857143,28,37,13
R0_STANDARDIZED__GMM_DIAG__K2,314,0.042797975149562816,0.41558441558441556,0.2857142857142857,30,35,13
R0_STANDARDIZED__GMM_DIAG__K2,315,0.007733252987847745,0.39473684210526316,0.2894736842105263,27,38,13
R0_STANDARDIZED__GMM_DIAG__K2,316,0.9187261893132753,0.9410714285714286,0.9,9,56,13
R0_STANDARDIZED__GMM_DIAG__K2,317,0.9228790582346534,0.9454545454545454,0.9090909090909091,10,55,13
R0_STANDARDIZED__GMM_DIAG__K2,318,1.0,1.0,1.0,10,55,13
R0_STANDARDIZED__GMM_DIAG__K2,319,1.0,1.0,1.0,11,54,13
R0_STANDARDIZED__GMM_DIAG__K2,320,0.2140883261592716,0.5390211640211641,0.39285714285714285,28,37,13
R0_STANDARDIZED__GMM_DIAG__K2,321,1.0,1.0,1.0,10,55,13
R0_STANDARDIZED__GMM_DIAG__K2,322,1.0,1.0,1.0,10,55,13
R0_STANDARDIZED__GMM_DIAG__K2,323,0.2710307625018224,0.5726495726495726,0.4230769230769231,26,39,13
R0_STANDARDIZED__GMM_DIAG__K2,324,1.0,1.0,1.0,8,57,13
R0_STANDARDIZED__GMM_DIAG__K2,325,0.9261606184048209,0.9490740740740741,0.9166666666666666,11,54,13
R0_STANDARDIZED__GMM_DIAG__K2,326,0.9187261893132753,0.9410714285714286,0.9,9,56,13
R0_STANDARDIZED__GMM_DIAG__K2,327,0.01987464031585287,0.4126117179741807,0.3157894736842105,27,38,13
R0_STANDARDIZED__GMM_DIAG__K2,328,-0.10781771026306039,0.3230769230769231,0.0,14,51,13
R0_STANDARDIZED__GMM_DIAG__K2,329,1.0,1.0,1.0,12,53,13
R0_STANDARDIZED__GMM_DIAG__K2,330,0.3067288086221963,0.5986937590711175,0.46153846153846156,26,39,13
R0_STANDARDIZED__GMM_DIAG__K2,331,-0.07868383404864092,0.2785714285714286,0.2,20,45,13
R0_STANDARDIZED__GMM_DIAG__K2,332,0.2655367231638418,0.5636363636363637,0.4,25,40,13
R0_STANDARDIZED__GMM_DIAG__K2,333,1.0,1.0,1.0,13,52,13
R0_STANDARDIZED__GMM_DIAG__K2,334,1.0,1.0,1.0,12,53,13
R0_STANDARDIZED__GMM_DIAG__K2,335,1.0,1.0,1.0,14,51,13
R0_STANDARDIZED__GMM_DIAG__K2,336,0.9187261893132753,0.9410714285714286,0.9,9,56,13
R0_STANDARDIZED__GMM_DIAG__K2,337,1.0,1.0,1.0,12,53,13
R0_STANDARDIZED__GMM_DIAG__K2,338,1.0,1.0,1.0,9,56,13
R0_STANDARDIZED__GMM_DIAG__K2,339,1.0,1.0,1.0,13,52,13
R0_STANDARDIZED__GMM_DIAG__K2,340,0.042797975149562816,0.41558441558441556,0.2857142857142857,30,35,13
R0_STANDARDIZED__GMM_DIAG__K2,341,1.0,1.0,1.0,12,53,13
R0_STANDARDIZED__GMM_DIAG__K2,342,0.7994276471320144,0.8716981132075472,0.8,15,50,13
R0_STANDARDIZED__GMM_DIAG__K2,343,-0.06639323250448603,0.3194444444444444,0.25,21,44,13
R0_STANDARDIZED__GMM_DIAG__K2,344,0.2103764631445745,0.5306397306397306,0.37037037037037035,27,38,13
R0_STANDARDIZED__GMM_DIAG__K2,345,1.0,1.0,1.0,13,52,13
R0_STANDARDIZED__GMM_DIAG__K2,346,0.7858376511226253,0.8573426573426574,0.7692307692307693,13,52,13
R0_STANDARDIZED__GMM_DIAG__K2,347,0.2309085421068518,0.5371428571428571,0.36,25,40,13
R0_STANDARDIZED__GMM_DIAG__K2,348,1.0,1.0,1.0,13,52,13
R0_STANDARDIZED__GMM_DIAG__K2,349,0.37539660955489074,0.6367924528301887,0.5,24,41,13
R0_STANDARDIZED__GMM_DIAG__K2,350,0.8574499377757665,0.9045584045584045,0.8461538461538461,13,52,13
R0_STANDARDIZED__GMM_DIAG__K2,351,1.0,1.0,1.0,10,55,13
R0_STANDARDIZED__GMM_DIAG__K2,352,0.17495611468695144,0.4959514170040486,0.3076923076923077,26,39,13
R0_STANDARDIZED__GMM_DIAG__K2,353,0.18506168722907637,0.5149350649350649,0.35714285714285715,28,37,13
R0_STANDARDIZED__GMM_DIAG__K2,354,1.0,1.0,1.0,11,54,13
R0_STANDARDIZED__GMM_DIAG__K2,355,0.2371685721235709,0.5468531468531469,0.38461538461538464,26,39,13
R0_STANDARDIZED__GMM_DIAG__K2,356,0.9228790582346534,0.9454545454545454,0.9090909090909091,10,55,13
R0_STANDARDIZED__GMM_DIAG__K2,357,0.18506168722907637,0.5149350649350649,0.35714285714285715,28,37,13
R0_STANDARDIZED__GMM_DIAG__K2,358,0.9261606184048209,0.9490740740740741,0.9166666666666666,11,54,13
R0_STANDARDIZED__GMM_DIAG__K2,359,0.9261606184048209,0.9490740740740741,0.9166666666666666,11,54,13
R0_STANDARDIZED__GMM_DIAG__K2,360,1.0,1.0,1.0,12,53,13
R0_STANDARDIZED__GMM_DIAG__K2,361,0.3019478077761901,0.5903703703703703,0.44,25,40,13
R0_STANDARDIZED__GMM_DIAG__K2,362,0.9261606184048209,0.9490740740740741,0.9166666666666666,11,54,13
R0_STANDARDIZED__GMM_DIAG__K2,363,1.0,1.0,1.0,11,54,13
R0_STANDARDIZED__GMM_DIAG__K2,364,-0.056329087138685514,0.33161068044788977,0.2558139534883721,22,43,13
R0_STANDARDIZED__GMM_DIAG__K2,365,1.0,1.0,1.0,11,54,13
R0_STANDARDIZED__GMM_DIAG__K2,366,0.26337425698572303,0.5459770114942528,0.3333333333333333,21,44,13
R0_STANDARDIZED__GMM_DIAG__K2,367,1.0,1.0,1.0,13,52,13
R0_STANDARDIZED__GMM_DIAG__K2,368,1.0,1.0,1.0,13,52,13
R0_STANDARDIZED__GMM_DIAG__K2,369,1.0,1.0,1.0,9,56,13
R0_STANDARDIZED__GMM_DIAG__K2,370,1.0,1.0,1.0,14,51,13
R0_STANDARDIZED__GMM_DIAG__K2,371,0.2750552073342107,0.5807127882599581,0.4444444444444444,27,38,13
R0_STANDARDIZED__GMM_DIAG__K2,372,1.0,1.0,1.0,11,54,13
R0_STANDARDIZED__GMM_DIAG__K2,373,0.9261606184048209,0.9490740740740741,0.9166666666666666,11,54,13
R0_STANDARDIZED__GMM_DIAG__K2,374,0.9187261893132753,0.9410714285714286,0.9,9,56,13
R0_STANDARDIZED__GMM_DIAG__K2,375,0.2103764631445745,0.5306397306397306,0.37037037037037035,27,38,13
R0_STANDARDIZED__GMM_DIAG__K2,376,-0.10388918486947256,0.2846153846153846,0.0,15,50,13
R0_STANDARDIZED__GMM_DIAG__K2,377,0.3102115737609893,0.6061253561253561,0.48148148148148145,27,38,13
R0_STANDARDIZED__GMM_DIAG__K2,378,0.9287780992655241,0.9521044992743106,0.9230769230769231,12,53,13
R0_STANDARDIZED__GMM_DIAG__K2,379,-0.03348021623586063,0.35636856368563685,0.2682926829268293,24,41,13
R0_STANDARDIZED__GMM_DIAG__K2,380,0.21655514689590996,0.5465191932335719,0.41379310344827586,29,36,13
R0_STANDARDIZED__GMM_DIAG__K2,381,1.0,1.0,1.0,13,52,13
R0_STANDARDIZED__GMM_DIAG__K2,382,1.0,1.0,1.0,13,52,13
R0_STANDARDIZED__GMM_DIAG__K2,383,0.24177667674704936,0.5555555555555556,0.4074074074074074,27,38,13
R0_STANDARDIZED__GMM_DIAG__K2,384,0.2103764631445745,0.5306397306397306,0.37037037037037035,27,38,13
R0_STANDARDIZED__GMM_DIAG__K2,385,1.0,1.0,1.0,12,53,13
R0_STANDARDIZED__GMM_DIAG__K2,386,0.18787798232205755,0.5229885057471264,0.3793103448275862,29,36,13
R0_STANDARDIZED__GMM_DIAG__K2,387,0.2655367231638418,0.5636363636363637,0.4,25,40,13
R0_STANDARDIZED__GMM_DIAG__K2,388,1.0,1.0,1.0,13,52,13
R0_STANDARDIZED__GMM_DIAG__K2,389,-0.050339969184303925,0.34708205353225097,0.27906976744186046,22,43,13
R0_STANDARDIZED__GMM_DIAG__K2,390,0.24502585223484794,0.5633423180592991,0.42857142857142855,28,37,13
R0_STANDARDIZED__GMM_DIAG__K2,391,1.0,1.0,1.0,11,54,13
R0_STANDARDIZED__GMM_DIAG__K2,392,0.2750552073342107,0.5807127882599581,0.4444444444444444,27,38,13
R0_STANDARDIZED__GMM_DIAG__K2,393,0.24502585223484794,0.5633423180592991,0.42857142857142855,28,37,13
R0_STANDARDIZED__GMM_DIAG__K2,394,1.0,1.0,1.0,12,53,13
R0_STANDARDIZED__GMM_DIAG__K2,395,-0.11018469390333258,0.3,0.0,14,51,13
R0_STANDARDIZED__GMM_DIAG__K2,396,0.09343555342597029,0.47417582417582416,0.37142857142857144,30,35,13
R0_STANDARDIZED__GMM_DIAG__K2,397,1.0,1.0,1.0,12,53,13
R0_STANDARDIZED__GMM_DIAG__K2,398,0.05773161703773272,0.43492063492063493,0.3142857142857143,30,35,13
R0_STANDARDIZED__GMM_DIAG__K2,399,0.24177667674704936,0.5555555555555556,0.4074074074074074,27,38,13
R0_STANDARDIZED__GMM_DIAG__K2,400,0.7763844190433914,0.8482142857142857,0.75,12,53,13
R0_STANDARDIZED__GMM_DIAG__K2,401,1.0,1.0,1.0,10,55,13
R0_STANDARDIZED__GMM_DIAG__K2,402,0.24502585223484794,0.5633423180592991,0.42857142857142855,28,37,13
R0_STANDARDIZED__GMM_DIAG__K2,403,0.9228790582346534,0.9454545454545454,0.9090909090909091,10,55,13
R0_STANDARDIZED__GMM_DIAG__K2,404,0.2778740612362796,0.5879120879120879,0.4642857142857143,28,37,13
R0_STANDARDIZED__GMM_DIAG__K2,405,0.7858376511226253,0.8573426573426574,0.7692307692307693,13,52,13
R0_STANDARDIZED__GMM_DIAG__K2,406,1.0,1.0,1.0,12,53,13
R0_STANDARDIZED__GMM_DIAG__K2,407,0.9261606184048209,0.9490740740740741,0.9166666666666666,11,54,13
R0_STANDARDIZED__GMM_DIAG__K2,408,1.0,1.0,1.0,12,53,13
R0_STANDARDIZED__GMM_DIAG__K2,409,1.0,1.0,1.0,13,52,13
R0_STANDARDIZED__GMM_DIAG__K2,410,0.042797975149562816,0.41558441558441556,0.2857142857142857,30,35,13
R0_STANDARDIZED__GMM_DIAG__K2,411,1.0,1.0,1.0,11,54,13
R0_STANDARDIZED__GMM_DIAG__K2,412,1.0,1.0,1.0,14,51,13
R0_STANDARDIZED__GMM_DIAG__K2,413,0.007733252987847745,0.39473684210526316,0.2894736842105263,27,38,13
R0_STANDARDIZED__GMM_DIAG__K2,414,0.18506168722907637,0.5149350649350649,0.35714285714285715,28,37,13
R0_STANDARDIZED__GMM_DIAG__K2,415,0.9261606184048209,0.9490740740740741,0.9166666666666666,11,54,13
R0_STANDARDIZED__GMM_DIAG__K2,416,1.0,1.0,1.0,12,53,13
R0_STANDARDIZED__GMM_DIAG__K2,417,1.0,1.0,1.0,14,51,13
R0_STANDARDIZED__GMM_DIAG__K2,418,0.9261606184048209,0.9490740740740741,0.9166666666666666,11,54,13
R0_STANDARDIZED__GMM_DIAG__K2,419,-0.04704374885593996,0.30808729139922975,0.1951219512195122,24,41,13
R0_STANDARDIZED__GMM_DIAG__K2,420,0.7933783662535089,0.8650793650793651,0.7857142857142857,14,51,13
R0_STANDARDIZED__GMM_DIAG__K2,421,0.21655514689590996,0.5465191932335719,0.41379310344827586,29,36,13
R0_STANDARDIZED__GMM_DIAG__K2,422,1.0,1.0,1.0,12,53,13
R0_STANDARDIZED__GMM_DIAG__K2,423,0.20514319111630624,0.5212912087912087,0.34615384615384615,26,39,13
R0_STANDARDIZED__GMM_DIAG__K2,424,1.0,1.0,1.0,11,54,13
R0_STANDARDIZED__GMM_DIAG__K2,425,0.2750552073342107,0.5807127882599581,0.4444444444444444,27,38,13
R0_STANDARDIZED__GMM_DIAG__K2,426,0.04004489636177016,0.42129629629629634,0.3055555555555556,29,36,13
R0_STANDARDIZED__GMM_DIAG__K2,427,-0.11086899863704919,0.3076923076923077,0.0,14,51,13
R0_STANDARDIZED__GMM_DIAG__K2,428,0.9261606184048209,0.9490740740740741,0.9166666666666666,11,54,13
R0_STANDARDIZED__GMM_DIAG__K2,429,1.0,1.0,1.0,13,52,13
R0_STANDARDIZED__GMM_DIAG__K2,430,0.9187261893132753,0.9410714285714286,0.9,9,56,13
R0_STANDARDIZED__GMM_DIAG__K2,431,0.18787798232205755,0.5229885057471264,0.3793103448275862,29,36,13
R0_STANDARDIZED__GMM_DIAG__K2,432,0.9287780992655241,0.9521044992743106,0.9230769230769231,12,53,13
R0_STANDARDIZED__GMM_DIAG__K2,433,1.0,1.0,1.0,12,53,13
R0_STANDARDIZED__GMM_DIAG__K2,434,0.18787798232205755,0.5229885057471264,0.3793103448275862,29,36,13
R0_STANDARDIZED__GMM_DIAG__K2,435,0.05773161703773272,0.43492063492063493,0.3142857142857143,30,35,13
R0_STANDARDIZED__GMM_DIAG__K2,436,0.20514319111630624,0.5212912087912087,0.34615384615384615,26,39,13
R0_STANDARDIZED__GMM_DIAG__K2,437,1.0,1.0,1.0,13,52,13
R0_STANDARDIZED__GMM_DIAG__K2,438,1.0,1.0,1.0,14,51,13
R0_STANDARDIZED__GMM_DIAG__K2,439,0.7763844190433914,0.8482142857142857,0.75,12,53,13
R0_STANDARDIZED__GMM_DIAG__K2,440,0.8574499377757665,0.9045584045584045,0.8461538461538461,13,52,13
R0_STANDARDIZED__GMM_DIAG__K2,441,0.2710307625018224,0.5726495726495726,0.4230769230769231,26,39,13
R0_STANDARDIZED__GMM_DIAG__K2,442,1.0,1.0,1.0,13,52,13
R0_STANDARDIZED__GMM_DIAG__K2,443,1.0,1.0,1.0,12,53,13
R0_STANDARDIZED__GMM_DIAG__K2,444,1.0,1.0,1.0,12,53,13
R0_STANDARDIZED__GMM_DIAG__K2,445,0.2103764631445745,0.5306397306397306,0.37037037037037035,27,38,13
R0_STANDARDIZED__GMM_DIAG__K2,446,0.2778740612362796,0.5879120879120879,0.4642857142857143,28,37,13
R0_STANDARDIZED__GMM_DIAG__K2,447,0.05980927181522518,0.42887700534759354,0.29411764705882354,31,34,13
R0_STANDARDIZED__GMM_DIAG__K2,448,1.0,1.0,1.0,11,54,13
R0_STANDARDIZED__GMM_DIAG__K2,449,0.3442622950819672,0.625,0.5,26,39,13
R0_STANDARDIZED__GMM_DIAG__K2,450,0.05980927181522518,0.42887700534759354,0.29411764705882354,31,34,13
R0_STANDARDIZED__GMM_DIAG__K2,451,1.0,1.0,1.0,12,53,13
R0_STANDARDIZED__GMM_DIAG__K2,452,0.3102115737609893,0.6061253561253561,0.48148148148148145,27,38,13
R0_STANDARDIZED__GMM_DIAG__K2,453,-0.10638297872340426,0.2923076923076923,0.0,15,50,13
R0_STANDARDIZED__GMM_DIAG__K2,454,1.0,1.0,1.0,13,52,13
R0_STANDARDIZED__GMM_DIAG__K2,455,1.0,1.0,1.0,12,53,13
R0_STANDARDIZED__GMM_DIAG__K2,456,0.19035314384151594,0.5366004962779156,0.41935483870967744,31,34,13
R0_STANDARDIZED__GMM_DIAG__K2,457,0.9261606184048209,0.9490740740740741,0.9166666666666666,11,54,13
R0_STANDARDIZED__GMM_DIAG__K2,458,0.2103764631445745,0.5306397306397306,0.37037037037037035,27,38,13
R0_STANDARDIZED__GMM_DIAG__K2,459,0.9287780992655241,0.9521044992743106,0.9230769230769231,12,53,13
R0_STANDARDIZED__GMM_DIAG__K2,460,0.01987464031585287,0.4126117179741807,0.3157894736842105,27,38,13
R0_STANDARDIZED__GMM_DIAG__K2,461,0.25826182216541904,0.5535714285714286,0.375,24,41,13
R0_STANDARDIZED__GMM_DIAG__K2,462,0.9261606184048209,0.9490740740740741,0.9166666666666666,11,54,13
R0_STANDARDIZED__GMM_DIAG__K2,463,1.0,1.0,1.0,11,54,13
R0_STANDARDIZED__GMM_DIAG__K2,464,1.0,1.0,1.0,10,55,13
R0_STANDARDIZED__GMM_DIAG__K2,465,0.24883280173808534,0.5423340961098397,0.34782608695652173,23,42,13
R0_STANDARDIZED__GMM_DIAG__K2,466,1.0,1.0,1.0,12,53,13
R0_STANDARDIZED__GMM_DIAG__K2,467,0.2103764631445745,0.5306397306397306,0.37037037037037035,27,38,13
R0_STANDARDIZED__GMM_DIAG__K2,468,1.0,1.0,1.0,10,55,13
R0_STANDARDIZED__GMM_DIAG__K2,469,0.13958251366923935,0.4922341696535245,0.3548387096774194,31,34,13
R0_STANDARDIZED__GMM_DIAG__K2,470,-0.10291164658634538,0.3,0.0,16,49,13
R0_STANDARDIZED__GMM_DIAG__K2,471,-0.11284219897618518,0.3076923076923077,0.0,13,52,13
R0_STANDARDIZED__GMM_DIAG__K2,472,0.2140883261592716,0.5390211640211641,0.39285714285714285,28,37,13
R0_STANDARDIZED__GMM_DIAG__K2,473,-0.03348021623586063,0.35636856368563685,0.2682926829268293,24,41,13
R0_STANDARDIZED__GMM_DIAG__K2,474,0.2471672748223545,0.5702917771883289,0.4482758620689655,29,36,13
R0_STANDARDIZED__GMM_DIAG__K2,475,0.24177667674704936,0.5555555555555556,0.4074074074074074,27,38,13
R0_STANDARDIZED__GMM_DIAG__K2,476,1.0,1.0,1.0,12,53,13
R0_STANDARDIZED__GMM_DIAG__K2,477,0.9261606184048209,0.9490740740740741,0.9166666666666666,11,54,13
R0_STANDARDIZED__GMM_DIAG__K2,478,1.0,1.0,1.0,13,52,13
R0_STANDARDIZED__GMM_DIAG__K2,479,1.0,1.0,1.0,13,52,13
R0_STANDARDIZED__GMM_DIAG__K2,480,0.9187261893132753,0.9410714285714286,0.9,9,56,13
R0_STANDARDIZED__GMM_DIAG__K2,481,0.07648523133831689,0.44880174291939,0.3235294117647059,31,34,13
R0_STANDARDIZED__GMM_DIAG__K2,482,1.0,1.0,1.0,13,52,13
R0_STANDARDIZED__GMM_DIAG__K2,483,0.9261606184048209,0.9490740740740741,0.9166666666666666,11,54,13
R0_STANDARDIZED__GMM_DIAG__K2,484,0.3067288086221963,0.5986937590711175,0.46153846153846156,26,39,13
R0_STANDARDIZED__GMM_DIAG__K2,485,0.7933783662535089,0.8650793650793651,0.7857142857142857,14,51,13
R0_STANDARDIZED__GMM_DIAG__K2,486,0.2103764631445745,0.5306397306397306,0.37037037037037035,27,38,13
R0_STANDARDIZED__GMM_DIAG__K2,487,1.0,1.0,1.0,9,56,13
R0_STANDARDIZED__GMM_DIAG__K2,488,1.0,1.0,1.0,11,54,13
R0_STANDARDIZED__GMM_DIAG__K2,489,0.03702277070771419,0.4263131055583886,0.32432432432432434,28,37,13
R0_STANDARDIZED__GMM_DIAG__K2,490,1.0,1.0,1.0,13,52,13
R0_STANDARDIZED__GMM_DIAG__K2,491,0.9228790582346534,0.9454545454545454,0.9090909090909091,10,55,13
R0_STANDARDIZED__GMM_DIAG__K2,492,1.0,1.0,1.0,12,53,13
R0_STANDARDIZED__GMM_DIAG__K2,493,1.0,1.0,1.0,10,55,13
R0_STANDARDIZED__GMM_DIAG__K2,494,1.0,1.0,1.0,14,51,13
R0_STANDARDIZED__GMM_DIAG__K2,495,0.2710307625018224,0.5726495726495726,0.4230769230769231,26,39,13
R0_STANDARDIZED__GMM_DIAG__K2,496,0.2655367231638418,0.5636363636363637,0.4,25,40,13
R0_STANDARDIZED__GMM_DIAG__K2,497,0.38011695906432746,0.6446153846153846,0.52,25,40,13
R0_STANDARDIZED__GMM_DIAG__K2,498,1.0,1.0,1.0,13,52,13
R0_STANDARDIZED__GMM_DIAG__K2,499,0.18956560185696916,0.530188679245283,0.4,30,35,13
R0_STANDARDIZED__GMM_DIAG__K2,500,0.18787798232205755,0.5229885057471264,0.3793103448275862,29,36,13
R0_STANDARDIZED__GMM_DIAG__K2,501,1.0,1.0,1.0,12,53,13
R0_STANDARDIZED__GMM_DIAG__K2,502,0.04004489636177016,0.42129629629629634,0.3055555555555556,29,36,13
R0_STANDARDIZED__GMM_DIAG__K2,503,1.0,1.0,1.0,9,56,13
R0_STANDARDIZED__GMM_DIAG__K2,504,0.7933783662535089,0.8650793650793651,0.7857142857142857,14,51,13
R0_STANDARDIZED__GMM_DIAG__K2,505,0.24177667674704936,0.5555555555555556,0.4074074074074074,27,38,13
R0_STANDARDIZED__GMM_DIAG__K2,506,-0.11451316595223515,0.3230769230769231,0.0,11,54,13
R0_STANDARDIZED__GMM_DIAG__K2,507,-0.022793687901811806,0.3475274725274725,0.23076923076923078,26,39,13
R0_STANDARDIZED__GMM_DIAG__K2,508,0.29559080215527056,0.581060606060606,0.4166666666666667,24,41,13
R0_STANDARDIZED__GMM_DIAG__K2,509,0.18787798232205755,0.5229885057471264,0.3793103448275862,29,36,13
R0_STANDARDIZED__GMM_DIAG__K2,510,0.3019478077761901,0.5903703703703703,0.44,25,40,13
R0_STANDARDIZED__GMM_DIAG__K2,511,1.0,1.0,1.0,12,53,13
R0_STANDARDIZED__GMM_DIAG__K2,512,0.9228790582346534,0.9454545454545454,0.9090909090909091,10,55,13
R0_STANDARDIZED__GMM_DIAG__K2,513,0.2103764631445745,0.5306397306397306,0.37037037037037035,27,38,13
R0_STANDARDIZED__GMM_DIAG__K2,514,0.24883280173808534,0.5423340961098397,0.34782608695652173,23,42,13
R0_STANDARDIZED__GMM_DIAG__K2,515,0.2371685721235709,0.5468531468531469,0.38461538461538464,26,39,13
R0_STANDARDIZED__GMM_DIAG__K2,516,0.2710307625018224,0.5726495726495726,0.4230769230769231,26,39,13
R0_STANDARDIZED__GMM_DIAG__K2,517,1.0,1.0,1.0,13,52,13
R0_STANDARDIZED__GMM_DIAG__K2,518,0.007733252987847745,0.39473684210526316,0.2894736842105263,27,38,13
R0_STANDARDIZED__GMM_DIAG__K2,519,0.9261606184048209,0.9490740740740741,0.9166666666666666,11,54,13
R0_STANDARDIZED__GMM_DIAG__K2,520,0.29559080215527056,0.581060606060606,0.4166666666666667,24,41,13
R0_STANDARDIZED__GMM_DIAG__K2,521,0.07783815538258188,0.4424242424242424,0.30303030303030304,32,33,13
R0_STANDARDIZED__GMM_DIAG__K2,522,0.9187261893132753,0.9410714285714286,0.9,9,56,13
R0_STANDARDIZED__GMM_DIAG__K2,523,-0.10697179350718468,0.3076923076923077,0.0,15,50,13
R0_STANDARDIZED__GMM_DIAG__K2,524,0.2371685721235709,0.5468531468531469,0.38461538461538464,26,39,13
R0_STANDARDIZED__GMM_DIAG__K2,525,1.0,1.0,1.0,12,53,13
R0_STANDARDIZED__GMM_DIAG__K2,526,0.2371685721235709,0.5468531468531469,0.38461538461538464,26,39,13
R0_STANDARDIZED__GMM_DIAG__K2,527,1.0,1.0,1.0,12,53,13
R0_STANDARDIZED__GMM_DIAG__K2,528,1.0,1.0,1.0,11,54,13
R0_STANDARDIZED__GMM_DIAG__K2,529,0.2103764631445745,0.5306397306397306,0.37037037037037035,27,38,13
R0_STANDARDIZED__GMM_DIAG__K2,530,1.0,1.0,1.0,12,53,13
R0_STANDARDIZED__GMM_DIAG__K2,531,-0.0060189165950128975,0.3537221431958274,0.21621621621621623,28,37,13
R0_STANDARDIZED__GMM_DIAG__K2,532,-0.11451316595223515,0.3230769230769231,0.0,12,53,13
R0_STANDARDIZED__GMM_DIAG__K2,533,0.3102115737609893,0.6061253561253561,0.48148148148148145,27,38,13
R0_STANDARDIZED__GMM_DIAG__K2,534,0.04004489636177016,0.42129629629629634,0.3055555555555556,29,36,13
R0_STANDARDIZED__GMM_DIAG__K2,535,0.17495611468695144,0.4959514170040486,0.3076923076923077,26,39,13
R0_STANDARDIZED__GMM_DIAG__K2,536,0.07783815538258188,0.4424242424242424,0.30303030303030304,32,33,13
R0_STANDARDIZED__GMM_DIAG__K2,537,0.2140883261592716,0.5390211640211641,0.39285714285714285,28,37,13
R0_STANDARDIZED__GMM_DIAG__K2,538,0.24177667674704936,0.5555555555555556,0.4074074074074074,27,38,13
R0_STANDARDIZED__GMM_DIAG__K2,539,0.2103764631445745,0.5306397306397306,0.37037037037037035,27,38,13
R0_STANDARDIZED__GMM_DIAG__K2,540,0.2710307625018224,0.5726495726495726,0.4230769230769231,26,39,13
R0_STANDARDIZED__GMM_DIAG__K2,541,1.0,1.0,1.0,11,54,13
R0_STANDARDIZED__GMM_DIAG__K2,542,0.24177667674704936,0.5555555555555556,0.4074074074074074,27,38,13
R0_STANDARDIZED__GMM_DIAG__K2,543,1.0,1.0,1.0,10,55,13
R0_STANDARDIZED__GMM_DIAG__K2,544,0.9287780992655241,0.9521044992743106,0.9230769230769231,12,53,13
R0_STANDARDIZED__GMM_DIAG__K2,545,0.9187261893132753,0.9410714285714286,0.9,9,56,13
R0_STANDARDIZED__GMM_DIAG__K2,546,1.0,1.0,1.0,10,55,13
R0_STANDARDIZED__GMM_DIAG__K2,547,1.0,1.0,1.0,9,56,13
R0_STANDARDIZED__GMM_DIAG__K2,548,0.16113551626121303,0.49968652037617556,0.3448275862068966,29,36,13
R0_STANDARDIZED__GMM_DIAG__K2,549,0.3019478077761901,0.5903703703703703,0.44,25,40,13
R0_STANDARDIZED__GMM_DIAG__K2,550,0.2103764631445745,0.5306397306397306,0.37037037037037035,27,38,13
R0_STANDARDIZED__GMM_DIAG__K2,551,1.0,1.0,1.0,14,51,13
R0_STANDARDIZED__GMM_DIAG__K2,552,0.2103764631445745,0.5306397306397306,0.37037037037037035,27,38,13
R0_STANDARDIZED__GMM_DIAG__K2,553,0.18085534253921437,0.5059523809523809,0.3333333333333333,27,38,13
R0_STANDARDIZED__GMM_DIAG__K2,554,0.8620480557871598,0.9097035040431267,0.8571428571428571,14,51,13
R0_STANDARDIZED__GMM_DIAG__K2,555,0.9228790582346534,0.9454545454545454,0.9090909090909091,10,55,13
R0_STANDARDIZED__GMM_DIAG__K2,556,1.0,1.0,1.0,9,56,13
R0_STANDARDIZED__GMM_DIAG__K2,557,0.25826182216541904,0.5535714285714286,0.375,24,41,13
R0_STANDARDIZED__GMM_DIAG__K2,558,-0.10291164658634538,0.3,0.0,16,49,13
R0_STANDARDIZED__GMM_DIAG__K2,559,0.21655514689590996,0.5465191932335719,0.41379310344827586,29,36,13
R0_STANDARDIZED__GMM_DIAG__K2,560,0.24841915085817526,0.5764705882352941,0.4666666666666667,30,35,13
R0_STANDARDIZED__GMM_DIAG__K2,561,0.9287780992655241,0.9521044992743106,0.9230769230769231,12,53,13
R0_STANDARDIZED__GMM_DIAG__K2,562,0.24177667674704936,0.5555555555555556,0.4074074074074074,27,38,13
R0_STANDARDIZED__GMM_DIAG__K2,563,1.0,1.0,1.0,13,52,13
R0_STANDARDIZED__GMM_DIAG__K2,564,0.18085534253921437,0.5059523809523809,0.3333333333333333,27,38,13
R0_STANDARDIZED__GMM_DIAG__K2,565,1.0,1.0,1.0,12,53,13
R0_STANDARDIZED__GMM_DIAG__K2,566,1.0,1.0,1.0,13,52,13
R0_STANDARDIZED__GMM_DIAG__K2,567,1.0,1.0,1.0,11,54,13
R0_STANDARDIZED__GMM_DIAG__K2,568,0.2710307625018224,0.5726495726495726,0.4230769230769231,26,39,13
R0_STANDARDIZED__GMM_DIAG__K2,569,1.0,1.0,1.0,13,52,13
R0_STANDARDIZED__GMM_DIAG__K2,570,1.0,1.0,1.0,13,52,13
R0_STANDARDIZED__GMM_DIAG__K2,571,0.2471672748223545,0.5702917771883289,0.4482758620689655,29,36,13
R0_STANDARDIZED__GMM_DIAG__K2,572,0.9187261893132753,0.9410714285714286,0.9,9,56,13
R0_STANDARDIZED__GMM_DIAG__K2,573,1.0,1.0,1.0,13,52,13
R0_STANDARDIZED__GMM_DIAG__K2,574,0.01987464031585287,0.4126117179741807,0.3157894736842105,27,38,13
R0_STANDARDIZED__GMM_DIAG__K2,575,0.015413234121711401,0.38392857142857145,0.25,29,36,13
R0_STANDARDIZED__GMM_DIAG__K2,576,0.9287780992655241,0.9521044992743106,0.9230769230769231,12,53,13
R0_STANDARDIZED__GMM_DIAG__K2,577,1.0,1.0,1.0,13,52,13
R0_STANDARDIZED__GMM_DIAG__K2,578,1.0,1.0,1.0,10,55,13
R0_STANDARDIZED__GMM_DIAG__K2,579,-0.10638297872340426,0.2923076923076923,0.0,15,50,13
R0_STANDARDIZED__GMM_DIAG__K2,580,0.3401411623366872,0.6173584905660378,0.48,25,40,13
R0_STANDARDIZED__GMM_DIAG__K2,581,0.2371685721235709,0.5468531468531469,0.38461538461538464,26,39,13
R0_STANDARDIZED__GMM_DIAG__K2,582,1.0,1.0,1.0,11,54,13
R0_STANDARDIZED__GMM_DIAG__K2,583,0.9187261893132753,0.9410714285714286,0.9,9,56,13
R0_STANDARDIZED__GMM_DIAG__K2,584,-0.025292357900462335,0.37275655775425676,0.2926829268292683,24,41,13
R0_STANDARDIZED__GMM_DIAG__K2,585,0.02338917000674189,0.4079079079079079,0.2972972972972973,28,37,13
R0_STANDARDIZED__GMM_DIAG__K2,586,1.0,1.0,1.0,12,53,13
R0_STANDARDIZED__GMM_DIAG__K2,587,1.0,1.0,1.0,13,52,13
R0_STANDARDIZED__GMM_DIAG__K2,588,1.0,1.0,1.0,12,53,13
R0_STANDARDIZED__GMM_DIAG__K2,589,0.18787798232205755,0.5229885057471264,0.3793103448275862,29,36,13
R0_STANDARDIZED__GMM_DIAG__K2,590,0.9261606184048209,0.9490740740740741,0.9166666666666666,11,54,13
R0_STANDARDIZED__GMM_DIAG__K2,591,0.2750552073342107,0.5807127882599581,0.4444444444444444,27,38,13
R0_STANDARDIZED__GMM_DIAG__K2,592,0.21801629132726402,0.5532051282051282,0.43333333333333335,30,35,13
R0_STANDARDIZED__GMM_DIAG__K2,593,0.2750552073342107,0.5807127882599581,0.4444444444444444,27,38,13
R0_STANDARDIZED__GMM_DIAG__K2,594,0.9187261893132753,0.9410714285714286,0.9,9,56,13
R0_STANDARDIZED__GMM_DIAG__K2,595,1.0,1.0,1.0,12,53,13
R0_STANDARDIZED__GMM_DIAG__K2,596,0.24502585223484794,0.5633423180592991,0.42857142857142855,28,37,13
R0_STANDARDIZED__GMM_DIAG__K2,597,0.9228790582346534,0.9454545454545454,0.9090909090909091,10,55,13
R0_STANDARDIZED__GMM_DIAG__K2,598,0.24502585223484794,0.5633423180592991,0.42857142857142855,28,37,13
R0_STANDARDIZED__GMM_DIAG__K2,599,1.0,1.0,1.0,14,51,13
R0_STANDARDIZED__GMM_DIAG__K2,600,0.9228790582346534,0.9454545454545454,0.9090909090909091,10,55,13
R0_STANDARDIZED__GMM_DIAG__K2,601,0.33463559411862687,0.6087962962962963,0.4583333333333333,24,41,13
R0_STANDARDIZED__GMM_DIAG__K2,602,0.9287780992655241,0.9521044992743106,0.9230769230769231,12,53,13
R0_STANDARDIZED__GMM_DIAG__K2,603,0.24177667674704936,0.5555555555555556,0.4074074074074074,27,38,13
R0_STANDARDIZED__GMM_DIAG__K2,604,0.2309085421068518,0.5371428571428571,0.36,25,40,13
R0_STANDARDIZED__GMM_DIAG__K2,605,0.05773161703773272,0.43492063492063493,0.3142857142857143,30,35,13
R0_STANDARDIZED__GMM_DIAG__K2,606,0.8620480557871598,0.9097035040431267,0.8571428571428571,14,51,13
R0_STANDARDIZED__GMM_DIAG__K2,607,0.2710307625018224,0.5726495726495726,0.4230769230769231,26,39,13
R0_STANDARDIZED__GMM_DIAG__K2,608,0.37539660955489074,0.6367924528301887,0.5,24,41,13
R0_STANDARDIZED__GMM_DIAG__K2,609,0.9287780992655241,0.9521044992743106,0.9230769230769231,12,53,13
R0_STANDARDIZED__GMM_DIAG__K2,610,1.0,1.0,1.0,13,52,13
R0_STANDARDIZED__GMM_DIAG__K2,611,0.9261606184048209,0.9490740740740741,0.9166666666666666,11,54,13
R0_STANDARDIZED__GMM_DIAG__K2,612,1.0,1.0,1.0,13,52,13
R0_STANDARDIZED__GMM_DIAG__K2,613,0.3102115737609893,0.6061253561253561,0.48148148148148145,27,38,13
R0_STANDARDIZED__GMM_DIAG__K2,614,1.0,1.0,1.0,9,56,13
R0_STANDARDIZED__GMM_DIAG__K2,615,0.9133982846198684,0.935672514619883,0.8888888888888888,8,57,13
R0_STANDARDIZED__GMM_DIAG__K2,616,-0.10697179350718468,0.3076923076923077,0.0,15,50,13
R0_STANDARDIZED__GMM_DIAG__K2,617,0.18506168722907637,0.5149350649350649,0.35714285714285715,28,37,13
R0_STANDARDIZED__GMM_DIAG__K2,618,1.0,1.0,1.0,14,51,13
R0_STANDARDIZED__GMM_DIAG__K2,619,0.24502585223484794,0.5633423180592991,0.42857142857142855,28,37,13
R0_STANDARDIZED__GMM_DIAG__K2,620,0.2750552073342107,0.5807127882599581,0.4444444444444444,27,38,13
R0_STANDARDIZED__GMM_DIAG__K2,621,1.0,1.0,1.0,14,51,13
R0_STANDARDIZED__GMM_DIAG__K2,622,1.0,1.0,1.0,11,54,13
R0_STANDARDIZED__GMM_DIAG__K2,623,0.21655514689590996,0.5465191932335719,0.41379310344827586,29,36,13
R0_STANDARDIZED__GMM_DIAG__K2,624,0.21655514689590996,0.5465191932335719,0.41379310344827586,29,36,13
R0_STANDARDIZED__GMM_DIAG__K2,625,0.18787798232205755,0.5229885057471264,0.3793103448275862,29,36,13
R0_STANDARDIZED__GMM_DIAG__K2,626,1.0,1.0,1.0,12,53,13
R0_STANDARDIZED__GMM_DIAG__K2,627,0.9287780992655241,0.9521044992743106,0.9230769230769231,12,53,13
R0_STANDARDIZED__GMM_DIAG__K2,628,0.9261606184048209,0.9490740740740741,0.9166666666666666,11,54,13
R0_STANDARDIZED__GMM_DIAG__K2,629,0.3067288086221963,0.5986937590711175,0.46153846153846156,26,39,13
R0_STANDARDIZED__GMM_DIAG__K2,630,0.2778740612362796,0.5879120879120879,0.4642857142857143,28,37,13
R0_STANDARDIZED__GMM_DIAG__K2,631,1.0,1.0,1.0,13,52,13
R0_STANDARDIZED__GMM_DIAG__K2,632,0.2750552073342107,0.5807127882599581,0.4444444444444444,27,38,13
R0_STANDARDIZED__GMM_DIAG__K2,633,0.9133982846198684,0.935672514619883,0.8888888888888888,8,57,13
R0_STANDARDIZED__GMM_DIAG__K2,634,1.0,1.0,1.0,11,54,13
R0_STANDARDIZED__GMM_DIAG__K2,635,1.0,1.0,1.0,11,54,13
R0_STANDARDIZED__GMM_DIAG__K2,636,0.001867607387424777,0.3716216216216216,0.24324324324324326,28,37,13
R0_STANDARDIZED__GMM_DIAG__K2,637,1.0,1.0,1.0,12,53,13
R0_STANDARDIZED__GMM_DIAG__K2,638,0.8657432072456047,0.9141025641025642,0.8666666666666667,15,50,13
R0_STANDARDIZED__GMM_DIAG__K2,639,1.0,1.0,1.0,11,54,13
R0_STANDARDIZED__GMM_DIAG__K2,640,1.0,1.0,1.0,13,52,13
R0_STANDARDIZED__GMM_DIAG__K2,641,0.9261606184048209,0.9490740740740741,0.9166666666666666,11,54,13
R0_STANDARDIZED__GMM_DIAG__K2,642,0.9228790582346534,0.9454545454545454,0.9090909090909091,10,55,13
R0_STANDARDIZED__GMM_DIAG__K2,643,1.0,1.0,1.0,13,52,13
R0_STANDARDIZED__GMM_DIAG__K2,644,0.2309085421068518,0.5371428571428571,0.36,25,40,13
R0_STANDARDIZED__GMM_DIAG__K2,645,0.20514319111630624,0.5212912087912087,0.34615384615384615,26,39,13
R0_STANDARDIZED__GMM_DIAG__K2,646,0.2140883261592716,0.5390211640211641,0.39285714285714285,28,37,13
R0_STANDARDIZED__GMM_DIAG__K2,647,0.9187261893132753,0.9410714285714286,0.9,9,56,13
R0_STANDARDIZED__GMM_DIAG__K2,648,0.8574499377757665,0.9045584045584045,0.8461538461538461,13,52,13
R0_STANDARDIZED__GMM_DIAG__K2,649,0.2103764631445745,0.5306397306397306,0.37037037037037035,27,38,13
R0_STANDARDIZED__GMM_DIAG__K2,650,-0.05403786796885797,0.3125,0.21428571428571427,23,42,13
R0_STANDARDIZED__GMM_DIAG__K2,651,0.33463559411862687,0.6087962962962963,0.4583333333333333,24,41,13
R0_STANDARDIZED__GMM_DIAG__K2,652,1.0,1.0,1.0,14,51,13
R0_STANDARDIZED__GMM_DIAG__K2,653,0.029807904614705234,0.3964285714285714,0.2571428571428571,30,35,13
R0_STANDARDIZED__GMM_DIAG__K2,654,0.8517043139740166,0.8984848484848484,0.8333333333333334,12,53,13
R0_STANDARDIZED__GMM_DIAG__K2,655,0.7858376511226253,0.8573426573426574,0.7692307692307693,13,52,13
R0_STANDARDIZED__GMM_DIAG__K2,656,1.0,1.0,1.0,11,54,13
R0_STANDARDIZED__GMM_DIAG__K2,657,1.0,1.0,1.0,12,53,13
R0_STANDARDIZED__GMM_DIAG__K2,658,0.2750552073342107,0.5807127882599581,0.4444444444444444,27,38,13
R0_STANDARDIZED__GMM_DIAG__K2,659,1.0,1.0,1.0,11,54,13
R0_STANDARDIZED__GMM_DIAG__K2,660,1.0,1.0,1.0,14,51,13
R0_STANDARDIZED__GMM_DIAG__K2,661,1.0,1.0,1.0,14,51,13
R0_STANDARDIZED__GMM_DIAG__K2,662,1.0,1.0,1.0,13,52,13
R0_STANDARDIZED__GMM_DIAG__K2,663,1.0,1.0,1.0,10,55,13
R0_STANDARDIZED__GMM_DIAG__K2,664,0.3692136914502821,0.6280193236714976,0.4782608695652174,23,42,13
R0_STANDARDIZED__GMM_DIAG__K2,665,0.9261606184048209,0.9490740740740741,0.9166666666666666,11,54,13
R0_STANDARDIZED__GMM_DIAG__K2,666,1.0,1.0,1.0,13,52,13
R0_STANDARDIZED__GMM_DIAG__K2,667,0.24502585223484794,0.5633423180592991,0.42857142857142855,28,37,13
R0_STANDARDIZED__GMM_DIAG__K2,668,1.0,1.0,1.0,11,54,13
R0_STANDARDIZED__GMM_DIAG__K2,669,0.07003265771603338,0.46369899311075785,0.3783783783783784,28,37,13
R0_STANDARDIZED__GMM_DIAG__K2,670,-0.11086899863704919,0.3076923076923077,0.0,14,51,13
R0_STANDARDIZED__GMM_DIAG__K2,671,0.03702277070771419,0.4263131055583886,0.32432432432432434,28,37,13
R0_STANDARDIZED__GMM_DIAG__K2,672,0.9261606184048209,0.9490740740740741,0.9166666666666666,11,54,13
R0_STANDARDIZED__GMM_DIAG__K2,673,0.2471672748223545,0.5702917771883289,0.4482758620689655,29,36,13
R0_STANDARDIZED__GMM_DIAG__K2,674,-0.06297807636809359,0.3010797342192691,0.20930232558139536,22,43,13
R0_STANDARDIZED__GMM_DIAG__K2,675,1.0,1.0,1.0,13,52,13
R0_STANDARDIZED__GMM_DIAG__K2,676,-0.06054811982154239,0.31627906976744186,0.23255813953488372,22,43,13
R0_STANDARDIZED__GMM_DIAG__K2,677,0.8517043139740166,0.8984848484848484,0.8333333333333334,12,53,13
R0_STANDARDIZED__GMM_DIAG__K2,678,1.0,1.0,1.0,14,51,13
R0_STANDARDIZED__GMM_DIAG__K2,679,0.9308780645858084,0.9546703296703296,0.9285714285714286,13,52,13
R0_STANDARDIZED__GMM_DIAG__K2,680,1.0,1.0,1.0,14,51,13
R0_STANDARDIZED__GMM_DIAG__K2,681,0.18787798232205755,0.5229885057471264,0.3793103448275862,29,36,13
R0_STANDARDIZED__GMM_DIAG__K2,682,-0.056329087138685514,0.33161068044788977,0.2558139534883721,22,43,13
R0_STANDARDIZED__GMM_DIAG__K2,683,1.0,1.0,1.0,12,53,13
R0_STANDARDIZED__GMM_DIAG__K2,684,0.33463559411862687,0.6087962962962963,0.4583333333333333,24,41,13
R0_STANDARDIZED__GMM_DIAG__K2,685,0.9133982846198684,0.935672514619883,0.8888888888888888,8,57,13
R0_STANDARDIZED__GMM_DIAG__K2,686,0.2140883261592716,0.5390211640211641,0.39285714285714285,28,37,13
R0_STANDARDIZED__GMM_DIAG__K2,687,-0.10494946877429386,0.3153846153846154,0.0,15,50,13
R0_STANDARDIZED__GMM_DIAG__K2,688,1.0,1.0,1.0,11,54,13
R0_STANDARDIZED__GMM_DIAG__K2,689,1.0,1.0,1.0,12,53,13
R0_STANDARDIZED__GMM_DIAG__K2,690,0.2140883261592716,0.5390211640211641,0.39285714285714285,28,37,13
R0_STANDARDIZED__GMM_DIAG__K2,691,0.03702277070771419,0.4263131055583886,0.32432432432432434,28,37,13
R0_STANDARDIZED__GMM_DIAG__K2,692,0.21655514689590996,0.5465191932335719,0.41379310344827586,29,36,13
R0_STANDARDIZED__GMM_DIAG__K2,693,1.0,1.0,1.0,13,52,13
R0_STANDARDIZED__GMM_DIAG__K2,694,0.4126103922776751,0.6570959803117309,0.5217391304347826,23,42,13
R0_STANDARDIZED__GMM_DIAG__K2,695,0.02676363099413046,0.4025252525252525,0.2777777777777778,29,36,13
R0_STANDARDIZED__GMM_DIAG__K2,696,0.13851817763460653,0.48484848484848486,0.3333333333333333,30,35,13
R0_STANDARDIZED__GMM_DIAG__K2,697,1.0,1.0,1.0,11,54,13
R0_STANDARDIZED__GMM_DIAG__K2,698,1.0,1.0,1.0,13,52,13
R0_STANDARDIZED__GMM_DIAG__K2,699,1.0,1.0,1.0,12,53,13
R0_STANDARDIZED__GMM_DIAG__K2,700,0.21655514689590996,0.5465191932335719,0.41379310344827586,29,36,13
R0_STANDARDIZED__GMM_DIAG__K2,701,1.0,1.0,1.0,13,52,13
R0_STANDARDIZED__GMM_DIAG__K2,702,0.2103764631445745,0.5306397306397306,0.37037037037037035,27,38,13
R0_STANDARDIZED__GMM_DIAG__K2,703,0.9261606184048209,0.9490740740740741,0.9166666666666666,11,54,13
R0_STANDARDIZED__GMM_DIAG__K2,704,1.0,1.0,1.0,12,53,13
R0_STANDARDIZED__GMM_DIAG__K2,705,0.24177667674704936,0.5555555555555556,0.4074074074074074,27,38,13
R0_STANDARDIZED__GMM_DIAG__K2,706,0.2710307625018224,0.5726495726495726,0.4230769230769231,26,39,13
R0_STANDARDIZED__GMM_DIAG__K2,707,0.05980927181522518,0.42887700534759354,0.29411764705882354,31,34,13
R0_STANDARDIZED__GMM_DIAG__K2,708,0.2103764631445745,0.5306397306397306,0.37037037037037035,27,38,13
R0_STANDARDIZED__GMM_DIAG__K2,709,0.04004489636177016,0.42129629629629634,0.3055555555555556,29,36,13
R0_STANDARDIZED__GMM_DIAG__K2,710,0.011670556852284094,0.38968058968058966,0.2702702702702703,28,37,13
R0_STANDARDIZED__GMM_DIAG__K2,711,1.0,1.0,1.0,11,54,13
R0_STANDARDIZED__GMM_DIAG__K2,712,-0.02948427176807021,0.3759157509157509,0.30952380952380953,23,42,13
R0_STANDARDIZED__GMM_DIAG__K2,713,1.0,1.0,1.0,11,54,13
R0_STANDARDIZED__GMM_DIAG__K2,714,0.7994276471320144,0.8716981132075472,0.8,15,50,13
R0_STANDARDIZED__GMM_DIAG__K2,715,0.9261606184048209,0.9490740740740741,0.9166666666666666,11,54,13
R0_STANDARDIZED__GMM_DIAG__K2,716,1.0,1.0,1.0,11,54,13
R0_STANDARDIZED__GMM_DIAG__K2,717,0.3401411623366872,0.6173584905660378,0.48,25,40,13
R0_STANDARDIZED__GMM_DIAG__K2,718,-0.06559031281533804,0.3367521367521368,0.28888888888888886,20,45,13
R0_STANDARDIZED__GMM_DIAG__K2,719,1.0,1.0,1.0,11,54,13
R0_STANDARDIZED__GMM_DIAG__K2,720,1.0,1.0,1.0,11,54,13
R0_STANDARDIZED__GMM_DIAG__K2,721,0.01639344262295082,0.41666666666666663,0.3333333333333333,26,39,13
R0_STANDARDIZED__GMM_DIAG__K2,722,0.21655514689590996,0.5465191932335719,0.41379310344827586,29,36,13
R0_STANDARDIZED__GMM_DIAG__K2,723,0.3442622950819672,0.625,0.5,26,39,13
R0_STANDARDIZED__GMM_DIAG__K2,724,0.2750552073342107,0.5807127882599581,0.4444444444444444,27,38,13
R0_STANDARDIZED__GMM_DIAG__K2,725,0.9287780992655241,0.9521044992743106,0.9230769230769231,12,53,13
R0_STANDARDIZED__GMM_DIAG__K2,726,1.0,1.0,1.0,9,56,13
R0_STANDARDIZED__GMM_DIAG__K2,727,0.18085534253921437,0.5059523809523809,0.3333333333333333,27,38,13
R0_STANDARDIZED__GMM_DIAG__K2,728,1.0,1.0,1.0,11,54,13
R0_STANDARDIZED__GMM_DIAG__K2,729,0.9187261893132753,0.9410714285714286,0.9,9,56,13
R0_STANDARDIZED__GMM_DIAG__K2,730,0.3019478077761901,0.5903703703703703,0.44,25,40,13
R0_STANDARDIZED__GMM_DIAG__K2,731,0.24502585223484794,0.5633423180592991,0.42857142857142855,28,37,13
R0_STANDARDIZED__GMM_DIAG__K2,732,1.0,1.0,1.0,12,53,13
R0_STANDARDIZED__GMM_DIAG__K2,733,1.0,1.0,1.0,12,53,13
R0_STANDARDIZED__GMM_DIAG__K2,734,0.42019583595191273,0.6475563909774436,0.47368421052631576,18,47,13
R0_STANDARDIZED__GMM_DIAG__K2,735,1.0,1.0,1.0,12,53,13
R0_STANDARDIZED__GMM_DIAG__K2,736,1.0,1.0,1.0,12,53,13
R0_STANDARDIZED__GMM_DIAG__K2,737,1.0,1.0,1.0,12,53,13
R0_STANDARDIZED__GMM_DIAG__K2,738,0.9261606184048209,0.9490740740740741,0.9166666666666666,11,54,13
R0_STANDARDIZED__GMM_DIAG__K2,739,1.0,1.0,1.0,14,51,13
R0_STANDARDIZED__GMM_DIAG__K2,740,0.9228790582346534,0.9454545454545454,0.9090909090909091,10,55,13
R0_STANDARDIZED__GMM_DIAG__K2,741,-0.09795851168916694,0.2923076923076923,0.0,17,48,13
R0_STANDARDIZED__GMM_DIAG__K2,742,0.19806471121862715,0.5108771929824562,0.32,25,40,13
R0_STANDARDIZED__GMM_DIAG__K2,743,0.9287780992655241,0.9521044992743106,0.9230769230769231,12,53,13
R0_STANDARDIZED__GMM_DIAG__K2,744,0.8574499377757665,0.9045584045584045,0.8461538461538461,13,52,13
R0_STANDARDIZED__GMM_DIAG__K2,745,0.9261606184048209,0.9490740740740741,0.9166666666666666,11,54,13
R0_STANDARDIZED__GMM_DIAG__K2,746,0.3401411623366872,0.6173584905660378,0.48,25,40,13
R0_STANDARDIZED__GMM_DIAG__K2,747,0.2710307625018224,0.5726495726495726,0.4230769230769231,26,39,13
R0_STANDARDIZED__GMM_DIAG__K2,748,0.2710307625018224,0.5726495726495726,0.4230769230769231,26,39,13
R0_STANDARDIZED__GMM_DIAG__K2,749,0.21655514689590996,0.5465191932335719,0.41379310344827586,29,36,13
R0_STANDARDIZED__GMM_DIAG__K2,750,0.24502585223484794,0.5633423180592991,0.42857142857142855,28,37,13
R0_STANDARDIZED__GMM_DIAG__K2,751,1.0,1.0,1.0,12,53,13
R0_STANDARDIZED__GMM_DIAG__K2,752,0.21655514689590996,0.5465191932335719,0.41379310344827586,29,36,13
R0_STANDARDIZED__GMM_DIAG__K2,753,1.0,1.0,1.0,10,55,13
R0_STANDARDIZED__GMM_DIAG__K2,754,1.0,1.0,1.0,11,54,13
R0_STANDARDIZED__GMM_DIAG__K2,755,0.15794622476506684,0.4910714285714286,0.32142857142857145,28,37,13
R0_STANDARDIZED__GMM_DIAG__K2,756,0.2655367231638418,0.5636363636363637,0.4,25,40,13
R0_STANDARDIZED__GMM_DIAG__K2,757,0.02338917000674189,0.4079079079079079,0.2972972972972973,28,37,13
R0_STANDARDIZED__GMM_DIAG__K2,758,1.0,1.0,1.0,11,54,13
R0_STANDARDIZED__GMM_DIAG__K2,759,0.7858376511226253,0.8573426573426574,0.7692307692307693,13,52,13
R0_STANDARDIZED__GMM_DIAG__K2,760,1.0,1.0,1.0,13,52,13
R0_STANDARDIZED__GMM_DIAG__K2,761,1.0,1.0,1.0,11,54,13
R0_STANDARDIZED__GMM_DIAG__K2,762,0.9261606184048209,0.9490740740740741,0.9166666666666666,11,54,13
R0_STANDARDIZED__GMM_DIAG__K2,763,1.0,1.0,1.0,12,53,13
R0_STANDARDIZED__GMM_DIAG__K2,764,0.24502585223484794,0.5633423180592991,0.42857142857142855,28,37,13
R0_STANDARDIZED__GMM_DIAG__K2,765,0.2371685721235709,0.5468531468531469,0.38461538461538464,26,39,13
R0_STANDARDIZED__GMM_DIAG__K2,766,1.0,1.0,1.0,14,51,13
R0_STANDARDIZED__GMM_DIAG__K2,767,0.24177667674704936,0.5555555555555556,0.4074074074074074,27,38,13
R0_STANDARDIZED__GMM_DIAG__K2,768,0.32745326879292863,0.5992094861660079,0.43478260869565216,23,42,13
R0_STANDARDIZED__GMM_DIAG__K2,769,1.0,1.0,1.0,13,52,13
R0_STANDARDIZED__GMM_DIAG__K2,770,0.2103764631445745,0.5306397306397306,0.37037037037037035,27,38,13
R0_STANDARDIZED__GMM_DIAG__K2,771,0.2750552073342107,0.5807127882599581,0.4444444444444444,27,38,13
R0_STANDARDIZED__GMM_DIAG__K2,772,0.07003265771603338,0.46369899311075785,0.3783783783783784,28,37,13
R0_STANDARDIZED__GMM_DIAG__K2,773,0.9228790582346534,0.9454545454545454,0.9090909090909091,10,55,13
R0_STANDARDIZED__GMM_DIAG__K2,774,0.2140883261592716,0.5390211640211641,0.39285714285714285,28,37,13
R0_STANDARDIZED__GMM_DIAG__K2,775,0.2309085421068518,0.5371428571428571,0.36,25,40,13
R0_STANDARDIZED__GMM_DIAG__K2,776,0.21655514689590996,0.5465191932335719,0.41379310344827586,29,36,13
R0_STANDARDIZED__GMM_DIAG__K2,777,0.9261606184048209,0.9490740740740741,0.9166666666666666,11,54,13
R0_STANDARDIZED__GMM_DIAG__K2,778,0.2103764631445745,0.5306397306397306,0.37037037037037035,27,38,13
R0_STANDARDIZED__GMM_DIAG__K2,779,0.2710307625018224,0.5726495726495726,0.4230769230769231,26,39,13
R0_STANDARDIZED__GMM_DIAG__K2,780,0.2103764631445745,0.5306397306397306,0.37037037037037035,27,38,13
R0_STANDARDIZED__GMM_DIAG__K2,781,0.2140883261592716,0.5390211640211641,0.39285714285714285,28,37,13
R0_STANDARDIZED__GMM_DIAG__K2,782,1.0,1.0,1.0,13,52,13
R0_STANDARDIZED__GMM_DIAG__K2,783,0.2471672748223545,0.5702917771883289,0.4482758620689655,29,36,13
R0_STANDARDIZED__GMM_DIAG__K2,784,0.007733252987847745,0.39473684210526316,0.2894736842105263,27,38,13
R0_STANDARDIZED__GMM_DIAG__K2,785,0.9228790582346534,0.9454545454545454,0.9090909090909091,10,55,13
R0_STANDARDIZED__GMM_DIAG__K2,786,0.9261606184048209,0.9490740740740741,0.9166666666666666,11,54,13
R0_STANDARDIZED__GMM_DIAG__K2,787,0.33463559411862687,0.6087962962962963,0.4583333333333333,24,41,13
R0_STANDARDIZED__GMM_DIAG__K2,788,0.16113551626121303,0.49968652037617556,0.3448275862068966,29,36,13
R0_STANDARDIZED__GMM_DIAG__K2,789,1.0,1.0,1.0,11,54,13
R0_STANDARDIZED__GMM_DIAG__K2,790,0.24177667674704936,0.5555555555555556,0.4074074074074074,27,38,13
R0_STANDARDIZED__GMM_DIAG__K2,791,0.2778740612362796,0.5879120879120879,0.4642857142857143,28,37,13
R0_STANDARDIZED__GMM_DIAG__K2,792,1.0,1.0,1.0,10,55,13
R0_STANDARDIZED__GMM_DIAG__K2,793,0.9261606184048209,0.9490740740740741,0.9166666666666666,11,54,13
R0_STANDARDIZED__GMM_DIAG__K2,794,0.18787798232205755,0.5229885057471264,0.3793103448275862,29,36,13
R0_STANDARDIZED__GMM_DIAG__K2,795,1.0,1.0,1.0,12,53,13
R0_STANDARDIZED__GMM_DIAG__K2,796,0.3401411623366872,0.6173584905660378,0.48,25,40,13
R0_STANDARDIZED__GMM_DIAG__K2,797,0.2778740612362796,0.5879120879120879,0.4642857142857143,28,37,13
R0_STANDARDIZED__GMM_DIAG__K2,798,0.2778740612362796,0.5879120879120879,0.4642857142857143,28,37,13
R0_STANDARDIZED__GMM_DIAG__K2,799,0.16113551626121303,0.49968652037617556,0.3448275862068966,29,36,13
R0_STANDARDIZED__GMM_DIAG__K2,800,0.3019478077761901,0.5903703703703703,0.44,25,40,13
R0_STANDARDIZED__GMM_DIAG__K2,801,0.9187261893132753,0.9410714285714286,0.9,9,56,13
R0_STANDARDIZED__GMM_DIAG__K2,802,0.7994276471320144,0.8716981132075472,0.8,15,50,13
R0_STANDARDIZED__GMM_DIAG__K2,803,1.0,1.0,1.0,12,53,13
R0_STANDARDIZED__GMM_DIAG__K2,804,0.18085534253921437,0.5059523809523809,0.3333333333333333,27,38,13
R0_STANDARDIZED__GMM_DIAG__K2,805,0.20514319111630624,0.5212912087912087,0.34615384615384615,26,39,13
R0_STANDARDIZED__GMM_DIAG__K2,806,0.18787798232205755,0.5229885057471264,0.3793103448275862,29,36,13
R0_STANDARDIZED__GMM_DIAG__K2,807,0.2140883261592716,0.5390211640211641,0.39285714285714285,28,37,13
R0_STANDARDIZED__GMM_DIAG__K2,808,1.0,1.0,1.0,12,53,13
R0_STANDARDIZED__GMM_DIAG__K2,809,0.3401411623366872,0.6173584905660378,0.48,25,40,13
R0_STANDARDIZED__GMM_DIAG__K2,810,0.24177667674704936,0.5555555555555556,0.4074074074074074,27,38,13
R0_STANDARDIZED__GMM_DIAG__K2,811,1.0,1.0,1.0,9,56,13
R0_STANDARDIZED__GMM_DIAG__K2,812,0.2371685721235709,0.5468531468531469,0.38461538461538464,26,39,13
R0_STANDARDIZED__GMM_DIAG__K2,813,0.02676363099413046,0.4025252525252525,0.2777777777777778,29,36,13
R0_STANDARDIZED__GMM_DIAG__K2,814,0.2371685721235709,0.5468531468531469,0.38461538461538464,26,39,13
R0_STANDARDIZED__GMM_DIAG__K2,815,-0.056329087138685514,0.33161068044788977,0.2558139534883721,22,43,13
R0_STANDARDIZED__GMM_DIAG__K2,816,1.0,1.0,1.0,11,54,13
R0_STANDARDIZED__GMM_DIAG__K2,817,1.0,1.0,1.0,11,54,13
R0_STANDARDIZED__GMM_DIAG__K2,818,0.9261606184048209,0.9490740740740741,0.9166666666666666,11,54,13
R0_STANDARDIZED__GMM_DIAG__K2,819,1.0,1.0,1.0,12,53,13
R0_STANDARDIZED__GMM_DIAG__K2,820,0.2655367231638418,0.5636363636363637,0.4,25,40,13
R0_STANDARDIZED__GMM_DIAG__K2,821,0.9187261893132753,0.9410714285714286,0.9,9,56,13
R0_STANDARDIZED__GMM_DIAG__K2,822,0.24883280173808534,0.5423340961098397,0.34782608695652173,23,42,13
R0_STANDARDIZED__GMM_DIAG__K2,823,1.0,1.0,1.0,10,55,13
R0_STANDARDIZED__GMM_DIAG__K2,824,0.9228790582346534,0.9454545454545454,0.9090909090909091,10,55,13
R0_STANDARDIZED__GMM_DIAG__K2,825,0.9287780992655241,0.9521044992743106,0.9230769230769231,12,53,13
R0_STANDARDIZED__GMM_DIAG__K2,826,0.3692136914502821,0.6280193236714976,0.4782608695652174,23,42,13
R0_STANDARDIZED__GMM_DIAG__K2,827,0.9287780992655241,0.9521044992743106,0.9230769230769231,12,53,13
R0_STANDARDIZED__GMM_DIAG__K2,828,0.9261606184048209,0.9490740740740741,0.9166666666666666,11,54,13
R0_STANDARDIZED__GMM_DIAG__K2,829,1.0,1.0,1.0,12,53,13
R0_STANDARDIZED__GMM_DIAG__K2,830,1.0,1.0,1.0,10,55,13
R0_STANDARDIZED__GMM_DIAG__K2,831,0.9228790582346534,0.9454545454545454,0.9090909090909091,10,55,13
R0_STANDARDIZED__GMM_DIAG__K2,832,0.9228790582346534,0.9454545454545454,0.9090909090909091,10,55,13
R0_STANDARDIZED__GMM_DIAG__K2,833,0.2710307625018224,0.5726495726495726,0.4230769230769231,26,39,13
R0_STANDARDIZED__GMM_DIAG__K2,834,1.0,1.0,1.0,14,51,13
R0_STANDARDIZED__GMM_DIAG__K2,835,1.0,1.0,1.0,13,52,13
R0_STANDARDIZED__GMM_DIAG__K2,836,0.04004489636177016,0.42129629629629634,0.3055555555555556,29,36,13
R0_STANDARDIZED__GMM_DIAG__K2,837,0.24177667674704936,0.5555555555555556,0.4074074074074074,27,38,13
R0_STANDARDIZED__GMM_DIAG__K2,838,0.05773161703773272,0.43492063492063493,0.3142857142857143,30,35,13
R0_STANDARDIZED__GMM_DIAG__K2,839,-0.02948427176807021,0.3759157509157509,0.30952380952380953,23,42,13
R0_STANDARDIZED__GMM_DIAG__K2,840,1.0,1.0,1.0,13,52,13
R0_STANDARDIZED__GMM_DIAG__K2,841,1.0,1.0,1.0,9,56,13
R0_STANDARDIZED__GMM_DIAG__K2,842,0.21655514689590996,0.5465191932335719,0.41379310344827586,29,36,13
R0_STANDARDIZED__GMM_DIAG__K2,843,1.0,1.0,1.0,12,53,13
R0_STANDARDIZED__GMM_DIAG__K2,844,0.9261606184048209,0.9490740740740741,0.9166666666666666,11,54,13
R0_STANDARDIZED__GMM_DIAG__K2,845,0.9261606184048209,0.9490740740740741,0.9166666666666666,11,54,13
R0_STANDARDIZED__GMM_DIAG__K2,846,1.0,1.0,1.0,11,54,13
R0_STANDARDIZED__GMM_DIAG__K2,847,0.2140883261592716,0.5390211640211641,0.39285714285714285,28,37,13
R0_STANDARDIZED__GMM_DIAG__K2,848,1.0,1.0,1.0,13,52,13
R0_STANDARDIZED__GMM_DIAG__K2,849,1.0,1.0,1.0,10,55,13
R0_STANDARDIZED__GMM_DIAG__K2,850,0.2750552073342107,0.5807127882599581,0.4444444444444444,27,38,13
R0_STANDARDIZED__GMM_DIAG__K2,851,0.02676363099413046,0.4025252525252525,0.2777777777777778,29,36,13
R0_STANDARDIZED__GMM_DIAG__K2,852,0.9228790582346534,0.9454545454545454,0.9090909090909091,10,55,13
R0_STANDARDIZED__GMM_DIAG__K2,853,1.0,1.0,1.0,12,53,13
R0_STANDARDIZED__GMM_DIAG__K2,854,0.24177667674704936,0.5555555555555556,0.4074074074074074,27,38,13
R0_STANDARDIZED__GMM_DIAG__K2,855,0.9261606184048209,0.9490740740740741,0.9166666666666666,11,54,13
R0_STANDARDIZED__GMM_DIAG__K2,856,0.9228790582346534,0.9454545454545454,0.9090909090909091,10,55,13
R0_STANDARDIZED__GMM_DIAG__K2,857,0.16306649724692926,0.5074074074074074,0.36666666666666664,30,35,13
R0_STANDARDIZED__GMM_DIAG__K2,858,0.9187261893132753,0.9410714285714286,0.9,9,56,13
R0_STANDARDIZED__GMM_DIAG__K2,859,0.2371685721235709,0.5468531468531469,0.38461538461538464,26,39,13
R0_STANDARDIZED__GMM_DIAG__K2,860,1.0,1.0,1.0,13,52,13
R0_STANDARDIZED__GMM_DIAG__K2,861,0.24883280173808534,0.5423340961098397,0.34782608695652173,23,42,13
R0_STANDARDIZED__GMM_DIAG__K2,862,0.9261606184048209,0.9490740740740741,0.9166666666666666,11,54,13
R0_STANDARDIZED__GMM_DIAG__K2,863,0.042797975149562816,0.41558441558441556,0.2857142857142857,30,35,13
R0_STANDARDIZED__GMM_DIAG__K2,864,0.18085534253921437,0.5059523809523809,0.3333333333333333,27,38,13
R0_STANDARDIZED__GMM_DIAG__K2,865,0.9228790582346534,0.9454545454545454,0.9090909090909091,10,55,13
R0_STANDARDIZED__GMM_DIAG__K2,866,-0.1101034864296097,0.3153846153846154,0.0,14,51,13
R0_STANDARDIZED__GMM_DIAG__K2,867,0.9261606184048209,0.9490740740740741,0.9166666666666666,11,54,13
R0_STANDARDIZED__GMM_DIAG__K2,868,1.0,1.0,1.0,11,54,13
R0_STANDARDIZED__GMM_DIAG__K2,869,-0.10742864343771659,0.3,0.0,15,50,13
R0_STANDARDIZED__GMM_DIAG__K2,870,0.3102115737609893,0.6061253561253561,0.48148148148148145,27,38,13
R0_STANDARDIZED__GMM_DIAG__K2,871,0.9187261893132753,0.9410714285714286,0.9,9,56,13
R0_STANDARDIZED__GMM_DIAG__K2,872,1.0,1.0,1.0,11,54,13
R0_STANDARDIZED__GMM_DIAG__K2,873,0.9287780992655241,0.9521044992743106,0.9230769230769231,12,53,13
R0_STANDARDIZED__GMM_DIAG__K2,874,0.3067288086221963,0.5986937590711175,0.46153846153846156,26,39,13
R0_STANDARDIZED__GMM_DIAG__K2,875,0.2309085421068518,0.5371428571428571,0.36,25,40,13
R0_STANDARDIZED__GMM_DIAG__K2,876,0.2371685721235709,0.5468531468531469,0.38461538461538464,26,39,13
R0_STANDARDIZED__GMM_DIAG__K2,877,1.0,1.0,1.0,10,55,13
R0_STANDARDIZED__GMM_DIAG__K2,878,-0.025292357900462335,0.37275655775425676,0.2926829268292683,24,41,13
R0_STANDARDIZED__GMM_DIAG__K2,879,0.2710307625018224,0.5726495726495726,0.4230769230769231,26,39,13
R0_STANDARDIZED__GMM_DIAG__K2,880,0.24502585223484794,0.5633423180592991,0.42857142857142855,28,37,13
R0_STANDARDIZED__GMM_DIAG__K2,881,0.3442622950819672,0.625,0.5,26,39,13
R0_STANDARDIZED__GMM_DIAG__K2,882,0.7933783662535089,0.8650793650793651,0.7857142857142857,14,51,13
R0_STANDARDIZED__GMM_DIAG__K2,883,1.0,1.0,1.0,11,54,13
R0_STANDARDIZED__GMM_DIAG__K2,884,1.0,1.0,1.0,14,51,13
R0_STANDARDIZED__GMM_DIAG__K2,885,0.09343555342597029,0.47417582417582416,0.37142857142857144,30,35,13
R0_STANDARDIZED__GMM_DIAG__K2,886,0.21801629132726402,0.5532051282051282,0.43333333333333335,30,35,13
R0_STANDARDIZED__GMM_DIAG__K2,887,0.9261606184048209,0.9490740740740741,0.9166666666666666,11,54,13
R0_STANDARDIZED__GMM_DIAG__K2,888,0.18506168722907637,0.5149350649350649,0.35714285714285715,28,37,13
R0_STANDARDIZED__GMM_DIAG__K2,889,0.9133982846198684,0.935672514619883,0.8888888888888888,8,57,13
R0_STANDARDIZED__GMM_DIAG__K2,890,0.24177667674704936,0.5555555555555556,0.4074074074074074,27,38,13
R0_STANDARDIZED__GMM_DIAG__K2,891,0.21801629132726402,0.5532051282051282,0.43333333333333335,30,35,13
R0_STANDARDIZED__GMM_DIAG__K2,892,-0.038314963145523837,0.35983827493261455,0.2857142857142857,23,42,13
R0_STANDARDIZED__GMM_DIAG__K2,893,0.9287780992655241,0.9521044992743106,0.9230769230769231,12,53,13
R0_STANDARDIZED__GMM_DIAG__K2,894,-0.07555241571490247,0.3074074074074074,0.24444444444444444,20,45,13
R0_STANDARDIZED__GMM_DIAG__K2,895,0.24177667674704936,0.5555555555555556,0.4074074074074074,27,38,13
R0_STANDARDIZED__GMM_DIAG__K2,896,0.2778740612362796,0.5879120879120879,0.4642857142857143,28,37,13
R0_STANDARDIZED__GMM_DIAG__K2,897,1.0,1.0,1.0,13,52,13
R0_STANDARDIZED__GMM_DIAG__K2,898,0.8517043139740166,0.8984848484848484,0.8333333333333334,12,53,13
R0_STANDARDIZED__GMM_DIAG__K2,899,0.15794622476506684,0.4910714285714286,0.32142857142857145,28,37,13
R0_STANDARDIZED__GMM_DIAG__K2,900,1.0,1.0,1.0,12,53,13
R0_STANDARDIZED__GMM_DIAG__K2,901,0.055257677139185536,0.44025157232704404,0.3333333333333333,29,36,13
R0_STANDARDIZED__GMM_DIAG__K2,902,0.9228790582346534,0.9454545454545454,0.9090909090909091,10,55,13
R0_STANDARDIZED__GMM_DIAG__K2,903,1.0,1.0,1.0,14,51,13
R0_STANDARDIZED__GMM_DIAG__K2,904,1.0,1.0,1.0,10,55,13
R0_STANDARDIZED__GMM_DIAG__K2,905,0.24177667674704936,0.5555555555555556,0.4074074074074074,27,38,13
R0_STANDARDIZED__GMM_DIAG__K2,906,0.20514319111630624,0.5212912087912087,0.34615384615384615,26,39,13
R0_STANDARDIZED__GMM_DIAG__K2,907,0.20514319111630624,0.5212912087912087,0.34615384615384615,26,39,13
R0_STANDARDIZED__GMM_DIAG__K2,908,0.9228790582346534,0.9454545454545454,0.9090909090909091,10,55,13
R0_STANDARDIZED__GMM_DIAG__K2,909,-0.11324810498925218,0.3153846153846154,0.0,13,52,13
R0_STANDARDIZED__GMM_DIAG__K2,910,1.0,1.0,1.0,12,53,13
R0_STANDARDIZED__GMM_DIAG__K2,911,-0.10638297872340426,0.2923076923076923,0.0,15,50,13
R0_STANDARDIZED__GMM_DIAG__K2,912,0.9261606184048209,0.9490740740740741,0.9166666666666666,11,54,13
R0_STANDARDIZED__GMM_DIAG__K2,913,1.0,1.0,1.0,12,53,13
R0_STANDARDIZED__GMM_DIAG__K2,914,-0.11339459508397084,0.33076923076923076,0.0,12,53,13
R0_STANDARDIZED__GMM_DIAG__K2,915,1.0,1.0,1.0,12,53,13
R0_STANDARDIZED__GMM_DIAG__K2,916,1.0,1.0,1.0,11,54,13
R0_STANDARDIZED__GMM_DIAG__K2,917,0.3401411623366872,0.6173584905660378,0.48,25,40,13
R0_STANDARDIZED__GMM_DIAG__K2,918,0.3067288086221963,0.5986937590711175,0.46153846153846156,26,39,13
R0_STANDARDIZED__GMM_DIAG__K2,919,0.2140883261592716,0.5390211640211641,0.39285714285714285,28,37,13
R0_STANDARDIZED__GMM_DIAG__K2,920,0.07461036807781585,0.4544474393530997,0.34285714285714286,30,35,13
R0_STANDARDIZED__GMM_DIAG__K2,921,1.0,1.0,1.0,11,54,13
R0_STANDARDIZED__GMM_DIAG__K2,922,-0.06054811982154239,0.31627906976744186,0.23255813953488372,22,43,13
R0_STANDARDIZED__GMM_DIAG__K2,923,0.2750552073342107,0.5807127882599581,0.4444444444444444,27,38,13
R0_STANDARDIZED__GMM_DIAG__K2,924,0.9187261893132753,0.9410714285714286,0.9,9,56,13
R0_STANDARDIZED__GMM_DIAG__K2,925,0.9261606184048209,0.9490740740740741,0.9166666666666666,11,54,13
R0_STANDARDIZED__GMM_DIAG__K2,926,1.0,1.0,1.0,12,53,13
R0_STANDARDIZED__GMM_DIAG__K2,927,0.2778740612362796,0.5879120879120879,0.4642857142857143,28,37,13
R0_STANDARDIZED__GMM_DIAG__K2,928,1.0,1.0,1.0,12,53,13
R0_STANDARDIZED__GMM_DIAG__K2,929,0.7933783662535089,0.8650793650793651,0.7857142857142857,14,51,13
R0_STANDARDIZED__GMM_DIAG__K2,930,1.0,1.0,1.0,8,57,13
R0_STANDARDIZED__GMM_DIAG__K2,931,1.0,1.0,1.0,11,54,13
R0_STANDARDIZED__GMM_DIAG__K2,932,0.16700749829584186,0.4848275862068966,0.28,25,40,13
R0_STANDARDIZED__GMM_DIAG__K2,933,0.2750552073342107,0.5807127882599581,0.4444444444444444,27,38,13
R0_STANDARDIZED__GMM_DIAG__K2,934,0.9228790582346534,0.9454545454545454,0.9090909090909091,10,55,13
R0_STANDARDIZED__GMM_DIAG__K2,935,0.8444710305930611,0.8912337662337663,0.8181818181818182,11,54,13
R0_STANDARDIZED__GMM_DIAG__K2,936,0.24502585223484794,0.5633423180592991,0.42857142857142855,28,37,13
R0_STANDARDIZED__GMM_DIAG__K2,937,1.0,1.0,1.0,11,54,13
R0_STANDARDIZED__GMM_DIAG__K2,938,0.2103764631445745,0.5306397306397306,0.37037037037037035,27,38,13
R0_STANDARDIZED__GMM_DIAG__K2,939,0.9228790582346534,0.9454545454545454,0.9090909090909091,10,55,13
R0_STANDARDIZED__GMM_DIAG__K2,940,0.3019478077761901,0.5903703703703703,0.44,25,40,13
R0_STANDARDIZED__GMM_DIAG__K2,941,0.7858376511226253,0.8573426573426574,0.7692307692307693,13,52,13
R0_STANDARDIZED__GMM_DIAG__K2,942,0.01639344262295082,0.41666666666666663,0.3333333333333333,26,39,13
R0_STANDARDIZED__GMM_DIAG__K2,943,-0.020681356696999324,0.36898148148148147,0.275,25,40,13
R0_STANDARDIZED__GMM_DIAG__K2,944,1.0,1.0,1.0,13,52,13
R0_STANDARDIZED__GMM_DIAG__K2,945,0.04004489636177016,0.42129629629629634,0.3055555555555556,29,36,13
R0_STANDARDIZED__GMM_DIAG__K2,946,0.2140883261592716,0.5390211640211641,0.39285714285714285,28,37,13
R0_STANDARDIZED__GMM_DIAG__K2,947,0.32745326879292863,0.5992094861660079,0.43478260869565216,23,42,13
R0_STANDARDIZED__GMM_DIAG__K2,948,1.0,1.0,1.0,10,55,13
R0_STANDARDIZED__GMM_DIAG__K2,949,1.0,1.0,1.0,12,53,13
R0_STANDARDIZED__GMM_DIAG__K2,950,0.2750552073342107,0.5807127882599581,0.4444444444444444,27,38,13
R0_STANDARDIZED__GMM_DIAG__K2,951,1.0,1.0,1.0,9,56,13
R0_STANDARDIZED__GMM_DIAG__K2,952,1.0,1.0,1.0,12,53,13
R0_STANDARDIZED__GMM_DIAG__K2,953,1.0,1.0,1.0,11,54,13
R0_STANDARDIZED__GMM_DIAG__K2,954,0.09343555342597029,0.47417582417582416,0.37142857142857144,30,35,13
R0_STANDARDIZED__GMM_DIAG__K2,955,1.0,1.0,1.0,13,52,13
R0_STANDARDIZED__GMM_DIAG__K2,956,0.18506168722907637,0.5149350649350649,0.35714285714285715,28,37,13
R0_STANDARDIZED__GMM_DIAG__K2,957,1.0,1.0,1.0,12,53,13
R0_STANDARDIZED__GMM_DIAG__K2,958,0.9261606184048209,0.9490740740740741,0.9166666666666666,11,54,13
R0_STANDARDIZED__GMM_DIAG__K2,959,0.3067288086221963,0.5986937590711175,0.46153846153846156,26,39,13
R0_STANDARDIZED__GMM_DIAG__K2,960,0.7933783662535089,0.8650793650793651,0.7857142857142857,14,51,13
R0_STANDARDIZED__GMM_DIAG__K2,961,0.9261606184048209,0.9490740740740741,0.9166666666666666,11,54,13
R0_STANDARDIZED__GMM_DIAG__K2,962,1.0,1.0,1.0,12,53,13
R0_STANDARDIZED__GMM_DIAG__K2,963,0.18956560185696916,0.530188679245283,0.4,30,35,13
R0_STANDARDIZED__GMM_DIAG__K2,964,1.0,1.0,1.0,11,54,13
R0_STANDARDIZED__GMM_DIAG__K2,965,0.9187261893132753,0.9410714285714286,0.9,9,56,13
R0_STANDARDIZED__GMM_DIAG__K2,966,-0.07555241571490247,0.3074074074074074,0.24444444444444444,20,45,13
R0_STANDARDIZED__GMM_DIAG__K2,967,1.0,1.0,1.0,11,54,13
R0_STANDARDIZED__GMM_DIAG__K2,968,1.0,1.0,1.0,12,53,13
R0_STANDARDIZED__GMM_DIAG__K2,969,1.0,1.0,1.0,11,54,13
R0_STANDARDIZED__GMM_DIAG__K2,970,1.0,1.0,1.0,11,54,13
R0_STANDARDIZED__GMM_DIAG__K2,971,0.16306649724692926,0.5074074074074074,0.36666666666666664,30,35,13
R0_STANDARDIZED__GMM_DIAG__K2,972,0.9133982846198684,0.935672514619883,0.8888888888888888,8,57,13
R0_STANDARDIZED__GMM_DIAG__K2,973,1.0,1.0,1.0,13,52,13
R0_STANDARDIZED__GMM_DIAG__K2,974,0.033909767172253885,0.43066801619433204,0.34210526315789475,27,38,13
R0_STANDARDIZED__GMM_DIAG__K2,975,0.9228790582346534,0.9454545454545454,0.9090909090909091,10,55,13
R0_STANDARDIZED__GMM_DIAG__K2,976,0.055257677139185536,0.44025157232704404,0.3333333333333333,29,36,13
R0_STANDARDIZED__GMM_DIAG__K2,977,1.0,1.0,1.0,12,53,13
R0_STANDARDIZED__GMM_DIAG__K2,978,0.9228790582346534,0.9454545454545454,0.9090909090909091,10,55,13
R0_STANDARDIZED__GMM_DIAG__K2,979,-0.11226252158894647,0.3230769230769231,0.0,13,52,13
R0_STANDARDIZED__GMM_DIAG__K2,980,0.21801629132726402,0.5532051282051282,0.43333333333333335,30,35,13
R0_STANDARDIZED__GMM_DIAG__K2,981,0.25826182216541904,0.5535714285714286,0.375,24,41,13
R0_STANDARDIZED__GMM_DIAG__K2,982,0.7858376511226253,0.8573426573426574,0.7692307692307693,13,52,13
R0_STANDARDIZED__GMM_DIAG__K2,983,0.01987464031585287,0.4126117179741807,0.3157894736842105,27,38,13
R0_STANDARDIZED__GMM_DIAG__K2,984,0.18085534253921437,0.5059523809523809,0.3333333333333333,27,38,13
R0_STANDARDIZED__GMM_DIAG__K2,985,1.0,1.0,1.0,13,52,13
R0_STANDARDIZED__GMM_DIAG__K2,986,1.0,1.0,1.0,10,55,13
R0_STANDARDIZED__GMM_DIAG__K2,987,1.0,1.0,1.0,11,54,13
R0_STANDARDIZED__GMM_DIAG__K2,988,0.7933783662535089,0.8650793650793651,0.7857142857142857,14,51,13
R0_STANDARDIZED__GMM_DIAG__K2,989,1.0,1.0,1.0,14,51,13
R0_STANDARDIZED__GMM_DIAG__K2,990,1.0,1.0,1.0,12,53,13
R0_STANDARDIZED__GMM_DIAG__K2,991,0.8574499377757665,0.9045584045584045,0.8461538461538461,13,52,13
R0_STANDARDIZED__GMM_DIAG__K2,992,0.24177667674704936,0.5555555555555556,0.4074074074074074,27,38,13
R0_STANDARDIZED__GMM_DIAG__K2,993,0.05980927181522518,0.42887700534759354,0.29411764705882354,31,34,13
R0_STANDARDIZED__GMM_DIAG__K2,994,0.8620480557871598,0.9097035040431267,0.8571428571428571,14,51,13
R0_STANDARDIZED__GMM_DIAG__K2,995,0.2371685721235709,0.5468531468531469,0.38461538461538464,26,39,13
R0_STANDARDIZED__GMM_DIAG__K2,996,0.9261606184048209,0.9490740740740741,0.9166666666666666,11,54,13
R0_STANDARDIZED__GMM_DIAG__K2,997,0.24177667674704936,0.5555555555555556,0.4074074074074074,27,38,13
R0_STANDARDIZED__GMM_DIAG__K2,998,0.3401411623366872,0.6173584905660378,0.48,25,40,13
R0_STANDARDIZED__GMM_DIAG__K2,999,0.32745326879292863,0.5992094861660079,0.43478260869565216,23,42,13
R0_STANDARDIZED__GMM_DIAG__K2,1000,0.2750552073342107,0.5807127882599581,0.4444444444444444,27,38,13
R0_STANDARDIZED__GMM_DIAG__K6,1,0.5945575296238655,0.6417710944026734,0.0,6,15,13
R0_STANDARDIZED__GMM_DIAG__K6,2,0.4590826094173629,0.4363344988344988,0.0,1,21,13
R0_STANDARDIZED__GMM_DIAG__K6,3,0.33126055535331717,0.5774863236830782,0.20689655172413793,5,16,13
R0_STANDARDIZED__GMM_DIAG__K6,4,0.47781174464333004,0.6147342995169082,0.0,6,17,13
R0_STANDARDIZED__GMM_DIAG__K6,5,0.38959740117531116,0.5706608005521049,0.23809523809523808,6,21,13
R0_STANDARDIZED__GMM_DIAG__K6,6,0.5440930485859883,0.46875,0.0,6,16,13
R0_STANDARDIZED__GMM_DIAG__K6,7,0.3367676266137041,0.5927871148459384,0.23529411764705882,7,17,13
R0_STANDARDIZED__GMM_DIAG__K6,8,0.3817254138863565,0.4645670995670996,0.14285714285714285,8,14,13
R0_STANDARDIZED__GMM_DIAG__K6,9,0.38803684452725995,0.5586774336774337,0.14285714285714285,6,18,13
R0_STANDARDIZED__GMM_DIAG__K6,10,0.35109267736944066,0.30011924803591467,0.0,4,23,13
R0_STANDARDIZED__GMM_DIAG__K6,11,0.5020675343229172,0.5909090909090909,0.0,7,17,13
R0_STANDARDIZED__GMM_DIAG__K6,12,0.27408815492455746,0.4863201412114455,0.16666666666666666,3,17,13
R0_STANDARDIZED__GMM_DIAG__K6,13,0.5343774141442517,0.7062340491752256,0.35714285714285715,5,17,13
R0_STANDARDIZED__GMM_DIAG__K6,14,0.37356168627648767,0.34672105672105674,0.0,4,17,13
R0_STANDARDIZED__GMM_DIAG__K6,15,0.491785402404427,0.6166122004357298,0.2222222222222222,5,19,13
R0_STANDARDIZED__GMM_DIAG__K6,16,0.4667082294264339,0.449055330634278,0.07692307692307693,8,14,13
R0_STANDARDIZED__GMM_DIAG__K6,17,0.46989466376680616,0.578042328042328,0.0,6,17,13
R0_STANDARDIZED__GMM_DIAG__K6,18,0.48019550855499127,0.4734563681932103,0.0,8,14,13
R0_STANDARDIZED__GMM_DIAG__K6,19,0.3898094436551102,0.4532828282828283,0.0,9,12,13
R0_STANDARDIZED__GMM_DIAG__K6,20,0.2992459766665416,0.4287106655527708,0.0,5,18,13
R0_STANDARDIZED__GMM_DIAG__K6,21,0.5603395997574288,0.4370629370629371,0.0,3,21,13
R0_STANDARDIZED__GMM_DIAG__K6,22,0.4819446522064323,0.46526539908892844,0.16666666666666666,5,16,13
R0_STANDARDIZED__GMM_DIAG__K6,23,0.42513602451554316,0.4436274509803921,0.16666666666666666,7,15,13
R0_STANDARDIZED__GMM_DIAG__K6,24,0.5660188743270633,0.6685457516339869,0.3333333333333333,6,16,13
R0_STANDARDIZED__GMM_DIAG__K6,25,0.7053150735660271,0.5460188933873144,0.0,7,22,13
R0_STANDARDIZED__GMM_DIAG__K6,26,0.5545934497204529,0.527800269905533,0.0,8,14,13
R0_STANDARDIZED__GMM_DIAG__K6,27,0.41949813555095483,0.4448917748917749,0.0,4,20,13
R0_STANDARDIZED__GMM_DIAG__K6,28,0.5395732998015456,0.6253306878306878,0.2222222222222222,6,16,13
R0_STANDARDIZED__GMM_DIAG__K6,29,0.48086762401726746,0.4721051705706438,0.06666666666666667,8,16,13
R0_STANDARDIZED__GMM_DIAG__K6,30,0.4930044362111832,0.5531746031746032,0.0,6,16,13
R0_STANDARDIZED__GMM_DIAG__K6,31,0.2993857116160185,0.39902039720880295,0.0,9,14,13
R0_STANDARDIZED__GMM_DIAG__K6,32,0.4140601548898361,0.40760582010582014,0.0,9,15,13
R0_STANDARDIZED__GMM_DIAG__K6,33,0.45007240287909706,0.6079623878536922,0.23809523809523808,6,17,13
R0_STANDARDIZED__GMM_DIAG__K6,34,0.4020023450888428,0.48501776001776004,0.0,9,14,13
R0_STANDARDIZED__GMM_DIAG__K6,35,0.7347432670728973,0.7586498468851409,0.3076923076923077,5,16,13
R0_STANDARDIZED__GMM_DIAG__K6,36,0.5039439477991661,0.5310207336523126,0.0,3,18,13
R0_STANDARDIZED__GMM_DIAG__K6,37,0.60558227804639,0.5523950808393533,0.0,6,15,13
R0_STANDARDIZED__GMM_DIAG__K6,38,0.5505548857009277,0.5961399711399711,0.0,6,15,13
R0_STANDARDIZED__GMM_DIAG__K6,39,0.4422247877361937,0.5778985507246377,0.21739130434782608,6,18,13
R0_STANDARDIZED__GMM_DIAG__K6,40,0.46705343596799215,0.46239316239316236,0.0,7,14,13
R0_STANDARDIZED__GMM_DIAG__K6,41,0.5228217007921088,0.7113708183502233,0.35714285714285715,5,18,13
R0_STANDARDIZED__GMM_DIAG__K6,42,0.429287715676154,0.6948468198468198,0.23076923076923078,4,22,13
R0_STANDARDIZED__GMM_DIAG__K6,43,0.4592198720408467,0.45142328861369113,0.0,5,15,13
R0_STANDARDIZED__GMM_DIAG__K6,44,0.4040930254941829,0.3930691352888149,0.0,3,18,13
R0_STANDARDIZED__GMM_DIAG__K6,45,0.6186012538803336,0.6937950937950937,0.18181818181818182,5,19,13
R0_STANDARDIZED__GMM_DIAG__K6,46,0.45881226053639845,0.47870582252733285,0.0,9,16,13
R0_STANDARDIZED__GMM_DIAG__K6,47,0.5429293879486157,0.6201288244766506,0.0,5,17,13
R0_STANDARDIZED__GMM_DIAG__K6,48,0.4762092017302399,0.6461111111111111,0.26666666666666666,6,20,13
R0_STANDARDIZED__GMM_DIAG__K6,49,0.44739724537594483,0.5925,0.0,7,18,13
R0_STANDARDIZED__GMM_DIAG__K6,50,0.4584001425262783,0.6041666666666666,0.0,6,18,13
R0_STANDARDIZED__GMM_DIAG__K6,51,0.4523654586932944,0.6084090909090909,0.0,6,17,13
R0_STANDARDIZED__GMM_DIAG__K6,52,0.6070912766112515,0.5525746183640922,0.0,7,16,13
R0_STANDARDIZED__GMM_DIAG__K6,53,0.5810198611132883,0.7165704665704666,0.47619047619047616,5,15,13
R0_STANDARDIZED__GMM_DIAG__K6,54,0.5668772124661623,0.5633874981701069,0.0,4,18,13
R0_STANDARDIZED__GMM_DIAG__K6,55,0.4040380142384401,0.6268115942028986,0.2608695652173913,6,18,13
R0_STANDARDIZED__GMM_DIAG__K6,56,0.5426251691474966,0.6064912280701754,0.0,6,18,13
R0_STANDARDIZED__GMM_DIAG__K6,57,0.35937541151029034,0.45175438596491224,0.0,5,17,13
R0_STANDARDIZED__GMM_DIAG__K6,58,0.46254826254826253,0.6452991452991453,0.0,6,20,13
R0_STANDARDIZED__GMM_DIAG__K6,59,0.4512107941907821,0.5095899470899471,0.0,4,20,13
R0_STANDARDIZED__GMM_DIAG__K6,60,0.45911957077459203,0.6034621578099839,0.0,5,17,13
R0_STANDARDIZED__GMM_DIAG__K6,61,0.42212297512266894,0.39153439153439146,0.0,3,18,13
R0_STANDARDIZED__GMM_DIAG__K6,62,0.5105084704455932,0.5710075584217461,0.2727272727272727,7,16,13
R0_STANDARDIZED__GMM_DIAG__K6,63,0.5073781017632086,0.5015151515151515,0.0,9,14,13
R0_STANDARDIZED__GMM_DIAG__K6,64,0.3614495000037622,0.43966861598440543,0.0,7,15,13
R0_STANDARDIZED__GMM_DIAG__K6,65,0.37444435464317466,0.5167874396135266,0.13333333333333333,6,15,13
R0_STANDARDIZED__GMM_DIAG__K6,66,0.4871889107358337,0.49982911825017085,0.0,8,15,13
R0_STANDARDIZED__GMM_DIAG__K6,67,0.3625901845606684,0.41836553945249605,0.0,6,15,13
R0_STANDARDIZED__GMM_DIAG__K6,68,0.44984734119891817,0.4840899840899841,0.0,8,13,13
R0_STANDARDIZED__GMM_DIAG__K6,69,0.35045163909469196,0.43058608058608056,0.0,9,13,13
R0_STANDARDIZED__GMM_DIAG__K6,70,0.44151784332538924,0.43963443963443966,0.0,8,14,13
R0_STANDARDIZED__GMM_DIAG__K6,71,0.49445551329268045,0.5761904761904763,0.25,8,13,13
R0_STANDARDIZED__GMM_DIAG__K6,72,0.44379197992669794,0.42851446798815224,0.0,9,15,13
R0_STANDARDIZED__GMM_DIAG__K6,73,0.5747941306359517,0.6237753474595579,0.2727272727272727,7,14,13
R0_STANDARDIZED__GMM_DIAG__K6,74,0.39800208323597996,0.43876262626262624,0.0,5,19,13
R0_STANDARDIZED__GMM_DIAG__K6,75,0.4980974761121037,0.625079365079365,0.0,6,20,13
R0_STANDARDIZED__GMM_DIAG__K6,76,0.5136675410795555,0.5888998682476944,0.0,7,16,13
R0_STANDARDIZED__GMM_DIAG__K6,77,0.49682356004727296,0.619047619047619,0.0,6,16,13
R0_STANDARDIZED__GMM_DIAG__K6,78,0.34919624956481027,0.3674812030075188,0.0,3,18,13
R0_STANDARDIZED__GMM_DIAG__K6,79,0.373318044602532,0.5551282051282052,0.23076923076923078,6,21,13
R0_STANDARDIZED__GMM_DIAG__K6,80,0.6401679528981258,0.6166805903648008,0.0,6,15,13
R0_STANDARDIZED__GMM_DIAG__K6,81,0.35083572135752267,0.4898033126293995,0.21739130434782608,8,21,13
R0_STANDARDIZED__GMM_DIAG__K6,82,0.3512094039166392,0.40494227994227994,0.125,9,12,13
R0_STANDARDIZED__GMM_DIAG__K6,83,0.549903705360041,0.6527777777777778,0.0,4,18,13
R0_STANDARDIZED__GMM_DIAG__K6,84,0.5185148522390673,0.4695767195767196,0.0,5,15,13
R0_STANDARDIZED__GMM_DIAG__K6,85,0.47729256327685315,0.6190476190476191,0.0,5,17,13
R0_STANDARDIZED__GMM_DIAG__K6,86,0.3436301355814001,0.4321348940914158,0.0,8,15,13
R0_STANDARDIZED__GMM_DIAG__K6,87,0.4489456244560155,0.5092389092389092,0.15384615384615385,9,13,13
R0_STANDARDIZED__GMM_DIAG__K6,88,0.3585418270559805,0.4124932523616734,0.0,7,18,13
R0_STANDARDIZED__GMM_DIAG__K6,89,0.5380636891409493,0.5561315496098104,0.0,5,20,13
R0_STANDARDIZED__GMM_DIAG__K6,90,0.48046253492188773,0.4473684210526316,0.0,6,14,13
R0_STANDARDIZED__GMM_DIAG__K6,91,0.5359057437407952,0.6391476880607315,0.0,4,17,13
R0_STANDARDIZED__GMM_DIAG__K6,92,0.5800355354546923,0.5273524720893142,0.0,4,14,13
R0_STANDARDIZED__GMM_DIAG__K6,93,0.43747648313056564,0.47365762892078683,0.2,7,15,13
R0_STANDARDIZED__GMM_DIAG__K6,94,0.45094419136681985,0.5866137566137567,0.19047619047619047,7,17,13
R0_STANDARDIZED__GMM_DIAG__K6,95,0.39139425199228645,0.5846825396825397,0.0,5,19,13
R0_STANDARDIZED__GMM_DIAG__K6,96,0.3789113530326594,0.5507876382876383,0.14285714285714285,6,26,13
R0_STANDARDIZED__GMM_DIAG__K6,97,0.4177094706195235,0.6014294996751137,0.06666666666666667,5,23,13
R0_STANDARDIZED__GMM_DIAG__K6,98,0.5319647370692312,0.5948412698412698,0.0,6,14,13
R0_STANDARDIZED__GMM_DIAG__K6,99,0.5487122060470325,0.48504273504273493,0.0,4,21,13
R0_STANDARDIZED__GMM_DIAG__K6,100,0.32777658847171104,0.5843435425144571,0.21739130434782608,5,24,13
R0_STANDARDIZED__GMM_DIAG__K6,101,0.4137417570729632,0.4998015873015873,0.0,4,15,13
R0_STANDARDIZED__GMM_DIAG__K6,102,0.44822286263208455,0.5041890713246212,0.0,3,17,13
R0_STANDARDIZED__GMM_DIAG__K6,103,0.5482738582322316,0.6312134502923976,0.0,5,18,13
R0_STANDARDIZED__GMM_DIAG__K6,104,0.4387591941157659,0.5161904761904762,0.16666666666666666,6,15,13
R0_STANDARDIZED__GMM_DIAG__K6,105,0.5590866709112471,0.6058352402745996,0.0,6,19,13
R0_STANDARDIZED__GMM_DIAG__K6,106,0.34449861049749164,0.605377492877493,0.20833333333333334,5,18,13
R0_STANDARDIZED__GMM_DIAG__K6,107,0.4117790543095142,0.4274012791175262,0.0,7,17,13
R0_STANDARDIZED__GMM_DIAG__K6,108,0.5000420054327026,0.47222222222222227,0.15,8,15,13
R0_STANDARDIZED__GMM_DIAG__K6,109,0.4427953837247971,0.4444444444444444,0.0,7,14,13
R0_STANDARDIZED__GMM_DIAG__K6,110,0.3946758596348922,0.6256702234963104,0.21739130434782608,6,20,13
R0_STANDARDIZED__GMM_DIAG__K6,111,0.45519312705175663,0.6562049062049062,0.23809523809523808,4,17,13
R0_STANDARDIZED__GMM_DIAG__K6,112,0.45996649916247906,0.5018518518518519,0.0,7,15,13
R0_STANDARDIZED__GMM_DIAG__K6,113,0.5339412360688957,0.6009768740031898,0.0,7,19,13
R0_STANDARDIZED__GMM_DIAG__K6,114,0.3762728623637247,0.3490740740740741,0.0,2,23,13
R0_STANDARDIZED__GMM_DIAG__K6,115,0.5745020556420388,0.6511111111111111,0.0,6,20,13
R0_STANDARDIZED__GMM_DIAG__K6,116,0.3802903905382686,0.5650953984287318,0.0,5,19,13
R0_STANDARDIZED__GMM_DIAG__K6,117,0.5461642616735657,0.5348347068295918,0.0,5,18,13
R0_STANDARDIZED__GMM_DIAG__K6,118,0.5093407739809852,0.5709364608821131,0.13043478260869565,7,16,13
R0_STANDARDIZED__GMM_DIAG__K6,119,0.4183191690273843,0.4556697931697932,0.125,5,20,13
R0_STANDARDIZED__GMM_DIAG__K6,120,0.4488332422450771,0.6141377149770979,0.14285714285714285,3,24,13
R0_STANDARDIZED__GMM_DIAG__K6,121,0.3859760288524473,0.6454160740142749,0.2608695652173913,5,21,13
R0_STANDARDIZED__GMM_DIAG__K6,122,0.30128302344626773,0.34828773565615667,0.0,6,15,13
R0_STANDARDIZED__GMM_DIAG__K6,123,0.4698938833909622,0.47828282828282825,0.0,8,16,13
R0_STANDARDIZED__GMM_DIAG__K6,124,0.349117153585981,0.5758171552182442,0.20689655172413793,4,27,13
R0_STANDARDIZED__GMM_DIAG__K6,125,0.29818051232942305,0.5776455142873907,0.21739130434782608,6,18,13
R0_STANDARDIZED__GMM_DIAG__K6,126,0.33233779464921215,0.4381481481481482,0.0,9,16,13
R0_STANDARDIZED__GMM_DIAG__K6,127,0.43556187766714083,0.4874721293199555,0.0,7,17,13
R0_STANDARDIZED__GMM_DIAG__K6,128,0.5377861912259466,0.5884081196581197,0.0,6,18,13
R0_STANDARDIZED__GMM_DIAG__K6,129,0.39532042849088517,0.5873478373478374,0.0,5,17,13
R0_STANDARDIZED__GMM_DIAG__K6,130,0.4463580153822953,0.5839682539682539,0.0,6,17,13
R0_STANDARDIZED__GMM_DIAG__K6,131,0.33983372677819973,0.4601280362149927,0.16666666666666666,9,13,13
R0_STANDARDIZED__GMM_DIAG__K6,132,0.32850332219677914,0.6177290818876277,0.2608695652173913,5,18,13
R0_STANDARDIZED__GMM_DIAG__K6,133,0.5157279287328457,0.644108005521049,0.0,6,19,13
R0_STANDARDIZED__GMM_DIAG__K6,134,0.5997362558202357,0.6649413388543823,0.0,5,19,13
R0_STANDARDIZED__GMM_DIAG__K6,135,0.6107457513729847,0.5805555555555556,0.1,5,20,13
R0_STANDARDIZED__GMM_DIAG__K6,136,0.3830985412962423,0.5888888888888889,0.26666666666666666,6,21,13
R0_STANDARDIZED__GMM_DIAG__K6,137,0.5387177106818148,0.5580808080808081,0.0,7,18,13
R0_STANDARDIZED__GMM_DIAG__K6,138,0.5083730974244534,0.5549052396878483,0.0,7,16,13
R0_STANDARDIZED__GMM_DIAG__K6,139,0.4531659605753991,0.6203703703703703,0.0,5,18,13
R0_STANDARDIZED__GMM_DIAG__K6,140,0.3401314298663041,0.39261904761904765,0.0,2,16,13
R0_STANDARDIZED__GMM_DIAG__K6,141,0.5415492722877729,0.616600790513834,0.0,5,18,13
R0_STANDARDIZED__GMM_DIAG__K6,142,0.3192104274442935,0.5580024813895782,0.25,6,21,13
R0_STANDARDIZED__GMM_DIAG__K6,143,0.5289354366082611,0.5064009661835749,0.0,8,15,13
R0_STANDARDIZED__GMM_DIAG__K6,144,0.5284330677242663,0.497287905754725,0.0,6,16,13
R0_STANDARDIZED__GMM_DIAG__K6,145,0.40798407867010067,0.36527777777777776,0.0,3,17,13
R0_STANDARDIZED__GMM_DIAG__K6,146,0.3337612722208993,0.5888169579425974,0.17647058823529413,4,30,13
R0_STANDARDIZED__GMM_DIAG__K6,147,0.5062441614631987,0.6281613123718387,0.21052631578947367,6,17,13
R0_STANDARDIZED__GMM_DIAG__K6,148,0.618980718922585,0.655050505050505,0.36363636363636365,7,17,13
R0_STANDARDIZED__GMM_DIAG__K6,149,0.3363849220579239,0.6464646464646465,0.2727272727272727,5,29,13
R0_STANDARDIZED__GMM_DIAG__K6,150,0.48497070064421477,0.39510489510489505,0.0,4,16,13
R0_STANDARDIZED__GMM_DIAG__K6,151,0.5002362665086217,0.5140906565055172,0.16666666666666666,8,13,13
R0_STANDARDIZED__GMM_DIAG__K6,152,0.665821098138521,0.7662037037037037,0.5,5,19,13
R0_STANDARDIZED__GMM_DIAG__K6,153,0.5260134056814555,0.6302308802308803,0.0,6,15,13
R0_STANDARDIZED__GMM_DIAG__K6,154,0.46625451104231963,0.6012698412698413,0.0,6,18,13
R0_STANDARDIZED__GMM_DIAG__K6,155,0.4233468121323556,0.5334110334110335,0.23076923076923078,4,19,13
R0_STANDARDIZED__GMM_DIAG__K6,156,0.373440868027804,0.416423663482487,0.0,6,17,13
R0_STANDARDIZED__GMM_DIAG__K6,157,0.37254309041427275,0.6118491680085884,0.21739130434782608,5,22,13
R0_STANDARDIZED__GMM_DIAG__K6,158,0.3323175558592882,0.5888636363636364,0.24,6,23,13
R0_STANDARDIZED__GMM_DIAG__K6,159,0.42655267221573573,0.6074879227053139,0.0,6,17,13
R0_STANDARDIZED__GMM_DIAG__K6,160,0.5062367201347527,0.721318447634237,0.3157894736842105,5,27,13
R0_STANDARDIZED__GMM_DIAG__K6,161,0.40204415423275286,0.45426065162907264,0.0,7,15,13
R0_STANDARDIZED__GMM_DIAG__K6,162,0.4881615500683937,0.5943181818181819,0.0,6,22,13
R0_STANDARDIZED__GMM_DIAG__K6,163,0.5885560664151405,0.643560606060606,0.0,6,17,13
R0_STANDARDIZED__GMM_DIAG__K6,164,0.5084837684977144,0.4802181478652067,0.2,6,15,13
R0_STANDARDIZED__GMM_DIAG__K6,165,0.5126676602086438,0.6534722222222222,0.13333333333333333,3,22,13
R0_STANDARDIZED__GMM_DIAG__K6,166,0.3533971582463599,0.4172979797979797,0.0,10,12,13
R0_STANDARDIZED__GMM_DIAG__K6,167,0.421847351657426,0.687389770723104,0.2857142857142857,5,19,13
R0_STANDARDIZED__GMM_DIAG__K6,168,0.3818601399967352,0.5977398205659076,0.21739130434782608,5,20,13
R0_STANDARDIZED__GMM_DIAG__K6,169,0.46048257166021667,0.7039359108324624,0.3333333333333333,5,22,13
R0_STANDARDIZED__GMM_DIAG__K6,170,0.6107679127023493,0.49011752136752135,0.0,5,16,13
R0_STANDARDIZED__GMM_DIAG__K6,171,0.4427836463819294,0.4437556561085973,0.0,7,19,13
R0_STANDARDIZED__GMM_DIAG__K6,172,0.45242656449553004,0.4305555555555556,0.0,8,14,13
R0_STANDARDIZED__GMM_DIAG__K6,173,0.49080732053349535,0.48125,0.0,6,14,13
R0_STANDARDIZED__GMM_DIAG__K6,174,0.26869519128842634,0.38990740740740737,0.1111111111111111,8,14,13
R0_STANDARDIZED__GMM_DIAG__K6,175,0.47148371872314776,0.4615384615384615,0.0,9,13,13
R0_STANDARDIZED__GMM_DIAG__K6,176,0.5940367302844797,0.4799922299922299,0.0,2,20,13
R0_STANDARDIZED__GMM_DIAG__K6,177,0.407163644711077,0.5033939014202172,0.25,8,16,13
R0_STANDARDIZED__GMM_DIAG__K6,178,0.334435261707989,0.559802214693519,0.20833333333333334,6,23,13
R0_STANDARDIZED__GMM_DIAG__K6,179,0.48635574757209854,0.6064052795031055,0.1875,5,17,13
R0_STANDARDIZED__GMM_DIAG__K6,180,0.43899753286034876,0.7328722002635045,0.2608695652173913,5,24,13
R0_STANDARDIZED__GMM_DIAG__K6,181,0.49548228467769206,0.5035353535353535,0.0,8,16,13
R0_STANDARDIZED__GMM_DIAG__K6,182,0.4868827100635966,0.5422788262462176,0.23076923076923078,8,13,13
R0_STANDARDIZED__GMM_DIAG__K6,183,0.328991214783399,0.3593301435406698,0.0,5,22,13
R0_STANDARDIZED__GMM_DIAG__K6,184,0.5076376816954544,0.541620215533259,0.0,5,18,13
R0_STANDARDIZED__GMM_DIAG__K6,185,0.3109570280289396,0.30470779220779226,0.0,5,15,13
R0_STANDARDIZED__GMM_DIAG__K6,186,0.5710271054301513,0.5050925925925925,0.0,6,17,13
R0_STANDARDIZED__GMM_DIAG__K6,187,0.44354243542435423,0.46031746031746024,0.0,8,14,13
R0_STANDARDIZED__GMM_DIAG__K6,188,0.44537374326096457,0.6034621578099838,0.0,5,17,13
R0_STANDARDIZED__GMM_DIAG__K6,189,0.4780120194600782,0.5142592592592593,0.0,5,20,13
R0_STANDARDIZED__GMM_DIAG__K6,190,0.40519281091837855,0.39892446734551995,0.0,8,16,13
R0_STANDARDIZED__GMM_DIAG__K6,191,0.3269925355164941,0.4046840958605665,0.1111111111111111,4,17,13
R0_STANDARDIZED__GMM_DIAG__K6,192,0.2945049954586739,0.36559343434343433,0.0,3,23,13
R0_STANDARDIZED__GMM_DIAG__K6,193,0.44894651539708263,0.4801136363636364,0.0,9,13,13
R0_STANDARDIZED__GMM_DIAG__K6,194,0.43256559278658724,0.6186868686868687,0.22727272727272727,7,21,13
R0_STANDARDIZED__GMM_DIAG__K6,195,0.3570722057368942,0.6101190476190476,0.125,5,19,13
R0_STANDARDIZED__GMM_DIAG__K6,196,0.4897941867514953,0.47601214574898787,0.0,8,14,13
R0_STANDARDIZED__GMM_DIAG__K6,197,0.291241062308478,0.43001443001443,0.0,8,14,13
R0_STANDARDIZED__GMM_DIAG__K6,198,0.5153622898318655,0.45258542626963677,0.0,7,14,13
R0_STANDARDIZED__GMM_DIAG__K6,199,0.5505741509894942,0.6259259259259259,0.25,6,18,13
R0_STANDARDIZED__GMM_DIAG__K6,200,0.4965013805363289,0.5623772362902798,0.0,6,19,13
R0_STANDARDIZED__GMM_DIAG__K6,201,0.5432406799445538,0.671829151240916,0.5,5,21,13
R0_STANDARDIZED__GMM_DIAG__K6,202,0.35987405806171924,0.3708417508417508,0.0,3,19,13
R0_STANDARDIZED__GMM_DIAG__K6,203,0.45757579260046927,0.4246825396825397,0.0,5,19,13
R0_STANDARDIZED__GMM_DIAG__K6,204,0.4534830999838185,0.4688644688644688,0.0,8,14,13
R0_STANDARDIZED__GMM_DIAG__K6,205,0.4212129644333269,0.4701118326118326,0.0,7,15,13
R0_STANDARDIZED__GMM_DIAG__K6,206,0.43232541665113156,0.5316287094547965,0.16666666666666666,6,17,13
R0_STANDARDIZED__GMM_DIAG__K6,207,0.4777510849233905,0.5283882783882784,0.0,6,17,13
R0_STANDARDIZED__GMM_DIAG__K6,208,0.46296182455277557,0.5914502164502163,0.22727272727272727,7,17,13
R0_STANDARDIZED__GMM_DIAG__K6,209,0.41485253656417437,0.5825925925925927,0.0,5,17,13
R0_STANDARDIZED__GMM_DIAG__K6,210,0.5006659851934455,0.47222222222222227,0.0,8,14,13
R0_STANDARDIZED__GMM_DIAG__K6,211,0.5572410386062798,0.6180880946327171,0.35714285714285715,6,15,13
R0_STANDARDIZED__GMM_DIAG__K6,212,0.49736919893585574,0.5942460317460317,0.0,6,16,13
R0_STANDARDIZED__GMM_DIAG__K6,213,0.698594406607738,0.6377823644077514,0.0,6,14,13
R0_STANDARDIZED__GMM_DIAG__K6,214,0.6533114256825076,0.6064814814814815,0.0,7,14,13
R0_STANDARDIZED__GMM_DIAG__K6,215,0.38856630621754545,0.4122140254863367,0.0,9,12,13
R0_STANDARDIZED__GMM_DIAG__K6,216,0.3833408374606033,0.6863110008271298,0.23076923076923078,5,25,13
R0_STANDARDIZED__GMM_DIAG__K6,217,0.5300705813155573,0.5201267056530214,0.0,6,13,13
R0_STANDARDIZED__GMM_DIAG__K6,218,0.48804447758384795,0.6014492753623188,0.0,6,17,13
R0_STANDARDIZED__GMM_DIAG__K6,219,0.35345162543711955,0.4023448773448774,0.0,8,15,13
R0_STANDARDIZED__GMM_DIAG__K6,220,0.4224783667158059,0.5897170462387854,0.19047619047619047,7,16,13
R0_STANDARDIZED__GMM_DIAG__K6,221,0.36273753427259026,0.44257227446882624,0.0,4,22,13
R0_STANDARDIZED__GMM_DIAG__K6,222,0.46131966148119535,0.5076633892423367,0.0,3,21,13
R0_STANDARDIZED__GMM_DIAG__K6,223,0.4639792868013995,0.5700914423740511,0.0,5,16,13
R0_STANDARDIZED__GMM_DIAG__K6,224,0.368413141023232,0.3333333333333333,0.0,5,16,13
R0_STANDARDIZED__GMM_DIAG__K6,225,0.3761451140712921,0.6803030303030303,0.22727272727272727,4,28,13
R0_STANDARDIZED__GMM_DIAG__K6,226,0.30548856949937303,0.5458517418590014,0.1111111111111111,5,18,13
R0_STANDARDIZED__GMM_DIAG__K6,227,0.4889351931102467,0.49901394901394897,0.16666666666666666,8,16,13
R0_STANDARDIZED__GMM_DIAG__K6,228,0.2964547826825396,0.41207331940090564,0.1111111111111111,6,19,13
R0_STANDARDIZED__GMM_DIAG__K6,229,0.32990535243928565,0.4348272017837235,0.0,9,15,13
R0_STANDARDIZED__GMM_DIAG__K6,230,0.47129484552649553,0.632814720090935,0.23529411764705882,6,16,13
R0_STANDARDIZED__GMM_DIAG__K6,231,0.4465303385853168,0.5649883449883449,0.0,5,20,13
R0_STANDARDIZED__GMM_DIAG__K6,232,0.32171924578340966,0.3242424242424242,0.0,4,23,13
R0_STANDARDIZED__GMM_DIAG__K6,233,0.42647594416338713,0.5113636363636364,0.0,6,19,13
R0_STANDARDIZED__GMM_DIAG__K6,234,0.5512525348011039,0.5199630576868428,0.0,5,15,13
R0_STANDARDIZED__GMM_DIAG__K6,235,0.5038055565201768,0.60351966873706,0.0,5,16,13
R0_STANDARDIZED__GMM_DIAG__K6,236,0.5286915693441503,0.6573342116820378,0.0,5,17,13
R0_STANDARDIZED__GMM_DIAG__K6,237,0.3422134917388984,0.4562117552334944,0.0,5,14,13
R0_STANDARDIZED__GMM_DIAG__K6,238,0.49788314599188094,0.6028295376121463,0.0,6,16,13
R0_STANDARDIZED__GMM_DIAG__K6,239,0.49778425094639034,0.45747863247863246,0.0,6,14,13
R0_STANDARDIZED__GMM_DIAG__K6,240,0.47139766613319606,0.4576719576719577,0.0,8,13,13
R0_STANDARDIZED__GMM_DIAG__K6,241,0.4213671808298708,0.6035714285714286,0.07142857142857142,5,23,13
R0_STANDARDIZED__GMM_DIAG__K6,242,0.41384472885512724,0.6874712643678161,0.28,5,21,13
R0_STANDARDIZED__GMM_DIAG__K6,243,0.4773282056724748,0.5632474166956926,0.1724137931034483,7,19,13
R0_STANDARDIZED__GMM_DIAG__K6,244,0.47247288538033344,0.6216787439613527,0.0,7,18,13
R0_STANDARDIZED__GMM_DIAG__K6,245,0.45446597697799795,0.5935990338164251,0.0,6,18,13
R0_STANDARDIZED__GMM_DIAG__K6,246,0.466822683970404,0.5942460317460317,0.0,5,20,13
R0_STANDARDIZED__GMM_DIAG__K6,247,0.5666220156016074,0.6401515151515151,0.0,6,15,13
R0_STANDARDIZED__GMM_DIAG__K6,248,0.4481241109530583,0.7042543244506779,0.17391304347826086,5,26,13
R0_STANDARDIZED__GMM_DIAG__K6,249,0.5184534063982784,0.7106620718462824,0.4666666666666667,4,18,13
R0_STANDARDIZED__GMM_DIAG__K6,250,0.5240318458816592,0.4869779343463554,0.0,9,15,13
R0_STANDARDIZED__GMM_DIAG__K6,251,0.7332461353388872,0.5884424742783876,0.0,3,17,13
R0_STANDARDIZED__GMM_DIAG__K6,252,0.5027333468313424,0.46272175536881427,0.2,6,14,13
R0_STANDARDIZED__GMM_DIAG__K6,253,0.30649670524650824,0.3850784398010785,0.0,3,21,13
R0_STANDARDIZED__GMM_DIAG__K6,254,0.46506720236147686,0.5597171347171347,0.0,5,22,13
R0_STANDARDIZED__GMM_DIAG__K6,255,0.5632854372490036,0.591060985797828,0.0,8,14,13
R0_STANDARDIZED__GMM_DIAG__K6,256,0.46377274178104055,0.6077898550724637,0.0,6,16,13
R0_STANDARDIZED__GMM_DIAG__K6,257,0.48874808826742405,0.48838383838383836,0.0,9,14,13
R0_STANDARDIZED__GMM_DIAG__K6,258,0.29271101848297043,0.3961111111111111,0.0,8,15,13
R0_STANDARDIZED__GMM_DIAG__K6,259,0.6727052172619388,0.7215510366826156,0.3,4,20,13
R0_STANDARDIZED__GMM_DIAG__K6,260,0.8214246737202369,0.5745614035087719,0.0,4,18,13
R0_STANDARDIZED__GMM_DIAG__K6,261,0.46606979346830807,0.6016414141414141,0.16666666666666666,7,15,13
R0_STANDARDIZED__GMM_DIAG__K6,262,0.5383773327435089,0.6616161616161615,0.16666666666666666,5,20,13
R0_STANDARDIZED__GMM_DIAG__K6,263,0.44553238874169643,0.459098228663446,0.0,3,16,13
R0_STANDARDIZED__GMM_DIAG__K6,264,0.32819722650231126,0.5029812008978676,0.18181818181818182,5,16,13
R0_STANDARDIZED__GMM_DIAG__K6,265,0.5121712269493335,0.5412724956203216,0.1,4,18,13
R0_STANDARDIZED__GMM_DIAG__K6,266,0.374735678762203,0.5606452726017943,0.14285714285714285,5,17,13
R0_STANDARDIZED__GMM_DIAG__K6,267,0.3730909090909091,0.5708333333333333,0.14285714285714285,4,24,13
R0_STANDARDIZED__GMM_DIAG__K6,268,0.3632096538569037,0.5657936507936507,0.19047619047619047,6,23,13
R0_STANDARDIZED__GMM_DIAG__K6,269,0.34706037137172413,0.43251633986928106,0.0,8,17,13
R0_STANDARDIZED__GMM_DIAG__K6,270,0.4968313662963669,0.6437118437118438,0.0,5,19,13
R0_STANDARDIZED__GMM_DIAG__K6,271,0.3964298890370917,0.5112670565302144,0.1111111111111111,5,17,13
R0_STANDARDIZED__GMM_DIAG__K6,272,0.408327246165084,0.5544934640522876,0.0,4,25,13
R0_STANDARDIZED__GMM_DIAG__K6,273,0.4437139920154909,0.46316914080071975,0.0,9,15,13
R0_STANDARDIZED__GMM_DIAG__K6,274,0.43600433226567326,0.43366320940691644,0.0,8,16,13
R0_STANDARDIZED__GMM_DIAG__K6,275,0.47819827733450454,0.5916149068322981,0.0,7,15,13
R0_STANDARDIZED__GMM_DIAG__K6,276,0.561869618696187,0.5727956254272043,0.09090909090909091,7,14,13
R0_STANDARDIZED__GMM_DIAG__K6,277,0.3464307504575961,0.3903276710294254,0.0,8,14,13
R0_STANDARDIZED__GMM_DIAG__K6,278,0.5211425195019077,0.48367269984917044,0.0,8,13,13
R0_STANDARDIZED__GMM_DIAG__K6,279,0.4521117145994717,0.44131701631701636,0.0,7,14,13
R0_STANDARDIZED__GMM_DIAG__K6,280,0.5721475061042153,0.5452140452140452,0.0,4,16,13
R0_STANDARDIZED__GMM_DIAG__K6,281,0.45517678673873,0.5843685300207039,0.0,6,16,13
R0_STANDARDIZED__GMM_DIAG__K6,282,0.5080685637804377,0.6456594934855805,0.21739130434782608,6,16,13
R0_STANDARDIZED__GMM_DIAG__K6,283,0.5020746887966805,0.62663906142167,0.0,6,17,13
R0_STANDARDIZED__GMM_DIAG__K6,284,0.575444619421084,0.6433276868059478,0.0,5,18,13
R0_STANDARDIZED__GMM_DIAG__K6,285,0.44559463446685593,0.45135882635882635,0.0,7,17,13
R0_STANDARDIZED__GMM_DIAG__K6,286,0.47598619985024176,0.6964285714285715,0.25,5,24,13
R0_STANDARDIZED__GMM_DIAG__K6,287,0.5063432457119659,0.5739500265816055,0.3333333333333333,9,13,13
R0_STANDARDIZED__GMM_DIAG__K6,288,0.49678644463920535,0.43524531024531027,0.0,7,15,13
R0_STANDARDIZED__GMM_DIAG__K6,289,0.4165339510641378,0.5904359328272372,0.2608695652173913,6,22,13
R0_STANDARDIZED__GMM_DIAG__K6,290,0.39586034145591176,0.5399947753396029,0.0,5,25,13
R0_STANDARDIZED__GMM_DIAG__K6,291,0.38455560951918405,0.5541958041958043,0.0,7,19,13
R0_STANDARDIZED__GMM_DIAG__K6,292,0.31945122444273405,0.5334595959595959,0.13636363636363635,6,20,13
R0_STANDARDIZED__GMM_DIAG__K6,293,0.5445230252973966,0.5992063492063492,0.0,6,15,13
R0_STANDARDIZED__GMM_DIAG__K6,294,0.4733066047689386,0.4549251473164517,0.0,4,13,13
R0_STANDARDIZED__GMM_DIAG__K6,295,0.3911498708010336,0.6383477633477633,0.22727272727272727,3,28,13
R0_STANDARDIZED__GMM_DIAG__K6,296,0.4053294760862868,0.7048593350383632,0.21739130434782608,5,29,13
R0_STANDARDIZED__GMM_DIAG__K6,297,0.3904761904761905,0.452244494635799,0.0,9,13,13
R0_STANDARDIZED__GMM_DIAG__K6,298,0.5119519926633306,0.4647435897435897,0.0,7,14,13
R0_STANDARDIZED__GMM_DIAG__K6,299,0.4695321001088139,0.5120370370370371,0.0,5,18,13
R0_STANDARDIZED__GMM_DIAG__K6,300,0.5396510003737877,0.642929292929293,0.0,4,20,13
R0_STANDARDIZED__GMM_DIAG__K6,301,0.34547701665781494,0.6231608005521049,0.23809523809523808,5,24,13
R0_STANDARDIZED__GMM_DIAG__K6,302,0.49591743280848216,0.520339309812994,0.0,4,22,13
R0_STANDARDIZED__GMM_DIAG__K6,303,0.42401451302014437,0.5857971014492754,0.0,5,20,13
R0_STANDARDIZED__GMM_DIAG__K6,304,0.6100833224435442,0.6785619351408826,0.2631578947368421,6,16,13
R0_STANDARDIZED__GMM_DIAG__K6,305,0.44503478557250836,0.47632575757575757,0.0,8,14,13
R0_STANDARDIZED__GMM_DIAG__K6,306,0.36732386809986395,0.4243421052631579,0.0,8,14,13
R0_STANDARDIZED__GMM_DIAG__K6,307,0.5050530903053989,0.507936507936508,0.0,3,19,13
R0_STANDARDIZED__GMM_DIAG__K6,308,0.3977878166633405,0.45202020202020204,0.0,5,17,13
R0_STANDARDIZED__GMM_DIAG__K6,309,0.4190901195004343,0.4327020202020202,0.0,3,18,13
R0_STANDARDIZED__GMM_DIAG__K6,310,0.3361335078999283,0.29696969696969694,0.0,5,21,13
R0_STANDARDIZED__GMM_DIAG__K6,311,0.4570102589154861,0.5396464646464647,0.0,6,17,13
R0_STANDARDIZED__GMM_DIAG__K6,312,0.49218815596561366,0.4577832926970858,0.0,4,28,13
R0_STANDARDIZED__GMM_DIAG__K6,313,0.5070392642377078,0.5167694147957306,0.0,3,24,13
R0_STANDARDIZED__GMM_DIAG__K6,314,0.41124287022263406,0.4191849816849817,0.0,8,15,13
R0_STANDARDIZED__GMM_DIAG__K6,315,0.34739585847371723,0.45574333074333073,0.0,9,13,13
R0_STANDARDIZED__GMM_DIAG__K6,316,0.47314933012752985,0.5280501089324618,0.0,5,18,13
R0_STANDARDIZED__GMM_DIAG__K6,317,0.48009289876103645,0.48817155067155066,0.0,9,13,13
R0_STANDARDIZED__GMM_DIAG__K6,318,0.38814216211758884,0.4214285714285715,0.0,8,14,13
R0_STANDARDIZED__GMM_DIAG__K6,319,0.537954630256193,0.5873395610237715,0.0,7,15,13
R0_STANDARDIZED__GMM_DIAG__K6,320,0.5483816917534698,0.4703030303030303,0.0,5,20,13
R0_STANDARDIZED__GMM_DIAG__K6,321,0.42508252073383446,0.6119929453262786,0.0,6,19,13
R0_STANDARDIZED__GMM_DIAG__K6,322,0.5335099186310193,0.5530303030303031,0.3181818181818182,3,18,13
R0_STANDARDIZED__GMM_DIAG__K6,323,0.5231639588480625,0.6477272727272727,0.0,7,17,13
R0_STANDARDIZED__GMM_DIAG__K6,324,0.363294495520022,0.5465804679359666,0.11764705882352941,5,20,13
R0_STANDARDIZED__GMM_DIAG__K6,325,0.4817250048346548,0.5950000000000001,0.0,5,17,13
R0_STANDARDIZED__GMM_DIAG__K6,326,0.589637962449497,0.6583333333333333,0.25,5,17,13
R0_STANDARDIZED__GMM_DIAG__K6,327,0.3589451744985292,0.5445106793791004,0.20833333333333334,6,21,13
R0_STANDARDIZED__GMM_DIAG__K6,328,0.4885424296327299,0.5151515151515151,0.0,7,16,13
R0_STANDARDIZED__GMM_DIAG__K6,329,0.36747778704735456,0.5500440917107584,0.07142857142857142,6,21,13
R0_STANDARDIZED__GMM_DIAG__K6,330,0.4563705611151373,0.6011904761904762,0.0,6,16,13
R0_STANDARDIZED__GMM_DIAG__K6,331,0.674871236133122,0.5576719576719577,0.06666666666666667,3,15,13
R0_STANDARDIZED__GMM_DIAG__K6,332,0.4308496953636081,0.626010101010101,0.2727272727272727,6,20,13
R0_STANDARDIZED__GMM_DIAG__K6,333,0.588460395529222,0.5623993558776168,0.0,6,17,13
R0_STANDARDIZED__GMM_DIAG__K6,334,0.5484876507031002,0.7126050420168067,0.42857142857142855,3,20,13
R0_STANDARDIZED__GMM_DIAG__K6,335,0.3878922486555971,0.43119099491648516,0.0,5,18,13
R0_STANDARDIZED__GMM_DIAG__K6,336,0.46206648121835536,0.46507936507936504,0.1,5,14,13
R0_STANDARDIZED__GMM_DIAG__K6,337,0.47618294033866115,0.5363155363155364,0.0,6,16,13
R0_STANDARDIZED__GMM_DIAG__K6,338,0.4622242912450869,0.4531216931216931,0.0,5,19,13
R0_STANDARDIZED__GMM_DIAG__K6,339,0.6372438602094505,0.7182832080200501,0.14285714285714285,3,21,13
R0_STANDARDIZED__GMM_DIAG__K6,340,0.5295764170391432,0.5484848484848485,0.0,8,14,13
R0_STANDARDIZED__GMM_DIAG__K6,341,0.41869508451250925,0.6347222222222223,0.20833333333333334,5,24,13
R0_STANDARDIZED__GMM_DIAG__K6,342,0.4237996690581193,0.5941666666666666,0.0,5,15,13
R0_STANDARDIZED__GMM_DIAG__K6,343,0.39134761780979616,0.34894091415830547,0.0,5,17,13
R0_STANDARDIZED__GMM_DIAG__K6,344,0.2837384028686892,0.5758020050125313,0.21052631578947367,5,18,13
R0_STANDARDIZED__GMM_DIAG__K6,345,0.4571619174687887,0.5204804253717298,0.21428571428571427,6,16,13
R0_STANDARDIZED__GMM_DIAG__K6,346,0.4999160420705552,0.6028295376121463,0.0,6,17,13
R0_STANDARDIZED__GMM_DIAG__K6,347,0.476263877102132,0.7125946969696969,0.18181818181818182,5,28,13
R0_STANDARDIZED__GMM_DIAG__K6,348,0.3843383391167331,0.46194444444444444,0.0,6,19,13
R0_STANDARDIZED__GMM_DIAG__K6,349,0.5086489141503985,0.6169772256728778,0.0,5,16,13
R0_STANDARDIZED__GMM_DIAG__K6,350,0.5445591363958711,0.5768440709617181,0.2,4,17,13
R0_STANDARDIZED__GMM_DIAG__K6,351,0.46385232443070934,0.6094444444444445,0.24,4,25,13
R0_STANDARDIZED__GMM_DIAG__K6,352,0.34273373983739835,0.40545274170274165,0.0625,8,15,13
R0_STANDARDIZED__GMM_DIAG__K6,353,0.4042120256384169,0.4273989898989899,0.0,7,16,13
R0_STANDARDIZED__GMM_DIAG__K6,354,0.5512294394887188,0.582929292929293,0.09090909090909091,4,22,13
R0_STANDARDIZED__GMM_DIAG__K6,355,0.4711387080116377,0.49894179894179896,0.0,9,13,13
R0_STANDARDIZED__GMM_DIAG__K6,356,0.522198226680792,0.6338854382332643,0.0,6,19,13
R0_STANDARDIZED__GMM_DIAG__K6,357,0.4784577708315387,0.5150975814591375,0.0,5,19,13
R0_STANDARDIZED__GMM_DIAG__K6,358,0.4763637245995914,0.6266196741854637,0.3125,6,19,13
R0_STANDARDIZED__GMM_DIAG__K6,359,0.4521130127586482,0.4781565656565656,0.0,5,17,13
R0_STANDARDIZED__GMM_DIAG__K6,360,0.4042723098422839,0.43116959064327487,0.0,9,13,13
R0_STANDARDIZED__GMM_DIAG__K6,361,0.43609114170829777,0.41111111111111115,0.0,2,15,13
R0_STANDARDIZED__GMM_DIAG__K6,362,0.4458493023255814,0.42793880837359105,0.0,4,17,13
R0_STANDARDIZED__GMM_DIAG__K6,363,0.5167169583584792,0.4680754917597023,0.09090909090909091,7,14,13
R0_STANDARDIZED__GMM_DIAG__K6,364,0.5702958377611153,0.6273752012882448,0.0,7,17,13
R0_STANDARDIZED__GMM_DIAG__K6,365,0.4495114006514658,0.4689542483660131,0.0,8,14,13
R0_STANDARDIZED__GMM_DIAG__K6,366,0.5079245283018868,0.6072463768115942,0.0,5,17,13
R0_STANDARDIZED__GMM_DIAG__K6,367,0.3760497210378548,0.5625,0.13333333333333333,6,15,13
R0_STANDARDIZED__GMM_DIAG__K6,368,0.590166950847021,0.5439814814814815,0.0,6,14,13
R0_STANDARDIZED__GMM_DIAG__K6,369,0.32957343712765114,0.404040404040404,0.0,9,13,13
R0_STANDARDIZED__GMM_DIAG__K6,370,0.5193023255813953,0.6482142857142857,0.20833333333333334,5,19,13
R0_STANDARDIZED__GMM_DIAG__K6,371,0.49833589912762993,0.6171428571428571,0.0,6,19,13
R0_STANDARDIZED__GMM_DIAG__K6,372,0.48335250441143746,0.5027213527213527,0.15384615384615385,9,13,13
R0_STANDARDIZED__GMM_DIAG__K6,373,0.4902150098406922,0.5942460317460317,0.0,5,17,13
R0_STANDARDIZED__GMM_DIAG__K6,374,0.28962170573945273,0.5202624733517182,0.21739130434782608,5,16,13
R0_STANDARDIZED__GMM_DIAG__K6,375,0.5463159050864658,0.6200757575757575,0.0,6,17,13
R0_STANDARDIZED__GMM_DIAG__K6,376,0.419118366040766,0.5817230273752013,0.0,4,17,13
R0_STANDARDIZED__GMM_DIAG__K6,377,0.3625235872479889,0.4563671622495152,0.0,9,16,13
R0_STANDARDIZED__GMM_DIAG__K6,378,0.4023047152607137,0.3354395604395604,0.0,3,24,13
R0_STANDARDIZED__GMM_DIAG__K6,379,0.4374496670660564,0.5760869565217391,0.0,6,15,13
R0_STANDARDIZED__GMM_DIAG__K6,380,0.5283593216127229,0.45546218487394957,0.0,7,13,13
R0_STANDARDIZED__GMM_DIAG__K6,381,0.4595628554668571,0.4870782726045884,0.15384615384615385,9,13,13
R0_STANDARDIZED__GMM_DIAG__K6,382,0.4427479320957251,0.46428571428571425,0.13333333333333333,7,14,13
R0_STANDARDIZED__GMM_DIAG__K6,383,0.6184502968488355,0.636034530771373,0.0,6,16,13
R0_STANDARDIZED__GMM_DIAG__K6,384,0.4338740751718556,0.45001017501017504,0.0,4,18,13
R0_STANDARDIZED__GMM_DIAG__K6,385,0.5991163251314086,0.5579124579124578,0.0,5,18,13
R0_STANDARDIZED__GMM_DIAG__K6,386,0.5020067067025772,0.4819023569023569,0.0,5,17,13
R0_STANDARDIZED__GMM_DIAG__K6,387,0.3601876894001108,0.6424291938997821,0.2222222222222222,4,29,13
R0_STANDARDIZED__GMM_DIAG__K6,388,0.527908672092831,0.5123737373737374,0.0,7,16,13
R0_STANDARDIZED__GMM_DIAG__K6,389,0.39534315185060975,0.4352453102453102,0.0,9,13,13
R0_STANDARDIZED__GMM_DIAG__K6,390,0.37004715702748114,0.6895032051282052,0.23076923076923078,5,26,13
R0_STANDARDIZED__GMM_DIAG__K6,391,0.44728056649250714,0.5946031746031747,0.0,6,19,13
R0_STANDARDIZED__GMM_DIAG__K6,392,0.4837142643359944,0.589004329004329,0.0,5,19,13
R0_STANDARDIZED__GMM_DIAG__K6,393,0.48598608679484995,0.5123093681917211,0.0,4,18,13
R0_STANDARDIZED__GMM_DIAG__K6,394,0.5192584766112766,0.6500878348704436,0.0,6,17,13
R0_STANDARDIZED__GMM_DIAG__K6,395,0.3702075075273544,0.37536075036075034,0.14285714285714285,5,16,13
R0_STANDARDIZED__GMM_DIAG__K6,396,0.4021780128725449,0.43458132045088566,0.0,3,16,13
R0_STANDARDIZED__GMM_DIAG__K6,397,0.42015288554905966,0.6777777777777777,0.3333333333333333,6,23,13
R0_STANDARDIZED__GMM_DIAG__K6,398,0.4249975181177405,0.47060439560439565,0.14285714285714285,9,13,13
R0_STANDARDIZED__GMM_DIAG__K6,399,0.3779868100141446,0.3398088023088022,0.0,4,17,13
R0_STANDARDIZED__GMM_DIAG__K6,400,0.4591146982034072,0.48286136536994667,0.0,8,15,13
R0_STANDARDIZED__GMM_DIAG__K6,401,0.5080239033215592,0.6157106782106782,0.0,7,16,13
R0_STANDARDIZED__GMM_DIAG__K6,402,0.3888653593994927,0.5660650623885918,0.22727272727272727,6,15,13
R0_STANDARDIZED__GMM_DIAG__K6,403,0.551465643514222,0.6641604010025063,0.2631578947368421,6,15,13
R0_STANDARDIZED__GMM_DIAG__K6,404,0.456841985751185,0.7239380309845077,0.2608695652173913,5,23,13
R0_STANDARDIZED__GMM_DIAG__K6,405,0.49592526336712384,0.49987347596043247,0.0,9,13,13
R0_STANDARDIZED__GMM_DIAG__K6,406,0.5114398358587706,0.6716269841269841,0.3333333333333333,6,20,13
R0_STANDARDIZED__GMM_DIAG__K6,407,0.4621887367037513,0.6042989417989418,0.2916666666666667,5,23,13
R0_STANDARDIZED__GMM_DIAG__K6,408,0.48316447079199987,0.4525058275058276,0.0,5,17,13
R0_STANDARDIZED__GMM_DIAG__K6,409,0.4825311963766678,0.522079772079772,0.0,4,22,13
R0_STANDARDIZED__GMM_DIAG__K6,410,0.4597211409158468,0.6083333333333333,0.0,5,22,13
R0_STANDARDIZED__GMM_DIAG__K6,411,0.4414181732801127,0.67971587799174,0.2857142857142857,6,24,13
R0_STANDARDIZED__GMM_DIAG__K6,412,0.5521711892611991,0.6489898989898989,0.0,6,17,13
R0_STANDARDIZED__GMM_DIAG__K6,413,0.3785633161371252,0.5807748538011696,0.20833333333333334,4,24,13
R0_STANDARDIZED__GMM_DIAG__K6,414,0.3220036947056413,0.5331615847920196,0.08695652173913043,6,19,13
R0_STANDARDIZED__GMM_DIAG__K6,415,0.5032654992901089,0.5797619047619048,0.0,6,18,13
R0_STANDARDIZED__GMM_DIAG__K6,416,0.3465886350764584,0.4028282828282828,0.0,7,14,13
R0_STANDARDIZED__GMM_DIAG__K6,417,0.42858549978761257,0.5914141414141415,0.2,4,16,13
R0_STANDARDIZED__GMM_DIAG__K6,418,0.4731056231678067,0.601213282247765,0.0,5,22,13
R0_STANDARDIZED__GMM_DIAG__K6,419,0.41091492776886035,0.4028582930756844,0.0,7,16,13
R0_STANDARDIZED__GMM_DIAG__K6,420,0.40689442808799176,0.440915809336862,0.0,8,13,13
R0_STANDARDIZED__GMM_DIAG__K6,421,0.48389278345350994,0.6507936507936508,0.23809523809523808,6,18,13
R0_STANDARDIZED__GMM_DIAG__K6,422,0.5215878020730992,0.5330769230769231,0.0,4,20,13
R0_STANDARDIZED__GMM_DIAG__K6,423,0.4549004295197189,0.6202198270612592,0.23529411764705882,7,17,13
R0_STANDARDIZED__GMM_DIAG__K6,424,0.6957629818413508,0.6437499999999999,0.0,5,16,13
R0_STANDARDIZED__GMM_DIAG__K6,425,0.33688650557499267,0.4182411156095367,0.0,8,15,13
R0_STANDARDIZED__GMM_DIAG__K6,426,0.408417035834905,0.6666666666666666,0.2916666666666667,5,25,13
R0_STANDARDIZED__GMM_DIAG__K6,427,0.4484123633142073,0.5992063492063492,0.0,6,18,13
R0_STANDARDIZED__GMM_DIAG__K6,428,0.4391831902929861,0.593495175848117,0.13333333333333333,6,24,13
R0_STANDARDIZED__GMM_DIAG__K6,429,0.3452923494618443,0.4213564213564213,0.0,8,14,13
R0_STANDARDIZED__GMM_DIAG__K6,430,0.48430726220047793,0.47875816993464054,0.0,9,13,13
R0_STANDARDIZED__GMM_DIAG__K6,431,0.3945862035509848,0.4217927064036904,0.0,6,16,13
R0_STANDARDIZED__GMM_DIAG__K6,432,0.38417795038055447,0.5931710412075069,0.1,4,26,13
R0_STANDARDIZED__GMM_DIAG__K6,433,0.5161428553938073,0.5335016835016836,0.0,6,17,13
R0_STANDARDIZED__GMM_DIAG__K6,434,0.4126933612884305,0.5551383399209486,0.0,6,16,13
R0_STANDARDIZED__GMM_DIAG__K6,435,0.4331314252687418,0.5105211817168339,0.0,7,18,13
R0_STANDARDIZED__GMM_DIAG__K6,436,0.4630777403931291,0.39384920634920634,0.0,3,24,13
R0_STANDARDIZED__GMM_DIAG__K6,437,0.5838037705990657,0.5406268568033273,0.0,7,14,13
R0_STANDARDIZED__GMM_DIAG__K6,438,0.44806113784319274,0.6472222222222223,0.25,5,20,13
R0_STANDARDIZED__GMM_DIAG__K6,439,0.39485609401299304,0.4044131794131794,0.0,3,17,13
R0_STANDARDIZED__GMM_DIAG__K6,440,0.40763778388543326,0.4193566095740009,0.0,8,15,13
R0_STANDARDIZED__GMM_DIAG__K6,441,0.45473213570528737,0.3870629857471963,0.0,4,18,13
R0_STANDARDIZED__GMM_DIAG__K6,442,0.5642505411335527,0.6854166666666667,0.1875,4,19,13
R0_STANDARDIZED__GMM_DIAG__K6,443,0.38772296230227943,0.4698653198653198,0.0,8,15,13
R0_STANDARDIZED__GMM_DIAG__K6,444,0.40565654949337937,0.6954545454545454,0.2727272727272727,4,24,13
R0_STANDARDIZED__GMM_DIAG__K6,445,0.3870774154830966,0.422381711855396,0.0,6,14,13
R0_STANDARDIZED__GMM_DIAG__K6,446,0.5869570122983189,0.7071428571428572,0.3333333333333333,5,19,13
R0_STANDARDIZED__GMM_DIAG__K6,447,0.4593769089798412,0.5910335497835498,0.1875,5,21,13
R0_STANDARDIZED__GMM_DIAG__K6,448,0.38015376648209376,0.3995192307692308,0.0,8,15,13
R0_STANDARDIZED__GMM_DIAG__K6,449,0.4938055621061637,0.5269728581087608,0.0,4,24,13
R0_STANDARDIZED__GMM_DIAG__K6,450,0.32642388791236043,0.36295648795648794,0.0,9,16,13
R0_STANDARDIZED__GMM_DIAG__K6,451,0.3447093905532032,0.2914918414918415,0.0,3,25,13
R0_STANDARDIZED__GMM_DIAG__K6,452,0.315761628932268,0.45747496898812695,0.0,3,27,13
R0_STANDARDIZED__GMM_DIAG__K6,453,0.348628492707964,0.398030303030303,0.0,6,17,13
R0_STANDARDIZED__GMM_DIAG__K6,454,0.5030365019497539,0.611111111111111,0.0,7,15,13
R0_STANDARDIZED__GMM_DIAG__K6,455,0.46556640908011276,0.481962481962482,0.0,9,15,13
R0_STANDARDIZED__GMM_DIAG__K6,456,0.3098125211896501,0.40255913709811764,0.0,8,15,13
R0_STANDARDIZED__GMM_DIAG__K6,457,0.43679043755850516,0.46438191438191434,0.0,7,15,13
R0_STANDARDIZED__GMM_DIAG__K6,458,0.5608375916192055,0.49750639224323434,0.07142857142857142,3,17,13
R0_STANDARDIZED__GMM_DIAG__K6,459,0.437147763829427,0.43333333333333335,0.14285714285714285,6,16,13
R0_STANDARDIZED__GMM_DIAG__K6,460,0.5099605524134591,0.512962962962963,0.0,6,17,13
R0_STANDARDIZED__GMM_DIAG__K6,461,0.42735724521562346,0.3893949617633828,0.0,3,23,13
R0_STANDARDIZED__GMM_DIAG__K6,462,0.45900986837590413,0.6173645320197044,0.0,4,25,13
R0_STANDARDIZED__GMM_DIAG__K6,463,0.45454492623920173,0.514520202020202,0.0,4,20,13
R0_STANDARDIZED__GMM_DIAG__K6,464,0.5763927729008098,0.5513888888888889,0.0,5,19,13
R0_STANDARDIZED__GMM_DIAG__K6,465,0.3084871691232054,0.3888383838383838,0.0,9,13,13
R0_STANDARDIZED__GMM_DIAG__K6,466,0.43293347873500543,0.4811869417132575,0.16666666666666666,7,13,13
R0_STANDARDIZED__GMM_DIAG__K6,467,0.3729374533483586,0.40552261747913926,0.0,8,13,13
R0_STANDARDIZED__GMM_DIAG__K6,468,0.3689732010806334,0.39108187134502925,0.0,5,16,13
R0_STANDARDIZED__GMM_DIAG__K6,469,0.3840743119809391,0.42854978354978357,0.12,7,14,13
R0_STANDARDIZED__GMM_DIAG__K6,470,0.47393712536988797,0.6234445908358951,0.2608695652173913,6,17,13
R0_STANDARDIZED__GMM_DIAG__K6,471,0.5521940363495622,0.4935185185185185,0.0,7,15,13
R0_STANDARDIZED__GMM_DIAG__K6,472,0.5195171141275585,0.5294813119755911,0.16666666666666666,2,18,13
R0_STANDARDIZED__GMM_DIAG__K6,473,0.3192627824019025,0.49813027977989616,0.21739130434782608,5,23,13
R0_STANDARDIZED__GMM_DIAG__K6,474,0.4326203108202663,0.5714285714285714,0.0,3,26,13
R0_STANDARDIZED__GMM_DIAG__K6,475,0.4535032816735657,0.40519480519480516,0.0,2,15,13
R0_STANDARDIZED__GMM_DIAG__K6,476,0.48931276951167396,0.6180555555555555,0.0,7,18,13
R0_STANDARDIZED__GMM_DIAG__K6,477,0.39634893408478317,0.3841973244147157,0.0,8,15,13
R0_STANDARDIZED__GMM_DIAG__K6,478,0.6200901959095546,0.6638888888888889,0.0,6,15,13
R0_STANDARDIZED__GMM_DIAG__K6,479,0.558287861554631,0.5211870255348515,0.0,5,17,13
R0_STANDARDIZED__GMM_DIAG__K6,480,0.5224391382126468,0.5266955266955267,0.0,5,18,13
R0_STANDARDIZED__GMM_DIAG__K6,481,0.3752754286193944,0.5760624152209609,0.0625,1,29,13
R0_STANDARDIZED__GMM_DIAG__K6,482,0.4162055837170966,0.6926353874883286,0.2857142857142857,6,18,13
R0_STANDARDIZED__GMM_DIAG__K6,483,0.5041693743812745,0.5361278690798142,0.0,8,16,13
R0_STANDARDIZED__GMM_DIAG__K6,484,0.43117680583898665,0.437923835542122,0.0,9,13,13
R0_STANDARDIZED__GMM_DIAG__K6,485,0.4554849511053613,0.5605590062111802,0.0,6,17,13
R0_STANDARDIZED__GMM_DIAG__K6,486,0.32273224747312174,0.5030020703933747,0.0,2,31,13
R0_STANDARDIZED__GMM_DIAG__K6,487,0.7521496399491,0.7935811751601225,0.5,4,20,13
R0_STANDARDIZED__GMM_DIAG__K6,488,0.47926688328583444,0.4296112384347679,0.0,1,17,13
R0_STANDARDIZED__GMM_DIAG__K6,489,0.4571206686143264,0.6098951081407221,0.13333333333333333,3,23,13
R0_STANDARDIZED__GMM_DIAG__K6,490,0.4063118096503017,0.5813519813519813,0.07692307692307693,5,23,13
R0_STANDARDIZED__GMM_DIAG__K6,491,0.48155683223710827,0.5381493506493507,0.0,5,19,13
R0_STANDARDIZED__GMM_DIAG__K6,492,0.8098100958378814,0.9305555555555557,0.75,6,24,13
R0_STANDARDIZED__GMM_DIAG__K6,493,0.38311324855598894,0.40092592592592596,0.0,5,20,13
R0_STANDARDIZED__GMM_DIAG__K6,494,0.5527916370421656,0.6437590187590188,0.0,7,18,13
R0_STANDARDIZED__GMM_DIAG__K6,495,0.45891011464334364,0.558076923076923,0.0,7,18,13
R0_STANDARDIZED__GMM_DIAG__K6,496,0.7393900378904072,0.752904989747095,0.09090909090909091,5,18,13
R0_STANDARDIZED__GMM_DIAG__K6,497,0.4899356288954736,0.4992690058479532,0.0,9,13,13
R0_STANDARDIZED__GMM_DIAG__K6,498,0.5034449413755591,0.6409391534391534,0.13333333333333333,5,21,13
R0_STANDARDIZED__GMM_DIAG__K6,499,0.43151792815630574,0.5662698412698413,0.0,6,21,13
R0_STANDARDIZED__GMM_DIAG__K6,500,0.34390521401388835,0.42383069828722003,0.0,9,14,13
R0_STANDARDIZED__GMM_DIAG__K6,501,0.4679277327516106,0.6181096681096682,0.0,5,19,13
R0_STANDARDIZED__GMM_DIAG__K6,502,0.426239871271766,0.6083959899749374,0.07142857142857142,6,22,13
R0_STANDARDIZED__GMM_DIAG__K6,503,0.3734583506868936,0.4543803418803419,0.0,9,12,13
R0_STANDARDIZED__GMM_DIAG__K6,504,0.6123778501628665,0.550595238095238,0.0,8,14,13
R0_STANDARDIZED__GMM_DIAG__K6,505,0.39105515145935,0.4515151515151515,0.0,7,18,13
R0_STANDARDIZED__GMM_DIAG__K6,506,0.42698216902973585,0.4646929824561403,0.0,7,14,13
R0_STANDARDIZED__GMM_DIAG__K6,507,0.4775022056661112,0.628968253968254,0.0,6,18,13
R0_STANDARDIZED__GMM_DIAG__K6,508,0.49351791310621607,0.5288742690058479,0.0,7,16,13
R0_STANDARDIZED__GMM_DIAG__K6,509,0.36921490629202214,0.4328814460393408,0.0,7,16,13
R0_STANDARDIZED__GMM_DIAG__K6,510,0.44132508182228025,0.5628571428571428,0.0,6,21,13
R0_STANDARDIZED__GMM_DIAG__K6,511,0.310905641056531,0.3770512820512821,0.0,8,15,13
R0_STANDARDIZED__GMM_DIAG__K6,512,0.4903946628084559,0.4287749287749288,0.0,3,15,13
R0_STANDARDIZED__GMM_DIAG__K6,513,0.5397535831028414,0.6423076923076924,0.0,6,22,13
R0_STANDARDIZED__GMM_DIAG__K6,514,0.42110040271531757,0.5836231884057971,0.0,5,17,13
R0_STANDARDIZED__GMM_DIAG__K6,515,0.4158705230554465,0.5372319688109162,0.0,4,24,13
R0_STANDARDIZED__GMM_DIAG__K6,516,0.47854625015193875,0.6150793650793651,0.0,7,19,13
R0_STANDARDIZED__GMM_DIAG__K6,517,0.4921053420019774,0.513888888888889,0.0,6,19,13
R0_STANDARDIZED__GMM_DIAG__K6,518,0.6052525817850561,0.625,0.0,6,18,13
R0_STANDARDIZED__GMM_DIAG__K6,519,0.582481176809223,0.5597643097643098,0.0,6,16,13
R0_STANDARDIZED__GMM_DIAG__K6,520,0.37585221689770376,0.591320816864295,0.22727272727272727,6,18,13
R0_STANDARDIZED__GMM_DIAG__K6,521,0.5475875783627787,0.6454968944099378,0.0,5,19,13
R0_STANDARDIZED__GMM_DIAG__K6,522,0.30577054664335135,0.40128205128205136,0.0,6,15,13
R0_STANDARDIZED__GMM_DIAG__K6,523,0.41153298959163864,0.599780701754386,0.0,4,26,13
R0_STANDARDIZED__GMM_DIAG__K6,524,0.6317899512811931,0.5744107744107744,0.0,5,18,13
R0_STANDARDIZED__GMM_DIAG__K6,525,0.4041234942929756,0.5730349531116795,0.17647058823529413,6,17,13
R0_STANDARDIZED__GMM_DIAG__K6,526,0.4666359340785986,0.6052380952380952,0.0,5,17,13
R0_STANDARDIZED__GMM_DIAG__K6,527,0.4322470765347242,0.5833333333333334,0.25,7,19,13
R0_STANDARDIZED__GMM_DIAG__K6,528,0.5315322444420434,0.6209521687462864,0.17647058823529413,5,17,13
R0_STANDARDIZED__GMM_DIAG__K6,529,0.49562326340702006,0.5398860398860399,0.0,6,21,13
R0_STANDARDIZED__GMM_DIAG__K6,530,0.5142241062458651,0.6126949317738791,0.0,7,17,13
R0_STANDARDIZED__GMM_DIAG__K6,531,0.2988800098731912,0.4102564102564102,0.0,7,14,13
R0_STANDARDIZED__GMM_DIAG__K6,532,0.601554287138196,0.6836321573163678,0.0,6,17,13
R0_STANDARDIZED__GMM_DIAG__K6,533,0.39371397254284585,0.5732137106050149,0.14285714285714285,6,18,13
R0_STANDARDIZED__GMM_DIAG__K6,534,0.46771223192538464,0.5833333333333334,0.0,6,16,13
R0_STANDARDIZED__GMM_DIAG__K6,535,0.43307165327027186,0.5926657883179622,0.0,5,16,13
R0_STANDARDIZED__GMM_DIAG__K6,536,0.514325040193391,0.5032993966817496,0.0,4,23,13
R0_STANDARDIZED__GMM_DIAG__K6,537,0.5248710538612411,0.5697280059122164,0.26666666666666666,8,15,13
R0_STANDARDIZED__GMM_DIAG__K6,538,0.593539518488681,0.565238854712539,0.0,7,20,13
R0_STANDARDIZED__GMM_DIAG__K6,539,0.39447424214019094,0.5775898078529657,0.2631578947368421,4,15,13
R0_STANDARDIZED__GMM_DIAG__K6,540,0.5458279178580713,0.6006518271964496,0.0,4,17,13
R0_STANDARDIZED__GMM_DIAG__K6,541,0.46404639562486855,0.586627140974967,0.0,5,18,13
R0_STANDARDIZED__GMM_DIAG__K6,542,0.4261836566883595,0.44207508738401186,0.0,7,17,13
R0_STANDARDIZED__GMM_DIAG__K6,543,0.3574641119788839,0.3897990897990898,0.1,4,19,13
R0_STANDARDIZED__GMM_DIAG__K6,544,0.5127080979284369,0.5681818181818182,0.0,7,18,13
R0_STANDARDIZED__GMM_DIAG__K6,545,0.36462396585931944,0.5069654882154883,0.1111111111111111,5,16,13
R0_STANDARDIZED__GMM_DIAG__K6,546,0.4594500944229803,0.5222794749110539,0.0,9,12,13
R0_STANDARDIZED__GMM_DIAG__K6,547,0.514676590212426,0.6298583662714098,0.0,6,18,13
R0_STANDARDIZED__GMM_DIAG__K6,548,0.5299728051241691,0.4811868686868686,0.0,6,16,13
R0_STANDARDIZED__GMM_DIAG__K6,549,0.4699971508381529,0.5197408871321915,0.0,5,17,13
R0_STANDARDIZED__GMM_DIAG__K6,550,0.46786936236391913,0.5681913116123641,0.2857142857142857,6,18,13
R0_STANDARDIZED__GMM_DIAG__K6,551,0.45743426680326016,0.5489130434782609,0.0,5,16,13
R0_STANDARDIZED__GMM_DIAG__K6,552,0.5796133287807776,0.5510303536619326,0.0,8,15,13
R0_STANDARDIZED__GMM_DIAG__K6,553,0.5888828535746548,0.6991196287821002,0.125,5,18,13
R0_STANDARDIZED__GMM_DIAG__K6,554,0.37181449797388566,0.5145575210230383,0.14285714285714285,3,24,13
R0_STANDARDIZED__GMM_DIAG__K6,555,0.41600140784232165,0.5,0.25,8,14,13
R0_STANDARDIZED__GMM_DIAG__K6,556,0.4523835764054713,0.5835421888053467,0.23809523809523808,6,16,13
R0_STANDARDIZED__GMM_DIAG__K6,557,0.5112149574410175,0.6193783068783069,0.0,6,18,13
R0_STANDARDIZED__GMM_DIAG__K6,558,0.4150093177186236,0.5871463077984816,0.23809523809523808,5,16,13
R0_STANDARDIZED__GMM_DIAG__K6,559,0.41759315521852525,0.5228505291005291,0.2857142857142857,4,17,13
R0_STANDARDIZED__GMM_DIAG__K6,560,0.5951851804272703,0.7968809606740642,0.5714285714285714,4,29,13
R0_STANDARDIZED__GMM_DIAG__K6,561,0.43762010457477396,0.4782790309106099,0.07142857142857142,8,15,13
R0_STANDARDIZED__GMM_DIAG__K6,562,0.6416056068811723,0.7018849206349206,0.14285714285714285,7,16,13
R0_STANDARDIZED__GMM_DIAG__K6,563,0.25995642330516916,0.4070845204178537,0.0,8,14,13
R0_STANDARDIZED__GMM_DIAG__K6,564,0.40601793200954694,0.46570512820512816,0.0,5,23,13
R0_STANDARDIZED__GMM_DIAG__K6,565,0.25924137431489486,0.26677489177489183,0.0,2,32,13
R0_STANDARDIZED__GMM_DIAG__K6,566,0.5114819447061981,0.5257575757575758,0.0,3,21,13
R0_STANDARDIZED__GMM_DIAG__K6,567,0.2902043384303964,0.3341397849462366,0.0,3,26,13
R0_STANDARDIZED__GMM_DIAG__K6,568,0.592374457532548,0.5800925925925926,0.13333333333333333,6,17,13
R0_STANDARDIZED__GMM_DIAG__K6,569,0.5779812579074904,0.5564963359081005,0.0,9,12,13
R0_STANDARDIZED__GMM_DIAG__K6,570,0.46336507973737023,0.5131578947368421,0.0,3,21,13
R0_STANDARDIZED__GMM_DIAG__K6,571,0.5279700442528084,0.6418219461697722,0.0,7,18,13
R0_STANDARDIZED__GMM_DIAG__K6,572,0.3045923709798055,0.5550175669740888,0.2,5,18,13
R0_STANDARDIZED__GMM_DIAG__K6,573,0.3323690766711481,0.40556062295192724,0.0,7,13,13
R0_STANDARDIZED__GMM_DIAG__K6,574,0.5364073136392246,0.5611471861471862,0.07142857142857142,6,16,13
R0_STANDARDIZED__GMM_DIAG__K6,575,0.28535029880016677,0.37123015873015874,0.0,7,15,13
R0_STANDARDIZED__GMM_DIAG__K6,576,0.5553828216090168,0.5389249639249639,0.0,7,15,13
R0_STANDARDIZED__GMM_DIAG__K6,577,0.456358868107901,0.5894287704632533,0.0,2,29,13
R0_STANDARDIZED__GMM_DIAG__K6,578,0.5750809061488673,0.6686111111111112,0.0,2,25,13
R0_STANDARDIZED__GMM_DIAG__K6,579,0.5300436388049681,0.6160714285714285,0.0,4,19,13
R0_STANDARDIZED__GMM_DIAG__K6,580,0.35079394247294976,0.6297348484848485,0.25,4,26,13
R0_STANDARDIZED__GMM_DIAG__K6,581,0.46938775510204084,0.6077898550724637,0.0,6,17,13
R0_STANDARDIZED__GMM_DIAG__K6,582,0.3563526282999553,0.2743382096830373,0.0,5,23,13
R0_STANDARDIZED__GMM_DIAG__K6,583,0.5902106547034487,0.5549242424242423,0.2727272727272727,8,17,13
R0_STANDARDIZED__GMM_DIAG__K6,584,0.356255773375757,0.4700719570284788,0.0,9,13,13
R0_STANDARDIZED__GMM_DIAG__K6,585,0.43168718242003046,0.4284917043740573,0.0,5,16,13
R0_STANDARDIZED__GMM_DIAG__K6,586,0.3212391850404689,0.46264367816091956,0.0,5,15,13
R0_STANDARDIZED__GMM_DIAG__K6,587,0.4864529998810676,0.4968633705475811,0.0,8,13,13
R0_STANDARDIZED__GMM_DIAG__K6,588,0.516362202654751,0.5978260869565217,0.0,4,16,13
R0_STANDARDIZED__GMM_DIAG__K6,589,0.5008695817454358,0.4856950067476384,0.0,6,14,13
R0_STANDARDIZED__GMM_DIAG__K6,590,0.47453516572352467,0.45412457912457915,0.0,6,17,13
R0_STANDARDIZED__GMM_DIAG__K6,591,0.4893310919113335,0.7015345765345766,0.3076923076923077,6,18,13
R0_STANDARDIZED__GMM_DIAG__K6,592,0.42063743101421497,0.5367521367521367,0.15384615384615385,5,17,13
R0_STANDARDIZED__GMM_DIAG__K6,593,0.45431021746124456,0.6833333333333335,0.2,5,25,13
R0_STANDARDIZED__GMM_DIAG__K6,594,0.38062196252493186,0.4023386034255599,0.0,4,22,13
R0_STANDARDIZED__GMM_DIAG__K6,595,0.322735643755125,0.5382834757834758,0.1111111111111111,6,20,13
R0_STANDARDIZED__GMM_DIAG__K6,596,0.4353196687932673,0.4745514147688061,0.0,3,15,13
R0_STANDARDIZED__GMM_DIAG__K6,597,0.36877863920825565,0.42386128364389236,0.0,8,16,13
R0_STANDARDIZED__GMM_DIAG__K6,598,0.4382087276277345,0.6701298701298701,0.19047619047619047,5,26,13
R0_STANDARDIZED__GMM_DIAG__K6,599,0.4146857713524533,0.5790151515151515,0.0,6,15,13
R0_STANDARDIZED__GMM_DIAG__K6,600,0.5509718490738479,0.6313492063492063,0.0,6,15,13
R0_STANDARDIZED__GMM_DIAG__K6,601,0.4048309178743961,0.6174242424242424,0.0,6,20,13
R0_STANDARDIZED__GMM_DIAG__K6,602,0.2837120138893075,0.3729511732229123,0.0,9,14,13
R0_STANDARDIZED__GMM_DIAG__K6,603,0.4510709410759163,0.579155333631037,0.19047619047619047,7,15,13
R0_STANDARDIZED__GMM_DIAG__K6,604,0.29084600800050603,0.43370132953466284,0.0,9,15,13
R0_STANDARDIZED__GMM_DIAG__K6,605,0.4281343358974729,0.5422777028040185,0.21052631578947367,6,22,13
R0_STANDARDIZED__GMM_DIAG__K6,606,0.37734083031155985,0.4393939393939394,0.0,2,20,13
R0_STANDARDIZED__GMM_DIAG__K6,607,0.46361121135570793,0.6392702771421307,0.21739130434782608,6,18,13
R0_STANDARDIZED__GMM_DIAG__K6,608,0.4296364333550326,0.42291375291375294,0.0,8,17,13
R0_STANDARDIZED__GMM_DIAG__K6,609,0.4502632240192684,0.6196504688832054,0.23529411764705882,5,16,13
R0_STANDARDIZED__GMM_DIAG__K6,610,0.49776377138281647,0.5103535353535353,0.16666666666666666,7,15,13
R0_STANDARDIZED__GMM_DIAG__K6,611,0.5996038312417716,0.659093385638008,0.0,6,19,13
R0_STANDARDIZED__GMM_DIAG__K6,612,0.5811773894366885,0.5822811447811448,0.09090909090909091,5,17,13
R0_STANDARDIZED__GMM_DIAG__K6,613,0.43931367493319584,0.5982620320855615,0.25,5,17,13
R0_STANDARDIZED__GMM_DIAG__K6,614,0.555379596776743,0.5920634920634921,0.3333333333333333,8,15,13
R0_STANDARDIZED__GMM_DIAG__K6,615,0.3844285201221401,0.4010073260073261,0.0,8,16,13
R0_STANDARDIZED__GMM_DIAG__K6,616,0.4928776869278233,0.4896198830409357,0.0,7,14,13
R0_STANDARDIZED__GMM_DIAG__K6,617,0.4500498407527169,0.434290226681531,0.0,5,14,13
R0_STANDARDIZED__GMM_DIAG__K6,618,0.27499730147878965,0.436975986975987,0.2,7,18,13
R0_STANDARDIZED__GMM_DIAG__K6,619,0.4790027537372148,0.49837662337662336,0.16666666666666666,8,14,13
R0_STANDARDIZED__GMM_DIAG__K6,620,0.3055894400287626,0.43649910031488987,0.2,6,23,13
R0_STANDARDIZED__GMM_DIAG__K6,621,0.43755564984074435,0.5618686868686869,0.0,5,15,13
R0_STANDARDIZED__GMM_DIAG__K6,622,0.5802038895231229,0.556712962962963,0.08333333333333333,6,17,13
R0_STANDARDIZED__GMM_DIAG__K6,623,0.4390564878251502,0.7239326765188835,0.3793103448275862,6,23,13
R0_STANDARDIZED__GMM_DIAG__K6,624,0.4891413916919178,0.6042960662525879,0.2,6,16,13
R0_STANDARDIZED__GMM_DIAG__K6,625,0.39814649354076914,0.700268817204301,0.25,5,26,13
R0_STANDARDIZED__GMM_DIAG__K6,626,0.5325149490943395,0.5984126984126984,0.0,5,18,13
R0_STANDARDIZED__GMM_DIAG__K6,627,0.342938521641405,0.597391780300326,0.2608695652173913,5,16,13
R0_STANDARDIZED__GMM_DIAG__K6,628,0.3407394494540499,0.35574841824841824,0.0,3,14,13
R0_STANDARDIZED__GMM_DIAG__K6,629,0.3066212150587277,0.3957375478927203,0.0,4,23,13
R0_STANDARDIZED__GMM_DIAG__K6,630,0.4409888985119282,0.5088522588522589,0.07692307692307693,6,16,13
R0_STANDARDIZED__GMM_DIAG__K6,631,0.5088932012079597,0.7107323232323233,0.2727272727272727,6,24,13
R0_STANDARDIZED__GMM_DIAG__K6,632,0.43437358838894674,0.5258458646616542,0.125,6,19,13
R0_STANDARDIZED__GMM_DIAG__K6,633,0.5153243050605845,0.6247252747252747,0.0,7,19,13
R0_STANDARDIZED__GMM_DIAG__K6,634,0.42425710812910633,0.6180555555555556,0.125,3,23,13
R0_STANDARDIZED__GMM_DIAG__K6,635,0.5257039125564869,0.561295518207283,0.25,7,18,13
R0_STANDARDIZED__GMM_DIAG__K6,636,0.648025836530523,0.7522860180754917,0.13333333333333333,6,17,13
R0_STANDARDIZED__GMM_DIAG__K6,637,0.6875962181119096,0.5891025641025641,0.0,7,18,13
R0_STANDARDIZED__GMM_DIAG__K6,638,0.4938779578632292,0.46942007797270957,0.0,5,18,13
R0_STANDARDIZED__GMM_DIAG__K6,639,0.28299257194537936,0.3815527065527065,0.0,5,19,13
R0_STANDARDIZED__GMM_DIAG__K6,640,0.39194765746203414,0.6749344405594405,0.18181818181818182,4,26,13
R0_STANDARDIZED__GMM_DIAG__K6,641,0.6218632651844788,0.6580808080808082,0.0,6,17,13
R0_STANDARDIZED__GMM_DIAG__K6,642,0.4476948279897028,0.4437747035573123,0.0,6,16,13
R0_STANDARDIZED__GMM_DIAG__K6,643,0.4897187661875943,0.5882936507936508,0.0,7,14,13
R0_STANDARDIZED__GMM_DIAG__K6,644,0.31974895772886913,0.5473453749315819,0.125,5,22,13
R0_STANDARDIZED__GMM_DIAG__K6,645,0.42965093762287543,0.38511198945981556,0.0,3,17,13
R0_STANDARDIZED__GMM_DIAG__K6,646,0.5573209966491486,0.6484848484848484,0.0,6,16,13
R0_STANDARDIZED__GMM_DIAG__K6,647,0.2608179974748441,0.505659772326439,0.2,5,17,13
R0_STANDARDIZED__GMM_DIAG__K6,648,0.5329547364022585,0.622895622895623,0.0,6,16,13
R0_STANDARDIZED__GMM_DIAG__K6,649,0.5196486254095884,0.6522181522181522,0.15384615384615385,4,22,13
R0_STANDARDIZED__GMM_DIAG__K6,650,0.5420404941297061,0.6885964912280702,0.0,5,21,13
R0_STANDARDIZED__GMM_DIAG__K6,651,0.33337851269540075,0.29583333333333334,0.0,4,22,13
R0_STANDARDIZED__GMM_DIAG__K6,652,0.5135122978777633,0.628968253968254,0.0,6,19,13
R0_STANDARDIZED__GMM_DIAG__K6,653,0.5073591608864828,0.646836107362423,0.0,5,21,13
R0_STANDARDIZED__GMM_DIAG__K6,654,0.5814160605610806,0.5393857303687025,0.0,6,18,13
R0_STANDARDIZED__GMM_DIAG__K6,655,0.5386466852308963,0.4491959064327486,0.0,4,14,13
R0_STANDARDIZED__GMM_DIAG__K6,656,0.48853736674805937,0.5187830687830687,0.16666666666666666,8,14,13
R0_STANDARDIZED__GMM_DIAG__K6,657,0.37660294402896616,0.34915802588216377,0.0,5,25,13
R0_STANDARDIZED__GMM_DIAG__K6,658,0.2759850406172991,0.4818422318422318,0.16666666666666666,7,16,13
R0_STANDARDIZED__GMM_DIAG__K6,659,0.33204455584964376,0.48701298701298695,0.0,4,31,13
R0_STANDARDIZED__GMM_DIAG__K6,660,0.5436015841220814,0.5258980785296575,0.2222222222222222,7,15,13
R0_STANDARDIZED__GMM_DIAG__K6,661,0.37115957965706436,0.4209216222374117,0.0,6,22,13
R0_STANDARDIZED__GMM_DIAG__K6,662,0.49735420510157863,0.4357021633337423,0.0,3,25,13
R0_STANDARDIZED__GMM_DIAG__K6,663,0.5155350334173746,0.6263888888888889,0.0,6,17,13
R0_STANDARDIZED__GMM_DIAG__K6,664,0.460404150737302,0.4539321789321789,0.0,9,13,13
R0_STANDARDIZED__GMM_DIAG__K6,665,0.5753349238392366,0.6349206349206349,0.0,6,17,13
R0_STANDARDIZED__GMM_DIAG__K6,666,0.5708285698565149,0.6349206349206349,0.0,6,16,13
R0_STANDARDIZED__GMM_DIAG__K6,667,0.4814769592152964,0.6177871148459383,0.23529411764705882,5,21,13
R0_STANDARDIZED__GMM_DIAG__K6,668,0.569712506752516,0.5387205387205387,0.0,6,16,13
R0_STANDARDIZED__GMM_DIAG__K6,669,0.49140543494460726,0.6167184265010353,0.0,6,18,13
R0_STANDARDIZED__GMM_DIAG__K6,670,0.5481774076841868,0.6375000000000001,0.0,6,19,13
R0_STANDARDIZED__GMM_DIAG__K6,671,0.4335407100182689,0.4664983164983165,0.0,8,13,13
R0_STANDARDIZED__GMM_DIAG__K6,672,0.4482885875080727,0.6008333333333332,0.125,3,22,13
R0_STANDARDIZED__GMM_DIAG__K6,673,0.4528799636976134,0.6214314194577353,0.22727272727272727,7,19,13
R0_STANDARDIZED__GMM_DIAG__K6,674,0.48717409050523397,0.44606319606319605,0.0,7,14,13
R0_STANDARDIZED__GMM_DIAG__K6,675,0.4688408136906684,0.4431651681651682,0.0,6,14,13
R0_STANDARDIZED__GMM_DIAG__K6,676,0.4274751855867879,0.5459001782531194,0.0,4,23,13
R0_STANDARDIZED__GMM_DIAG__K6,677,0.43460438616520425,0.5926846100759143,0.2,5,16,13
R0_STANDARDIZED__GMM_DIAG__K6,678,0.5848205128205128,0.649749373433584,0.25,7,16,13
R0_STANDARDIZED__GMM_DIAG__K6,679,0.5206219778135963,0.5421325051759834,0.0,5,18,13
R0_STANDARDIZED__GMM_DIAG__K6,680,0.37927386231135457,0.3972222222222222,0.0,4,26,13
R0_STANDARDIZED__GMM_DIAG__K6,681,0.5320620492046241,0.4840659340659341,0.0,6,16,13
R0_STANDARDIZED__GMM_DIAG__K6,682,0.6706259605446774,0.7109126984126984,0.0,5,21,13
R0_STANDARDIZED__GMM_DIAG__K6,683,0.5820957034987267,0.62526395173454,0.1,5,17,13
R0_STANDARDIZED__GMM_DIAG__K6,684,0.49571249551096236,0.5339390142021722,0.0,7,18,13
R0_STANDARDIZED__GMM_DIAG__K6,685,0.5299222563731694,0.5340909090909091,0.09090909090909091,7,19,13
R0_STANDARDIZED__GMM_DIAG__K6,686,0.520226226993865,0.6419431731502669,0.2608695652173913,6,18,13
R0_STANDARDIZED__GMM_DIAG__K6,687,0.5401197604790419,0.6830917874396135,0.2,5,19,13
R0_STANDARDIZED__GMM_DIAG__K6,688,0.3604392753937871,0.34760101010101013,0.0,4,18,13
R0_STANDARDIZED__GMM_DIAG__K6,689,0.5580214850666981,0.7354723707664884,0.17647058823529413,5,18,13
R0_STANDARDIZED__GMM_DIAG__K6,690,0.49688586433907833,0.6256038647342995,0.0,6,18,13
R0_STANDARDIZED__GMM_DIAG__K6,691,0.3867713902977983,0.38699494949494956,0.0,1,18,13
R0_STANDARDIZED__GMM_DIAG__K6,692,0.518535303181365,0.6005291005291006,0.0,4,20,13
R0_STANDARDIZED__GMM_DIAG__K6,693,0.6265945763284616,0.7207575757575757,0.45454545454545453,3,19,13
R0_STANDARDIZED__GMM_DIAG__K6,694,0.4744935735576102,0.7248345524207592,0.3333333333333333,5,22,13
R0_STANDARDIZED__GMM_DIAG__K6,695,0.5565558006122581,0.5287344234712655,0.0,3,16,13
R0_STANDARDIZED__GMM_DIAG__K6,696,0.4542572321881716,0.4784392841458059,0.0,9,13,13
R0_STANDARDIZED__GMM_DIAG__K6,697,0.44230647908649295,0.44416597048176,0.0,7,17,13
R0_STANDARDIZED__GMM_DIAG__K6,698,0.543063015564416,0.4959557985873775,0.0,6,16,13
R0_STANDARDIZED__GMM_DIAG__K6,699,0.5247775599457095,0.5375631313131314,0.0,5,18,13
R0_STANDARDIZED__GMM_DIAG__K6,700,0.34178343889470003,0.4291806958473625,0.0,9,14,13
R0_STANDARDIZED__GMM_DIAG__K6,701,0.43307657219021245,0.46991341991341984,0.0,9,13,13
R0_STANDARDIZED__GMM_DIAG__K6,702,0.5674743394305058,0.5118224855066961,0.0,6,15,13
R0_STANDARDIZED__GMM_DIAG__K6,703,0.2567040756054341,0.3542087542087542,0.0,4,17,13
R0_STANDARDIZED__GMM_DIAG__K6,704,0.5765179631271318,0.6,0.0,7,19,13
R0_STANDARDIZED__GMM_DIAG__K6,705,0.4098506557795661,0.6508299734844357,0.2608695652173913,5,18,13
R0_STANDARDIZED__GMM_DIAG__K6,706,0.5143099543108883,0.5322517896047307,0.14285714285714285,8,15,13
R0_STANDARDIZED__GMM_DIAG__K6,707,0.5372946709792235,0.6553030303030303,0.22727272727272727,4,22,13
R0_STANDARDIZED__GMM_DIAG__K6,708,0.39112848040631987,0.4154761904761905,0.0,3,16,13
R0_STANDARDIZED__GMM_DIAG__K6,709,0.35566028902275354,0.4116161616161616,0.0,8,13,13
R0_STANDARDIZED__GMM_DIAG__K6,710,0.39129156743722043,0.660978835978836,0.25,5,28,13
R0_STANDARDIZED__GMM_DIAG__K6,711,0.6393359003228435,0.577485380116959,0.0,5,15,13
R0_STANDARDIZED__GMM_DIAG__K6,712,0.2666726589160021,0.3507142857142857,0.0,6,15,13
R0_STANDARDIZED__GMM_DIAG__K6,713,0.6158963452936859,0.6861810322908721,0.0,6,18,13
R0_STANDARDIZED__GMM_DIAG__K6,714,0.4005227855592819,0.4182881446039341,0.0,6,17,13
R0_STANDARDIZED__GMM_DIAG__K6,715,0.37414345915724406,0.5674603174603176,0.23809523809523808,7,14,13
R0_STANDARDIZED__GMM_DIAG__K6,716,0.3641150142168192,0.3564462912288999,0.0,3,17,13
R0_STANDARDIZED__GMM_DIAG__K6,717,0.4048887946715133,0.4092803030303031,0.0,7,14,13
R0_STANDARDIZED__GMM_DIAG__K6,718,0.38341037183649335,0.43361204013377924,0.0,10,13,13
R0_STANDARDIZED__GMM_DIAG__K6,719,0.4288252013263856,0.4615384615384616,0.0,8,14,13
R0_STANDARDIZED__GMM_DIAG__K6,720,0.30286532908796193,0.36657828282828286,0.0,4,16,13
R0_STANDARDIZED__GMM_DIAG__K6,721,0.4304784763108774,0.4112123256860099,0.0,8,15,13
R0_STANDARDIZED__GMM_DIAG__K6,722,0.4877114586658155,0.46846405228758164,0.0,5,15,13
R0_STANDARDIZED__GMM_DIAG__K6,723,0.4952522973001938,0.5416666666666666,0.25,8,14,13
R0_STANDARDIZED__GMM_DIAG__K6,724,0.4295900178253119,0.5744766505636071,0.0,6,18,13
R0_STANDARDIZED__GMM_DIAG__K6,725,0.49487125026549555,0.6053388746803069,0.23529411764705882,6,17,13
R0_STANDARDIZED__GMM_DIAG__K6,726,0.43974715202812603,0.5889451890596055,0.15789473684210525,6,16,13
R0_STANDARDIZED__GMM_DIAG__K6,727,0.5139900344959755,0.687468671679198,0.21052631578947367,7,24,13
R0_STANDARDIZED__GMM_DIAG__K6,728,0.49863175269827104,0.48051948051948057,0.0,8,13,13
R0_STANDARDIZED__GMM_DIAG__K6,729,0.4787190286719276,0.47320544379367907,0.14285714285714285,4,17,13
R0_STANDARDIZED__GMM_DIAG__K6,730,0.35983543968459275,0.6073862191711162,0.2,6,16,13
R0_STANDARDIZED__GMM_DIAG__K6,731,0.4744874184529357,0.52834008097166,0.0,4,21,13
R0_STANDARDIZED__GMM_DIAG__K6,732,0.414813279237125,0.581313164433369,0.17647058823529413,5,19,13
R0_STANDARDIZED__GMM_DIAG__K6,733,0.5226460546015728,0.4712418300653594,0.0,7,14,13
R0_STANDARDIZED__GMM_DIAG__K6,734,0.6464846631623712,0.6986714975845411,0.0,5,18,13
R0_STANDARDIZED__GMM_DIAG__K6,735,0.409243333132097,0.6925505050505051,0.2916666666666667,5,25,13
R0_STANDARDIZED__GMM_DIAG__K6,736,0.4884992570579495,0.5869565217391305,0.0,6,17,13
R0_STANDARDIZED__GMM_DIAG__K6,737,0.48989088892849364,0.5916149068322981,0.0,7,16,13
R0_STANDARDIZED__GMM_DIAG__K6,738,0.47682674126643143,0.5805171277997364,0.0,6,15,13
R0_STANDARDIZED__GMM_DIAG__K6,739,0.5561443173439636,0.47633925952003753,0.0,6,15,13
R0_STANDARDIZED__GMM_DIAG__K6,740,0.511682539299108,0.478809202493413,0.0,9,13,13
R0_STANDARDIZED__GMM_DIAG__K6,741,0.5419856634319988,0.6950757575757575,0.4375,5,16,13
R0_STANDARDIZED__GMM_DIAG__K6,742,0.4895017278706059,0.6090838206627681,0.0,6,17,13
R0_STANDARDIZED__GMM_DIAG__K6,743,0.4462462621475608,0.35887445887445885,0.0,5,16,13
R0_STANDARDIZED__GMM_DIAG__K6,744,0.4996650119062033,0.6170634920634921,0.0,7,15,13
R0_STANDARDIZED__GMM_DIAG__K6,745,0.5398230088495575,0.5869565217391305,0.25,8,15,13
R0_STANDARDIZED__GMM_DIAG__K6,746,0.4133962403622725,0.4695725369638413,0.0,8,13,13
R0_STANDARDIZED__GMM_DIAG__K6,747,0.4832524697492255,0.502572306920133,0.0,5,19,13
R0_STANDARDIZED__GMM_DIAG__K6,748,0.4875596845300749,0.4897619923935714,0.0,5,16,13
R0_STANDARDIZED__GMM_DIAG__K6,749,0.31762545899632805,0.39069264069264076,0.14285714285714285,5,17,13
R0_STANDARDIZED__GMM_DIAG__K6,750,0.3195879882182756,0.3150556418219462,0.0,2,27,13
R0_STANDARDIZED__GMM_DIAG__K6,751,0.44005953454807867,0.6865612648221343,0.17391304347826086,6,26,13
R0_STANDARDIZED__GMM_DIAG__K6,752,0.3790827275399534,0.6286963355928873,0.3448275862068966,6,19,13
R0_STANDARDIZED__GMM_DIAG__K6,753,0.3645761543762922,0.30029761904761904,0.0,4,28,13
R0_STANDARDIZED__GMM_DIAG__K6,754,0.5074970171834832,0.5256334789582872,0.21428571428571427,5,17,13
R0_STANDARDIZED__GMM_DIAG__K6,755,0.37763536881001525,0.5637604478184188,0.14285714285714285,5,22,13
R0_STANDARDIZED__GMM_DIAG__K6,756,0.5171477516847425,0.6266390614216701,0.0,7,16,13
R0_STANDARDIZED__GMM_DIAG__K6,757,0.4494158131190212,0.5235714285714286,0.0,4,20,13
R0_STANDARDIZED__GMM_DIAG__K6,758,0.4763878696523136,0.6037915385741474,0.0,6,17,13
R0_STANDARDIZED__GMM_DIAG__K6,759,0.3461336025091027,0.37415824915824913,0.0,3,22,13
R0_STANDARDIZED__GMM_DIAG__K6,760,0.406585739373119,0.44724091327352195,0.0,5,15,13
R0_STANDARDIZED__GMM_DIAG__K6,761,0.3248388986526069,0.3831053004966048,0.0,3,23,13
R0_STANDARDIZED__GMM_DIAG__K6,762,0.31546707503828486,0.32702020202020204,0.0,5,19,13
R0_STANDARDIZED__GMM_DIAG__K6,763,0.4394347076041512,0.6961064922084413,0.21739130434782608,5,24,13
R0_STANDARDIZED__GMM_DIAG__K6,764,0.4610750314147808,0.5221870882740448,0.0,6,19,13
R0_STANDARDIZED__GMM_DIAG__K6,765,0.4531061896314109,0.5986243386243387,0.0,6,19,13
R0_STANDARDIZED__GMM_DIAG__K6,766,0.5084024473905842,0.6527777777777778,0.0,4,18,13
R0_STANDARDIZED__GMM_DIAG__K6,767,0.4826224093995212,0.6058501683501684,0.0,6,18,13
R0_STANDARDIZED__GMM_DIAG__K6,768,0.46307884856070086,0.5123124841088228,0.0,8,16,13
R0_STANDARDIZED__GMM_DIAG__K6,769,0.3994654332455026,0.5825281803542673,0.21739130434782608,5,18,13
R0_STANDARDIZED__GMM_DIAG__K6,770,0.43131103353806727,0.7194444444444444,0.25,5,25,13
R0_STANDARDIZED__GMM_DIAG__K6,771,0.5519119143079408,0.39687286397812715,0.0,5,18,13
R0_STANDARDIZED__GMM_DIAG__K6,772,0.5005695128301711,0.6071428571428571,0.0,6,16,13
R0_STANDARDIZED__GMM_DIAG__K6,773,0.4468800994883546,0.6023148148148149,0.2,7,17,13
R0_STANDARDIZED__GMM_DIAG__K6,774,0.5004446200968283,0.5793580942322362,0.0,6,17,13
R0_STANDARDIZED__GMM_DIAG__K6,775,0.5671182386731233,0.6644157281524357,0.30434782608695654,5,19,13
R0_STANDARDIZED__GMM_DIAG__K6,776,0.43554091962434444,0.3674603174603175,0.0,5,15,13
R0_STANDARDIZED__GMM_DIAG__K6,777,0.5744980821728464,0.7665263748597081,0.35,5,26,13
R0_STANDARDIZED__GMM_DIAG__K6,778,0.406532547999694,0.3493743099006257,0.0,5,17,13
R0_STANDARDIZED__GMM_DIAG__K6,779,0.3428549129790057,0.3148148148148148,0.0,5,17,13
R0_STANDARDIZED__GMM_DIAG__K6,780,0.4514273757385358,0.3720959595959596,0.0,4,18,13
R0_STANDARDIZED__GMM_DIAG__K6,781,0.47075831759127185,0.5097101041373487,0.23529411764705882,7,15,13
R0_STANDARDIZED__GMM_DIAG__K6,782,0.4970886414935537,0.5952380952380952,0.0,7,16,13
R0_STANDARDIZED__GMM_DIAG__K6,783,0.37783000511251347,0.3504419191919192,0.0,4,17,13
R0_STANDARDIZED__GMM_DIAG__K6,784,0.5008267065585387,0.6095478595478595,0.2222222222222222,7,17,13
R0_STANDARDIZED__GMM_DIAG__K6,785,0.35900929499297346,0.6434099616858239,0.28,6,23,13
R0_STANDARDIZED__GMM_DIAG__K6,786,0.3299233201844682,0.38958041958041956,0.0,9,13,13
R0_STANDARDIZED__GMM_DIAG__K6,787,0.5162718815941986,0.5283869395711501,0.0,7,16,13
R0_STANDARDIZED__GMM_DIAG__K6,788,0.45754518452602844,0.6180555555555555,0.0,5,18,13
R0_STANDARDIZED__GMM_DIAG__K6,789,0.4726471492917769,0.4325491759702286,0.0,6,18,13
R0_STANDARDIZED__GMM_DIAG__K6,790,0.4349465026843849,0.6192319032876308,0.11764705882352941,5,21,13
R0_STANDARDIZED__GMM_DIAG__K6,791,0.4046445462146075,0.4435427511085406,0.0,7,15,13
R0_STANDARDIZED__GMM_DIAG__K6,792,0.6058514717159205,0.6457431457431456,0.0,6,17,13
R0_STANDARDIZED__GMM_DIAG__K6,793,0.5043947897913799,0.5288182831661092,0.0,6,17,13
R0_STANDARDIZED__GMM_DIAG__K6,794,0.42459883970406326,0.5486542443064183,0.14285714285714285,6,15,13
R0_STANDARDIZED__GMM_DIAG__K6,795,0.3972919444208969,0.5667388167388168,0.22727272727272727,6,18,13
R0_STANDARDIZED__GMM_DIAG__K6,796,0.4314112991767832,0.4945299145299145,0.0,7,18,13
R0_STANDARDIZED__GMM_DIAG__K6,797,0.5179435248755961,0.6069444444444444,0.0,5,16,13
R0_STANDARDIZED__GMM_DIAG__K6,798,0.5116082986337169,0.5744740893482312,0.3076923076923077,7,18,13
R0_STANDARDIZED__GMM_DIAG__K6,799,0.44128438946602466,0.45938439224884237,0.09090909090909091,7,14,13
R0_STANDARDIZED__GMM_DIAG__K6,800,0.4371458967317351,0.4527939134346457,0.0,7,13,13
R0_STANDARDIZED__GMM_DIAG__K6,801,0.46574094974197716,0.4542331425323753,0.0,6,13,13
R0_STANDARDIZED__GMM_DIAG__K6,802,0.42953586497890295,0.4508852258852259,0.08333333333333333,7,15,13
R0_STANDARDIZED__GMM_DIAG__K6,803,0.4974862454942136,0.46025641025641023,0.0,7,14,13
R0_STANDARDIZED__GMM_DIAG__K6,804,0.4150188735464785,0.5177777777777778,0.0,6,18,13
R0_STANDARDIZED__GMM_DIAG__K6,805,0.6159082027475619,0.6104899930986888,0.06666666666666667,3,20,13
R0_STANDARDIZED__GMM_DIAG__K6,806,0.27271277338064953,0.3676772247360483,0.0,8,15,13
R0_STANDARDIZED__GMM_DIAG__K6,807,0.4375054429782143,0.46349206349206346,0.0,9,13,13
R0_STANDARDIZED__GMM_DIAG__K6,808,0.4358853088974283,0.5716011042097999,0.13043478260869565,5,16,13
R0_STANDARDIZED__GMM_DIAG__K6,809,0.4066272342884775,0.3458974358974359,0.0,5,19,13
R0_STANDARDIZED__GMM_DIAG__K6,810,0.431874736801807,0.4301346801346801,0.0,7,19,13
R0_STANDARDIZED__GMM_DIAG__K6,811,0.5839198433815926,0.7652299391429827,0.36363636363636365,4,18,13
R0_STANDARDIZED__GMM_DIAG__K6,812,0.4226321284167662,0.42876636034530774,0.0,4,18,13
R0_STANDARDIZED__GMM_DIAG__K6,813,0.4680506976569258,0.7094155844155844,0.22727272727272727,6,23,13
R0_STANDARDIZED__GMM_DIAG__K6,814,0.3938834830613336,0.5372405372405372,0.0,5,20,13
R0_STANDARDIZED__GMM_DIAG__K6,815,0.4468347038305529,0.4566812329970225,0.0,7,13,13
R0_STANDARDIZED__GMM_DIAG__K6,816,0.4246735971454329,0.4872766122766123,0.0,8,15,13
R0_STANDARDIZED__GMM_DIAG__K6,817,0.4273894961539877,0.35955710955710957,0.0,4,16,13
R0_STANDARDIZED__GMM_DIAG__K6,818,0.4813162970106075,0.5385185185185185,0.0,4,20,13
R0_STANDARDIZED__GMM_DIAG__K6,819,0.5188722453960574,0.5277045820524081,0.0,5,19,13
R0_STANDARDIZED__GMM_DIAG__K6,820,0.4959845995294301,0.6262939958592132,0.0,7,19,13
R0_STANDARDIZED__GMM_DIAG__K6,821,0.49206166258464196,0.6347581917757357,0.07142857142857142,4,22,13
R0_STANDARDIZED__GMM_DIAG__K6,822,0.40567172729876827,0.6286363636363635,0.18181818181818182,5,24,13
R0_STANDARDIZED__GMM_DIAG__K6,823,0.41994112974816616,0.5565656565656566,0.23809523809523808,6,21,13
R0_STANDARDIZED__GMM_DIAG__K6,824,0.405821414968439,0.6916666666666668,0.25,4,22,13
R0_STANDARDIZED__GMM_DIAG__K6,825,0.5127004869648293,0.5194444444444445,0.14285714285714285,4,15,13
R0_STANDARDIZED__GMM_DIAG__K6,826,0.45972429389778996,0.5856912813434553,0.0,6,15,13
R0_STANDARDIZED__GMM_DIAG__K6,827,0.391337972549892,0.536075036075036,0.22727272727272727,7,20,13
R0_STANDARDIZED__GMM_DIAG__K6,828,0.5748974160798046,0.7687747035573124,0.45454545454545453,4,21,13
R0_STANDARDIZED__GMM_DIAG__K6,829,0.5632052745023456,0.7130174291938998,0.4666666666666667,6,15,13
R0_STANDARDIZED__GMM_DIAG__K6,830,0.5192654225230731,0.6121758199847445,0.0,7,15,13
R0_STANDARDIZED__GMM_DIAG__K6,831,0.40453004400201975,0.4325329165482618,0.0,9,16,13
R0_STANDARDIZED__GMM_DIAG__K6,832,0.4999747353721633,0.4845238095238095,0.0,9,14,13
R0_STANDARDIZED__GMM_DIAG__K6,833,0.38847202655557506,0.5527731326644371,0.2,6,14,13
R0_STANDARDIZED__GMM_DIAG__K6,834,0.4362778927996319,0.6422222222222222,0.0,4,20,13
R0_STANDARDIZED__GMM_DIAG__K6,835,0.46476908565230884,0.4444444444444444,0.0,7,15,13
R0_STANDARDIZED__GMM_DIAG__K6,836,0.520261744583447,0.626984126984127,0.0,7,17,13
R0_STANDARDIZED__GMM_DIAG__K6,837,0.5657781343793646,0.6702898550724637,0.0,5,17,13
R0_STANDARDIZED__GMM_DIAG__K6,838,0.4639482274783804,0.6124941984591107,0.13333333333333333,3,21,13
R0_STANDARDIZED__GMM_DIAG__K6,839,0.5235010909568483,0.6153198653198653,0.0,5,16,13
R0_STANDARDIZED__GMM_DIAG__K6,840,0.4854055665263236,0.6402380952380952,0.0,5,18,13
R0_STANDARDIZED__GMM_DIAG__K6,841,0.37707149885110774,0.5763112491373361,0.13333333333333333,5,20,13
R0_STANDARDIZED__GMM_DIAG__K6,842,0.47447184809437737,0.4316628790313,0.09090909090909091,7,16,13
R0_STANDARDIZED__GMM_DIAG__K6,843,0.4394031984687936,0.4197530864197531,0.0,3,20,13
R0_STANDARDIZED__GMM_DIAG__K6,844,0.7059824555625089,0.8566946778711485,0.7058823529411765,3,25,13
R0_STANDARDIZED__GMM_DIAG__K6,845,0.4064065230052417,0.44551282051282054,0.0,4,16,13
R0_STANDARDIZED__GMM_DIAG__K6,846,0.42784544198206076,0.6093887593887594,0.22727272727272727,5,21,13
R0_STANDARDIZED__GMM_DIAG__K6,847,0.52616629892848,0.6345755693581779,0.0,6,16,13
R0_STANDARDIZED__GMM_DIAG__K6,848,0.518675900497026,0.7516685736079328,0.375,6,18,13
R0_STANDARDIZED__GMM_DIAG__K6,849,0.551728094667871,0.5683229813664596,0.0,6,20,13
R0_STANDARDIZED__GMM_DIAG__K6,850,0.4475110334335039,0.5176973353443942,0.13333333333333333,9,13,13
R0_STANDARDIZED__GMM_DIAG__K6,851,0.4198236457147943,0.5600981620718463,0.3333333333333333,8,14,13
R0_STANDARDIZED__GMM_DIAG__K6,852,0.3593560068597709,0.4698329448329448,0.15384615384615385,6,17,13
R0_STANDARDIZED__GMM_DIAG__K6,853,0.30300644909690977,0.3544549586216253,0.0,5,21,13
R0_STANDARDIZED__GMM_DIAG__K6,854,0.38655410075576657,0.4456815114709851,0.2,7,18,13
R0_STANDARDIZED__GMM_DIAG__K6,855,0.3416790685459161,0.3776360092149566,0.0,2,19,13
R0_STANDARDIZED__GMM_DIAG__K6,856,0.51153528218231,0.49928774928774927,0.0,9,14,13
R0_STANDARDIZED__GMM_DIAG__K6,857,0.39993340095540475,0.4257326007326008,0.0,8,13,13
R0_STANDARDIZED__GMM_DIAG__K6,858,0.5221251213760577,0.6403985507246377,0.0,6,18,13
R0_STANDARDIZED__GMM_DIAG__K6,859,0.3040226729779057,0.43523705778607735,0.0,6,20,13
R0_STANDARDIZED__GMM_DIAG__K6,860,0.4663883285640569,0.5909969257795346,0.13333333333333333,6,17,13
R0_STANDARDIZED__GMM_DIAG__K6,861,0.3698165125818107,0.4446640316205534,0.0,8,13,13
R0_STANDARDIZED__GMM_DIAG__K6,862,0.4474220671792997,0.479469507101086,0.0,9,12,13
R0_STANDARDIZED__GMM_DIAG__K6,863,0.4610220702659109,0.5252594627594628,0.0,3,21,13
R0_STANDARDIZED__GMM_DIAG__K6,864,0.5336857964993221,0.5035353535353535,0.1,3,19,13
R0_STANDARDIZED__GMM_DIAG__K6,865,0.4202682667399051,0.5891053391053391,0.0,3,33,13
R0_STANDARDIZED__GMM_DIAG__K6,866,0.594970783373239,0.4977405635300372,0.0,8,15,13
R0_STANDARDIZED__GMM_DIAG__K6,867,0.6444388496618335,0.7763888888888889,0.5833333333333334,5,20,13
R0_STANDARDIZED__GMM_DIAG__K6,868,0.3684928703008801,0.5889550264550265,0.21428571428571427,6,27,13
R0_STANDARDIZED__GMM_DIAG__K6,869,0.4095677233429395,0.5953796605970519,0.0,5,19,13
R0_STANDARDIZED__GMM_DIAG__K6,870,0.4853197033783627,0.44534315586947165,0.0,8,14,13
R0_STANDARDIZED__GMM_DIAG__K6,871,0.46368342727779405,0.46316425120772947,0.0,8,16,13
R0_STANDARDIZED__GMM_DIAG__K6,872,0.5404471277945487,0.6541666666666667,0.0,5,16,13
R0_STANDARDIZED__GMM_DIAG__K6,873,0.5931005788447922,0.5537518037518038,0.0,5,16,13
R0_STANDARDIZED__GMM_DIAG__K6,874,0.48045832679328204,0.6089015151515151,0.0625,5,17,13
R0_STANDARDIZED__GMM_DIAG__K6,875,0.42800280543583163,0.6193639291465379,0.0,6,18,13
R0_STANDARDIZED__GMM_DIAG__K6,876,0.5161167299742193,0.5466528640441684,0.0,6,16,13
R0_STANDARDIZED__GMM_DIAG__K6,877,0.45452256738044955,0.5527870680044593,0.0,3,22,13
R0_STANDARDIZED__GMM_DIAG__K6,878,0.6373802943633909,0.5874740999740999,0.0,9,13,13
R0_STANDARDIZED__GMM_DIAG__K6,879,0.5822445087929938,0.5310966810966811,0.0,6,16,13
R0_STANDARDIZED__GMM_DIAG__K6,880,0.5736529087123436,0.5850611376927167,0.0,5,18,13
R0_STANDARDIZED__GMM_DIAG__K6,881,0.4496643210883914,0.6933243727598565,0.20833333333333334,5,26,13
R0_STANDARDIZED__GMM_DIAG__K6,882,0.5373161430906119,0.47883597883597884,0.0,2,14,13
R0_STANDARDIZED__GMM_DIAG__K6,883,0.48184171477465965,0.47239057239057236,0.0,7,18,13
R0_STANDARDIZED__GMM_DIAG__K6,884,0.4568693452028111,0.6114130434782609,0.0,6,17,13
R0_STANDARDIZED__GMM_DIAG__K6,885,0.4329856865424728,0.35281385281385286,0.0,5,19,13
R0_STANDARDIZED__GMM_DIAG__K6,886,0.4115036558410876,0.6855769230769231,0.2,5,24,13
R0_STANDARDIZED__GMM_DIAG__K6,887,0.5127461813855356,0.6117581090407177,0.0,6,17,13
R0_STANDARDIZED__GMM_DIAG__K6,888,0.45261794127539773,0.48131313131313136,0.0,10,12,13
R0_STANDARDIZED__GMM_DIAG__K6,889,0.5308307422404274,0.6031746031746031,0.0,7,16,13
R0_STANDARDIZED__GMM_DIAG__K6,890,0.4767231771075538,0.5703933747412008,0.0,6,18,13
R0_STANDARDIZED__GMM_DIAG__K6,891,0.49963098973453535,0.6407867494824017,0.0,6,18,13
R0_STANDARDIZED__GMM_DIAG__K6,892,0.28000503492982565,0.37874458874458866,0.0,8,14,13
R0_STANDARDIZED__GMM_DIAG__K6,893,0.4912014292094685,0.6186647173489279,0.08333333333333333,3,23,13
R0_STANDARDIZED__GMM_DIAG__K6,894,0.5187653391279891,0.6393859649122807,0.0,7,18,13
R0_STANDARDIZED__GMM_DIAG__K6,895,0.43818856899385233,0.4481439040262569,0.0,5,20,13
R0_STANDARDIZED__GMM_DIAG__K6,896,0.3994209719620381,0.4077380952380952,0.0,8,15,13
R0_STANDARDIZED__GMM_DIAG__K6,897,0.4520386657718437,0.4775252525252525,0.0,5,18,13
R0_STANDARDIZED__GMM_DIAG__K6,898,0.38892488198302533,0.44590909090909087,0.0,6,17,13
R0_STANDARDIZED__GMM_DIAG__K6,899,0.4679775712420309,0.6071428571428571,0.0,7,18,13
R0_STANDARDIZED__GMM_DIAG__K6,900,0.3120739835452129,0.507878007878008,0.0,2,31,13
R0_STANDARDIZED__GMM_DIAG__K6,901,0.46891543687046144,0.4764830077330077,0.0,8,13,13
R0_STANDARDIZED__GMM_DIAG__K6,902,0.29578842354414037,0.5754227053140096,0.2608695652173913,7,20,13
R0_STANDARDIZED__GMM_DIAG__K6,903,0.46041069954852176,0.5721343873517787,0.0,6,16,13
R0_STANDARDIZED__GMM_DIAG__K6,904,0.5232913009534174,0.4882780898227122,0.09090909090909091,7,16,13
R0_STANDARDIZED__GMM_DIAG__K6,905,0.31866036146200427,0.30109389085361626,0.0,3,20,13
R0_STANDARDIZED__GMM_DIAG__K6,906,0.4657378644579493,0.6172595520421608,0.0,4,17,13
R0_STANDARDIZED__GMM_DIAG__K6,907,0.5905732190227212,0.5807231983702572,0.0,5,18,13
R0_STANDARDIZED__GMM_DIAG__K6,908,0.506701686211717,0.6193181818181818,0.0,5,17,13
R0_STANDARDIZED__GMM_DIAG__K6,909,0.44185551402753465,0.6084090909090909,0.0,6,18,13
R0_STANDARDIZED__GMM_DIAG__K6,910,0.5063526435812429,0.5885861823361823,0.0625,3,20,13
R0_STANDARDIZED__GMM_DIAG__K6,911,0.6015906904238845,0.43482905982905984,0.0,5,19,13
R0_STANDARDIZED__GMM_DIAG__K6,912,0.4440033020165887,0.510260499734184,0.2,8,13,13
R0_STANDARDIZED__GMM_DIAG__K6,913,0.24948820108854597,0.24491785018100806,0.0,3,26,13
R0_STANDARDIZED__GMM_DIAG__K6,914,0.3761001283208695,0.4771825396825397,0.14285714285714285,3,21,13
R0_STANDARDIZED__GMM_DIAG__K6,915,0.40424066591681834,0.4230769230769231,0.0,8,13,13
R0_STANDARDIZED__GMM_DIAG__K6,916,0.4935816053039921,0.7046296296296296,0.25,4,26,13
R0_STANDARDIZED__GMM_DIAG__K6,917,0.32020746546732193,0.292965367965368,0.0,4,23,13
R0_STANDARDIZED__GMM_DIAG__K6,918,0.49673109315670766,0.5289855072463768,0.0,4,18,13
R0_STANDARDIZED__GMM_DIAG__K6,919,0.5174643046378039,0.5466988727858293,0.0,5,20,13
R0_STANDARDIZED__GMM_DIAG__K6,920,0.34462585772791055,0.3195970695970696,0.0,3,17,13
R0_STANDARDIZED__GMM_DIAG__K6,921,0.4528331667280476,0.6190476190476191,0.0,6,16,13
R0_STANDARDIZED__GMM_DIAG__K6,922,0.5878878131945565,0.5546525627794977,0.0,9,14,13
R0_STANDARDIZED__GMM_DIAG__K6,923,0.35945788116210037,0.5478072651985696,0.18181818181818182,7,19,13
R0_STANDARDIZED__GMM_DIAG__K6,924,0.39121951219512197,0.4206709956709957,0.0,8,16,13
R0_STANDARDIZED__GMM_DIAG__K6,925,0.44091817845242504,0.5108695652173912,0.0,3,17,13
R0_STANDARDIZED__GMM_DIAG__K6,926,0.5760661828582121,0.44418407679277244,0.0,4,23,13
R0_STANDARDIZED__GMM_DIAG__K6,927,0.5783683604006035,0.5796717171717171,0.16666666666666666,8,15,13
R0_STANDARDIZED__GMM_DIAG__K6,928,0.44331781191522696,0.6407365581278625,0.23809523809523808,5,19,13
R0_STANDARDIZED__GMM_DIAG__K6,929,0.4744751542590091,0.5230952380952382,0.0,3,21,13
R0_STANDARDIZED__GMM_DIAG__K6,930,0.529446217822942,0.7554485744140916,0.22727272727272727,6,23,13
R0_STANDARDIZED__GMM_DIAG__K6,931,0.4783372826299522,0.5996588693957116,0.0,1,29,13
R0_STANDARDIZED__GMM_DIAG__K6,932,0.40677483973159345,0.5159202317290553,0.1875,6,16,13
R0_STANDARDIZED__GMM_DIAG__K6,933,0.551878662530162,0.6910755148741418,0.21052631578947367,5,17,13
R0_STANDARDIZED__GMM_DIAG__K6,934,0.3742816091954023,0.506993006993007,0.0,5,17,13
R0_STANDARDIZED__GMM_DIAG__K6,935,0.5078252169701205,0.5555555555555555,0.0,7,14,13
R0_STANDARDIZED__GMM_DIAG__K6,936,0.385587025594043,0.47482756035387613,0.0,4,20,13
R0_STANDARDIZED__GMM_DIAG__K6,937,0.4785079074829243,0.6067251461988304,0.0,7,18,13
R0_STANDARDIZED__GMM_DIAG__K6,938,0.5013396821854688,0.5471028154851684,0.0,8,18,13
R0_STANDARDIZED__GMM_DIAG__K6,939,0.45451139556665626,0.5546772068511199,0.0,7,15,13
R0_STANDARDIZED__GMM_DIAG__K6,940,0.5216755690480848,0.5053163211057948,0.0,9,15,13
R0_STANDARDIZED__GMM_DIAG__K6,941,0.35238568512238627,0.5715152281648446,0.21739130434782608,6,16,13
R0_STANDARDIZED__GMM_DIAG__K6,942,0.36924051778763467,0.5906084656084656,0.1111111111111111,2,30,13
R0_STANDARDIZED__GMM_DIAG__K6,943,0.47009484988633693,0.48256461675579326,0.0,9,13,13
R0_STANDARDIZED__GMM_DIAG__K6,944,0.45586190882580885,0.6117424242424242,0.0,7,17,13
R0_STANDARDIZED__GMM_DIAG__K6,945,0.5768623441366334,0.5429735956051746,0.0,7,17,13
R0_STANDARDIZED__GMM_DIAG__K6,946,0.509209425653814,0.5071004159239453,0.18181818181818182,8,14,13
R0_STANDARDIZED__GMM_DIAG__K6,947,0.49705475424331436,0.5083937198067633,0.0,4,19,13
R0_STANDARDIZED__GMM_DIAG__K6,948,0.3701930053693223,0.5105555555555555,0.24,4,25,13
R0_STANDARDIZED__GMM_DIAG__K6,949,0.47460491036058156,0.5889694041867956,0.0,6,15,13
R0_STANDARDIZED__GMM_DIAG__K6,950,0.26698684787175886,0.3973290598290598,0.0,9,15,13
R0_STANDARDIZED__GMM_DIAG__K6,951,0.47837464563494947,0.5314729130518604,0.0,4,22,13
R0_STANDARDIZED__GMM_DIAG__K6,952,0.5311755986810582,0.4920634920634921,0.0,9,14,13
R0_STANDARDIZED__GMM_DIAG__K6,953,0.33943006960267175,0.38982976765585464,0.0,8,13,13
R0_STANDARDIZED__GMM_DIAG__K6,954,0.5396788216361905,0.6047101449275362,0.0,6,17,13
R0_STANDARDIZED__GMM_DIAG__K6,955,0.45462054294313564,0.4493434343434343,0.0,5,19,13
R0_STANDARDIZED__GMM_DIAG__K6,956,0.6193177577069493,0.6081217028585449,0.0,4,16,13
R0_STANDARDIZED__GMM_DIAG__K6,957,0.45845651952288713,0.5354506722793168,0.23076923076923078,9,13,13
R0_STANDARDIZED__GMM_DIAG__K6,958,0.6545251461479322,0.6622670807453416,0.0,6,20,13
R0_STANDARDIZED__GMM_DIAG__K6,959,0.42057847321005215,0.6311405985319029,0.23809523809523808,5,19,13
R0_STANDARDIZED__GMM_DIAG__K6,960,0.3711502862864766,0.4227743706910374,0.18181818181818182,4,16,13
R0_STANDARDIZED__GMM_DIAG__K6,961,0.5024709466320659,0.5132718159033948,0.0,3,16,13
R0_STANDARDIZED__GMM_DIAG__K6,962,0.4904481503124017,0.5952501604675517,0.15384615384615385,6,16,13
R0_STANDARDIZED__GMM_DIAG__K6,963,0.3813697727034357,0.5541774891774892,0.15,5,16,13
R0_STANDARDIZED__GMM_DIAG__K6,964,0.45122422072294943,0.46975308641975305,0.0,4,18,13
R0_STANDARDIZED__GMM_DIAG__K6,965,0.5962644798179012,0.6476190476190476,0.0,7,17,13
R0_STANDARDIZED__GMM_DIAG__K6,966,0.37830703488440914,0.40014248326268786,0.0,2,20,13
R0_STANDARDIZED__GMM_DIAG__K6,967,0.5006611184568718,0.5694013112491373,0.0,6,18,13
R0_STANDARDIZED__GMM_DIAG__K6,968,0.41157829596534534,0.46511544011544004,0.0,4,26,13
R0_STANDARDIZED__GMM_DIAG__K6,969,0.42026645135244245,0.4696969696969697,0.0,9,12,13
R0_STANDARDIZED__GMM_DIAG__K6,970,0.5064192272588987,0.5442294801562536,0.0,8,16,13
R0_STANDARDIZED__GMM_DIAG__K6,971,0.3485832786677106,0.3657598541809068,0.0,4,25,13
R0_STANDARDIZED__GMM_DIAG__K6,972,0.478697548349967,0.49572649572649574,0.0,9,12,13
R0_STANDARDIZED__GMM_DIAG__K6,973,0.4722155735792692,0.46507936507936515,0.0,8,15,13
R0_STANDARDIZED__GMM_DIAG__K6,974,0.3336299984791217,0.5040047436599161,0.05555555555555555,4,23,13
R0_STANDARDIZED__GMM_DIAG__K6,975,0.6328048623092408,0.5405723905723906,0.2,6,14,13
R0_STANDARDIZED__GMM_DIAG__K6,976,0.4428763073710536,0.587936507936508,0.0,6,17,13
R0_STANDARDIZED__GMM_DIAG__K6,977,0.4500846023688663,0.4688744588744589,0.0,5,18,13
R0_STANDARDIZED__GMM_DIAG__K6,978,0.38437735388123206,0.5744505494505495,0.19230769230769232,6,15,13
R0_STANDARDIZED__GMM_DIAG__K6,979,0.5464721212075956,0.4962722462722462,0.0,5,16,13
R0_STANDARDIZED__GMM_DIAG__K6,980,0.48212663737337874,0.4818447634237108,0.1,7,15,13
R0_STANDARDIZED__GMM_DIAG__K6,981,0.5366656317913692,0.6084656084656085,0.0,6,17,13
R0_STANDARDIZED__GMM_DIAG__K6,982,0.6599798435475356,0.5701058201058201,0.0,8,17,13
R0_STANDARDIZED__GMM_DIAG__K6,983,0.48663351515549813,0.6216787439613526,0.0,6,17,13
R0_STANDARDIZED__GMM_DIAG__K6,984,0.49667175572519084,0.6097222222222222,0.0,5,18,13
R0_STANDARDIZED__GMM_DIAG__K6,985,0.5069229636176167,0.496791220475431,0.08333333333333333,8,13,13
R0_STANDARDIZED__GMM_DIAG__K6,986,0.49781198128866755,0.48930646013025875,0.0,8,14,13
R0_STANDARDIZED__GMM_DIAG__K6,987,0.5613738320167367,0.6557017543859649,0.0,5,19,13
R0_STANDARDIZED__GMM_DIAG__K6,988,0.5084726224783862,0.547970547970548,0.0,5,21,13
R0_STANDARDIZED__GMM_DIAG__K6,989,0.5237460996834851,0.6684149184149185,0.18181818181818182,5,20,13
R0_STANDARDIZED__GMM_DIAG__K6,990,0.4786502478810171,0.5943963443963444,0.23809523809523808,5,17,13
R0_STANDARDIZED__GMM_DIAG__K6,991,0.46735466197507397,0.6093406593406593,0.3,6,19,13
R0_STANDARDIZED__GMM_DIAG__K6,992,0.40341122548651287,0.4148490398490398,0.0,5,16,13
R0_STANDARDIZED__GMM_DIAG__K6,993,0.26084300549786194,0.5637121212121213,0.22727272727272727,5,21,13
R0_STANDARDIZED__GMM_DIAG__K6,994,0.42028633310753133,0.4804547304547304,0.0,9,16,13
R0_STANDARDIZED__GMM_DIAG__K6,995,0.34742349350953056,0.6201690821256038,0.2857142857142857,6,23,13
R0_STANDARDIZED__GMM_DIAG__K6,996,0.4520320231773237,0.41953675409557767,0.0,4,16,13
R0_STANDARDIZED__GMM_DIAG__K6,997,0.3992512356349296,0.4064558629776021,0.0,5,19,13
R0_STANDARDIZED__GMM_DIAG__K6,998,0.39467919128881274,0.4501979501979501,0.14285714285714285,8,14,13
R0_STANDARDIZED__GMM_DIAG__K6,999,0.40962350373966255,0.439703425229741,0.0,8,13,13
R0_STANDARDIZED__GMM_DIAG__K6,1000,0.4124682776122697,0.6054750402576489,0.2608695652173913,6,22,13
R0_STANDARDIZED__HAC_WARD__K2,1,1.0,1.0,1.0,8,57,13
R0_STANDARDIZED__HAC_WARD__K2,2,1.0,1.0,1.0,10,55,13
R0_STANDARDIZED__HAC_WARD__K2,3,1.0,1.0,1.0,11,54,13
R0_STANDARDIZED__HAC_WARD__K2,4,1.0,1.0,1.0,13,52,13
R0_STANDARDIZED__HAC_WARD__K2,5,1.0,1.0,1.0,12,53,13
R0_STANDARDIZED__HAC_WARD__K2,6,1.0,1.0,1.0,10,55,13
R0_STANDARDIZED__HAC_WARD__K2,7,1.0,1.0,1.0,9,56,13
R0_STANDARDIZED__HAC_WARD__K2,8,1.0,1.0,1.0,10,55,13
R0_STANDARDIZED__HAC_WARD__K2,9,1.0,1.0,1.0,10,55,13
R0_STANDARDIZED__HAC_WARD__K2,10,1.0,1.0,1.0,9,56,13
R0_STANDARDIZED__HAC_WARD__K2,11,1.0,1.0,1.0,9,56,13
R0_STANDARDIZED__HAC_WARD__K2,12,1.0,1.0,1.0,10,55,13
R0_STANDARDIZED__HAC_WARD__K2,13,1.0,1.0,1.0,8,57,13
R0_STANDARDIZED__HAC_WARD__K2,14,1.0,1.0,1.0,13,52,13
R0_STANDARDIZED__HAC_WARD__K2,15,1.0,1.0,1.0,9,56,13
R0_STANDARDIZED__HAC_WARD__K2,16,1.0,1.0,1.0,12,53,13
R0_STANDARDIZED__HAC_WARD__K2,17,1.0,1.0,1.0,11,54,13
R0_STANDARDIZED__HAC_WARD__K2,18,1.0,1.0,1.0,11,54,13
R0_STANDARDIZED__HAC_WARD__K2,19,1.0,1.0,1.0,12,53,13
R0_STANDARDIZED__HAC_WARD__K2,20,1.0,1.0,1.0,11,54,13
R0_STANDARDIZED__HAC_WARD__K2,21,1.0,1.0,1.0,11,54,13
R0_STANDARDIZED__HAC_WARD__K2,22,1.0,1.0,1.0,8,57,13
R0_STANDARDIZED__HAC_WARD__K2,23,1.0,1.0,1.0,10,55,13
R0_STANDARDIZED__HAC_WARD__K2,24,1.0,1.0,1.0,11,54,13
R0_STANDARDIZED__HAC_WARD__K2,25,1.0,1.0,1.0,10,55,13
R0_STANDARDIZED__HAC_WARD__K2,26,1.0,1.0,1.0,11,54,13
R0_STANDARDIZED__HAC_WARD__K2,27,1.0,1.0,1.0,10,55,13
R0_STANDARDIZED__HAC_WARD__K2,28,1.0,1.0,1.0,11,54,13
R0_STANDARDIZED__HAC_WARD__K2,29,1.0,1.0,1.0,12,53,13
R0_STANDARDIZED__HAC_WARD__K2,30,1.0,1.0,1.0,12,53,13
R0_STANDARDIZED__HAC_WARD__K2,31,1.0,1.0,1.0,10,55,13
R0_STANDARDIZED__HAC_WARD__K2,32,1.0,1.0,1.0,13,52,13
R0_STANDARDIZED__HAC_WARD__K2,33,1.0,1.0,1.0,11,54,13
R0_STANDARDIZED__HAC_WARD__K2,34,1.0,1.0,1.0,10,55,13
R0_STANDARDIZED__HAC_WARD__K2,35,1.0,1.0,1.0,10,55,13
R0_STANDARDIZED__HAC_WARD__K2,36,1.0,1.0,1.0,11,54,13
R0_STANDARDIZED__HAC_WARD__K2,37,1.0,1.0,1.0,10,55,13
R0_STANDARDIZED__HAC_WARD__K2,38,1.0,1.0,1.0,7,58,13
R0_STANDARDIZED__HAC_WARD__K2,39,1.0,1.0,1.0,10,55,13
R0_STANDARDIZED__HAC_WARD__K2,40,1.0,1.0,1.0,10,55,13
R0_STANDARDIZED__HAC_WARD__K2,41,1.0,1.0,1.0,12,53,13
R0_STANDARDIZED__HAC_WARD__K2,42,1.0,1.0,1.0,12,53,13
R0_STANDARDIZED__HAC_WARD__K2,43,1.0,1.0,1.0,9,56,13
R0_STANDARDIZED__HAC_WARD__K2,44,1.0,1.0,1.0,11,54,13
R0_STANDARDIZED__HAC_WARD__K2,45,1.0,1.0,1.0,11,54,13
R0_STANDARDIZED__HAC_WARD__K2,46,1.0,1.0,1.0,10,55,13
R0_STANDARDIZED__HAC_WARD__K2,47,1.0,1.0,1.0,9,56,13
R0_STANDARDIZED__HAC_WARD__K2,48,0.7933783662535089,0.8650793650793651,0.7857142857142857,14,51,13
R0_STANDARDIZED__HAC_WARD__K2,49,1.0,1.0,1.0,11,54,13
R0_STANDARDIZED__HAC_WARD__K2,50,1.0,1.0,1.0,13,52,13
R0_STANDARDIZED__HAC_WARD__K2,51,1.0,1.0,1.0,12,53,13
R0_STANDARDIZED__HAC_WARD__K2,52,1.0,1.0,1.0,11,54,13
R0_STANDARDIZED__HAC_WARD__K2,53,1.0,1.0,1.0,10,55,13
R0_STANDARDIZED__HAC_WARD__K2,54,1.0,1.0,1.0,10,55,13
R0_STANDARDIZED__HAC_WARD__K2,55,1.0,1.0,1.0,11,54,13
R0_STANDARDIZED__HAC_WARD__K2,56,1.0,1.0,1.0,7,58,13
R0_STANDARDIZED__HAC_WARD__K2,57,1.0,1.0,1.0,10,55,13
R0_STANDARDIZED__HAC_WARD__K2,58,1.0,1.0,1.0,11,54,13
R0_STANDARDIZED__HAC_WARD__K2,59,1.0,1.0,1.0,11,54,13
R0_STANDARDIZED__HAC_WARD__K2,60,1.0,1.0,1.0,11,54,13
R0_STANDARDIZED__HAC_WARD__K2,61,1.0,1.0,1.0,9,56,13
R0_STANDARDIZED__HAC_WARD__K2,62,1.0,1.0,1.0,12,53,13
R0_STANDARDIZED__HAC_WARD__K2,63,1.0,1.0,1.0,9,56,13
R0_STANDARDIZED__HAC_WARD__K2,64,1.0,1.0,1.0,10,55,13
R0_STANDARDIZED__HAC_WARD__K2,65,1.0,1.0,1.0,10,55,13
R0_STANDARDIZED__HAC_WARD__K2,66,1.0,1.0,1.0,10,55,13
R0_STANDARDIZED__HAC_WARD__K2,67,1.0,1.0,1.0,9,56,13
R0_STANDARDIZED__HAC_WARD__K2,68,1.0,1.0,1.0,12,53,13
R0_STANDARDIZED__HAC_WARD__K2,69,1.0,1.0,1.0,11,54,13
R0_STANDARDIZED__HAC_WARD__K2,70,1.0,1.0,1.0,11,54,13
R0_STANDARDIZED__HAC_WARD__K2,71,1.0,1.0,1.0,8,57,13
R0_STANDARDIZED__HAC_WARD__K2,72,1.0,1.0,1.0,10,55,13
R0_STANDARDIZED__HAC_WARD__K2,73,1.0,1.0,1.0,9,56,13
R0_STANDARDIZED__HAC_WARD__K2,74,1.0,1.0,1.0,9,56,13
R0_STANDARDIZED__HAC_WARD__K2,75,1.0,1.0,1.0,10,55,13
R0_STANDARDIZED__HAC_WARD__K2,76,1.0,1.0,1.0,9,56,13
R0_STANDARDIZED__HAC_WARD__K2,77,1.0,1.0,1.0,10,55,13
R0_STANDARDIZED__HAC_WARD__K2,78,1.0,1.0,1.0,10,55,13
R0_STANDARDIZED__HAC_WARD__K2,79,1.0,1.0,1.0,11,54,13
R0_STANDARDIZED__HAC_WARD__K2,80,1.0,1.0,1.0,9,56,13
R0_STANDARDIZED__HAC_WARD__K2,81,1.0,1.0,1.0,12,53,13
R0_STANDARDIZED__HAC_WARD__K2,82,1.0,1.0,1.0,8,57,13
R0_STANDARDIZED__HAC_WARD__K2,83,1.0,1.0,1.0,12,53,13
R0_STANDARDIZED__HAC_WARD__K2,84,1.0,1.0,1.0,11,54,13
R0_STANDARDIZED__HAC_WARD__K2,85,1.0,1.0,1.0,10,55,13
R0_STANDARDIZED__HAC_WARD__K2,86,1.0,1.0,1.0,11,54,13
R0_STANDARDIZED__HAC_WARD__K2,87,1.0,1.0,1.0,12,53,13
R0_STANDARDIZED__HAC_WARD__K2,88,1.0,1.0,1.0,11,54,13
R0_STANDARDIZED__HAC_WARD__K2,89,1.0,1.0,1.0,9,56,13
R0_STANDARDIZED__HAC_WARD__K2,90,1.0,1.0,1.0,11,54,13
R0_STANDARDIZED__HAC_WARD__K2,91,1.0,1.0,1.0,10,55,13
R0_STANDARDIZED__HAC_WARD__K2,92,1.0,1.0,1.0,10,55,13
R0_STANDARDIZED__HAC_WARD__K2,93,1.0,1.0,1.0,12,53,13
R0_STANDARDIZED__HAC_WARD__K2,94,1.0,1.0,1.0,11,54,13
R0_STANDARDIZED__HAC_WARD__K2,95,0.7644239200327352,0.8373205741626795,0.7272727272727273,11,54,13
R0_STANDARDIZED__HAC_WARD__K2,96,1.0,1.0,1.0,13,52,13
R0_STANDARDIZED__HAC_WARD__K2,97,1.0,1.0,1.0,9,56,13
R0_STANDARDIZED__HAC_WARD__K2,98,1.0,1.0,1.0,10,55,13
R0_STANDARDIZED__HAC_WARD__K2,99,1.0,1.0,1.0,9,56,13
R0_STANDARDIZED__HAC_WARD__K2,100,1.0,1.0,1.0,12,53,13
R0_STANDARDIZED__HAC_WARD__K2,101,1.0,1.0,1.0,10,55,13
R0_STANDARDIZED__HAC_WARD__K2,102,1.0,1.0,1.0,10,55,13
R0_STANDARDIZED__HAC_WARD__K2,103,1.0,1.0,1.0,11,54,13
R0_STANDARDIZED__HAC_WARD__K2,104,1.0,1.0,1.0,11,54,13
R0_STANDARDIZED__HAC_WARD__K2,105,1.0,1.0,1.0,10,55,13
R0_STANDARDIZED__HAC_WARD__K2,106,1.0,1.0,1.0,12,53,13
R0_STANDARDIZED__HAC_WARD__K2,107,1.0,1.0,1.0,12,53,13
R0_STANDARDIZED__HAC_WARD__K2,108,1.0,1.0,1.0,12,53,13
R0_STANDARDIZED__HAC_WARD__K2,109,1.0,1.0,1.0,9,56,13
R0_STANDARDIZED__HAC_WARD__K2,110,1.0,1.0,1.0,10,55,13
R0_STANDARDIZED__HAC_WARD__K2,111,1.0,1.0,1.0,9,56,13
R0_STANDARDIZED__HAC_WARD__K2,112,1.0,1.0,1.0,10,55,13
R0_STANDARDIZED__HAC_WARD__K2,113,1.0,1.0,1.0,11,54,13
R0_STANDARDIZED__HAC_WARD__K2,114,1.0,1.0,1.0,9,56,13
R0_STANDARDIZED__HAC_WARD__K2,115,1.0,1.0,1.0,11,54,13
R0_STANDARDIZED__HAC_WARD__K2,116,1.0,1.0,1.0,10,55,13
R0_STANDARDIZED__HAC_WARD__K2,117,1.0,1.0,1.0,11,54,13
R0_STANDARDIZED__HAC_WARD__K2,118,1.0,1.0,1.0,13,52,13
R0_STANDARDIZED__HAC_WARD__K2,119,1.0,1.0,1.0,10,55,13
R0_STANDARDIZED__HAC_WARD__K2,120,1.0,1.0,1.0,11,54,13
R0_STANDARDIZED__HAC_WARD__K2,121,1.0,1.0,1.0,12,53,13
R0_STANDARDIZED__HAC_WARD__K2,122,1.0,1.0,1.0,12,53,13
R0_STANDARDIZED__HAC_WARD__K2,123,1.0,1.0,1.0,9,56,13
R0_STANDARDIZED__HAC_WARD__K2,124,1.0,1.0,1.0,11,54,13
R0_STANDARDIZED__HAC_WARD__K2,125,1.0,1.0,1.0,12,53,13
R0_STANDARDIZED__HAC_WARD__K2,126,1.0,1.0,1.0,11,54,13
R0_STANDARDIZED__HAC_WARD__K2,127,1.0,1.0,1.0,11,54,13
R0_STANDARDIZED__HAC_WARD__K2,128,1.0,1.0,1.0,11,54,13
R0_STANDARDIZED__HAC_WARD__K2,129,1.0,1.0,1.0,12,53,13
R0_STANDARDIZED__HAC_WARD__K2,130,1.0,1.0,1.0,11,54,13
R0_STANDARDIZED__HAC_WARD__K2,131,1.0,1.0,1.0,11,54,13
R0_STANDARDIZED__HAC_WARD__K2,132,1.0,1.0,1.0,13,52,13
R0_STANDARDIZED__HAC_WARD__K2,133,1.0,1.0,1.0,8,57,13
R0_STANDARDIZED__HAC_WARD__K2,134,1.0,1.0,1.0,13,52,13
R0_STANDARDIZED__HAC_WARD__K2,135,1.0,1.0,1.0,9,56,13
R0_STANDARDIZED__HAC_WARD__K2,136,1.0,1.0,1.0,11,54,13
R0_STANDARDIZED__HAC_WARD__K2,137,1.0,1.0,1.0,11,54,13
R0_STANDARDIZED__HAC_WARD__K2,138,1.0,1.0,1.0,11,54,13
R0_STANDARDIZED__HAC_WARD__K2,139,1.0,1.0,1.0,11,54,13
R0_STANDARDIZED__HAC_WARD__K2,140,1.0,1.0,1.0,9,56,13
R0_STANDARDIZED__HAC_WARD__K2,141,1.0,1.0,1.0,9,56,13
R0_STANDARDIZED__HAC_WARD__K2,142,1.0,1.0,1.0,8,57,13
R0_STANDARDIZED__HAC_WARD__K2,143,1.0,1.0,1.0,12,53,13
R0_STANDARDIZED__HAC_WARD__K2,144,1.0,1.0,1.0,11,54,13
R0_STANDARDIZED__HAC_WARD__K2,145,1.0,1.0,1.0,7,58,13
R0_STANDARDIZED__HAC_WARD__K2,146,1.0,1.0,1.0,9,56,13
R0_STANDARDIZED__HAC_WARD__K2,147,1.0,1.0,1.0,12,53,13
R0_STANDARDIZED__HAC_WARD__K2,148,1.0,1.0,1.0,8,57,13
R0_STANDARDIZED__HAC_WARD__K2,149,1.0,1.0,1.0,8,57,13
R0_STANDARDIZED__HAC_WARD__K2,150,1.0,1.0,1.0,11,54,13
R0_STANDARDIZED__HAC_WARD__K2,151,1.0,1.0,1.0,11,54,13
R0_STANDARDIZED__HAC_WARD__K2,152,1.0,1.0,1.0,11,54,13
R0_STANDARDIZED__HAC_WARD__K2,153,1.0,1.0,1.0,8,57,13
R0_STANDARDIZED__HAC_WARD__K2,154,1.0,1.0,1.0,13,52,13
R0_STANDARDIZED__HAC_WARD__K2,155,1.0,1.0,1.0,11,54,13
R0_STANDARDIZED__HAC_WARD__K2,156,0.9261606184048209,0.9490740740740741,0.9166666666666666,12,53,13
R0_STANDARDIZED__HAC_WARD__K2,157,1.0,1.0,1.0,11,54,13
R0_STANDARDIZED__HAC_WARD__K2,158,1.0,1.0,1.0,11,54,13
R0_STANDARDIZED__HAC_WARD__K2,159,1.0,1.0,1.0,10,55,13
R0_STANDARDIZED__HAC_WARD__K2,160,1.0,1.0,1.0,10,55,13
R0_STANDARDIZED__HAC_WARD__K2,161,1.0,1.0,1.0,11,54,13
R0_STANDARDIZED__HAC_WARD__K2,162,1.0,1.0,1.0,12,53,13
R0_STANDARDIZED__HAC_WARD__K2,163,1.0,1.0,1.0,10,55,13
R0_STANDARDIZED__HAC_WARD__K2,164,1.0,1.0,1.0,8,57,13
R0_STANDARDIZED__HAC_WARD__K2,165,1.0,1.0,1.0,10,55,13
R0_STANDARDIZED__HAC_WARD__K2,166,1.0,1.0,1.0,9,56,13
R0_STANDARDIZED__HAC_WARD__K2,167,1.0,1.0,1.0,12,53,13
R0_STANDARDIZED__HAC_WARD__K2,168,1.0,1.0,1.0,11,54,13
R0_STANDARDIZED__HAC_WARD__K2,169,0.7994276471320144,0.8716981132075472,0.8,15,50,13
R0_STANDARDIZED__HAC_WARD__K2,170,1.0,1.0,1.0,10,55,13
R0_STANDARDIZED__HAC_WARD__K2,171,1.0,1.0,1.0,10,55,13
R0_STANDARDIZED__HAC_WARD__K2,172,1.0,1.0,1.0,10,55,13
R0_STANDARDIZED__HAC_WARD__K2,173,1.0,1.0,1.0,10,55,13
R0_STANDARDIZED__HAC_WARD__K2,174,1.0,1.0,1.0,9,56,13
R0_STANDARDIZED__HAC_WARD__K2,175,1.0,1.0,1.0,11,54,13
R0_STANDARDIZED__HAC_WARD__K2,176,1.0,1.0,1.0,9,56,13
R0_STANDARDIZED__HAC_WARD__K2,177,1.0,1.0,1.0,10,55,13
R0_STANDARDIZED__HAC_WARD__K2,178,1.0,1.0,1.0,13,52,13
R0_STANDARDIZED__HAC_WARD__K2,179,1.0,1.0,1.0,11,54,13
R0_STANDARDIZED__HAC_WARD__K2,180,1.0,1.0,1.0,11,54,13
R0_STANDARDIZED__HAC_WARD__K2,181,1.0,1.0,1.0,12,53,13
R0_STANDARDIZED__HAC_WARD__K2,182,1.0,1.0,1.0,11,54,13
R0_STANDARDIZED__HAC_WARD__K2,183,1.0,1.0,1.0,11,54,13
R0_STANDARDIZED__HAC_WARD__K2,184,1.0,1.0,1.0,10,55,13
R0_STANDARDIZED__HAC_WARD__K2,185,1.0,1.0,1.0,9,56,13
R0_STANDARDIZED__HAC_WARD__K2,186,1.0,1.0,1.0,12,53,13
R0_STANDARDIZED__HAC_WARD__K2,187,1.0,1.0,1.0,10,55,13
R0_STANDARDIZED__HAC_WARD__K2,188,1.0,1.0,1.0,10,55,13
R0_STANDARDIZED__HAC_WARD__K2,189,1.0,1.0,1.0,10,55,13
R0_STANDARDIZED__HAC_WARD__K2,190,1.0,1.0,1.0,12,53,13
R0_STANDARDIZED__HAC_WARD__K2,191,1.0,1.0,1.0,9,56,13
R0_STANDARDIZED__HAC_WARD__K2,192,1.0,1.0,1.0,12,53,13
R0_STANDARDIZED__HAC_WARD__K2,193,1.0,1.0,1.0,12,53,13
R0_STANDARDIZED__HAC_WARD__K2,194,1.0,1.0,1.0,10,55,13
R0_STANDARDIZED__HAC_WARD__K2,195,1.0,1.0,1.0,10,55,13
R0_STANDARDIZED__HAC_WARD__K2,196,1.0,1.0,1.0,12,53,13
R0_STANDARDIZED__HAC_WARD__K2,197,1.0,1.0,1.0,11,54,13
R0_STANDARDIZED__HAC_WARD__K2,198,1.0,1.0,1.0,10,55,13
R0_STANDARDIZED__HAC_WARD__K2,199,1.0,1.0,1.0,12,53,13
R0_STANDARDIZED__HAC_WARD__K2,200,1.0,1.0,1.0,10,55,13
R0_STANDARDIZED__HAC_WARD__K2,201,1.0,1.0,1.0,11,54,13
R0_STANDARDIZED__HAC_WARD__K2,202,1.0,1.0,1.0,11,54,13
R0_STANDARDIZED__HAC_WARD__K2,203,1.0,1.0,1.0,8,57,13
R0_STANDARDIZED__HAC_WARD__K2,204,1.0,1.0,1.0,9,56,13
R0_STANDARDIZED__HAC_WARD__K2,205,1.0,1.0,1.0,11,54,13
R0_STANDARDIZED__HAC_WARD__K2,206,1.0,1.0,1.0,8,57,13
R0_STANDARDIZED__HAC_WARD__K2,207,1.0,1.0,1.0,10,55,13
R0_STANDARDIZED__HAC_WARD__K2,208,1.0,1.0,1.0,12,53,13
R0_STANDARDIZED__HAC_WARD__K2,209,1.0,1.0,1.0,11,54,13
R0_STANDARDIZED__HAC_WARD__K2,210,1.0,1.0,1.0,12,53,13
R0_STANDARDIZED__HAC_WARD__K2,211,1.0,1.0,1.0,6,59,13
R0_STANDARDIZED__HAC_WARD__K2,212,1.0,1.0,1.0,11,54,13
R0_STANDARDIZED__HAC_WARD__K2,213,1.0,1.0,1.0,9,56,13
R0_STANDARDIZED__HAC_WARD__K2,214,1.0,1.0,1.0,13,52,13
R0_STANDARDIZED__HAC_WARD__K2,215,1.0,1.0,1.0,11,54,13
R0_STANDARDIZED__HAC_WARD__K2,216,1.0,1.0,1.0,10,55,13
R0_STANDARDIZED__HAC_WARD__K2,217,1.0,1.0,1.0,12,53,13
R0_STANDARDIZED__HAC_WARD__K2,218,1.0,1.0,1.0,9,56,13
R0_STANDARDIZED__HAC_WARD__K2,219,1.0,1.0,1.0,10,55,13
R0_STANDARDIZED__HAC_WARD__K2,220,1.0,1.0,1.0,11,54,13
R0_STANDARDIZED__HAC_WARD__K2,221,1.0,1.0,1.0,11,54,13
R0_STANDARDIZED__HAC_WARD__K2,222,1.0,1.0,1.0,9,56,13
R0_STANDARDIZED__HAC_WARD__K2,223,1.0,1.0,1.0,12,53,13
R0_STANDARDIZED__HAC_WARD__K2,224,1.0,1.0,1.0,13,52,13
R0_STANDARDIZED__HAC_WARD__K2,225,1.0,1.0,1.0,10,55,13
R0_STANDARDIZED__HAC_WARD__K2,226,1.0,1.0,1.0,9,56,13
R0_STANDARDIZED__HAC_WARD__K2,227,1.0,1.0,1.0,8,57,13
R0_STANDARDIZED__HAC_WARD__K2,228,1.0,1.0,1.0,9,56,13
R0_STANDARDIZED__HAC_WARD__K2,229,1.0,1.0,1.0,9,56,13
R0_STANDARDIZED__HAC_WARD__K2,230,1.0,1.0,1.0,11,54,13
R0_STANDARDIZED__HAC_WARD__K2,231,1.0,1.0,1.0,10,55,13
R0_STANDARDIZED__HAC_WARD__K2,232,1.0,1.0,1.0,11,54,13
R0_STANDARDIZED__HAC_WARD__K2,233,1.0,1.0,1.0,10,55,13
R0_STANDARDIZED__HAC_WARD__K2,234,1.0,1.0,1.0,9,56,13
R0_STANDARDIZED__HAC_WARD__K2,235,1.0,1.0,1.0,12,53,13
R0_STANDARDIZED__HAC_WARD__K2,236,1.0,1.0,1.0,11,54,13
R0_STANDARDIZED__HAC_WARD__K2,237,1.0,1.0,1.0,11,54,13
R0_STANDARDIZED__HAC_WARD__K2,238,1.0,1.0,1.0,11,54,13
R0_STANDARDIZED__HAC_WARD__K2,239,1.0,1.0,1.0,12,53,13
R0_STANDARDIZED__HAC_WARD__K2,240,1.0,1.0,1.0,9,56,13
R0_STANDARDIZED__HAC_WARD__K2,241,1.0,1.0,1.0,13,52,13
R0_STANDARDIZED__HAC_WARD__K2,242,1.0,1.0,1.0,10,55,13
R0_STANDARDIZED__HAC_WARD__K2,243,1.0,1.0,1.0,13,52,13
R0_STANDARDIZED__HAC_WARD__K2,244,1.0,1.0,1.0,11,54,13
R0_STANDARDIZED__HAC_WARD__K2,245,1.0,1.0,1.0,12,53,13
R0_STANDARDIZED__HAC_WARD__K2,246,1.0,1.0,1.0,12,53,13
R0_STANDARDIZED__HAC_WARD__K2,247,1.0,1.0,1.0,10,55,13
R0_STANDARDIZED__HAC_WARD__K2,248,1.0,1.0,1.0,12,53,13
R0_STANDARDIZED__HAC_WARD__K2,249,1.0,1.0,1.0,11,54,13
R0_STANDARDIZED__HAC_WARD__K2,250,1.0,1.0,1.0,12,53,13
R0_STANDARDIZED__HAC_WARD__K2,251,1.0,1.0,1.0,11,54,13
R0_STANDARDIZED__HAC_WARD__K2,252,1.0,1.0,1.0,11,54,13
R0_STANDARDIZED__HAC_WARD__K2,253,1.0,1.0,1.0,10,55,13
R0_STANDARDIZED__HAC_WARD__K2,254,1.0,1.0,1.0,10,55,13
R0_STANDARDIZED__HAC_WARD__K2,255,1.0,1.0,1.0,13,52,13
R0_STANDARDIZED__HAC_WARD__K2,256,1.0,1.0,1.0,10,55,13
R0_STANDARDIZED__HAC_WARD__K2,257,1.0,1.0,1.0,10,55,13
R0_STANDARDIZED__HAC_WARD__K2,258,0.6249755525132017,0.7679738562091503,0.6470588235294118,17,48,13
R0_STANDARDIZED__HAC_WARD__K2,259,1.0,1.0,1.0,8,57,13
R0_STANDARDIZED__HAC_WARD__K2,260,1.0,1.0,1.0,11,54,13
R0_STANDARDIZED__HAC_WARD__K2,261,1.0,1.0,1.0,12,53,13
R0_STANDARDIZED__HAC_WARD__K2,262,1.0,1.0,1.0,11,54,13
R0_STANDARDIZED__HAC_WARD__K2,263,1.0,1.0,1.0,11,54,13
R0_STANDARDIZED__HAC_WARD__K2,264,1.0,1.0,1.0,12,53,13
R0_STANDARDIZED__HAC_WARD__K2,265,1.0,1.0,1.0,8,57,13
R0_STANDARDIZED__HAC_WARD__K2,266,1.0,1.0,1.0,13,52,13
R0_STANDARDIZED__HAC_WARD__K2,267,1.0,1.0,1.0,12,53,13
R0_STANDARDIZED__HAC_WARD__K2,268,1.0,1.0,1.0,9,56,13
R0_STANDARDIZED__HAC_WARD__K2,269,1.0,1.0,1.0,10,55,13
R0_STANDARDIZED__HAC_WARD__K2,270,1.0,1.0,1.0,10,55,13
R0_STANDARDIZED__HAC_WARD__K2,271,0.9228790582346534,0.9454545454545454,0.9090909090909091,10,55,13
R0_STANDARDIZED__HAC_WARD__K2,272,1.0,1.0,1.0,10,55,13
R0_STANDARDIZED__HAC_WARD__K2,273,1.0,1.0,1.0,7,58,13
R0_STANDARDIZED__HAC_WARD__K2,274,1.0,1.0,1.0,11,54,13
R0_STANDARDIZED__HAC_WARD__K2,275,1.0,1.0,1.0,8,57,13
R0_STANDARDIZED__HAC_WARD__K2,276,0.9228790582346534,0.9454545454545454,0.9090909090909091,10,55,13
R0_STANDARDIZED__HAC_WARD__K2,277,1.0,1.0,1.0,11,54,13
R0_STANDARDIZED__HAC_WARD__K2,278,1.0,1.0,1.0,10,55,13
R0_STANDARDIZED__HAC_WARD__K2,279,1.0,1.0,1.0,12,53,13
R0_STANDARDIZED__HAC_WARD__K2,280,1.0,1.0,1.0,12,53,13
R0_STANDARDIZED__HAC_WARD__K2,281,1.0,1.0,1.0,12,53,13
R0_STANDARDIZED__HAC_WARD__K2,282,1.0,1.0,1.0,12,53,13
R0_STANDARDIZED__HAC_WARD__K2,283,1.0,1.0,1.0,11,54,13
R0_STANDARDIZED__HAC_WARD__K2,284,1.0,1.0,1.0,8,57,13
R0_STANDARDIZED__HAC_WARD__K2,285,1.0,1.0,1.0,12,53,13
R0_STANDARDIZED__HAC_WARD__K2,286,0.9133982846198684,0.935672514619883,0.8888888888888888,8,57,13
R0_STANDARDIZED__HAC_WARD__K2,287,1.0,1.0,1.0,10,55,13
R0_STANDARDIZED__HAC_WARD__K2,288,1.0,1.0,1.0,9,56,13
R0_STANDARDIZED__HAC_WARD__K2,289,1.0,1.0,1.0,12,53,13
R0_STANDARDIZED__HAC_WARD__K2,290,1.0,1.0,1.0,10,55,13
R0_STANDARDIZED__HAC_WARD__K2,291,1.0,1.0,1.0,9,56,13
R0_STANDARDIZED__HAC_WARD__K2,292,1.0,1.0,1.0,10,55,13
R0_STANDARDIZED__HAC_WARD__K2,293,1.0,1.0,1.0,10,55,13
R0_STANDARDIZED__HAC_WARD__K2,294,1.0,1.0,1.0,10,55,13
R0_STANDARDIZED__HAC_WARD__K2,295,1.0,1.0,1.0,10,55,13
R0_STANDARDIZED__HAC_WARD__K2,296,1.0,1.0,1.0,11,54,13
R0_STANDARDIZED__HAC_WARD__K2,297,1.0,1.0,1.0,8,57,13
R0_STANDARDIZED__HAC_WARD__K2,298,1.0,1.0,1.0,10,55,13
R0_STANDARDIZED__HAC_WARD__K2,299,1.0,1.0,1.0,11,54,13
R0_STANDARDIZED__HAC_WARD__K2,300,1.0,1.0,1.0,11,54,13
R0_STANDARDIZED__HAC_WARD__K2,301,1.0,1.0,1.0,10,55,13
R0_STANDARDIZED__HAC_WARD__K2,302,1.0,1.0,1.0,10,55,13
R0_STANDARDIZED__HAC_WARD__K2,303,1.0,1.0,1.0,12,53,13
R0_STANDARDIZED__HAC_WARD__K2,304,1.0,1.0,1.0,9,56,13
R0_STANDARDIZED__HAC_WARD__K2,305,1.0,1.0,1.0,12,53,13
R0_STANDARDIZED__HAC_WARD__K2,306,1.0,1.0,1.0,8,57,13
R0_STANDARDIZED__HAC_WARD__K2,307,1.0,1.0,1.0,11,54,13
R0_STANDARDIZED__HAC_WARD__K2,308,1.0,1.0,1.0,9,56,13
R0_STANDARDIZED__HAC_WARD__K2,309,1.0,1.0,1.0,10,55,13
R0_STANDARDIZED__HAC_WARD__K2,310,1.0,1.0,1.0,13,52,13
R0_STANDARDIZED__HAC_WARD__K2,311,1.0,1.0,1.0,10,55,13
R0_STANDARDIZED__HAC_WARD__K2,312,1.0,1.0,1.0,13,52,13
R0_STANDARDIZED__HAC_WARD__K2,313,1.0,1.0,1.0,9,56,13
R0_STANDARDIZED__HAC_WARD__K2,314,1.0,1.0,1.0,8,57,13
R0_STANDARDIZED__HAC_WARD__K2,315,1.0,1.0,1.0,11,54,13
R0_STANDARDIZED__HAC_WARD__K2,316,0.9261606184048209,0.9490740740740741,0.9166666666666666,12,53,13
R0_STANDARDIZED__HAC_WARD__K2,317,1.0,1.0,1.0,11,54,13
R0_STANDARDIZED__HAC_WARD__K2,318,1.0,1.0,1.0,8,57,13
R0_STANDARDIZED__HAC_WARD__K2,319,1.0,1.0,1.0,9,56,13
R0_STANDARDIZED__HAC_WARD__K2,320,1.0,1.0,1.0,11,54,13
R0_STANDARDIZED__HAC_WARD__K2,321,1.0,1.0,1.0,11,54,13
R0_STANDARDIZED__HAC_WARD__K2,322,1.0,1.0,1.0,8,57,13
R0_STANDARDIZED__HAC_WARD__K2,323,1.0,1.0,1.0,8,57,13
R0_STANDARDIZED__HAC_WARD__K2,324,1.0,1.0,1.0,10,55,13
R0_STANDARDIZED__HAC_WARD__K2,325,1.0,1.0,1.0,11,54,13
R0_STANDARDIZED__HAC_WARD__K2,326,1.0,1.0,1.0,10,55,13
R0_STANDARDIZED__HAC_WARD__K2,327,1.0,1.0,1.0,11,54,13
R0_STANDARDIZED__HAC_WARD__K2,328,1.0,1.0,1.0,11,54,13
R0_STANDARDIZED__HAC_WARD__K2,329,1.0,1.0,1.0,12,53,13
R0_STANDARDIZED__HAC_WARD__K2,330,1.0,1.0,1.0,8,57,13
R0_STANDARDIZED__HAC_WARD__K2,331,1.0,1.0,1.0,12,53,13
R0_STANDARDIZED__HAC_WARD__K2,332,1.0,1.0,1.0,11,54,13
R0_STANDARDIZED__HAC_WARD__K2,333,1.0,1.0,1.0,13,52,13
R0_STANDARDIZED__HAC_WARD__K2,334,1.0,1.0,1.0,11,54,13
R0_STANDARDIZED__HAC_WARD__K2,335,1.0,1.0,1.0,11,54,13
R0_STANDARDIZED__HAC_WARD__K2,336,1.0,1.0,1.0,9,56,13
R0_STANDARDIZED__HAC_WARD__K2,337,1.0,1.0,1.0,11,54,13
R0_STANDARDIZED__HAC_WARD__K2,338,1.0,1.0,1.0,9,56,13
R0_STANDARDIZED__HAC_WARD__K2,339,1.0,1.0,1.0,12,53,13
R0_STANDARDIZED__HAC_WARD__K2,340,1.0,1.0,1.0,11,54,13
R0_STANDARDIZED__HAC_WARD__K2,341,1.0,1.0,1.0,13,52,13
R0_STANDARDIZED__HAC_WARD__K2,342,1.0,1.0,1.0,9,56,13
R0_STANDARDIZED__HAC_WARD__K2,343,1.0,1.0,1.0,13,52,13
R0_STANDARDIZED__HAC_WARD__K2,344,1.0,1.0,1.0,12,53,13
R0_STANDARDIZED__HAC_WARD__K2,345,1.0,1.0,1.0,8,57,13
R0_STANDARDIZED__HAC_WARD__K2,346,1.0,1.0,1.0,11,54,13
R0_STANDARDIZED__HAC_WARD__K2,347,1.0,1.0,1.0,9,56,13
R0_STANDARDIZED__HAC_WARD__K2,348,0.9228790582346534,0.9454545454545454,0.9090909090909091,10,55,13
R0_STANDARDIZED__HAC_WARD__K2,349,1.0,1.0,1.0,11,54,13
R0_STANDARDIZED__HAC_WARD__K2,350,1.0,1.0,1.0,9,56,13
R0_STANDARDIZED__HAC_WARD__K2,351,1.0,1.0,1.0,13,52,13
R0_STANDARDIZED__HAC_WARD__K2,352,1.0,1.0,1.0,10,55,13
R0_STANDARDIZED__HAC_WARD__K2,353,1.0,1.0,1.0,12,53,13
R0_STANDARDIZED__HAC_WARD__K2,354,1.0,1.0,1.0,11,54,13
R0_STANDARDIZED__HAC_WARD__K2,355,1.0,1.0,1.0,10,55,13
R0_STANDARDIZED__HAC_WARD__K2,356,1.0,1.0,1.0,11,54,13
R0_STANDARDIZED__HAC_WARD__K2,357,1.0,1.0,1.0,12,53,13
R0_STANDARDIZED__HAC_WARD__K2,358,1.0,1.0,1.0,10,55,13
R0_STANDARDIZED__HAC_WARD__K2,359,1.0,1.0,1.0,12,53,13
R0_STANDARDIZED__HAC_WARD__K2,360,1.0,1.0,1.0,9,56,13
R0_STANDARDIZED__HAC_WARD__K2,361,1.0,1.0,1.0,10,55,13
R0_STANDARDIZED__HAC_WARD__K2,362,1.0,1.0,1.0,10,55,13
R0_STANDARDIZED__HAC_WARD__K2,363,1.0,1.0,1.0,10,55,13
R0_STANDARDIZED__HAC_WARD__K2,364,1.0,1.0,1.0,10,55,13
R0_STANDARDIZED__HAC_WARD__K2,365,0.9187261893132753,0.9410714285714286,0.9,9,56,13
R0_STANDARDIZED__HAC_WARD__K2,366,1.0,1.0,1.0,10,55,13
R0_STANDARDIZED__HAC_WARD__K2,367,1.0,1.0,1.0,11,54,13
R0_STANDARDIZED__HAC_WARD__K2,368,1.0,1.0,1.0,12,53,13
R0_STANDARDIZED__HAC_WARD__K2,369,1.0,1.0,1.0,11,54,13
R0_STANDARDIZED__HAC_WARD__K2,370,1.0,1.0,1.0,12,53,13
R0_STANDARDIZED__HAC_WARD__K2,371,1.0,1.0,1.0,12,53,13
R0_STANDARDIZED__HAC_WARD__K2,372,1.0,1.0,1.0,10,55,13
R0_STANDARDIZED__HAC_WARD__K2,373,1.0,1.0,1.0,11,54,13
R0_STANDARDIZED__HAC_WARD__K2,374,1.0,1.0,1.0,11,54,13
R0_STANDARDIZED__HAC_WARD__K2,375,1.0,1.0,1.0,10,55,13
R0_STANDARDIZED__HAC_WARD__K2,376,1.0,1.0,1.0,11,54,13
R0_STANDARDIZED__HAC_WARD__K2,377,1.0,1.0,1.0,10,55,13
R0_STANDARDIZED__HAC_WARD__K2,378,1.0,1.0,1.0,11,54,13
R0_STANDARDIZED__HAC_WARD__K2,379,1.0,1.0,1.0,8,57,13
R0_STANDARDIZED__HAC_WARD__K2,380,1.0,1.0,1.0,12,53,13
R0_STANDARDIZED__HAC_WARD__K2,381,1.0,1.0,1.0,11,54,13
R0_STANDARDIZED__HAC_WARD__K2,382,1.0,1.0,1.0,10,55,13
R0_STANDARDIZED__HAC_WARD__K2,383,1.0,1.0,1.0,7,58,13
R0_STANDARDIZED__HAC_WARD__K2,384,1.0,1.0,1.0,11,54,13
R0_STANDARDIZED__HAC_WARD__K2,385,1.0,1.0,1.0,10,55,13
R0_STANDARDIZED__HAC_WARD__K2,386,1.0,1.0,1.0,10,55,13
R0_STANDARDIZED__HAC_WARD__K2,387,1.0,1.0,1.0,10,55,13
R0_STANDARDIZED__HAC_WARD__K2,388,1.0,1.0,1.0,9,56,13
R0_STANDARDIZED__HAC_WARD__K2,389,1.0,1.0,1.0,11,54,13
R0_STANDARDIZED__HAC_WARD__K2,390,1.0,1.0,1.0,9,56,13
R0_STANDARDIZED__HAC_WARD__K2,391,1.0,1.0,1.0,9,56,13
R0_STANDARDIZED__HAC_WARD__K2,392,1.0,1.0,1.0,10,55,13
R0_STANDARDIZED__HAC_WARD__K2,393,1.0,1.0,1.0,10,55,13
R0_STANDARDIZED__HAC_WARD__K2,394,1.0,1.0,1.0,10,55,13
R0_STANDARDIZED__HAC_WARD__K2,395,1.0,1.0,1.0,7,58,13
R0_STANDARDIZED__HAC_WARD__K2,396,1.0,1.0,1.0,10,55,13
R0_STANDARDIZED__HAC_WARD__K2,397,1.0,1.0,1.0,9,56,13
R0_STANDARDIZED__HAC_WARD__K2,398,1.0,1.0,1.0,11,54,13
R0_STANDARDIZED__HAC_WARD__K2,399,1.0,1.0,1.0,10,55,13
R0_STANDARDIZED__HAC_WARD__K2,400,1.0,1.0,1.0,12,53,13
R0_STANDARDIZED__HAC_WARD__K2,401,1.0,1.0,1.0,12,53,13
R0_STANDARDIZED__HAC_WARD__K2,402,1.0,1.0,1.0,9,56,13
R0_STANDARDIZED__HAC_WARD__K2,403,1.0,1.0,1.0,10,55,13
R0_STANDARDIZED__HAC_WARD__K2,404,1.0,1.0,1.0,11,54,13
R0_STANDARDIZED__HAC_WARD__K2,405,1.0,1.0,1.0,12,53,13
R0_STANDARDIZED__HAC_WARD__K2,406,1.0,1.0,1.0,11,54,13
R0_STANDARDIZED__HAC_WARD__K2,407,1.0,1.0,1.0,10,55,13
R0_STANDARDIZED__HAC_WARD__K2,408,1.0,1.0,1.0,10,55,13
R0_STANDARDIZED__HAC_WARD__K2,409,1.0,1.0,1.0,11,54,13
R0_STANDARDIZED__HAC_WARD__K2,410,1.0,1.0,1.0,10,55,13
R0_STANDARDIZED__HAC_WARD__K2,411,1.0,1.0,1.0,11,54,13
R0_STANDARDIZED__HAC_WARD__K2,412,1.0,1.0,1.0,9,56,13
R0_STANDARDIZED__HAC_WARD__K2,413,1.0,1.0,1.0,10,55,13
R0_STANDARDIZED__HAC_WARD__K2,414,1.0,1.0,1.0,8,57,13
R0_STANDARDIZED__HAC_WARD__K2,415,0.9228790582346534,0.9454545454545454,0.9090909090909091,11,54,13
R0_STANDARDIZED__HAC_WARD__K2,416,1.0,1.0,1.0,10,55,13
R0_STANDARDIZED__HAC_WARD__K2,417,1.0,1.0,1.0,9,56,13
R0_STANDARDIZED__HAC_WARD__K2,418,1.0,1.0,1.0,12,53,13
R0_STANDARDIZED__HAC_WARD__K2,419,1.0,1.0,1.0,10,55,13
R0_STANDARDIZED__HAC_WARD__K2,420,1.0,1.0,1.0,9,56,13
R0_STANDARDIZED__HAC_WARD__K2,421,1.0,1.0,1.0,11,54,13
R0_STANDARDIZED__HAC_WARD__K2,422,1.0,1.0,1.0,12,53,13
R0_STANDARDIZED__HAC_WARD__K2,423,1.0,1.0,1.0,11,54,13
R0_STANDARDIZED__HAC_WARD__K2,424,1.0,1.0,1.0,12,53,13
R0_STANDARDIZED__HAC_WARD__K2,425,1.0,1.0,1.0,9,56,13
R0_STANDARDIZED__HAC_WARD__K2,426,1.0,1.0,1.0,11,54,13
R0_STANDARDIZED__HAC_WARD__K2,427,1.0,1.0,1.0,9,56,13
R0_STANDARDIZED__HAC_WARD__K2,428,1.0,1.0,1.0,10,55,13
R0_STANDARDIZED__HAC_WARD__K2,429,1.0,1.0,1.0,11,54,13
R0_STANDARDIZED__HAC_WARD__K2,430,1.0,1.0,1.0,11,54,13
R0_STANDARDIZED__HAC_WARD__K2,431,1.0,1.0,1.0,9,56,13
R0_STANDARDIZED__HAC_WARD__K2,432,1.0,1.0,1.0,9,56,13
R0_STANDARDIZED__HAC_WARD__K2,433,1.0,1.0,1.0,12,53,13
R0_STANDARDIZED__HAC_WARD__K2,434,1.0,1.0,1.0,8,57,13
R0_STANDARDIZED__HAC_WARD__K2,435,1.0,1.0,1.0,10,55,13
R0_STANDARDIZED__HAC_WARD__K2,436,1.0,1.0,1.0,9,56,13
R0_STANDARDIZED__HAC_WARD__K2,437,1.0,1.0,1.0,12,53,13
R0_STANDARDIZED__HAC_WARD__K2,438,1.0,1.0,1.0,11,54,13
R0_STANDARDIZED__HAC_WARD__K2,439,1.0,1.0,1.0,13,52,13
R0_STANDARDIZED__HAC_WARD__K2,440,1.0,1.0,1.0,10,55,13
R0_STANDARDIZED__HAC_WARD__K2,441,1.0,1.0,1.0,12,53,13
R0_STANDARDIZED__HAC_WARD__K2,442,1.0,1.0,1.0,8,57,13
R0_STANDARDIZED__HAC_WARD__K2,443,1.0,1.0,1.0,9,56,13
R0_STANDARDIZED__HAC_WARD__K2,444,1.0,1.0,1.0,11,54,13
R0_STANDARDIZED__HAC_WARD__K2,445,1.0,1.0,1.0,11,54,13
R0_STANDARDIZED__HAC_WARD__K2,446,1.0,1.0,1.0,9,56,13
R0_STANDARDIZED__HAC_WARD__K2,447,1.0,1.0,1.0,11,54,13
R0_STANDARDIZED__HAC_WARD__K2,448,1.0,1.0,1.0,11,54,13
R0_STANDARDIZED__HAC_WARD__K2,449,1.0,1.0,1.0,11,54,13
R0_STANDARDIZED__HAC_WARD__K2,450,1.0,1.0,1.0,8,57,13
R0_STANDARDIZED__HAC_WARD__K2,451,1.0,1.0,1.0,10,55,13
R0_STANDARDIZED__HAC_WARD__K2,452,1.0,1.0,1.0,13,52,13
R0_STANDARDIZED__HAC_WARD__K2,453,1.0,1.0,1.0,12,53,13
R0_STANDARDIZED__HAC_WARD__K2,454,1.0,1.0,1.0,10,55,13
R0_STANDARDIZED__HAC_WARD__K2,455,1.0,1.0,1.0,11,54,13
R0_STANDARDIZED__HAC_WARD__K2,456,1.0,1.0,1.0,13,52,13
R0_STANDARDIZED__HAC_WARD__K2,457,1.0,1.0,1.0,12,53,13
R0_STANDARDIZED__HAC_WARD__K2,458,1.0,1.0,1.0,11,54,13
R0_STANDARDIZED__HAC_WARD__K2,459,1.0,1.0,1.0,12,53,13
R0_STANDARDIZED__HAC_WARD__K2,460,1.0,1.0,1.0,10,55,13
R0_STANDARDIZED__HAC_WARD__K2,461,1.0,1.0,1.0,11,54,13
R0_STANDARDIZED__HAC_WARD__K2,462,1.0,1.0,1.0,11,54,13
R0_STANDARDIZED__HAC_WARD__K2,463,1.0,1.0,1.0,10,55,13
R0_STANDARDIZED__HAC_WARD__K2,464,0.7858376511226253,0.8573426573426574,0.7692307692307693,13,52,13
R0_STANDARDIZED__HAC_WARD__K2,465,1.0,1.0,1.0,7,58,13
R0_STANDARDIZED__HAC_WARD__K2,466,1.0,1.0,1.0,10,55,13
R0_STANDARDIZED__HAC_WARD__K2,467,1.0,1.0,1.0,11,54,13
R0_STANDARDIZED__HAC_WARD__K2,468,1.0,1.0,1.0,9,56,13
R0_STANDARDIZED__HAC_WARD__K2,469,1.0,1.0,1.0,10,55,13
R0_STANDARDIZED__HAC_WARD__K2,470,1.0,1.0,1.0,10,55,13
R0_STANDARDIZED__HAC_WARD__K2,471,1.0,1.0,1.0,12,53,13
R0_STANDARDIZED__HAC_WARD__K2,472,1.0,1.0,1.0,11,54,13
R0_STANDARDIZED__HAC_WARD__K2,473,1.0,1.0,1.0,10,55,13
R0_STANDARDIZED__HAC_WARD__K2,474,1.0,1.0,1.0,10,55,13
R0_STANDARDIZED__HAC_WARD__K2,475,1.0,1.0,1.0,12,53,13
R0_STANDARDIZED__HAC_WARD__K2,476,1.0,1.0,1.0,10,55,13
R0_STANDARDIZED__HAC_WARD__K2,477,1.0,1.0,1.0,11,54,13
R0_STANDARDIZED__HAC_WARD__K2,478,1.0,1.0,1.0,10,55,13
R0_STANDARDIZED__HAC_WARD__K2,479,1.0,1.0,1.0,13,52,13
R0_STANDARDIZED__HAC_WARD__K2,480,1.0,1.0,1.0,12,53,13
R0_STANDARDIZED__HAC_WARD__K2,481,1.0,1.0,1.0,11,54,13
R0_STANDARDIZED__HAC_WARD__K2,482,1.0,1.0,1.0,12,53,13
R0_STANDARDIZED__HAC_WARD__K2,483,1.0,1.0,1.0,11,54,13
R0_STANDARDIZED__HAC_WARD__K2,484,1.0,1.0,1.0,11,54,13
R0_STANDARDIZED__HAC_WARD__K2,485,1.0,1.0,1.0,10,55,13
R0_STANDARDIZED__HAC_WARD__K2,486,1.0,1.0,1.0,11,54,13
R0_STANDARDIZED__HAC_WARD__K2,487,1.0,1.0,1.0,12,53,13
R0_STANDARDIZED__HAC_WARD__K2,488,1.0,1.0,1.0,10,55,13
R0_STANDARDIZED__HAC_WARD__K2,489,1.0,1.0,1.0,11,54,13
R0_STANDARDIZED__HAC_WARD__K2,490,1.0,1.0,1.0,9,56,13
R0_STANDARDIZED__HAC_WARD__K2,491,1.0,1.0,1.0,10,55,13
R0_STANDARDIZED__HAC_WARD__K2,492,1.0,1.0,1.0,11,54,13
R0_STANDARDIZED__HAC_WARD__K2,493,1.0,1.0,1.0,11,54,13
R0_STANDARDIZED__HAC_WARD__K2,494,1.0,1.0,1.0,11,54,13
R0_STANDARDIZED__HAC_WARD__K2,495,1.0,1.0,1.0,10,55,13
R0_STANDARDIZED__HAC_WARD__K2,496,1.0,1.0,1.0,11,54,13
R0_STANDARDIZED__HAC_WARD__K2,497,1.0,1.0,1.0,10,55,13
R0_STANDARDIZED__HAC_WARD__K2,498,1.0,1.0,1.0,10,55,13
R0_STANDARDIZED__HAC_WARD__K2,499,1.0,1.0,1.0,10,55,13
R0_STANDARDIZED__HAC_WARD__K2,500,1.0,1.0,1.0,10,55,13
R0_STANDARDIZED__HAC_WARD__K2,501,1.0,1.0,1.0,9,56,13
R0_STANDARDIZED__HAC_WARD__K2,502,1.0,1.0,1.0,10,55,13
R0_STANDARDIZED__HAC_WARD__K2,503,1.0,1.0,1.0,11,54,13
R0_STANDARDIZED__HAC_WARD__K2,504,1.0,1.0,1.0,10,55,13
R0_STANDARDIZED__HAC_WARD__K2,505,1.0,1.0,1.0,9,56,13
R0_STANDARDIZED__HAC_WARD__K2,506,1.0,1.0,1.0,12,53,13
R0_STANDARDIZED__HAC_WARD__K2,507,1.0,1.0,1.0,13,52,13
R0_STANDARDIZED__HAC_WARD__K2,508,0.9133982846198684,0.935672514619883,0.8888888888888888,9,56,13
R0_STANDARDIZED__HAC_WARD__K2,509,1.0,1.0,1.0,10,55,13
R0_STANDARDIZED__HAC_WARD__K2,510,1.0,1.0,1.0,11,54,13
R0_STANDARDIZED__HAC_WARD__K2,511,1.0,1.0,1.0,10,55,13
R0_STANDARDIZED__HAC_WARD__K2,512,1.0,1.0,1.0,8,57,13
R0_STANDARDIZED__HAC_WARD__K2,513,1.0,1.0,1.0,11,54,13
R0_STANDARDIZED__HAC_WARD__K2,514,1.0,1.0,1.0,10,55,13
R0_STANDARDIZED__HAC_WARD__K2,515,1.0,1.0,1.0,12,53,13
R0_STANDARDIZED__HAC_WARD__K2,516,1.0,1.0,1.0,8,57,13
R0_STANDARDIZED__HAC_WARD__K2,517,1.0,1.0,1.0,12,53,13
R0_STANDARDIZED__HAC_WARD__K2,518,1.0,1.0,1.0,8,57,13
R0_STANDARDIZED__HAC_WARD__K2,519,1.0,1.0,1.0,8,57,13
R0_STANDARDIZED__HAC_WARD__K2,520,1.0,1.0,1.0,11,54,13
R0_STANDARDIZED__HAC_WARD__K2,521,1.0,1.0,1.0,10,55,13
R0_STANDARDIZED__HAC_WARD__K2,522,1.0,1.0,1.0,12,53,13
R0_STANDARDIZED__HAC_WARD__K2,523,1.0,1.0,1.0,10,55,13
R0_STANDARDIZED__HAC_WARD__K2,524,1.0,1.0,1.0,10,55,13
R0_STANDARDIZED__HAC_WARD__K2,525,1.0,1.0,1.0,9,56,13
R0_STANDARDIZED__HAC_WARD__K2,526,1.0,1.0,1.0,10,55,13
R0_STANDARDIZED__HAC_WARD__K2,527,1.0,1.0,1.0,12,53,13
R0_STANDARDIZED__HAC_WARD__K2,528,1.0,1.0,1.0,12,53,13
R0_STANDARDIZED__HAC_WARD__K2,529,1.0,1.0,1.0,11,54,13
R0_STANDARDIZED__HAC_WARD__K2,530,1.0,1.0,1.0,13,52,13
R0_STANDARDIZED__HAC_WARD__K2,531,1.0,1.0,1.0,11,54,13
R0_STANDARDIZED__HAC_WARD__K2,532,1.0,1.0,1.0,11,54,13
R0_STANDARDIZED__HAC_WARD__K2,533,1.0,1.0,1.0,11,54,13
R0_STANDARDIZED__HAC_WARD__K2,534,0.6559572328375589,0.7767857142857143,0.6428571428571429,14,51,13
R0_STANDARDIZED__HAC_WARD__K2,535,1.0,1.0,1.0,8,57,13
R0_STANDARDIZED__HAC_WARD__K2,536,1.0,1.0,1.0,8,57,13
R0_STANDARDIZED__HAC_WARD__K2,537,1.0,1.0,1.0,10,55,13
R0_STANDARDIZED__HAC_WARD__K2,538,1.0,1.0,1.0,10,55,13
R0_STANDARDIZED__HAC_WARD__K2,539,1.0,1.0,1.0,11,54,13
R0_STANDARDIZED__HAC_WARD__K2,540,1.0,1.0,1.0,10,55,13
R0_STANDARDIZED__HAC_WARD__K2,541,1.0,1.0,1.0,11,54,13
R0_STANDARDIZED__HAC_WARD__K2,542,1.0,1.0,1.0,10,55,13
R0_STANDARDIZED__HAC_WARD__K2,543,1.0,1.0,1.0,12,53,13
R0_STANDARDIZED__HAC_WARD__K2,544,1.0,1.0,1.0,10,55,13
R0_STANDARDIZED__HAC_WARD__K2,545,1.0,1.0,1.0,11,54,13
R0_STANDARDIZED__HAC_WARD__K2,546,1.0,1.0,1.0,10,55,13
R0_STANDARDIZED__HAC_WARD__K2,547,1.0,1.0,1.0,12,53,13
R0_STANDARDIZED__HAC_WARD__K2,548,1.0,1.0,1.0,11,54,13
R0_STANDARDIZED__HAC_WARD__K2,549,1.0,1.0,1.0,10,55,13
R0_STANDARDIZED__HAC_WARD__K2,550,1.0,1.0,1.0,8,57,13
R0_STANDARDIZED__HAC_WARD__K2,551,1.0,1.0,1.0,13,52,13
R0_STANDARDIZED__HAC_WARD__K2,552,1.0,1.0,1.0,11,54,13
R0_STANDARDIZED__HAC_WARD__K2,553,1.0,1.0,1.0,10,55,13
R0_STANDARDIZED__HAC_WARD__K2,554,1.0,1.0,1.0,11,54,13
R0_STANDARDIZED__HAC_WARD__K2,555,1.0,1.0,1.0,11,54,13
R0_STANDARDIZED__HAC_WARD__K2,556,0.6409765438008617,0.7638326585695007,0.6153846153846154,13,52,13
R0_STANDARDIZED__HAC_WARD__K2,557,1.0,1.0,1.0,8,57,13
R0_STANDARDIZED__HAC_WARD__K2,558,1.0,1.0,1.0,10,55,13
R0_STANDARDIZED__HAC_WARD__K2,559,1.0,1.0,1.0,12,53,13
R0_STANDARDIZED__HAC_WARD__K2,560,1.0,1.0,1.0,10,55,13
R0_STANDARDIZED__HAC_WARD__K2,561,1.0,1.0,1.0,12,53,13
R0_STANDARDIZED__HAC_WARD__K2,562,1.0,1.0,1.0,10,55,13
R0_STANDARDIZED__HAC_WARD__K2,563,1.0,1.0,1.0,12,53,13
R0_STANDARDIZED__HAC_WARD__K2,564,1.0,1.0,1.0,11,54,13
R0_STANDARDIZED__HAC_WARD__K2,565,1.0,1.0,1.0,11,54,13
R0_STANDARDIZED__HAC_WARD__K2,566,1.0,1.0,1.0,11,54,13
R0_STANDARDIZED__HAC_WARD__K2,567,1.0,1.0,1.0,11,54,13
R0_STANDARDIZED__HAC_WARD__K2,568,1.0,1.0,1.0,13,52,13
R0_STANDARDIZED__HAC_WARD__K2,569,1.0,1.0,1.0,10,55,13
R0_STANDARDIZED__HAC_WARD__K2,570,1.0,1.0,1.0,12,53,13
R0_STANDARDIZED__HAC_WARD__K2,571,1.0,1.0,1.0,11,54,13
R0_STANDARDIZED__HAC_WARD__K2,572,1.0,1.0,1.0,10,55,13
R0_STANDARDIZED__HAC_WARD__K2,573,1.0,1.0,1.0,11,54,13
R0_STANDARDIZED__HAC_WARD__K2,574,1.0,1.0,1.0,10,55,13
R0_STANDARDIZED__HAC_WARD__K2,575,1.0,1.0,1.0,11,54,13
R0_STANDARDIZED__HAC_WARD__K2,576,1.0,1.0,1.0,10,55,13
R0_STANDARDIZED__HAC_WARD__K2,577,1.0,1.0,1.0,9,56,13
R0_STANDARDIZED__HAC_WARD__K2,578,1.0,1.0,1.0,7,58,13
R0_STANDARDIZED__HAC_WARD__K2,579,1.0,1.0,1.0,12,53,13
R0_STANDARDIZED__HAC_WARD__K2,580,1.0,1.0,1.0,10,55,13
R0_STANDARDIZED__HAC_WARD__K2,581,1.0,1.0,1.0,10,55,13
R0_STANDARDIZED__HAC_WARD__K2,582,1.0,1.0,1.0,11,54,13
R0_STANDARDIZED__HAC_WARD__K2,583,1.0,1.0,1.0,12,53,13
R0_STANDARDIZED__HAC_WARD__K2,584,1.0,1.0,1.0,12,53,13
R0_STANDARDIZED__HAC_WARD__K2,585,1.0,1.0,1.0,10,55,13
R0_STANDARDIZED__HAC_WARD__K2,586,0.5655251893315772,0.7304812834224599,0.5882352941176471,17,48,13
R0_STANDARDIZED__HAC_WARD__K2,587,1.0,1.0,1.0,11,54,13
R0_STANDARDIZED__HAC_WARD__K2,588,1.0,1.0,1.0,11,54,13
R0_STANDARDIZED__HAC_WARD__K2,589,1.0,1.0,1.0,9,56,13
R0_STANDARDIZED__HAC_WARD__K2,590,1.0,1.0,1.0,11,54,13
R0_STANDARDIZED__HAC_WARD__K2,591,1.0,1.0,1.0,10,55,13
R0_STANDARDIZED__HAC_WARD__K2,592,1.0,1.0,1.0,10,55,13
R0_STANDARDIZED__HAC_WARD__K2,593,1.0,1.0,1.0,11,54,13
R0_STANDARDIZED__HAC_WARD__K2,594,1.0,1.0,1.0,9,56,13
R0_STANDARDIZED__HAC_WARD__K2,595,1.0,1.0,1.0,10,55,13
R0_STANDARDIZED__HAC_WARD__K2,596,1.0,1.0,1.0,11,54,13
R0_STANDARDIZED__HAC_WARD__K2,597,1.0,1.0,1.0,12,53,13
R0_STANDARDIZED__HAC_WARD__K2,598,1.0,1.0,1.0,12,53,13
R0_STANDARDIZED__HAC_WARD__K2,599,1.0,1.0,1.0,11,54,13
R0_STANDARDIZED__HAC_WARD__K2,600,1.0,1.0,1.0,9,56,13
R0_STANDARDIZED__HAC_WARD__K2,601,1.0,1.0,1.0,8,57,13
R0_STANDARDIZED__HAC_WARD__K2,602,1.0,1.0,1.0,11,54,13
R0_STANDARDIZED__HAC_WARD__K2,603,1.0,1.0,1.0,10,55,13
R0_STANDARDIZED__HAC_WARD__K2,604,1.0,1.0,1.0,8,57,13
R0_STANDARDIZED__HAC_WARD__K2,605,1.0,1.0,1.0,11,54,13
R0_STANDARDIZED__HAC_WARD__K2,606,1.0,1.0,1.0,10,55,13
R0_STANDARDIZED__HAC_WARD__K2,607,1.0,1.0,1.0,10,55,13
R0_STANDARDIZED__HAC_WARD__K2,608,1.0,1.0,1.0,9,56,13
R0_STANDARDIZED__HAC_WARD__K2,609,1.0,1.0,1.0,11,54,13
R0_STANDARDIZED__HAC_WARD__K2,610,1.0,1.0,1.0,11,54,13
R0_STANDARDIZED__HAC_WARD__K2,611,1.0,1.0,1.0,12,53,13
R0_STANDARDIZED__HAC_WARD__K2,612,1.0,1.0,1.0,8,57,13
R0_STANDARDIZED__HAC_WARD__K2,613,1.0,1.0,1.0,9,56,13
R0_STANDARDIZED__HAC_WARD__K2,614,1.0,1.0,1.0,11,54,13
R0_STANDARDIZED__HAC_WARD__K2,615,1.0,1.0,1.0,9,56,13
R0_STANDARDIZED__HAC_WARD__K2,616,1.0,1.0,1.0,9,56,13
R0_STANDARDIZED__HAC_WARD__K2,617,1.0,1.0,1.0,9,56,13
R0_STANDARDIZED__HAC_WARD__K2,618,1.0,1.0,1.0,12,53,13
R0_STANDARDIZED__HAC_WARD__K2,619,1.0,1.0,1.0,10,55,13
R0_STANDARDIZED__HAC_WARD__K2,620,1.0,1.0,1.0,11,54,13
R0_STANDARDIZED__HAC_WARD__K2,621,1.0,1.0,1.0,12,53,13
R0_STANDARDIZED__HAC_WARD__K2,622,1.0,1.0,1.0,10,55,13
R0_STANDARDIZED__HAC_WARD__K2,623,1.0,1.0,1.0,9,56,13
R0_STANDARDIZED__HAC_WARD__K2,624,1.0,1.0,1.0,10,55,13
R0_STANDARDIZED__HAC_WARD__K2,625,1.0,1.0,1.0,10,55,13
R0_STANDARDIZED__HAC_WARD__K2,626,1.0,1.0,1.0,13,52,13
R0_STANDARDIZED__HAC_WARD__K2,627,1.0,1.0,1.0,10,55,13
R0_STANDARDIZED__HAC_WARD__K2,628,1.0,1.0,1.0,11,54,13
R0_STANDARDIZED__HAC_WARD__K2,629,1.0,1.0,1.0,12,53,13
R0_STANDARDIZED__HAC_WARD__K2,630,1.0,1.0,1.0,12,53,13
R0_STANDARDIZED__HAC_WARD__K2,631,1.0,1.0,1.0,10,55,13
R0_STANDARDIZED__HAC_WARD__K2,632,1.0,1.0,1.0,8,57,13
R0_STANDARDIZED__HAC_WARD__K2,633,1.0,1.0,1.0,11,54,13
R0_STANDARDIZED__HAC_WARD__K2,634,1.0,1.0,1.0,8,57,13
R0_STANDARDIZED__HAC_WARD__K2,635,1.0,1.0,1.0,11,54,13
R0_STANDARDIZED__HAC_WARD__K2,636,1.0,1.0,1.0,12,53,13
R0_STANDARDIZED__HAC_WARD__K2,637,1.0,1.0,1.0,10,55,13
R0_STANDARDIZED__HAC_WARD__K2,638,1.0,1.0,1.0,11,54,13
R0_STANDARDIZED__HAC_WARD__K2,639,1.0,1.0,1.0,10,55,13
R0_STANDARDIZED__HAC_WARD__K2,640,1.0,1.0,1.0,11,54,13
R0_STANDARDIZED__HAC_WARD__K2,641,1.0,1.0,1.0,11,54,13
R0_STANDARDIZED__HAC_WARD__K2,642,0.9228790582346534,0.9454545454545454,0.9090909090909091,11,54,13
R0_STANDARDIZED__HAC_WARD__K2,643,1.0,1.0,1.0,11,54,13
R0_STANDARDIZED__HAC_WARD__K2,644,1.0,1.0,1.0,11,54,13
R0_STANDARDIZED__HAC_WARD__K2,645,1.0,1.0,1.0,11,54,13
R0_STANDARDIZED__HAC_WARD__K2,646,1.0,1.0,1.0,9,56,13
R0_STANDARDIZED__HAC_WARD__K2,647,1.0,1.0,1.0,11,54,13
R0_STANDARDIZED__HAC_WARD__K2,648,1.0,1.0,1.0,10,55,13
R0_STANDARDIZED__HAC_WARD__K2,649,1.0,1.0,1.0,11,54,13
R0_STANDARDIZED__HAC_WARD__K2,650,1.0,1.0,1.0,11,54,13
R0_STANDARDIZED__HAC_WARD__K2,651,1.0,1.0,1.0,11,54,13
R0_STANDARDIZED__HAC_WARD__K2,652,1.0,1.0,1.0,7,58,13
R0_STANDARDIZED__HAC_WARD__K2,653,1.0,1.0,1.0,12,53,13
R0_STANDARDIZED__HAC_WARD__K2,654,1.0,1.0,1.0,11,54,13
R0_STANDARDIZED__HAC_WARD__K2,655,1.0,1.0,1.0,11,54,13
R0_STANDARDIZED__HAC_WARD__K2,656,1.0,1.0,1.0,13,52,13
R0_STANDARDIZED__HAC_WARD__K2,657,1.0,1.0,1.0,11,54,13
R0_STANDARDIZED__HAC_WARD__K2,658,1.0,1.0,1.0,12,53,13
R0_STANDARDIZED__HAC_WARD__K2,659,1.0,1.0,1.0,9,56,13
R0_STANDARDIZED__HAC_WARD__K2,660,1.0,1.0,1.0,10,55,13
R0_STANDARDIZED__HAC_WARD__K2,661,1.0,1.0,1.0,12,53,13
R0_STANDARDIZED__HAC_WARD__K2,662,1.0,1.0,1.0,10,55,13
R0_STANDARDIZED__HAC_WARD__K2,663,1.0,1.0,1.0,10,55,13
R0_STANDARDIZED__HAC_WARD__K2,664,1.0,1.0,1.0,12,53,13
R0_STANDARDIZED__HAC_WARD__K2,665,1.0,1.0,1.0,9,56,13
R0_STANDARDIZED__HAC_WARD__K2,666,1.0,1.0,1.0,12,53,13
R0_STANDARDIZED__HAC_WARD__K2,667,1.0,1.0,1.0,11,54,13
R0_STANDARDIZED__HAC_WARD__K2,668,1.0,1.0,1.0,12,53,13
R0_STANDARDIZED__HAC_WARD__K2,669,1.0,1.0,1.0,10,55,13
R0_STANDARDIZED__HAC_WARD__K2,670,1.0,1.0,1.0,9,56,13
R0_STANDARDIZED__HAC_WARD__K2,671,1.0,1.0,1.0,12,53,13
R0_STANDARDIZED__HAC_WARD__K2,672,1.0,1.0,1.0,11,54,13
R0_STANDARDIZED__HAC_WARD__K2,673,1.0,1.0,1.0,9,56,13
R0_STANDARDIZED__HAC_WARD__K2,674,1.0,1.0,1.0,10,55,13
R0_STANDARDIZED__HAC_WARD__K2,675,1.0,1.0,1.0,11,54,13
R0_STANDARDIZED__HAC_WARD__K2,676,1.0,1.0,1.0,8,57,13
R0_STANDARDIZED__HAC_WARD__K2,677,1.0,1.0,1.0,10,55,13
R0_STANDARDIZED__HAC_WARD__K2,678,1.0,1.0,1.0,10,55,13
R0_STANDARDIZED__HAC_WARD__K2,679,1.0,1.0,1.0,10,55,13
R0_STANDARDIZED__HAC_WARD__K2,680,1.0,1.0,1.0,8,57,13
R0_STANDARDIZED__HAC_WARD__K2,681,1.0,1.0,1.0,12,53,13
R0_STANDARDIZED__HAC_WARD__K2,682,1.0,1.0,1.0,10,55,13
R0_STANDARDIZED__HAC_WARD__K2,683,1.0,1.0,1.0,9,56,13
R0_STANDARDIZED__HAC_WARD__K2,684,1.0,1.0,1.0,12,53,13
R0_STANDARDIZED__HAC_WARD__K2,685,1.0,1.0,1.0,9,56,13
R0_STANDARDIZED__HAC_WARD__K2,686,1.0,1.0,1.0,9,56,13
R0_STANDARDIZED__HAC_WARD__K2,687,1.0,1.0,1.0,11,54,13
R0_STANDARDIZED__HAC_WARD__K2,688,1.0,1.0,1.0,10,55,13
R0_STANDARDIZED__HAC_WARD__K2,689,1.0,1.0,1.0,12,53,13
R0_STANDARDIZED__HAC_WARD__K2,690,1.0,1.0,1.0,12,53,13
R0_STANDARDIZED__HAC_WARD__K2,691,1.0,1.0,1.0,9,56,13
R0_STANDARDIZED__HAC_WARD__K2,692,1.0,1.0,1.0,11,54,13
R0_STANDARDIZED__HAC_WARD__K2,693,1.0,1.0,1.0,10,55,13
R0_STANDARDIZED__HAC_WARD__K2,694,1.0,1.0,1.0,8,57,13
R0_STANDARDIZED__HAC_WARD__K2,695,1.0,1.0,1.0,9,56,13
R0_STANDARDIZED__HAC_WARD__K2,696,1.0,1.0,1.0,11,54,13
R0_STANDARDIZED__HAC_WARD__K2,697,1.0,1.0,1.0,9,56,13
R0_STANDARDIZED__HAC_WARD__K2,698,1.0,1.0,1.0,10,55,13
R0_STANDARDIZED__HAC_WARD__K2,699,1.0,1.0,1.0,9,56,13
R0_STANDARDIZED__HAC_WARD__K2,700,1.0,1.0,1.0,10,55,13
R0_STANDARDIZED__HAC_WARD__K2,701,1.0,1.0,1.0,9,56,13
R0_STANDARDIZED__HAC_WARD__K2,702,1.0,1.0,1.0,12,53,13
R0_STANDARDIZED__HAC_WARD__K2,703,1.0,1.0,1.0,9,56,13
R0_STANDARDIZED__HAC_WARD__K2,704,1.0,1.0,1.0,9,56,13
R0_STANDARDIZED__HAC_WARD__K2,705,1.0,1.0,1.0,10,55,13
R0_STANDARDIZED__HAC_WARD__K2,706,1.0,1.0,1.0,10,55,13
R0_STANDARDIZED__HAC_WARD__K2,707,1.0,1.0,1.0,10,55,13
R0_STANDARDIZED__HAC_WARD__K2,708,1.0,1.0,1.0,8,57,13
R0_STANDARDIZED__HAC_WARD__K2,709,1.0,1.0,1.0,11,54,13
R0_STANDARDIZED__HAC_WARD__K2,710,1.0,1.0,1.0,11,54,13
R0_STANDARDIZED__HAC_WARD__K2,711,1.0,1.0,1.0,7,58,13
R0_STANDARDIZED__HAC_WARD__K2,712,1.0,1.0,1.0,10,55,13
R0_STANDARDIZED__HAC_WARD__K2,713,0.9228790582346534,0.9454545454545454,0.9090909090909091,11,54,13
R0_STANDARDIZED__HAC_WARD__K2,714,1.0,1.0,1.0,10,55,13
R0_STANDARDIZED__HAC_WARD__K2,715,1.0,1.0,1.0,10,55,13
R0_STANDARDIZED__HAC_WARD__K2,716,1.0,1.0,1.0,12,53,13
R0_STANDARDIZED__HAC_WARD__K2,717,1.0,1.0,1.0,10,55,13
R0_STANDARDIZED__HAC_WARD__K2,718,1.0,1.0,1.0,11,54,13
R0_STANDARDIZED__HAC_WARD__K2,719,1.0,1.0,1.0,11,54,13
R0_STANDARDIZED__HAC_WARD__K2,720,1.0,1.0,1.0,9,56,13
R0_STANDARDIZED__HAC_WARD__K2,721,1.0,1.0,1.0,12,53,13
R0_STANDARDIZED__HAC_WARD__K2,722,1.0,1.0,1.0,11,54,13
R0_STANDARDIZED__HAC_WARD__K2,723,1.0,1.0,1.0,12,53,13
R0_STANDARDIZED__HAC_WARD__K2,724,1.0,1.0,1.0,10,55,13
R0_STANDARDIZED__HAC_WARD__K2,725,1.0,1.0,1.0,9,56,13
R0_STANDARDIZED__HAC_WARD__K2,726,1.0,1.0,1.0,10,55,13
R0_STANDARDIZED__HAC_WARD__K2,727,1.0,1.0,1.0,10,55,13
R0_STANDARDIZED__HAC_WARD__K2,728,1.0,1.0,1.0,10,55,13
R0_STANDARDIZED__HAC_WARD__K2,729,1.0,1.0,1.0,11,54,13
R0_STANDARDIZED__HAC_WARD__K2,730,1.0,1.0,1.0,9,56,13
R0_STANDARDIZED__HAC_WARD__K2,731,1.0,1.0,1.0,9,56,13
R0_STANDARDIZED__HAC_WARD__K2,732,1.0,1.0,1.0,9,56,13
R0_STANDARDIZED__HAC_WARD__K2,733,1.0,1.0,1.0,10,55,13
R0_STANDARDIZED__HAC_WARD__K2,734,0.7858376511226253,0.8573426573426574,0.7692307692307693,13,52,13
R0_STANDARDIZED__HAC_WARD__K2,735,1.0,1.0,1.0,11,54,13
R0_STANDARDIZED__HAC_WARD__K2,736,1.0,1.0,1.0,8,57,13
R0_STANDARDIZED__HAC_WARD__K2,737,1.0,1.0,1.0,13,52,13
R0_STANDARDIZED__HAC_WARD__K2,738,1.0,1.0,1.0,10,55,13
R0_STANDARDIZED__HAC_WARD__K2,739,1.0,1.0,1.0,11,54,13
R0_STANDARDIZED__HAC_WARD__K2,740,1.0,1.0,1.0,10,55,13
R0_STANDARDIZED__HAC_WARD__K2,741,0.9228790582346534,0.9454545454545454,0.9090909090909091,11,54,13
R0_STANDARDIZED__HAC_WARD__K2,742,1.0,1.0,1.0,11,54,13
R0_STANDARDIZED__HAC_WARD__K2,743,1.0,1.0,1.0,11,54,13
R0_STANDARDIZED__HAC_WARD__K2,744,1.0,1.0,1.0,10,55,13
R0_STANDARDIZED__HAC_WARD__K2,745,1.0,1.0,1.0,11,54,13
R0_STANDARDIZED__HAC_WARD__K2,746,1.0,1.0,1.0,12,53,13
R0_STANDARDIZED__HAC_WARD__K2,747,1.0,1.0,1.0,10,55,13
R0_STANDARDIZED__HAC_WARD__K2,748,1.0,1.0,1.0,11,54,13
R0_STANDARDIZED__HAC_WARD__K2,749,1.0,1.0,1.0,12,53,13
R0_STANDARDIZED__HAC_WARD__K2,750,1.0,1.0,1.0,11,54,13
R0_STANDARDIZED__HAC_WARD__K2,751,1.0,1.0,1.0,11,54,13
R0_STANDARDIZED__HAC_WARD__K2,752,1.0,1.0,1.0,12,53,13
R0_STANDARDIZED__HAC_WARD__K2,753,1.0,1.0,1.0,11,54,13
R0_STANDARDIZED__HAC_WARD__K2,754,1.0,1.0,1.0,10,55,13
R0_STANDARDIZED__HAC_WARD__K2,755,1.0,1.0,1.0,10,55,13
R0_STANDARDIZED__HAC_WARD__K2,756,1.0,1.0,1.0,13,52,13
R0_STANDARDIZED__HAC_WARD__K2,757,1.0,1.0,1.0,10,55,13
R0_STANDARDIZED__HAC_WARD__K2,758,1.0,1.0,1.0,12,53,13
R0_STANDARDIZED__HAC_WARD__K2,759,1.0,1.0,1.0,11,54,13
R0_STANDARDIZED__HAC_WARD__K2,760,1.0,1.0,1.0,12,53,13
R0_STANDARDIZED__HAC_WARD__K2,761,1.0,1.0,1.0,11,54,13
R0_STANDARDIZED__HAC_WARD__K2,762,1.0,1.0,1.0,10,55,13
R0_STANDARDIZED__HAC_WARD__K2,763,1.0,1.0,1.0,12,53,13
R0_STANDARDIZED__HAC_WARD__K2,764,1.0,1.0,1.0,9,56,13
R0_STANDARDIZED__HAC_WARD__K2,765,1.0,1.0,1.0,10,55,13
R0_STANDARDIZED__HAC_WARD__K2,766,1.0,1.0,1.0,11,54,13
R0_STANDARDIZED__HAC_WARD__K2,767,1.0,1.0,1.0,10,55,13
R0_STANDARDIZED__HAC_WARD__K2,768,1.0,1.0,1.0,10,55,13
R0_STANDARDIZED__HAC_WARD__K2,769,1.0,1.0,1.0,12,53,13
R0_STANDARDIZED__HAC_WARD__K2,770,1.0,1.0,1.0,12,53,13
R0_STANDARDIZED__HAC_WARD__K2,771,1.0,1.0,1.0,11,54,13
R0_STANDARDIZED__HAC_WARD__K2,772,1.0,1.0,1.0,10,55,13
R0_STANDARDIZED__HAC_WARD__K2,773,1.0,1.0,1.0,11,54,13
R0_STANDARDIZED__HAC_WARD__K2,774,1.0,1.0,1.0,11,54,13
R0_STANDARDIZED__HAC_WARD__K2,775,1.0,1.0,1.0,9,56,13
R0_STANDARDIZED__HAC_WARD__K2,776,1.0,1.0,1.0,12,53,13
R0_STANDARDIZED__HAC_WARD__K2,777,1.0,1.0,1.0,11,54,13
R0_STANDARDIZED__HAC_WARD__K2,778,1.0,1.0,1.0,10,55,13
R0_STANDARDIZED__HAC_WARD__K2,779,1.0,1.0,1.0,11,54,13
R0_STANDARDIZED__HAC_WARD__K2,780,1.0,1.0,1.0,13,52,13
R0_STANDARDIZED__HAC_WARD__K2,781,1.0,1.0,1.0,13,52,13
R0_STANDARDIZED__HAC_WARD__K2,782,1.0,1.0,1.0,10,55,13
R0_STANDARDIZED__HAC_WARD__K2,783,1.0,1.0,1.0,13,52,13
R0_STANDARDIZED__HAC_WARD__K2,784,1.0,1.0,1.0,11,54,13
R0_STANDARDIZED__HAC_WARD__K2,785,1.0,1.0,1.0,11,54,13
R0_STANDARDIZED__HAC_WARD__K2,786,1.0,1.0,1.0,11,54,13
R0_STANDARDIZED__HAC_WARD__K2,787,1.0,1.0,1.0,10,55,13
R0_STANDARDIZED__HAC_WARD__K2,788,1.0,1.0,1.0,12,53,13
R0_STANDARDIZED__HAC_WARD__K2,789,1.0,1.0,1.0,7,58,13
R0_STANDARDIZED__HAC_WARD__K2,790,1.0,1.0,1.0,11,54,13
R0_STANDARDIZED__HAC_WARD__K2,791,1.0,1.0,1.0,9,56,13
R0_STANDARDIZED__HAC_WARD__K2,792,1.0,1.0,1.0,8,57,13
R0_STANDARDIZED__HAC_WARD__K2,793,1.0,1.0,1.0,8,57,13
R0_STANDARDIZED__HAC_WARD__K2,794,1.0,1.0,1.0,12,53,13
R0_STANDARDIZED__HAC_WARD__K2,795,1.0,1.0,1.0,9,56,13
R0_STANDARDIZED__HAC_WARD__K2,796,0.9187261893132753,0.9410714285714286,0.9,10,55,13
R0_STANDARDIZED__HAC_WARD__K2,797,1.0,1.0,1.0,11,54,13
R0_STANDARDIZED__HAC_WARD__K2,798,1.0,1.0,1.0,10,55,13
R0_STANDARDIZED__HAC_WARD__K2,799,1.0,1.0,1.0,9,56,13
R0_STANDARDIZED__HAC_WARD__K2,800,1.0,1.0,1.0,11,54,13
R0_STANDARDIZED__HAC_WARD__K2,801,1.0,1.0,1.0,11,54,13
R0_STANDARDIZED__HAC_WARD__K2,802,1.0,1.0,1.0,12,53,13
R0_STANDARDIZED__HAC_WARD__K2,803,1.0,1.0,1.0,11,54,13
R0_STANDARDIZED__HAC_WARD__K2,804,1.0,1.0,1.0,10,55,13
R0_STANDARDIZED__HAC_WARD__K2,805,1.0,1.0,1.0,11,54,13
R0_STANDARDIZED__HAC_WARD__K2,806,1.0,1.0,1.0,10,55,13
R0_STANDARDIZED__HAC_WARD__K2,807,1.0,1.0,1.0,9,56,13
R0_STANDARDIZED__HAC_WARD__K2,808,1.0,1.0,1.0,11,54,13
R0_STANDARDIZED__HAC_WARD__K2,809,0.9187261893132753,0.9410714285714286,0.9,9,56,13
R0_STANDARDIZED__HAC_WARD__K2,810,1.0,1.0,1.0,8,57,13
R0_STANDARDIZED__HAC_WARD__K2,811,1.0,1.0,1.0,10,55,13
R0_STANDARDIZED__HAC_WARD__K2,812,1.0,1.0,1.0,11,54,13
R0_STANDARDIZED__HAC_WARD__K2,813,1.0,1.0,1.0,12,53,13
R0_STANDARDIZED__HAC_WARD__K2,814,1.0,1.0,1.0,9,56,13
R0_STANDARDIZED__HAC_WARD__K2,815,1.0,1.0,1.0,11,54,13
R0_STANDARDIZED__HAC_WARD__K2,816,1.0,1.0,1.0,9,56,13
R0_STANDARDIZED__HAC_WARD__K2,817,1.0,1.0,1.0,12,53,13
R0_STANDARDIZED__HAC_WARD__K2,818,1.0,1.0,1.0,11,54,13
R0_STANDARDIZED__HAC_WARD__K2,819,1.0,1.0,1.0,10,55,13
R0_STANDARDIZED__HAC_WARD__K2,820,1.0,1.0,1.0,10,55,13
R0_STANDARDIZED__HAC_WARD__K2,821,1.0,1.0,1.0,12,53,13
R0_STANDARDIZED__HAC_WARD__K2,822,1.0,1.0,1.0,11,54,13
R0_STANDARDIZED__HAC_WARD__K2,823,1.0,1.0,1.0,9,56,13
R0_STANDARDIZED__HAC_WARD__K2,824,1.0,1.0,1.0,10,55,13
R0_STANDARDIZED__HAC_WARD__K2,825,1.0,1.0,1.0,12,53,13
R0_STANDARDIZED__HAC_WARD__K2,826,1.0,1.0,1.0,12,53,13
R0_STANDARDIZED__HAC_WARD__K2,827,1.0,1.0,1.0,10,55,13
R0_STANDARDIZED__HAC_WARD__K2,828,1.0,1.0,1.0,11,54,13
R0_STANDARDIZED__HAC_WARD__K2,829,1.0,1.0,1.0,10,55,13
R0_STANDARDIZED__HAC_WARD__K2,830,1.0,1.0,1.0,10,55,13
R0_STANDARDIZED__HAC_WARD__K2,831,1.0,1.0,1.0,11,54,13
R0_STANDARDIZED__HAC_WARD__K2,832,1.0,1.0,1.0,12,53,13
R0_STANDARDIZED__HAC_WARD__K2,833,1.0,1.0,1.0,12,53,13
R0_STANDARDIZED__HAC_WARD__K2,834,1.0,1.0,1.0,10,55,13
R0_STANDARDIZED__HAC_WARD__K2,835,1.0,1.0,1.0,11,54,13
R0_STANDARDIZED__HAC_WARD__K2,836,1.0,1.0,1.0,8,57,13
R0_STANDARDIZED__HAC_WARD__K2,837,1.0,1.0,1.0,10,55,13
R0_STANDARDIZED__HAC_WARD__K2,838,1.0,1.0,1.0,7,58,13
R0_STANDARDIZED__HAC_WARD__K2,839,1.0,1.0,1.0,10,55,13
R0_STANDARDIZED__HAC_WARD__K2,840,1.0,1.0,1.0,12,53,13
R0_STANDARDIZED__HAC_WARD__K2,841,1.0,1.0,1.0,11,54,13
R0_STANDARDIZED__HAC_WARD__K2,842,1.0,1.0,1.0,11,54,13
R0_STANDARDIZED__HAC_WARD__K2,843,1.0,1.0,1.0,9,56,13
R0_STANDARDIZED__HAC_WARD__K2,844,1.0,1.0,1.0,10,55,13
R0_STANDARDIZED__HAC_WARD__K2,845,1.0,1.0,1.0,10,55,13
R0_STANDARDIZED__HAC_WARD__K2,846,1.0,1.0,1.0,10,55,13
R0_STANDARDIZED__HAC_WARD__K2,847,1.0,1.0,1.0,12,53,13
R0_STANDARDIZED__HAC_WARD__K2,848,1.0,1.0,1.0,13,52,13
R0_STANDARDIZED__HAC_WARD__K2,849,1.0,1.0,1.0,11,54,13
R0_STANDARDIZED__HAC_WARD__K2,850,1.0,1.0,1.0,11,54,13
R0_STANDARDIZED__HAC_WARD__K2,851,1.0,1.0,1.0,12,53,13
R0_STANDARDIZED__HAC_WARD__K2,852,1.0,1.0,1.0,12,53,13
R0_STANDARDIZED__HAC_WARD__K2,853,1.0,1.0,1.0,10,55,13
R0_STANDARDIZED__HAC_WARD__K2,854,1.0,1.0,1.0,10,55,13
R0_STANDARDIZED__HAC_WARD__K2,855,1.0,1.0,1.0,9,56,13
R0_STANDARDIZED__HAC_WARD__K2,856,1.0,1.0,1.0,9,56,13
R0_STANDARDIZED__HAC_WARD__K2,857,1.0,1.0,1.0,10,55,13
R0_STANDARDIZED__HAC_WARD__K2,858,1.0,1.0,1.0,11,54,13
R0_STANDARDIZED__HAC_WARD__K2,859,1.0,1.0,1.0,9,56,13
R0_STANDARDIZED__HAC_WARD__K2,860,1.0,1.0,1.0,10,55,13
R0_STANDARDIZED__HAC_WARD__K2,861,1.0,1.0,1.0,10,55,13
R0_STANDARDIZED__HAC_WARD__K2,862,1.0,1.0,1.0,10,55,13
R0_STANDARDIZED__HAC_WARD__K2,863,1.0,1.0,1.0,9,56,13
R0_STANDARDIZED__HAC_WARD__K2,864,1.0,1.0,1.0,10,55,13
R0_STANDARDIZED__HAC_WARD__K2,865,1.0,1.0,1.0,10,55,13
R0_STANDARDIZED__HAC_WARD__K2,866,1.0,1.0,1.0,11,54,13
R0_STANDARDIZED__HAC_WARD__K2,867,1.0,1.0,1.0,11,54,13
R0_STANDARDIZED__HAC_WARD__K2,868,1.0,1.0,1.0,9,56,13
R0_STANDARDIZED__HAC_WARD__K2,869,1.0,1.0,1.0,12,53,13
R0_STANDARDIZED__HAC_WARD__K2,870,1.0,1.0,1.0,10,55,13
R0_STANDARDIZED__HAC_WARD__K2,871,1.0,1.0,1.0,12,53,13
R0_STANDARDIZED__HAC_WARD__K2,872,1.0,1.0,1.0,9,56,13
R0_STANDARDIZED__HAC_WARD__K2,873,1.0,1.0,1.0,12,53,13
R0_STANDARDIZED__HAC_WARD__K2,874,1.0,1.0,1.0,10,55,13
R0_STANDARDIZED__HAC_WARD__K2,875,1.0,1.0,1.0,11,54,13
R0_STANDARDIZED__HAC_WARD__K2,876,1.0,1.0,1.0,10,55,13
R0_STANDARDIZED__HAC_WARD__K2,877,1.0,1.0,1.0,9,56,13
R0_STANDARDIZED__HAC_WARD__K2,878,1.0,1.0,1.0,12,53,13
R0_STANDARDIZED__HAC_WARD__K2,879,1.0,1.0,1.0,13,52,13
R0_STANDARDIZED__HAC_WARD__K2,880,1.0,1.0,1.0,10,55,13
R0_STANDARDIZED__HAC_WARD__K2,881,1.0,1.0,1.0,10,55,13
R0_STANDARDIZED__HAC_WARD__K2,882,1.0,1.0,1.0,11,54,13
R0_STANDARDIZED__HAC_WARD__K2,883,1.0,1.0,1.0,12,53,13
R0_STANDARDIZED__HAC_WARD__K2,884,1.0,1.0,1.0,10,55,13
R0_STANDARDIZED__HAC_WARD__K2,885,1.0,1.0,1.0,8,57,13
R0_STANDARDIZED__HAC_WARD__K2,886,1.0,1.0,1.0,13,52,13
R0_STANDARDIZED__HAC_WARD__K2,887,1.0,1.0,1.0,11,54,13
R0_STANDARDIZED__HAC_WARD__K2,888,1.0,1.0,1.0,11,54,13
R0_STANDARDIZED__HAC_WARD__K2,889,1.0,1.0,1.0,12,53,13
R0_STANDARDIZED__HAC_WARD__K2,890,1.0,1.0,1.0,11,54,13
R0_STANDARDIZED__HAC_WARD__K2,891,1.0,1.0,1.0,10,55,13
R0_STANDARDIZED__HAC_WARD__K2,892,1.0,1.0,1.0,9,56,13
R0_STANDARDIZED__HAC_WARD__K2,893,1.0,1.0,1.0,12,53,13
R0_STANDARDIZED__HAC_WARD__K2,894,1.0,1.0,1.0,8,57,13
R0_STANDARDIZED__HAC_WARD__K2,895,1.0,1.0,1.0,11,54,13
R0_STANDARDIZED__HAC_WARD__K2,896,1.0,1.0,1.0,12,53,13
R0_STANDARDIZED__HAC_WARD__K2,897,1.0,1.0,1.0,8,57,13
R0_STANDARDIZED__HAC_WARD__K2,898,1.0,1.0,1.0,11,54,13
R0_STANDARDIZED__HAC_WARD__K2,899,1.0,1.0,1.0,12,53,13
R0_STANDARDIZED__HAC_WARD__K2,900,1.0,1.0,1.0,11,54,13
R0_STANDARDIZED__HAC_WARD__K2,901,1.0,1.0,1.0,10,55,13
R0_STANDARDIZED__HAC_WARD__K2,902,1.0,1.0,1.0,12,53,13
R0_STANDARDIZED__HAC_WARD__K2,903,1.0,1.0,1.0,12,53,13
R0_STANDARDIZED__HAC_WARD__K2,904,1.0,1.0,1.0,10,55,13
R0_STANDARDIZED__HAC_WARD__K2,905,1.0,1.0,1.0,13,52,13
R0_STANDARDIZED__HAC_WARD__K2,906,1.0,1.0,1.0,10,55,13
R0_STANDARDIZED__HAC_WARD__K2,907,1.0,1.0,1.0,13,52,13
R0_STANDARDIZED__HAC_WARD__K2,908,1.0,1.0,1.0,10,55,13
R0_STANDARDIZED__HAC_WARD__K2,909,1.0,1.0,1.0,9,56,13
R0_STANDARDIZED__HAC_WARD__K2,910,1.0,1.0,1.0,11,54,13
R0_STANDARDIZED__HAC_WARD__K2,911,1.0,1.0,1.0,11,54,13
R0_STANDARDIZED__HAC_WARD__K2,912,1.0,1.0,1.0,8,57,13
R0_STANDARDIZED__HAC_WARD__K2,913,1.0,1.0,1.0,12,53,13
R0_STANDARDIZED__HAC_WARD__K2,914,1.0,1.0,1.0,10,55,13
R0_STANDARDIZED__HAC_WARD__K2,915,1.0,1.0,1.0,12,53,13
R0_STANDARDIZED__HAC_WARD__K2,916,1.0,1.0,1.0,11,54,13
R0_STANDARDIZED__HAC_WARD__K2,917,1.0,1.0,1.0,12,53,13
R0_STANDARDIZED__HAC_WARD__K2,918,1.0,1.0,1.0,10,55,13
R0_STANDARDIZED__HAC_WARD__K2,919,1.0,1.0,1.0,8,57,13
R0_STANDARDIZED__HAC_WARD__K2,920,1.0,1.0,1.0,10,55,13
R0_STANDARDIZED__HAC_WARD__K2,921,1.0,1.0,1.0,12,53,13
R0_STANDARDIZED__HAC_WARD__K2,922,1.0,1.0,1.0,11,54,13
R0_STANDARDIZED__HAC_WARD__K2,923,1.0,1.0,1.0,10,55,13
R0_STANDARDIZED__HAC_WARD__K2,924,1.0,1.0,1.0,10,55,13
R0_STANDARDIZED__HAC_WARD__K2,925,1.0,1.0,1.0,12,53,13
R0_STANDARDIZED__HAC_WARD__K2,926,1.0,1.0,1.0,11,54,13
R0_STANDARDIZED__HAC_WARD__K2,927,1.0,1.0,1.0,11,54,13
R0_STANDARDIZED__HAC_WARD__K2,928,1.0,1.0,1.0,12,53,13
R0_STANDARDIZED__HAC_WARD__K2,929,1.0,1.0,1.0,11,54,13
R0_STANDARDIZED__HAC_WARD__K2,930,1.0,1.0,1.0,10,55,13
R0_STANDARDIZED__HAC_WARD__K2,931,1.0,1.0,1.0,12,53,13
R0_STANDARDIZED__HAC_WARD__K2,932,1.0,1.0,1.0,11,54,13
R0_STANDARDIZED__HAC_WARD__K2,933,1.0,1.0,1.0,10,55,13
R0_STANDARDIZED__HAC_WARD__K2,934,1.0,1.0,1.0,11,54,13
R0_STANDARDIZED__HAC_WARD__K2,935,1.0,1.0,1.0,10,55,13
R0_STANDARDIZED__HAC_WARD__K2,936,1.0,1.0,1.0,11,54,13
R0_STANDARDIZED__HAC_WARD__K2,937,1.0,1.0,1.0,11,54,13
R0_STANDARDIZED__HAC_WARD__K2,938,1.0,1.0,1.0,11,54,13
R0_STANDARDIZED__HAC_WARD__K2,939,1.0,1.0,1.0,11,54,13
R0_STANDARDIZED__HAC_WARD__K2,940,1.0,1.0,1.0,9,56,13
R0_STANDARDIZED__HAC_WARD__K2,941,1.0,1.0,1.0,11,54,13
R0_STANDARDIZED__HAC_WARD__K2,942,1.0,1.0,1.0,9,56,13
R0_STANDARDIZED__HAC_WARD__K2,943,1.0,1.0,1.0,10,55,13
R0_STANDARDIZED__HAC_WARD__K2,944,1.0,1.0,1.0,12,53,13
R0_STANDARDIZED__HAC_WARD__K2,945,1.0,1.0,1.0,12,53,13
R0_STANDARDIZED__HAC_WARD__K2,946,1.0,1.0,1.0,9,56,13
R0_STANDARDIZED__HAC_WARD__K2,947,1.0,1.0,1.0,11,54,13
R0_STANDARDIZED__HAC_WARD__K2,948,1.0,1.0,1.0,7,58,13
R0_STANDARDIZED__HAC_WARD__K2,949,1.0,1.0,1.0,10,55,13
R0_STANDARDIZED__HAC_WARD__K2,950,1.0,1.0,1.0,10,55,13
R0_STANDARDIZED__HAC_WARD__K2,951,1.0,1.0,1.0,9,56,13
R0_STANDARDIZED__HAC_WARD__K2,952,1.0,1.0,1.0,10,55,13
R0_STANDARDIZED__HAC_WARD__K2,953,1.0,1.0,1.0,11,54,13
R0_STANDARDIZED__HAC_WARD__K2,954,1.0,1.0,1.0,12,53,13
R0_STANDARDIZED__HAC_WARD__K2,955,1.0,1.0,1.0,10,55,13
R0_STANDARDIZED__HAC_WARD__K2,956,1.0,1.0,1.0,10,55,13
R0_STANDARDIZED__HAC_WARD__K2,957,1.0,1.0,1.0,12,53,13
R0_STANDARDIZED__HAC_WARD__K2,958,1.0,1.0,1.0,10,55,13
R0_STANDARDIZED__HAC_WARD__K2,959,1.0,1.0,1.0,11,54,13
R0_STANDARDIZED__HAC_WARD__K2,960,1.0,1.0,1.0,9,56,13
R0_STANDARDIZED__HAC_WARD__K2,961,0.9228790582346534,0.9454545454545454,0.9090909090909091,10,55,13
R0_STANDARDIZED__HAC_WARD__K2,962,0.7247304362918447,0.8207792207792208,0.7142857142857143,14,51,13
R0_STANDARDIZED__HAC_WARD__K2,963,1.0,1.0,1.0,11,54,13
R0_STANDARDIZED__HAC_WARD__K2,964,1.0,1.0,1.0,10,55,13
R0_STANDARDIZED__HAC_WARD__K2,965,1.0,1.0,1.0,12,53,13
R0_STANDARDIZED__HAC_WARD__K2,966,1.0,1.0,1.0,10,55,13
R0_STANDARDIZED__HAC_WARD__K2,967,1.0,1.0,1.0,10,55,13
R0_STANDARDIZED__HAC_WARD__K2,968,1.0,1.0,1.0,9,56,13
R0_STANDARDIZED__HAC_WARD__K2,969,1.0,1.0,1.0,10,55,13
R0_STANDARDIZED__HAC_WARD__K2,970,1.0,1.0,1.0,9,56,13
R0_STANDARDIZED__HAC_WARD__K2,971,1.0,1.0,1.0,13,52,13
R0_STANDARDIZED__HAC_WARD__K2,972,1.0,1.0,1.0,9,56,13
R0_STANDARDIZED__HAC_WARD__K2,973,1.0,1.0,1.0,10,55,13
R0_STANDARDIZED__HAC_WARD__K2,974,1.0,1.0,1.0,11,54,13
R0_STANDARDIZED__HAC_WARD__K2,975,1.0,1.0,1.0,10,55,13
R0_STANDARDIZED__HAC_WARD__K2,976,1.0,1.0,1.0,10,55,13
R0_STANDARDIZED__HAC_WARD__K2,977,1.0,1.0,1.0,11,54,13
R0_STANDARDIZED__HAC_WARD__K2,978,1.0,1.0,1.0,10,55,13
R0_STANDARDIZED__HAC_WARD__K2,979,1.0,1.0,1.0,11,54,13
R0_STANDARDIZED__HAC_WARD__K2,980,1.0,1.0,1.0,12,53,13
R0_STANDARDIZED__HAC_WARD__K2,981,1.0,1.0,1.0,11,54,13
R0_STANDARDIZED__HAC_WARD__K2,982,1.0,1.0,1.0,11,54,13
R0_STANDARDIZED__HAC_WARD__K2,983,1.0,1.0,1.0,12,53,13
R0_STANDARDIZED__HAC_WARD__K2,984,0.9187261893132753,0.9410714285714286,0.9,9,56,13
R0_STANDARDIZED__HAC_WARD__K2,985,1.0,1.0,1.0,10,55,13
R0_STANDARDIZED__HAC_WARD__K2,986,1.0,1.0,1.0,13,52,13
R0_STANDARDIZED__HAC_WARD__K2,987,1.0,1.0,1.0,10,55,13
R0_STANDARDIZED__HAC_WARD__K2,988,1.0,1.0,1.0,10,55,13
R0_STANDARDIZED__HAC_WARD__K2,989,1.0,1.0,1.0,11,54,13
R0_STANDARDIZED__HAC_WARD__K2,990,1.0,1.0,1.0,10,55,13
R0_STANDARDIZED__HAC_WARD__K2,991,1.0,1.0,1.0,11,54,13
R0_STANDARDIZED__HAC_WARD__K2,992,1.0,1.0,1.0,11,54,13
R0_STANDARDIZED__HAC_WARD__K2,993,1.0,1.0,1.0,11,54,13
R0_STANDARDIZED__HAC_WARD__K2,994,1.0,1.0,1.0,9,56,13
R0_STANDARDIZED__HAC_WARD__K2,995,1.0,1.0,1.0,9,56,13
R0_STANDARDIZED__HAC_WARD__K2,996,1.0,1.0,1.0,7,58,13
R0_STANDARDIZED__HAC_WARD__K2,997,1.0,1.0,1.0,11,54,13
R0_STANDARDIZED__HAC_WARD__K2,998,1.0,1.0,1.0,9,56,13
R0_STANDARDIZED__HAC_WARD__K2,999,1.0,1.0,1.0,9,56,13
R0_STANDARDIZED__HAC_WARD__K2,1000,1.0,1.0,1.0,10,55,13
R0_STANDARDIZED__KMEANS__K2,1,1.0,1.0,1.0,15,50,13
R0_STANDARDIZED__KMEANS__K2,2,1.0,1.0,1.0,11,54,13
R0_STANDARDIZED__KMEANS__K2,3,0.7462562396006656,0.8438914027149321,0.7647058823529411,17,48,13
R0_STANDARDIZED__KMEANS__K2,4,0.9261606184048209,0.9490740740740741,0.9166666666666666,11,54,13
R0_STANDARDIZED__KMEANS__K2,5,1.0,1.0,1.0,15,50,13
R0_STANDARDIZED__KMEANS__K2,6,0.8657432072456047,0.9141025641025642,0.8666666666666667,15,50,13
R0_STANDARDIZED__KMEANS__K2,7,0.8711048158640227,0.9211764705882353,0.8823529411764706,17,48,13
R0_STANDARDIZED__KMEANS__K2,8,0.7462562396006656,0.8438914027149321,0.7647058823529411,17,48,13
R0_STANDARDIZED__KMEANS__K2,9,0.7462562396006656,0.8438914027149321,0.7647058823529411,17,48,13
R0_STANDARDIZED__KMEANS__K2,10,0.7405783826223502,0.8372641509433962,0.75,16,49,13
R0_STANDARDIZED__KMEANS__K2,11,0.8574499377757665,0.9045584045584045,0.8461538461538461,11,54,13
R0_STANDARDIZED__KMEANS__K2,12,0.9287780992655241,0.9521044992743106,0.9230769230769231,12,53,13
R0_STANDARDIZED__KMEANS__K2,13,0.8082048353321911,0.8823529411764706,0.8235294117647058,17,48,13
R0_STANDARDIZED__KMEANS__K2,14,0.8113406284744572,0.8866666666666667,0.8333333333333334,18,47,13
R0_STANDARDIZED__KMEANS__K2,15,0.7405783826223502,0.8372641509433962,0.75,16,49,13
R0_STANDARDIZED__KMEANS__K2,16,0.8620480557871598,0.9097035040431267,0.8571428571428571,14,51,13
R0_STANDARDIZED__KMEANS__K2,17,0.7858376511226253,0.8573426573426574,0.7692307692307693,10,55,13
R0_STANDARDIZED__KMEANS__K2,18,0.7994276471320144,0.8716981132075472,0.8,15,50,13
R0_STANDARDIZED__KMEANS__K2,19,0.7462562396006656,0.8438914027149321,0.7647058823529411,17,48,13
R0_STANDARDIZED__KMEANS__K2,20,0.8517043139740166,0.8984848484848484,0.8333333333333334,10,55,13
R0_STANDARDIZED__KMEANS__K2,21,0.9287780992655241,0.9521044992743106,0.9230769230769231,12,53,13
R0_STANDARDIZED__KMEANS__K2,22,0.8517043139740166,0.8984848484848484,0.8333333333333334,10,55,13
R0_STANDARDIZED__KMEANS__K2,23,0.8574499377757665,0.9045584045584045,0.8461538461538461,13,52,13
R0_STANDARDIZED__KMEANS__K2,24,0.8687163375224417,0.9178921568627452,0.875,16,49,13
R0_STANDARDIZED__KMEANS__K2,25,0.9325674224464572,0.9568627450980391,0.9333333333333333,15,50,13
R0_STANDARDIZED__KMEANS__K2,26,1.0,1.0,1.0,12,53,13
R0_STANDARDIZED__KMEANS__K2,27,0.9287780992655241,0.9521044992743106,0.9230769230769231,13,52,13
R0_STANDARDIZED__KMEANS__K2,28,0.7933783662535089,0.8650793650793651,0.7857142857142857,14,51,13
R0_STANDARDIZED__KMEANS__K2,29,0.8113406284744572,0.8866666666666667,0.8333333333333334,18,47,13
R0_STANDARDIZED__KMEANS__K2,30,0.8657432072456047,0.9141025641025642,0.8666666666666667,15,50,13
R0_STANDARDIZED__KMEANS__K2,31,0.7335181568059144,0.8296296296296296,0.7333333333333333,15,50,13
R0_STANDARDIZED__KMEANS__K2,32,0.7462562396006656,0.8438914027149321,0.7647058823529411,17,48,13
R0_STANDARDIZED__KMEANS__K2,33,0.9339263024142312,0.95875,0.9375,16,49,13
R0_STANDARDIZED__KMEANS__K2,34,0.9325674224464572,0.9568627450980391,0.9333333333333333,15,50,13
R0_STANDARDIZED__KMEANS__K2,35,0.8082048353321911,0.8823529411764706,0.8235294117647058,17,48,13
R0_STANDARDIZED__KMEANS__K2,36,0.8687163375224417,0.9178921568627452,0.875,16,49,13
R0_STANDARDIZED__KMEANS__K2,37,0.8444710305930611,0.8912337662337663,0.8181818181818182,9,56,13
R0_STANDARDIZED__KMEANS__K2,38,0.8687163375224417,0.9178921568627452,0.875,16,49,13
R0_STANDARDIZED__KMEANS__K2,39,0.7405783826223502,0.8372641509433962,0.75,16,49,13
R0_STANDARDIZED__KMEANS__K2,40,1.0,1.0,1.0,12,53,13
R0_STANDARDIZED__KMEANS__K2,41,1.0,1.0,1.0,13,52,13
R0_STANDARDIZED__KMEANS__K2,42,0.8711048158640227,0.9211764705882353,0.8823529411764706,17,48,13
R0_STANDARDIZED__KMEANS__K2,43,0.7933783662535089,0.8650793650793651,0.7857142857142857,11,54,13
R0_STANDARDIZED__KMEANS__K2,44,0.7933783662535089,0.8650793650793651,0.7857142857142857,11,54,13
R0_STANDARDIZED__KMEANS__K2,45,0.8082048353321911,0.8823529411764706,0.8235294117647058,17,48,13
R0_STANDARDIZED__KMEANS__K2,46,0.8687163375224417,0.9178921568627452,0.875,16,49,13
R0_STANDARDIZED__KMEANS__K2,47,0.9261606184048209,0.9490740740740741,0.9166666666666666,11,54,13
R0_STANDARDIZED__KMEANS__K2,48,0.7462562396006656,0.8438914027149321,0.7647058823529411,17,48,13
R0_STANDARDIZED__KMEANS__K2,49,0.9228790582346534,0.9454545454545454,0.9090909090909091,10,55,13
R0_STANDARDIZED__KMEANS__K2,50,0.7335181568059144,0.8296296296296296,0.7333333333333333,15,50,13
R0_STANDARDIZED__KMEANS__K2,51,0.8517043139740166,0.8984848484848484,0.8333333333333334,10,55,13
R0_STANDARDIZED__KMEANS__K2,52,0.8082048353321911,0.8823529411764706,0.8235294117647058,17,48,13
R0_STANDARDIZED__KMEANS__K2,53,0.8620480557871598,0.9097035040431267,0.8571428571428571,14,51,13
R0_STANDARDIZED__KMEANS__K2,54,0.8042929292929293,0.8774038461538461,0.8125,16,49,13
R0_STANDARDIZED__KMEANS__K2,55,0.7994276471320144,0.8716981132075472,0.8,15,50,13
R0_STANDARDIZED__KMEANS__K2,56,0.8082048353321911,0.8823529411764706,0.8235294117647058,17,48,13
R0_STANDARDIZED__KMEANS__K2,57,1.0,1.0,1.0,12,53,13
R0_STANDARDIZED__KMEANS__K2,58,0.7858376511226253,0.8573426573426574,0.7692307692307693,13,52,13
R0_STANDARDIZED__KMEANS__K2,59,0.9308780645858084,0.9546703296703296,0.9285714285714286,14,51,13
R0_STANDARDIZED__KMEANS__K2,60,0.8042929292929293,0.8774038461538461,0.8125,13,52,13
R0_STANDARDIZED__KMEANS__K2,61,0.9308780645858084,0.9546703296703296,0.9285714285714286,13,52,13
R0_STANDARDIZED__KMEANS__K2,62,1.0,1.0,1.0,13,52,13
R0_STANDARDIZED__KMEANS__K2,63,0.7858376511226253,0.8573426573426574,0.7692307692307693,13,52,13
R0_STANDARDIZED__KMEANS__K2,64,1.0,1.0,1.0,16,49,13
R0_STANDARDIZED__KMEANS__K2,65,0.7335181568059144,0.8296296296296296,0.7333333333333333,15,50,13
R0_STANDARDIZED__KMEANS__K2,66,0.8620480557871598,0.9097035040431267,0.8571428571428571,12,53,13
R0_STANDARDIZED__KMEANS__K2,67,0.9325674224464572,0.9568627450980391,0.9333333333333333,14,51,13
R0_STANDARDIZED__KMEANS__K2,68,0.8517043139740166,0.8984848484848484,0.8333333333333334,10,55,13
R0_STANDARDIZED__KMEANS__K2,69,0.8620480557871598,0.9097035040431267,0.8571428571428571,14,51,13
R0_STANDARDIZED__KMEANS__K2,70,0.8042929292929293,0.8774038461538461,0.8125,16,49,13
R0_STANDARDIZED__KMEANS__K2,71,0.8042929292929293,0.8774038461538461,0.8125,13,52,13
R0_STANDARDIZED__KMEANS__K2,72,0.8620480557871598,0.9097035040431267,0.8571428571428571,14,51,13
R0_STANDARDIZED__KMEANS__K2,73,0.8687163375224417,0.9178921568627452,0.875,16,49,13
R0_STANDARDIZED__KMEANS__K2,74,0.7462562396006656,0.8438914027149321,0.7647058823529411,17,48,13
R0_STANDARDIZED__KMEANS__K2,75,0.9287780992655241,0.9521044992743106,0.9230769230769231,12,53,13
R0_STANDARDIZED__KMEANS__K2,76,1.0,1.0,1.0,14,51,13
R0_STANDARDIZED__KMEANS__K2,77,0.7933783662535089,0.8650793650793651,0.7857142857142857,14,51,13
R0_STANDARDIZED__KMEANS__K2,78,0.7335181568059144,0.8296296296296296,0.7333333333333333,15,50,13
R0_STANDARDIZED__KMEANS__K2,79,0.9339263024142312,0.95875,0.9375,16,49,13
R0_STANDARDIZED__KMEANS__K2,80,0.8687163375224417,0.9178921568627452,0.875,16,49,13
R0_STANDARDIZED__KMEANS__K2,81,0.4353405725567621,0.6590909090909092,0.5,20,45,13
R0_STANDARDIZED__KMEANS__K2,82,0.9308780645858084,0.9546703296703296,0.9285714285714286,13,52,13
R0_STANDARDIZED__KMEANS__K2,83,0.8352609876294881,0.8824561403508773,0.8,8,57,13
R0_STANDARDIZED__KMEANS__K2,84,0.8352609876294881,0.8824561403508773,0.8,8,57,13
R0_STANDARDIZED__KMEANS__K2,85,0.9261606184048209,0.9490740740740741,0.9166666666666666,11,54,13
R0_STANDARDIZED__KMEANS__K2,86,0.7933783662535089,0.8650793650793651,0.7857142857142857,11,54,13
R0_STANDARDIZED__KMEANS__K2,87,1.0,1.0,1.0,16,49,13
R0_STANDARDIZED__KMEANS__K2,88,0.7405783826223502,0.8372641509433962,0.75,16,49,13
R0_STANDARDIZED__KMEANS__K2,89,0.7858376511226253,0.8573426573426574,0.7692307692307693,13,52,13
R0_STANDARDIZED__KMEANS__K2,90,0.8574499377757665,0.9045584045584045,0.8461538461538461,11,54,13
R0_STANDARDIZED__KMEANS__K2,91,0.9308780645858084,0.9546703296703296,0.9285714285714286,13,52,13
R0_STANDARDIZED__KMEANS__K2,92,0.7405783826223502,0.8372641509433962,0.75,16,49,13
R0_STANDARDIZED__KMEANS__K2,93,0.8517043139740166,0.8984848484848484,0.8333333333333334,10,55,13
R0_STANDARDIZED__KMEANS__K2,94,0.8042929292929293,0.8774038461538461,0.8125,16,49,13
R0_STANDARDIZED__KMEANS__K2,95,0.9325674224464572,0.9568627450980391,0.9333333333333333,15,50,13
R0_STANDARDIZED__KMEANS__K2,96,0.7994276471320144,0.8716981132075472,0.8,12,53,13
R0_STANDARDIZED__KMEANS__K2,97,0.8657432072456047,0.9141025641025642,0.8666666666666667,15,50,13
R0_STANDARDIZED__KMEANS__K2,98,0.9287780992655241,0.9521044992743106,0.9230769230769231,12,53,13
R0_STANDARDIZED__KMEANS__K2,99,0.9325674224464572,0.9568627450980391,0.9333333333333333,14,51,13
R0_STANDARDIZED__KMEANS__K2,100,1.0,1.0,1.0,10,55,13
R0_STANDARDIZED__KMEANS__K2,101,0.9228790582346534,0.9454545454545454,0.9090909090909091,10,55,13
R0_STANDARDIZED__KMEANS__K2,102,0.9325674224464572,0.9568627450980391,0.9333333333333333,15,50,13
R0_STANDARDIZED__KMEANS__K2,103,0.8444710305930611,0.8912337662337663,0.8181818181818182,9,56,13
R0_STANDARDIZED__KMEANS__K2,104,0.8042929292929293,0.8774038461538461,0.8125,16,49,13
R0_STANDARDIZED__KMEANS__K2,105,0.9339263024142312,0.95875,0.9375,16,49,13
R0_STANDARDIZED__KMEANS__K2,106,1.0,1.0,1.0,15,50,13
R0_STANDARDIZED__KMEANS__K2,107,0.750814057166649,0.8496732026143791,0.7777777777777778,18,47,13
R0_STANDARDIZED__KMEANS__K2,108,0.485694101024373,0.6916666666666667,0.55,20,45,13
R0_STANDARDIZED__KMEANS__K2,109,0.8517043139740166,0.8984848484848484,0.8333333333333334,10,55,13
R0_STANDARDIZED__KMEANS__K2,110,0.9325674224464572,0.9568627450980391,0.9333333333333333,15,50,13
R0_STANDARDIZED__KMEANS__K2,111,0.7335181568059144,0.8296296296296296,0.7333333333333333,15,50,13
R0_STANDARDIZED__KMEANS__K2,112,0.8517043139740166,0.8984848484848484,0.8333333333333334,10,55,13
R0_STANDARDIZED__KMEANS__K2,113,0.8657432072456047,0.9141025641025642,0.8666666666666667,15,50,13
R0_STANDARDIZED__KMEANS__K2,114,1.0,1.0,1.0,14,51,13
R0_STANDARDIZED__KMEANS__K2,115,0.7335181568059144,0.8296296296296296,0.7333333333333333,15,50,13
R0_STANDARDIZED__KMEANS__K2,116,0.9228790582346534,0.9454545454545454,0.9090909090909091,10,55,13
R0_STANDARDIZED__KMEANS__K2,117,0.7994276471320144,0.8716981132075472,0.8,15,50,13
R0_STANDARDIZED__KMEANS__K2,118,0.8711048158640227,0.9211764705882353,0.8823529411764706,17,48,13
R0_STANDARDIZED__KMEANS__K2,119,0.8352609876294881,0.8824561403508773,0.8,8,57,13
R0_STANDARDIZED__KMEANS__K2,120,0.8574499377757665,0.9045584045584045,0.8461538461538461,11,54,13
R0_STANDARDIZED__KMEANS__K2,121,1.0,1.0,1.0,12,53,13
R0_STANDARDIZED__KMEANS__K2,122,0.9325674224464572,0.9568627450980391,0.9333333333333333,14,51,13
R0_STANDARDIZED__KMEANS__K2,123,0.9187261893132753,0.9410714285714286,0.9,9,56,13
R0_STANDARDIZED__KMEANS__K2,124,1.0,1.0,1.0,15,50,13
R0_STANDARDIZED__KMEANS__K2,125,0.9261606184048209,0.9490740740740741,0.9166666666666666,11,54,13
R0_STANDARDIZED__KMEANS__K2,126,0.750814057166649,0.8496732026143791,0.7777777777777778,18,47,13
R0_STANDARDIZED__KMEANS__K2,127,0.9308780645858084,0.9546703296703296,0.9285714285714286,13,52,13
R0_STANDARDIZED__KMEANS__K2,128,0.9287780992655241,0.9521044992743106,0.9230769230769231,12,53,13
R0_STANDARDIZED__KMEANS__K2,129,0.9325674224464572,0.9568627450980391,0.9333333333333333,15,50,13
R0_STANDARDIZED__KMEANS__K2,130,1.0,1.0,1.0,14,51,13
R0_STANDARDIZED__KMEANS__K2,131,0.7544559054051438,0.8547368421052632,0.7894736842105263,19,46,13
R0_STANDARDIZED__KMEANS__K2,132,0.7763844190433914,0.8482142857142857,0.75,12,53,13
R0_STANDARDIZED__KMEANS__K2,133,0.7405783826223502,0.8372641509433962,0.75,16,49,13
R0_STANDARDIZED__KMEANS__K2,134,0.8657432072456047,0.9141025641025642,0.8666666666666667,15,50,13
R0_STANDARDIZED__KMEANS__K2,135,0.8687163375224417,0.9178921568627452,0.875,16,49,13
R0_STANDARDIZED__KMEANS__K2,136,0.8711048158640227,0.9211764705882353,0.8823529411764706,17,48,13
R0_STANDARDIZED__KMEANS__K2,137,0.8574499377757665,0.9045584045584045,0.8461538461538461,11,54,13
R0_STANDARDIZED__KMEANS__K2,138,0.9325674224464572,0.9568627450980391,0.9333333333333333,15,50,13
R0_STANDARDIZED__KMEANS__K2,139,0.7462562396006656,0.8438914027149321,0.7647058823529411,17,48,13
R0_STANDARDIZED__KMEANS__K2,140,0.9261606184048209,0.9490740740740741,0.9166666666666666,11,54,13
R0_STANDARDIZED__KMEANS__K2,141,1.0,1.0,1.0,13,52,13
R0_STANDARDIZED__KMEANS__K2,142,0.9133982846198684,0.935672514619883,0.8888888888888888,8,57,13
R0_STANDARDIZED__KMEANS__K2,143,0.7994276471320144,0.8716981132075472,0.8,15,50,13
R0_STANDARDIZED__KMEANS__K2,144,0.8687163375224417,0.9178921568627452,0.875,16,49,13
R0_STANDARDIZED__KMEANS__K2,145,0.8620480557871598,0.9097035040431267,0.8571428571428571,12,53,13
R0_STANDARDIZED__KMEANS__K2,146,0.8657432072456047,0.9141025641025642,0.8666666666666667,15,50,13
R0_STANDARDIZED__KMEANS__K2,147,1.0,1.0,1.0,13,52,13
R0_STANDARDIZED__KMEANS__K2,148,0.575670602044467,0.7407407407407407,0.6111111111111112,18,47,13
R0_STANDARDIZED__KMEANS__K2,149,0.8042929292929293,0.8774038461538461,0.8125,13,52,13
R0_STANDARDIZED__KMEANS__K2,150,0.7247304362918447,0.8207792207792208,0.7142857142857143,14,51,13
R0_STANDARDIZED__KMEANS__K2,151,0.9308780645858084,0.9546703296703296,0.9285714285714286,14,51,13
R0_STANDARDIZED__KMEANS__K2,152,0.8657432072456047,0.9141025641025642,0.8666666666666667,13,52,13
R0_STANDARDIZED__KMEANS__K2,153,0.8444710305930611,0.8912337662337663,0.8181818181818182,9,56,13
R0_STANDARDIZED__KMEANS__K2,154,0.8113406284744572,0.8866666666666667,0.8333333333333334,18,47,13
R0_STANDARDIZED__KMEANS__K2,155,0.7335181568059144,0.8296296296296296,0.7333333333333333,15,50,13
R0_STANDARDIZED__KMEANS__K2,156,0.7994276471320144,0.8716981132075472,0.8,15,50,13
R0_STANDARDIZED__KMEANS__K2,157,0.7933783662535089,0.8650793650793651,0.7857142857142857,14,51,13
R0_STANDARDIZED__KMEANS__K2,158,0.9287780992655241,0.9521044992743106,0.9230769230769231,13,52,13
R0_STANDARDIZED__KMEANS__K2,159,1.0,1.0,1.0,15,50,13
R0_STANDARDIZED__KMEANS__K2,160,0.8657432072456047,0.9141025641025642,0.8666666666666667,15,50,13
R0_STANDARDIZED__KMEANS__K2,161,0.9261606184048209,0.9490740740740741,0.9166666666666666,11,54,13
R0_STANDARDIZED__KMEANS__K2,162,0.8657432072456047,0.9141025641025642,0.8666666666666667,15,50,13
R0_STANDARDIZED__KMEANS__K2,163,0.5373448841020838,0.7245283018867925,0.6,20,45,13
R0_STANDARDIZED__KMEANS__K2,164,0.8687163375224417,0.9178921568627452,0.875,16,49,13
R0_STANDARDIZED__KMEANS__K2,165,0.9287780992655241,0.9521044992743106,0.9230769230769231,12,53,13
R0_STANDARDIZED__KMEANS__K2,166,0.8574499377757665,0.9045584045584045,0.8461538461538461,11,54,13
R0_STANDARDIZED__KMEANS__K2,167,0.8711048158640227,0.9211764705882353,0.8823529411764706,17,48,13
R0_STANDARDIZED__KMEANS__K2,168,0.8620480557871598,0.9097035040431267,0.8571428571428571,14,51,13
R0_STANDARDIZED__KMEANS__K2,169,0.7462562396006656,0.8438914027149321,0.7647058823529411,17,48,13
R0_STANDARDIZED__KMEANS__K2,170,0.8042929292929293,0.8774038461538461,0.8125,16,49,13
R0_STANDARDIZED__KMEANS__K2,171,0.7933783662535089,0.8650793650793651,0.7857142857142857,11,54,13
R0_STANDARDIZED__KMEANS__K2,172,0.7462562396006656,0.8438914027149321,0.7647058823529411,17,48,13
R0_STANDARDIZED__KMEANS__K2,173,0.8517043139740166,0.8984848484848484,0.8333333333333334,10,55,13
R0_STANDARDIZED__KMEANS__K2,174,0.7994276471320144,0.8716981132075472,0.8,12,53,13
R0_STANDARDIZED__KMEANS__K2,175,0.8444710305930611,0.8912337662337663,0.8181818181818182,9,56,13
R0_STANDARDIZED__KMEANS__K2,176,0.7933783662535089,0.8650793650793651,0.7857142857142857,11,54,13
R0_STANDARDIZED__KMEANS__K2,177,0.8574499377757665,0.9045584045584045,0.8461538461538461,11,54,13
R0_STANDARDIZED__KMEANS__K2,178,0.9287780992655241,0.9521044992743106,0.9230769230769231,12,53,13
R0_STANDARDIZED__KMEANS__K2,179,0.9228790582346534,0.9454545454545454,0.9090909090909091,10,55,13
R0_STANDARDIZED__KMEANS__K2,180,0.8517043139740166,0.8984848484848484,0.8333333333333334,10,55,13
R0_STANDARDIZED__KMEANS__K2,181,0.7933783662535089,0.8650793650793651,0.7857142857142857,11,54,13
R0_STANDARDIZED__KMEANS__K2,182,0.8042929292929293,0.8774038461538461,0.8125,16,49,13
R0_STANDARDIZED__KMEANS__K2,183,0.8687163375224417,0.9178921568627452,0.875,16,49,13
R0_STANDARDIZED__KMEANS__K2,184,0.7858376511226253,0.8573426573426574,0.7692307692307693,10,55,13
R0_STANDARDIZED__KMEANS__K2,185,0.750814057166649,0.8496732026143791,0.7777777777777778,18,47,13
R0_STANDARDIZED__KMEANS__K2,186,0.8687163375224417,0.9178921568627452,0.875,16,49,13
R0_STANDARDIZED__KMEANS__K2,187,0.8042929292929293,0.8774038461538461,0.8125,16,49,13
R0_STANDARDIZED__KMEANS__K2,188,1.0,1.0,1.0,13,52,13
R0_STANDARDIZED__KMEANS__K2,189,0.8687163375224417,0.9178921568627452,0.875,16,49,13
R0_STANDARDIZED__KMEANS__K2,190,0.8517043139740166,0.8984848484848484,0.8333333333333334,10,55,13
R0_STANDARDIZED__KMEANS__K2,191,0.8620480557871598,0.9097035040431267,0.8571428571428571,12,53,13
R0_STANDARDIZED__KMEANS__K2,192,0.7933783662535089,0.8650793650793651,0.7857142857142857,11,54,13
R0_STANDARDIZED__KMEANS__K2,193,0.8082048353321911,0.8823529411764706,0.8235294117647058,17,48,13
R0_STANDARDIZED__KMEANS__K2,194,1.0,1.0,1.0,12,53,13
R0_STANDARDIZED__KMEANS__K2,195,0.9325674224464572,0.9568627450980391,0.9333333333333333,15,50,13
R0_STANDARDIZED__KMEANS__K2,196,0.7763844190433914,0.8482142857142857,0.75,9,56,13
R0_STANDARDIZED__KMEANS__K2,197,0.9325674224464572,0.9568627450980391,0.9333333333333333,15,50,13
R0_STANDARDIZED__KMEANS__K2,198,0.8620480557871598,0.9097035040431267,0.8571428571428571,12,53,13
R0_STANDARDIZED__KMEANS__K2,199,0.8657432072456047,0.9141025641025642,0.8666666666666667,15,50,13
R0_STANDARDIZED__KMEANS__K2,200,0.7994276471320144,0.8716981132075472,0.8,15,50,13
R0_STANDARDIZED__KMEANS__K2,201,0.8082048353321911,0.8823529411764706,0.8235294117647058,17,48,13
R0_STANDARDIZED__KMEANS__K2,202,0.7994276471320144,0.8716981132075472,0.8,12,53,13
R0_STANDARDIZED__KMEANS__K2,203,0.9325674224464572,0.9568627450980391,0.9333333333333333,15,50,13
R0_STANDARDIZED__KMEANS__K2,204,0.8042929292929293,0.8774038461538461,0.8125,16,49,13
R0_STANDARDIZED__KMEANS__K2,205,0.9187261893132753,0.9410714285714286,0.9,9,56,13
R0_STANDARDIZED__KMEANS__K2,206,0.9287780992655241,0.9521044992743106,0.9230769230769231,12,53,13
R0_STANDARDIZED__KMEANS__K2,207,0.7933783662535089,0.8650793650793651,0.7857142857142857,14,51,13
R0_STANDARDIZED__KMEANS__K2,208,0.9261606184048209,0.9490740740740741,0.9166666666666666,11,54,13
R0_STANDARDIZED__KMEANS__K2,209,0.9261606184048209,0.9490740740740741,0.9166666666666666,11,54,13
R0_STANDARDIZED__KMEANS__K2,210,0.8620480557871598,0.9097035040431267,0.8571428571428571,14,51,13
R0_STANDARDIZED__KMEANS__K2,211,0.9325674224464572,0.9568627450980391,0.9333333333333333,15,50,13
R0_STANDARDIZED__KMEANS__K2,212,1.0,1.0,1.0,13,52,13
R0_STANDARDIZED__KMEANS__K2,213,0.7994276471320144,0.8716981132075472,0.8,15,50,13
R0_STANDARDIZED__KMEANS__K2,214,0.8113406284744572,0.8866666666666667,0.8333333333333334,18,47,13
R0_STANDARDIZED__KMEANS__K2,215,0.9261606184048209,0.9490740740740741,0.9166666666666666,11,54,13
R0_STANDARDIZED__KMEANS__K2,216,0.750814057166649,0.8496732026143791,0.7777777777777778,18,47,13
R0_STANDARDIZED__KMEANS__K2,217,0.9287780992655241,0.9521044992743106,0.9230769230769231,12,53,13
R0_STANDARDIZED__KMEANS__K2,218,1.0,1.0,1.0,15,50,13
R0_STANDARDIZED__KMEANS__K2,219,0.7994276471320144,0.8716981132075472,0.8,15,50,13
R0_STANDARDIZED__KMEANS__K2,220,0.8657432072456047,0.9141025641025642,0.8666666666666667,15,50,13
R0_STANDARDIZED__KMEANS__K2,221,0.8444710305930611,0.8912337662337663,0.8181818181818182,9,56,13
R0_STANDARDIZED__KMEANS__K2,222,0.7462562396006656,0.8438914027149321,0.7647058823529411,17,48,13
R0_STANDARDIZED__KMEANS__K2,223,0.7994276471320144,0.8716981132075472,0.8,15,50,13
R0_STANDARDIZED__KMEANS__K2,224,0.8711048158640227,0.9211764705882353,0.8823529411764706,17,48,13
R0_STANDARDIZED__KMEANS__K2,225,0.7858376511226253,0.8573426573426574,0.7692307692307693,10,55,13
R0_STANDARDIZED__KMEANS__K2,226,0.7462562396006656,0.8438914027149321,0.7647058823529411,17,48,13
R0_STANDARDIZED__KMEANS__K2,227,0.9308780645858084,0.9546703296703296,0.9285714285714286,14,51,13
R0_STANDARDIZED__KMEANS__K2,228,0.8352609876294881,0.8824561403508773,0.8,8,57,13
R0_STANDARDIZED__KMEANS__K2,229,0.7933783662535089,0.8650793650793651,0.7857142857142857,14,51,13
R0_STANDARDIZED__KMEANS__K2,230,0.8620480557871598,0.9097035040431267,0.8571428571428571,12,53,13
R0_STANDARDIZED__KMEANS__K2,231,0.5528937381404174,0.71875,0.5625,16,49,13
R0_STANDARDIZED__KMEANS__K2,232,0.8082048353321911,0.8823529411764706,0.8235294117647058,17,48,13
R0_STANDARDIZED__KMEANS__K2,233,0.7405783826223502,0.8372641509433962,0.75,16,49,13
R0_STANDARDIZED__KMEANS__K2,234,0.7933783662535089,0.8650793650793651,0.7857142857142857,14,51,13
R0_STANDARDIZED__KMEANS__K2,235,0.9228790582346534,0.9454545454545454,0.9090909090909091,10,55,13
R0_STANDARDIZED__KMEANS__K2,236,0.8042929292929293,0.8774038461538461,0.8125,16,49,13
R0_STANDARDIZED__KMEANS__K2,237,0.8042929292929293,0.8774038461538461,0.8125,16,49,13
R0_STANDARDIZED__KMEANS__K2,238,1.0,1.0,1.0,13,52,13
R0_STANDARDIZED__KMEANS__K2,239,0.9287780992655241,0.9521044992743106,0.9230769230769231,12,53,13
R0_STANDARDIZED__KMEANS__K2,240,0.8042929292929293,0.8774038461538461,0.8125,16,49,13
R0_STANDARDIZED__KMEANS__K2,241,0.9261606184048209,0.9490740740740741,0.9166666666666666,11,54,13
R0_STANDARDIZED__KMEANS__K2,242,1.0,1.0,1.0,12,53,13
R0_STANDARDIZED__KMEANS__K2,243,1.0,1.0,1.0,15,50,13
R0_STANDARDIZED__KMEANS__K2,244,0.7405783826223502,0.8372641509433962,0.75,16,49,13
R0_STANDARDIZED__KMEANS__K2,245,0.9287780992655241,0.9521044992743106,0.9230769230769231,13,52,13
R0_STANDARDIZED__KMEANS__K2,246,0.8657432072456047,0.9141025641025642,0.8666666666666667,15,50,13
R0_STANDARDIZED__KMEANS__K2,247,1.0,1.0,1.0,14,51,13
R0_STANDARDIZED__KMEANS__K2,248,0.7335181568059144,0.8296296296296296,0.7333333333333333,15,50,13
R0_STANDARDIZED__KMEANS__K2,249,0.8517043139740166,0.8984848484848484,0.8333333333333334,10,55,13
R0_STANDARDIZED__KMEANS__K2,250,0.8620480557871598,0.9097035040431267,0.8571428571428571,14,51,13
R0_STANDARDIZED__KMEANS__K2,251,0.8711048158640227,0.9211764705882353,0.8823529411764706,17,48,13
R0_STANDARDIZED__KMEANS__K2,252,0.7994276471320144,0.8716981132075472,0.8,15,50,13
R0_STANDARDIZED__KMEANS__K2,253,0.8620480557871598,0.9097035040431267,0.8571428571428571,14,51,13
R0_STANDARDIZED__KMEANS__K2,254,0.6149598393574297,0.7579545454545454,0.625,16,49,13
R0_STANDARDIZED__KMEANS__K2,255,0.7763844190433914,0.8482142857142857,0.75,9,56,13
R0_STANDARDIZED__KMEANS__K2,256,0.6394744882370913,0.784412955465587,0.6842105263157895,19,46,13
R0_STANDARDIZED__KMEANS__K2,257,0.8657432072456047,0.9141025641025642,0.8666666666666667,15,50,13
R0_STANDARDIZED__KMEANS__K2,258,0.9228790582346534,0.9454545454545454,0.9090909090909091,10,55,13
R0_STANDARDIZED__KMEANS__K2,259,0.8657432072456047,0.9141025641025642,0.8666666666666667,15,50,13
R0_STANDARDIZED__KMEANS__K2,260,1.0,1.0,1.0,16,49,13
R0_STANDARDIZED__KMEANS__K2,261,0.9261606184048209,0.9490740740740741,0.9166666666666666,11,54,13
R0_STANDARDIZED__KMEANS__K2,262,0.8082048353321911,0.8823529411764706,0.8235294117647058,17,48,13
R0_STANDARDIZED__KMEANS__K2,263,1.0,1.0,1.0,13,52,13
R0_STANDARDIZED__KMEANS__K2,264,0.7405783826223502,0.8372641509433962,0.75,16,49,13
R0_STANDARDIZED__KMEANS__K2,265,0.9308780645858084,0.9546703296703296,0.9285714285714286,13,52,13
R0_STANDARDIZED__KMEANS__K2,266,0.9287780992655241,0.9521044992743106,0.9230769230769231,12,53,13
R0_STANDARDIZED__KMEANS__K2,267,0.9308780645858084,0.9546703296703296,0.9285714285714286,14,51,13
R0_STANDARDIZED__KMEANS__K2,268,0.7858376511226253,0.8573426573426574,0.7692307692307693,10,55,13
R0_STANDARDIZED__KMEANS__K2,269,0.7405783826223502,0.8372641509433962,0.75,16,49,13
R0_STANDARDIZED__KMEANS__K2,270,0.7933783662535089,0.8650793650793651,0.7857142857142857,11,54,13
R0_STANDARDIZED__KMEANS__K2,271,0.8687163375224417,0.9178921568627452,0.875,16,49,13
R0_STANDARDIZED__KMEANS__K2,272,0.8620480557871598,0.9097035040431267,0.8571428571428571,14,51,13
R0_STANDARDIZED__KMEANS__K2,273,0.6963456365257269,0.8194014447884417,0.7368421052631579,19,46,13
R0_STANDARDIZED__KMEANS__K2,274,0.8517043139740166,0.8984848484848484,0.8333333333333334,10,55,13
R0_STANDARDIZED__KMEANS__K2,275,1.0,1.0,1.0,14,51,13
R0_STANDARDIZED__KMEANS__K2,276,0.8042929292929293,0.8774038461538461,0.8125,16,49,13
R0_STANDARDIZED__KMEANS__K2,277,1.0,1.0,1.0,16,49,13
R0_STANDARDIZED__KMEANS__K2,278,0.7335181568059144,0.8296296296296296,0.7333333333333333,15,50,13
R0_STANDARDIZED__KMEANS__K2,279,0.8042929292929293,0.8774038461538461,0.8125,16,49,13
R0_STANDARDIZED__KMEANS__K2,280,0.8042929292929293,0.8774038461538461,0.8125,16,49,13
R0_STANDARDIZED__KMEANS__K2,281,0.7858376511226253,0.8573426573426574,0.7692307692307693,10,55,13
R0_STANDARDIZED__KMEANS__K2,282,0.8082048353321911,0.8823529411764706,0.8235294117647058,17,48,13
R0_STANDARDIZED__KMEANS__K2,283,0.8657432072456047,0.9141025641025642,0.8666666666666667,15,50,13
R0_STANDARDIZED__KMEANS__K2,284,0.7933783662535089,0.8650793650793651,0.7857142857142857,11,54,13
R0_STANDARDIZED__KMEANS__K2,285,0.9261606184048209,0.9490740740740741,0.9166666666666666,11,54,13
R0_STANDARDIZED__KMEANS__K2,286,0.7994276471320144,0.8716981132075472,0.8,15,50,13
R0_STANDARDIZED__KMEANS__K2,287,0.8082048353321911,0.8823529411764706,0.8235294117647058,17,48,13
R0_STANDARDIZED__KMEANS__K2,288,0.7763844190433914,0.8482142857142857,0.75,9,56,13
R0_STANDARDIZED__KMEANS__K2,289,0.750814057166649,0.8496732026143791,0.7777777777777778,18,47,13
R0_STANDARDIZED__KMEANS__K2,290,0.7335181568059144,0.8296296296296296,0.7333333333333333,15,50,13
R0_STANDARDIZED__KMEANS__K2,291,0.7994276471320144,0.8716981132075472,0.8,12,53,13
R0_STANDARDIZED__KMEANS__K2,292,0.9261606184048209,0.9490740740740741,0.9166666666666666,11,54,13
R0_STANDARDIZED__KMEANS__K2,293,0.8042929292929293,0.8774038461538461,0.8125,16,49,13
R0_STANDARDIZED__KMEANS__K2,294,0.8042929292929293,0.8774038461538461,0.8125,16,49,13
R0_STANDARDIZED__KMEANS__K2,295,0.7994276471320144,0.8716981132075472,0.8,12,53,13
R0_STANDARDIZED__KMEANS__K2,296,0.8352609876294881,0.8824561403508773,0.8,8,57,13
R0_STANDARDIZED__KMEANS__K2,297,0.7335181568059144,0.8296296296296296,0.7333333333333333,15,50,13
R0_STANDARDIZED__KMEANS__K2,298,0.7763844190433914,0.8482142857142857,0.75,9,56,13
R0_STANDARDIZED__KMEANS__K2,299,0.9287780992655241,0.9521044992743106,0.9230769230769231,13,52,13
R0_STANDARDIZED__KMEANS__K2,300,0.8042929292929293,0.8774038461538461,0.8125,16,49,13
R0_STANDARDIZED__KMEANS__K2,301,0.9261606184048209,0.9490740740740741,0.9166666666666666,11,54,13
R0_STANDARDIZED__KMEANS__K2,302,1.0,1.0,1.0,15,50,13
R0_STANDARDIZED__KMEANS__K2,303,0.7994276471320144,0.8716981132075472,0.8,15,50,13
R0_STANDARDIZED__KMEANS__K2,304,0.8113406284744572,0.8866666666666667,0.8333333333333334,18,47,13
R0_STANDARDIZED__KMEANS__K2,305,0.7933783662535089,0.8650793650793651,0.7857142857142857,11,54,13
R0_STANDARDIZED__KMEANS__K2,306,0.7994276471320144,0.8716981132075472,0.8,12,53,13
R0_STANDARDIZED__KMEANS__K2,307,0.9339263024142312,0.95875,0.9375,16,49,13
R0_STANDARDIZED__KMEANS__K2,308,0.7462562396006656,0.8438914027149321,0.7647058823529411,17,48,13
R0_STANDARDIZED__KMEANS__K2,309,0.7405783826223502,0.8372641509433962,0.75,16,49,13
R0_STANDARDIZED__KMEANS__K2,310,0.7462562396006656,0.8438914027149321,0.7647058823529411,17,48,13
R0_STANDARDIZED__KMEANS__K2,311,0.7933783662535089,0.8650793650793651,0.7857142857142857,11,54,13
R0_STANDARDIZED__KMEANS__K2,312,0.8113406284744572,0.8866666666666667,0.8333333333333334,18,47,13
R0_STANDARDIZED__KMEANS__K2,313,0.8042929292929293,0.8774038461538461,0.8125,16,49,13
R0_STANDARDIZED__KMEANS__K2,314,1.0,1.0,1.0,15,50,13
R0_STANDARDIZED__KMEANS__K2,315,0.8042929292929293,0.8774038461538461,0.8125,16,49,13
R0_STANDARDIZED__KMEANS__K2,316,1.0,1.0,1.0,14,51,13
R0_STANDARDIZED__KMEANS__K2,317,0.8517043139740166,0.8984848484848484,0.8333333333333334,10,55,13
R0_STANDARDIZED__KMEANS__K2,318,0.7994276471320144,0.8716981132075472,0.8,15,50,13
R0_STANDARDIZED__KMEANS__K2,319,1.0,1.0,1.0,11,54,13
R0_STANDARDIZED__KMEANS__K2,320,0.7405783826223502,0.8372641509433962,0.75,16,49,13
R0_STANDARDIZED__KMEANS__K2,321,0.8517043139740166,0.8984848484848484,0.8333333333333334,10,55,13
R0_STANDARDIZED__KMEANS__K2,322,0.7933783662535089,0.8650793650793651,0.7857142857142857,11,54,13
R0_STANDARDIZED__KMEANS__K2,323,0.9308780645858084,0.9546703296703296,0.9285714285714286,13,52,13
R0_STANDARDIZED__KMEANS__K2,324,0.9339263024142312,0.95875,0.9375,16,49,13
R0_STANDARDIZED__KMEANS__K2,325,0.8517043139740166,0.8984848484848484,0.8333333333333334,10,55,13
R0_STANDARDIZED__KMEANS__K2,326,0.9187261893132753,0.9410714285714286,0.9,10,55,13
R0_STANDARDIZED__KMEANS__K2,327,0.9325674224464572,0.9568627450980391,0.9333333333333333,15,50,13
R0_STANDARDIZED__KMEANS__K2,328,0.7763844190433914,0.8482142857142857,0.75,9,56,13
R0_STANDARDIZED__KMEANS__K2,329,0.8082048353321911,0.8823529411764706,0.8235294117647058,17,48,13
R0_STANDARDIZED__KMEANS__K2,330,0.9287780992655241,0.9521044992743106,0.9230769230769231,13,52,13
R0_STANDARDIZED__KMEANS__K2,331,0.8574499377757665,0.9045584045584045,0.8461538461538461,11,54,13
R0_STANDARDIZED__KMEANS__K2,332,0.7462562396006656,0.8438914027149321,0.7647058823529411,17,48,13
R0_STANDARDIZED__KMEANS__K2,333,0.49121120571271626,0.6798245614035088,0.5,16,49,13
R0_STANDARDIZED__KMEANS__K2,334,0.8233428959685943,0.8716475095785441,0.7777777777777778,7,58,13
R0_STANDARDIZED__KMEANS__K2,335,0.8042929292929293,0.8774038461538461,0.8125,16,49,13
R0_STANDARDIZED__KMEANS__K2,336,0.7335181568059144,0.8296296296296296,0.7333333333333333,15,50,13
R0_STANDARDIZED__KMEANS__K2,337,0.9261606184048209,0.9490740740740741,0.9166666666666666,11,54,13
R0_STANDARDIZED__KMEANS__K2,338,1.0,1.0,1.0,15,50,13
R0_STANDARDIZED__KMEANS__K2,339,0.8657432072456047,0.9141025641025642,0.8666666666666667,15,50,13
R0_STANDARDIZED__KMEANS__K2,340,0.8042929292929293,0.8774038461538461,0.8125,16,49,13
R0_STANDARDIZED__KMEANS__K2,341,0.7933783662535089,0.8650793650793651,0.7857142857142857,14,51,13
R0_STANDARDIZED__KMEANS__K2,342,0.9308780645858084,0.9546703296703296,0.9285714285714286,14,51,13
R0_STANDARDIZED__KMEANS__K2,343,0.7247304362918447,0.8207792207792208,0.7142857142857143,14,51,13
R0_STANDARDIZED__KMEANS__K2,344,0.8082048353321911,0.8823529411764706,0.8235294117647058,17,48,13
R0_STANDARDIZED__KMEANS__K2,345,0.9261606184048209,0.9490740740740741,0.9166666666666666,11,54,13
R0_STANDARDIZED__KMEANS__K2,346,0.8711048158640227,0.9211764705882353,0.8823529411764706,17,48,13
R0_STANDARDIZED__KMEANS__K2,347,0.8574499377757665,0.9045584045584045,0.8461538461538461,11,54,13
R0_STANDARDIZED__KMEANS__K2,348,0.9308780645858084,0.9546703296703296,0.9285714285714286,14,51,13
R0_STANDARDIZED__KMEANS__K2,349,0.7933783662535089,0.8650793650793651,0.7857142857142857,14,51,13
R0_STANDARDIZED__KMEANS__K2,350,0.9287780992655241,0.9521044992743106,0.9230769230769231,12,53,13
R0_STANDARDIZED__KMEANS__K2,351,0.7462562396006656,0.8438914027149321,0.7647058823529411,17,48,13
R0_STANDARDIZED__KMEANS__K2,352,0.9308780645858084,0.9546703296703296,0.9285714285714286,13,52,13
R0_STANDARDIZED__KMEANS__K2,353,0.750814057166649,0.8496732026143791,0.7777777777777778,18,47,13
R0_STANDARDIZED__KMEANS__K2,354,0.8082048353321911,0.8823529411764706,0.8235294117647058,17,48,13
R0_STANDARDIZED__KMEANS__K2,355,0.8574499377757665,0.9045584045584045,0.8461538461538461,11,54,13
R0_STANDARDIZED__KMEANS__K2,356,0.8574499377757665,0.9045584045584045,0.8461538461538461,11,54,13
R0_STANDARDIZED__KMEANS__K2,357,0.9308780645858084,0.9546703296703296,0.9285714285714286,14,51,13
R0_STANDARDIZED__KMEANS__K2,358,0.9325674224464572,0.9568627450980391,0.9333333333333333,15,50,13
R0_STANDARDIZED__KMEANS__K2,359,0.8574499377757665,0.9045584045584045,0.8461538461538461,13,52,13
R0_STANDARDIZED__KMEANS__K2,360,1.0,1.0,1.0,13,52,13
R0_STANDARDIZED__KMEANS__K2,361,0.8082048353321911,0.8823529411764706,0.8235294117647058,17,48,13
R0_STANDARDIZED__KMEANS__K2,362,0.8620480557871598,0.9097035040431267,0.8571428571428571,12,53,13
R0_STANDARDIZED__KMEANS__K2,363,1.0,1.0,1.0,14,51,13
R0_STANDARDIZED__KMEANS__K2,364,0.8042929292929293,0.8774038461538461,0.8125,16,49,13
R0_STANDARDIZED__KMEANS__K2,365,0.8620480557871598,0.9097035040431267,0.8571428571428571,14,51,13
R0_STANDARDIZED__KMEANS__K2,366,0.7858376511226253,0.8573426573426574,0.7692307692307693,13,52,13
R0_STANDARDIZED__KMEANS__K2,367,0.8042929292929293,0.8774038461538461,0.8125,16,49,13
R0_STANDARDIZED__KMEANS__K2,368,0.9325674224464572,0.9568627450980391,0.9333333333333333,14,51,13
R0_STANDARDIZED__KMEANS__K2,369,0.8620480557871598,0.9097035040431267,0.8571428571428571,14,51,13
R0_STANDARDIZED__KMEANS__K2,370,1.0,1.0,1.0,14,51,13
R0_STANDARDIZED__KMEANS__K2,371,0.37261337969808744,0.6140350877192982,0.42105263157894735,19,46,13
R0_STANDARDIZED__KMEANS__K2,372,0.7644239200327352,0.8373205741626795,0.7272727272727273,8,57,13
R0_STANDARDIZED__KMEANS__K2,373,0.8620480557871598,0.9097035040431267,0.8571428571428571,12,53,13
R0_STANDARDIZED__KMEANS__K2,374,0.9287780992655241,0.9521044992743106,0.9230769230769231,12,53,13
R0_STANDARDIZED__KMEANS__K2,375,0.8620480557871598,0.9097035040431267,0.8571428571428571,12,53,13
R0_STANDARDIZED__KMEANS__K2,376,0.8687163375224417,0.9178921568627452,0.875,16,49,13
R0_STANDARDIZED__KMEANS__K2,377,0.8687163375224417,0.9178921568627452,0.875,16,49,13
R0_STANDARDIZED__KMEANS__K2,378,1.0,1.0,1.0,12,53,13
R0_STANDARDIZED__KMEANS__K2,379,0.7335181568059144,0.8296296296296296,0.7333333333333333,15,50,13
R0_STANDARDIZED__KMEANS__K2,380,0.7994276471320144,0.8716981132075472,0.8,12,53,13
R0_STANDARDIZED__KMEANS__K2,381,0.8517043139740166,0.8984848484848484,0.8333333333333334,10,55,13
R0_STANDARDIZED__KMEANS__K2,382,0.8657432072456047,0.9141025641025642,0.8666666666666667,15,50,13
R0_STANDARDIZED__KMEANS__K2,383,0.7405783826223502,0.8372641509433962,0.75,16,49,13
R0_STANDARDIZED__KMEANS__K2,384,0.8711048158640227,0.9211764705882353,0.8823529411764706,17,48,13
R0_STANDARDIZED__KMEANS__K2,385,0.9261606184048209,0.9490740740740741,0.9166666666666666,11,54,13
R0_STANDARDIZED__KMEANS__K2,386,0.7994276471320144,0.8716981132075472,0.8,12,53,13
R0_STANDARDIZED__KMEANS__K2,387,0.8352609876294881,0.8824561403508773,0.8,8,57,13
R0_STANDARDIZED__KMEANS__K2,388,0.8620480557871598,0.9097035040431267,0.8571428571428571,12,53,13
R0_STANDARDIZED__KMEANS__K2,389,0.7462562396006656,0.8438914027149321,0.7647058823529411,17,48,13
R0_STANDARDIZED__KMEANS__K2,390,0.8687163375224417,0.9178921568627452,0.875,16,49,13
R0_STANDARDIZED__KMEANS__K2,391,0.8042929292929293,0.8774038461538461,0.8125,16,49,13
R0_STANDARDIZED__KMEANS__K2,392,1.0,1.0,1.0,15,50,13
R0_STANDARDIZED__KMEANS__K2,393,1.0,1.0,1.0,12,53,13
R0_STANDARDIZED__KMEANS__K2,394,0.7933783662535089,0.8650793650793651,0.7857142857142857,14,51,13
R0_STANDARDIZED__KMEANS__K2,395,0.8113406284744572,0.8866666666666667,0.8333333333333334,18,47,13
R0_STANDARDIZED__KMEANS__K2,396,0.7858376511226253,0.8573426573426574,0.7692307692307693,10,55,13
R0_STANDARDIZED__KMEANS__K2,397,0.8687163375224417,0.9178921568627452,0.875,16,49,13
R0_STANDARDIZED__KMEANS__K2,398,0.9287780992655241,0.9521044992743106,0.9230769230769231,12,53,13
R0_STANDARDIZED__KMEANS__K2,399,0.9287780992655241,0.9521044992743106,0.9230769230769231,13,52,13
R0_STANDARDIZED__KMEANS__K2,400,0.8574499377757665,0.9045584045584045,0.8461538461538461,11,54,13
R0_STANDARDIZED__KMEANS__K2,401,0.9287780992655241,0.9521044992743106,0.9230769230769231,13,52,13
R0_STANDARDIZED__KMEANS__K2,402,0.9287780992655241,0.9521044992743106,0.9230769230769231,12,53,13
R0_STANDARDIZED__KMEANS__K2,403,0.8620480557871598,0.9097035040431267,0.8571428571428571,14,51,13
R0_STANDARDIZED__KMEANS__K2,404,0.8711048158640227,0.9211764705882353,0.8823529411764706,17,48,13
R0_STANDARDIZED__KMEANS__K2,405,0.7994276471320144,0.8716981132075472,0.8,15,50,13
R0_STANDARDIZED__KMEANS__K2,406,0.7405783826223502,0.8372641509433962,0.75,16,49,13
R0_STANDARDIZED__KMEANS__K2,407,0.9261606184048209,0.9490740740740741,0.9166666666666666,12,53,13
R0_STANDARDIZED__KMEANS__K2,408,0.8042929292929293,0.8774038461538461,0.8125,16,49,13
R0_STANDARDIZED__KMEANS__K2,409,0.7462562396006656,0.8438914027149321,0.7647058823529411,17,48,13
R0_STANDARDIZED__KMEANS__K2,410,0.8620480557871598,0.9097035040431267,0.8571428571428571,12,53,13
R0_STANDARDIZED__KMEANS__K2,411,0.8687163375224417,0.9178921568627452,0.875,16,49,13
R0_STANDARDIZED__KMEANS__K2,412,0.8687163375224417,0.9178921568627452,0.875,16,49,13
R0_STANDARDIZED__KMEANS__K2,413,0.8517043139740166,0.8984848484848484,0.8333333333333334,10,55,13
R0_STANDARDIZED__KMEANS__K2,414,0.8517043139740166,0.8984848484848484,0.8333333333333334,10,55,13
R0_STANDARDIZED__KMEANS__K2,415,0.8657432072456047,0.9141025641025642,0.8666666666666667,15,50,13
R0_STANDARDIZED__KMEANS__K2,416,0.8517043139740166,0.8984848484848484,0.8333333333333334,10,55,13
R0_STANDARDIZED__KMEANS__K2,417,0.7858376511226253,0.8573426573426574,0.7692307692307693,13,52,13
R0_STANDARDIZED__KMEANS__K2,418,0.8620480557871598,0.9097035040431267,0.8571428571428571,12,53,13
R0_STANDARDIZED__KMEANS__K2,419,0.8687163375224417,0.9178921568627452,0.875,16,49,13
R0_STANDARDIZED__KMEANS__K2,420,0.9261606184048209,0.9490740740740741,0.9166666666666666,11,54,13
R0_STANDARDIZED__KMEANS__K2,421,0.8042929292929293,0.8774038461538461,0.8125,16,49,13
R0_STANDARDIZED__KMEANS__K2,422,1.0,1.0,1.0,12,53,13
R0_STANDARDIZED__KMEANS__K2,423,1.0,1.0,1.0,13,52,13
R0_STANDARDIZED__KMEANS__K2,424,0.7405783826223502,0.8372641509433962,0.75,16,49,13
R0_STANDARDIZED__KMEANS__K2,425,0.8517043139740166,0.8984848484848484,0.8333333333333334,10,55,13
R0_STANDARDIZED__KMEANS__K2,426,0.7933783662535089,0.8650793650793651,0.7857142857142857,11,54,13
R0_STANDARDIZED__KMEANS__K2,427,0.8620480557871598,0.9097035040431267,0.8571428571428571,14,51,13
R0_STANDARDIZED__KMEANS__K2,428,0.7933783662535089,0.8650793650793651,0.7857142857142857,11,54,13
R0_STANDARDIZED__KMEANS__K2,429,0.7933783662535089,0.8650793650793651,0.7857142857142857,14,51,13
R0_STANDARDIZED__KMEANS__K2,430,0.8574499377757665,0.9045584045584045,0.8461538461538461,11,54,13
R0_STANDARDIZED__KMEANS__K2,431,1.0,1.0,1.0,12,53,13
R0_STANDARDIZED__KMEANS__K2,432,0.9228790582346534,0.9454545454545454,0.9090909090909091,10,55,13
R0_STANDARDIZED__KMEANS__K2,433,1.0,1.0,1.0,14,51,13
R0_STANDARDIZED__KMEANS__K2,434,0.9339263024142312,0.95875,0.9375,16,49,13
R0_STANDARDIZED__KMEANS__K2,435,0.7994276471320144,0.8716981132075472,0.8,15,50,13
R0_STANDARDIZED__KMEANS__K2,436,0.8082048353321911,0.8823529411764706,0.8235294117647058,17,48,13
R0_STANDARDIZED__KMEANS__K2,437,0.8711048158640227,0.9211764705882353,0.8823529411764706,17,48,13
R0_STANDARDIZED__KMEANS__K2,438,0.8574499377757665,0.9045584045584045,0.8461538461538461,11,54,13
R0_STANDARDIZED__KMEANS__K2,439,0.7405783826223502,0.8372641509433962,0.75,16,49,13
R0_STANDARDIZED__KMEANS__K2,440,0.7933783662535089,0.8650793650793651,0.7857142857142857,11,54,13
R0_STANDARDIZED__KMEANS__K2,441,0.7994276471320144,0.8716981132075472,0.8,15,50,13
R0_STANDARDIZED__KMEANS__K2,442,0.7335181568059144,0.8296296296296296,0.7333333333333333,15,50,13
R0_STANDARDIZED__KMEANS__K2,443,0.8082048353321911,0.8823529411764706,0.8235294117647058,17,48,13
R0_STANDARDIZED__KMEANS__K2,444,0.8620480557871598,0.9097035040431267,0.8571428571428571,12,53,13
R0_STANDARDIZED__KMEANS__K2,445,0.8574499377757665,0.9045584045584045,0.8461538461538461,11,54,13
R0_STANDARDIZED__KMEANS__K2,446,0.8657432072456047,0.9141025641025642,0.8666666666666667,15,50,13
R0_STANDARDIZED__KMEANS__K2,447,0.7462562396006656,0.8438914027149321,0.7647058823529411,17,48,13
R0_STANDARDIZED__KMEANS__K2,448,0.7462562396006656,0.8438914027149321,0.7647058823529411,17,48,13
R0_STANDARDIZED__KMEANS__K2,449,0.8620480557871598,0.9097035040431267,0.8571428571428571,14,51,13
R0_STANDARDIZED__KMEANS__K2,450,0.750814057166649,0.8496732026143791,0.7777777777777778,18,47,13
R0_STANDARDIZED__KMEANS__K2,451,0.5293202218419872,0.7153996101364523,0.5789473684210527,19,46,13
R0_STANDARDIZED__KMEANS__K2,452,0.8574499377757665,0.9045584045584045,0.8461538461538461,11,54,13
R0_STANDARDIZED__KMEANS__K2,453,0.7933783662535089,0.8650793650793651,0.7857142857142857,11,54,13
R0_STANDARDIZED__KMEANS__K2,454,0.7933783662535089,0.8650793650793651,0.7857142857142857,11,54,13
R0_STANDARDIZED__KMEANS__K2,455,0.7933783662535089,0.8650793650793651,0.7857142857142857,11,54,13
R0_STANDARDIZED__KMEANS__K2,456,0.5838097415961583,0.7497517378351539,0.631578947368421,19,46,13
R0_STANDARDIZED__KMEANS__K2,457,0.7405783826223502,0.8372641509433962,0.75,16,49,13
R0_STANDARDIZED__KMEANS__K2,458,0.7247304362918447,0.8207792207792208,0.7142857142857143,14,51,13
R0_STANDARDIZED__KMEANS__K2,459,0.7858376511226253,0.8573426573426574,0.7692307692307693,13,52,13
R0_STANDARDIZED__KMEANS__K2,460,0.8574499377757665,0.9045584045584045,0.8461538461538461,11,54,13
R0_STANDARDIZED__KMEANS__K2,461,1.0,1.0,1.0,13,52,13
R0_STANDARDIZED__KMEANS__K2,462,0.8042929292929293,0.8774038461538461,0.8125,16,49,13
R0_STANDARDIZED__KMEANS__K2,463,0.8517043139740166,0.8984848484848484,0.8333333333333334,10,55,13
R0_STANDARDIZED__KMEANS__K2,464,0.9308780645858084,0.9546703296703296,0.9285714285714286,14,51,13
R0_STANDARDIZED__KMEANS__K2,465,0.7994276471320144,0.8716981132075472,0.8,12,53,13
R0_STANDARDIZED__KMEANS__K2,466,0.9287780992655241,0.9521044992743106,0.9230769230769231,13,52,13
R0_STANDARDIZED__KMEANS__K2,467,0.7933783662535089,0.8650793650793651,0.7857142857142857,14,51,13
R0_STANDARDIZED__KMEANS__K2,468,1.0,1.0,1.0,13,52,13
R0_STANDARDIZED__KMEANS__K2,469,0.7405783826223502,0.8372641509433962,0.75,16,49,13
R0_STANDARDIZED__KMEANS__K2,470,0.8042929292929293,0.8774038461538461,0.8125,16,49,13
R0_STANDARDIZED__KMEANS__K2,471,1.0,1.0,1.0,13,52,13
R0_STANDARDIZED__KMEANS__K2,472,0.44870759289176093,0.6563467492260062,0.47058823529411764,17,48,13
R0_STANDARDIZED__KMEANS__K2,473,0.8711048158640227,0.9211764705882353,0.8823529411764706,17,48,13
R0_STANDARDIZED__KMEANS__K2,474,0.7405783826223502,0.8372641509433962,0.75,16,49,13
R0_STANDARDIZED__KMEANS__K2,475,0.7858376511226253,0.8573426573426574,0.7692307692307693,13,52,13
R0_STANDARDIZED__KMEANS__K2,476,0.4638385623803211,0.6696428571428572,0.5,18,47,13
R0_STANDARDIZED__KMEANS__K2,477,0.7462562396006656,0.8438914027149321,0.7647058823529411,17,48,13
R0_STANDARDIZED__KMEANS__K2,478,0.8574499377757665,0.9045584045584045,0.8461538461538461,11,54,13
R0_STANDARDIZED__KMEANS__K2,479,0.9261606184048209,0.9490740740740741,0.9166666666666666,11,54,13
R0_STANDARDIZED__KMEANS__K2,480,0.7994276471320144,0.8716981132075472,0.8,12,53,13
R0_STANDARDIZED__KMEANS__K2,481,0.9325674224464572,0.9568627450980391,0.9333333333333333,15,50,13
R0_STANDARDIZED__KMEANS__K2,482,0.8574499377757665,0.9045584045584045,0.8461538461538461,11,54,13
R0_STANDARDIZED__KMEANS__K2,483,0.7933783662535089,0.8650793650793651,0.7857142857142857,14,51,13
R0_STANDARDIZED__KMEANS__K2,484,1.0,1.0,1.0,13,52,13
R0_STANDARDIZED__KMEANS__K2,485,0.8574499377757665,0.9045584045584045,0.8461538461538461,11,54,13
R0_STANDARDIZED__KMEANS__K2,486,0.7335181568059144,0.8296296296296296,0.7333333333333333,15,50,13
R0_STANDARDIZED__KMEANS__K2,487,0.8711048158640227,0.9211764705882353,0.8823529411764706,17,48,13
R0_STANDARDIZED__KMEANS__K2,488,0.7462562396006656,0.8438914027149321,0.7647058823529411,17,48,13
R0_STANDARDIZED__KMEANS__K2,489,0.8657432072456047,0.9141025641025642,0.8666666666666667,15,50,13
R0_STANDARDIZED__KMEANS__K2,490,0.8620480557871598,0.9097035040431267,0.8571428571428571,12,53,13
R0_STANDARDIZED__KMEANS__K2,491,0.7335181568059144,0.8296296296296296,0.7333333333333333,15,50,13
R0_STANDARDIZED__KMEANS__K2,492,0.9228790582346534,0.9454545454545454,0.9090909090909091,10,55,13
R0_STANDARDIZED__KMEANS__K2,493,0.7247304362918447,0.8207792207792208,0.7142857142857143,14,51,13
R0_STANDARDIZED__KMEANS__K2,494,0.8711048158640227,0.9211764705882353,0.8823529411764706,17,48,13
R0_STANDARDIZED__KMEANS__K2,495,0.8082048353321911,0.8823529411764706,0.8235294117647058,17,48,13
R0_STANDARDIZED__KMEANS__K2,496,0.8730153807988092,0.9240362811791383,0.8888888888888888,18,47,13
R0_STANDARDIZED__KMEANS__K2,497,0.8042929292929293,0.8774038461538461,0.8125,16,49,13
R0_STANDARDIZED__KMEANS__K2,498,0.8444710305930611,0.8912337662337663,0.8181818181818182,9,56,13
R0_STANDARDIZED__KMEANS__K2,499,0.8574499377757665,0.9045584045584045,0.8461538461538461,11,54,13
R0_STANDARDIZED__KMEANS__K2,500,0.8082048353321911,0.8823529411764706,0.8235294117647058,17,48,13
R0_STANDARDIZED__KMEANS__K2,501,0.9228790582346534,0.9454545454545454,0.9090909090909091,10,55,13
R0_STANDARDIZED__KMEANS__K2,502,0.8620480557871598,0.9097035040431267,0.8571428571428571,12,53,13
R0_STANDARDIZED__KMEANS__K2,503,0.8574499377757665,0.9045584045584045,0.8461538461538461,11,54,13
R0_STANDARDIZED__KMEANS__K2,504,1.0,1.0,1.0,12,53,13
R0_STANDARDIZED__KMEANS__K2,505,0.8657432072456047,0.9141025641025642,0.8666666666666667,15,50,13
R0_STANDARDIZED__KMEANS__K2,506,0.7644239200327352,0.8373205741626795,0.7272727272727273,8,57,13
R0_STANDARDIZED__KMEANS__K2,507,0.9261606184048209,0.9490740740740741,0.9166666666666666,11,54,13
R0_STANDARDIZED__KMEANS__K2,508,0.7405783826223502,0.8372641509433962,0.75,16,49,13
R0_STANDARDIZED__KMEANS__K2,509,0.7405783826223502,0.8372641509433962,0.75,16,49,13
R0_STANDARDIZED__KMEANS__K2,510,0.7335181568059144,0.8296296296296296,0.7333333333333333,15,50,13
R0_STANDARDIZED__KMEANS__K2,511,1.0,1.0,1.0,12,53,13
R0_STANDARDIZED__KMEANS__K2,512,0.8657432072456047,0.9141025641025642,0.8666666666666667,15,50,13
R0_STANDARDIZED__KMEANS__K2,513,0.8687163375224417,0.9178921568627452,0.875,16,49,13
R0_STANDARDIZED__KMEANS__K2,514,0.8657432072456047,0.9141025641025642,0.8666666666666667,15,50,13
R0_STANDARDIZED__KMEANS__K2,515,0.8517043139740166,0.8984848484848484,0.8333333333333334,10,55,13
R0_STANDARDIZED__KMEANS__K2,516,0.8620480557871598,0.9097035040431267,0.8571428571428571,12,53,13
R0_STANDARDIZED__KMEANS__K2,517,1.0,1.0,1.0,15,50,13
R0_STANDARDIZED__KMEANS__K2,518,0.9187261893132753,0.9410714285714286,0.9,9,56,13
R0_STANDARDIZED__KMEANS__K2,519,0.8042929292929293,0.8774038461538461,0.8125,16,49,13
R0_STANDARDIZED__KMEANS__K2,520,0.8657432072456047,0.9141025641025642,0.8666666666666667,13,52,13
R0_STANDARDIZED__KMEANS__K2,521,0.7335181568059144,0.8296296296296296,0.7333333333333333,15,50,13
R0_STANDARDIZED__KMEANS__K2,522,0.8042929292929293,0.8774038461538461,0.8125,16,49,13
R0_STANDARDIZED__KMEANS__K2,523,0.750814057166649,0.8496732026143791,0.7777777777777778,18,47,13
R0_STANDARDIZED__KMEANS__K2,524,0.9308780645858084,0.9546703296703296,0.9285714285714286,13,52,13
R0_STANDARDIZED__KMEANS__K2,525,0.8352609876294881,0.8824561403508773,0.8,8,57,13
R0_STANDARDIZED__KMEANS__K2,526,0.5869014918942209,0.7330827067669172,0.5714285714285714,14,51,13
R0_STANDARDIZED__KMEANS__K2,527,0.7247304362918447,0.8207792207792208,0.7142857142857143,14,51,13
R0_STANDARDIZED__KMEANS__K2,528,0.750814057166649,0.8496732026143791,0.7777777777777778,18,47,13
R0_STANDARDIZED__KMEANS__K2,529,0.750814057166649,0.8496732026143791,0.7777777777777778,18,47,13
R0_STANDARDIZED__KMEANS__K2,530,0.7247304362918447,0.8207792207792208,0.7142857142857143,14,51,13
R0_STANDARDIZED__KMEANS__K2,531,0.8574499377757665,0.9045584045584045,0.8461538461538461,11,54,13
R0_STANDARDIZED__KMEANS__K2,532,0.7247304362918447,0.8207792207792208,0.7142857142857143,14,51,13
R0_STANDARDIZED__KMEANS__K2,533,0.9287780992655241,0.9521044992743106,0.9230769230769231,12,53,13
R0_STANDARDIZED__KMEANS__K2,534,0.9325674224464572,0.9568627450980391,0.9333333333333333,15,50,13
R0_STANDARDIZED__KMEANS__K2,535,0.9261606184048209,0.9490740740740741,0.9166666666666666,11,54,13
R0_STANDARDIZED__KMEANS__K2,536,0.7405783826223502,0.8372641509433962,0.75,16,49,13
R0_STANDARDIZED__KMEANS__K2,537,0.8574499377757665,0.9045584045584045,0.8461538461538461,11,54,13
R0_STANDARDIZED__KMEANS__K2,538,0.7858376511226253,0.8573426573426574,0.7692307692307693,13,52,13
R0_STANDARDIZED__KMEANS__K2,539,0.8444710305930611,0.8912337662337663,0.8181818181818182,9,56,13
R0_STANDARDIZED__KMEANS__K2,540,0.8620480557871598,0.9097035040431267,0.8571428571428571,14,51,13
R0_STANDARDIZED__KMEANS__K2,541,0.7335181568059144,0.8296296296296296,0.7333333333333333,15,50,13
R0_STANDARDIZED__KMEANS__K2,542,0.7405783826223502,0.8372641509433962,0.75,16,49,13
R0_STANDARDIZED__KMEANS__K2,543,1.0,1.0,1.0,14,51,13
R0_STANDARDIZED__KMEANS__K2,544,0.7933783662535089,0.8650793650793651,0.7857142857142857,11,54,13
R0_STANDARDIZED__KMEANS__K2,545,0.9261606184048209,0.9490740740740741,0.9166666666666666,11,54,13
R0_STANDARDIZED__KMEANS__K2,546,0.7994276471320144,0.8716981132075472,0.8,15,50,13
R0_STANDARDIZED__KMEANS__K2,547,0.9261606184048209,0.9490740740740741,0.9166666666666666,11,54,13
R0_STANDARDIZED__KMEANS__K2,548,0.7858376511226253,0.8573426573426574,0.7692307692307693,13,52,13
R0_STANDARDIZED__KMEANS__K2,549,0.8687163375224417,0.9178921568627452,0.875,16,49,13
R0_STANDARDIZED__KMEANS__K2,550,0.7858376511226253,0.8573426573426574,0.7692307692307693,10,55,13
R0_STANDARDIZED__KMEANS__K2,551,0.8082048353321911,0.8823529411764706,0.8235294117647058,17,48,13
R0_STANDARDIZED__KMEANS__K2,552,0.7405783826223502,0.8372641509433962,0.75,16,49,13
R0_STANDARDIZED__KMEANS__K2,553,0.9308780645858084,0.9546703296703296,0.9285714285714286,14,51,13
R0_STANDARDIZED__KMEANS__K2,554,0.8042929292929293,0.8774038461538461,0.8125,16,49,13
R0_STANDARDIZED__KMEANS__K2,555,0.9287780992655241,0.9521044992743106,0.9230769230769231,12,53,13
R0_STANDARDIZED__KMEANS__K2,556,0.8620480557871598,0.9097035040431267,0.8571428571428571,12,53,13
R0_STANDARDIZED__KMEANS__K2,557,0.8444710305930611,0.8912337662337663,0.8181818181818182,9,56,13
R0_STANDARDIZED__KMEANS__K2,558,0.8082048353321911,0.8823529411764706,0.8235294117647058,17,48,13
R0_STANDARDIZED__KMEANS__K2,559,0.7858376511226253,0.8573426573426574,0.7692307692307693,13,52,13
R0_STANDARDIZED__KMEANS__K2,560,0.9325674224464572,0.9568627450980391,0.9333333333333333,15,50,13
R0_STANDARDIZED__KMEANS__K2,561,0.750814057166649,0.8496732026143791,0.7777777777777778,18,47,13
R0_STANDARDIZED__KMEANS__K2,562,0.8517043139740166,0.8984848484848484,0.8333333333333334,10,55,13
R0_STANDARDIZED__KMEANS__K2,563,0.8657432072456047,0.9141025641025642,0.8666666666666667,15,50,13
R0_STANDARDIZED__KMEANS__K2,564,0.8042929292929293,0.8774038461538461,0.8125,13,52,13
R0_STANDARDIZED__KMEANS__K2,565,0.8444710305930611,0.8912337662337663,0.8181818181818182,9,56,13
R0_STANDARDIZED__KMEANS__K2,566,0.7462562396006656,0.8438914027149321,0.7647058823529411,17,48,13
R0_STANDARDIZED__KMEANS__K2,567,0.8657432072456047,0.9141025641025642,0.8666666666666667,15,50,13
R0_STANDARDIZED__KMEANS__K2,568,0.7994276471320144,0.8716981132075472,0.8,15,50,13
R0_STANDARDIZED__KMEANS__K2,569,0.7247304362918447,0.8207792207792208,0.7142857142857143,14,51,13
R0_STANDARDIZED__KMEANS__K2,570,0.8574499377757665,0.9045584045584045,0.8461538461538461,11,54,13
R0_STANDARDIZED__KMEANS__K2,571,0.8620480557871598,0.9097035040431267,0.8571428571428571,12,53,13
R0_STANDARDIZED__KMEANS__K2,572,0.8042929292929293,0.8774038461538461,0.8125,16,49,13
R0_STANDARDIZED__KMEANS__K2,573,0.7544559054051438,0.8547368421052632,0.7894736842105263,19,46,13
R0_STANDARDIZED__KMEANS__K2,574,0.7462562396006656,0.8438914027149321,0.7647058823529411,17,48,13
R0_STANDARDIZED__KMEANS__K2,575,0.8352609876294881,0.8824561403508773,0.8,8,57,13
R0_STANDARDIZED__KMEANS__K2,576,0.8082048353321911,0.8823529411764706,0.8235294117647058,17,48,13
R0_STANDARDIZED__KMEANS__K2,577,0.8657432072456047,0.9141025641025642,0.8666666666666667,15,50,13
R0_STANDARDIZED__KMEANS__K2,578,1.0,1.0,1.0,13,52,13
R0_STANDARDIZED__KMEANS__K2,579,0.7933783662535089,0.8650793650793651,0.7857142857142857,14,51,13
R0_STANDARDIZED__KMEANS__K2,580,0.8711048158640227,0.9211764705882353,0.8823529411764706,17,48,13
R0_STANDARDIZED__KMEANS__K2,581,0.8574499377757665,0.9045584045584045,0.8461538461538461,13,52,13
R0_STANDARDIZED__KMEANS__K2,582,0.7994276471320144,0.8716981132075472,0.8,12,53,13
R0_STANDARDIZED__KMEANS__K2,583,0.7994276471320144,0.8716981132075472,0.8,15,50,13
R0_STANDARDIZED__KMEANS__K2,584,0.8620480557871598,0.9097035040431267,0.8571428571428571,12,53,13
R0_STANDARDIZED__KMEANS__K2,585,0.8082048353321911,0.8823529411764706,0.8235294117647058,17,48,13
R0_STANDARDIZED__KMEANS__K2,586,0.8657432072456047,0.9141025641025642,0.8666666666666667,13,52,13
R0_STANDARDIZED__KMEANS__K2,587,0.8687163375224417,0.9178921568627452,0.875,16,49,13
R0_STANDARDIZED__KMEANS__K2,588,0.9350162459385154,0.9603841536614646,0.9411764705882353,17,48,13
R0_STANDARDIZED__KMEANS__K2,589,0.7933783662535089,0.8650793650793651,0.7857142857142857,14,51,13
R0_STANDARDIZED__KMEANS__K2,590,0.9228790582346534,0.9454545454545454,0.9090909090909091,10,55,13
R0_STANDARDIZED__KMEANS__K2,591,1.0,1.0,1.0,11,54,13
R0_STANDARDIZED__KMEANS__K2,592,0.9308780645858084,0.9546703296703296,0.9285714285714286,14,51,13
R0_STANDARDIZED__KMEANS__K2,593,0.8657432072456047,0.9141025641025642,0.8666666666666667,15,50,13
R0_STANDARDIZED__KMEANS__K2,594,0.8657432072456047,0.9141025641025642,0.8666666666666667,15,50,13
R0_STANDARDIZED__KMEANS__K2,595,0.8444710305930611,0.8912337662337663,0.8181818181818182,9,56,13
R0_STANDARDIZED__KMEANS__K2,596,1.0,1.0,1.0,16,49,13
R0_STANDARDIZED__KMEANS__K2,597,0.8620480557871598,0.9097035040431267,0.8571428571428571,12,53,13
R0_STANDARDIZED__KMEANS__K2,598,1.0,1.0,1.0,13,52,13
R0_STANDARDIZED__KMEANS__K2,599,0.7994276471320144,0.8716981132075472,0.8,15,50,13
R0_STANDARDIZED__KMEANS__K2,600,0.7462562396006656,0.8438914027149321,0.7647058823529411,17,48,13
R0_STANDARDIZED__KMEANS__K2,601,0.7247304362918447,0.8207792207792208,0.7142857142857143,14,51,13
R0_STANDARDIZED__KMEANS__K2,602,0.9308780645858084,0.9546703296703296,0.9285714285714286,14,51,13
R0_STANDARDIZED__KMEANS__K2,603,0.8042929292929293,0.8774038461538461,0.8125,16,49,13
R0_STANDARDIZED__KMEANS__K2,604,0.8687163375224417,0.9178921568627452,0.875,16,49,13
R0_STANDARDIZED__KMEANS__K2,605,0.7247304362918447,0.8207792207792208,0.7142857142857143,14,51,13
R0_STANDARDIZED__KMEANS__K2,606,0.7858376511226253,0.8573426573426574,0.7692307692307693,10,55,13
R0_STANDARDIZED__KMEANS__K2,607,0.7405783826223502,0.8372641509433962,0.75,16,49,13
R0_STANDARDIZED__KMEANS__K2,608,0.8711048158640227,0.9211764705882353,0.8823529411764706,17,48,13
R0_STANDARDIZED__KMEANS__K2,609,0.47597624617599427,0.6813397129186602,0.5263157894736842,19,46,13
R0_STANDARDIZED__KMEANS__K2,610,0.7994276471320144,0.8716981132075472,0.8,12,53,13
R0_STANDARDIZED__KMEANS__K2,611,1.0,1.0,1.0,12,53,13
R0_STANDARDIZED__KMEANS__K2,612,0.7247304362918447,0.8207792207792208,0.7142857142857143,14,51,13
R0_STANDARDIZED__KMEANS__K2,613,0.9350162459385154,0.9603841536614646,0.9411764705882353,17,48,13
R0_STANDARDIZED__KMEANS__K2,614,0.8574499377757665,0.9045584045584045,0.8461538461538461,13,52,13
R0_STANDARDIZED__KMEANS__K2,615,1.0,1.0,1.0,12,53,13
R0_STANDARDIZED__KMEANS__K2,616,0.8620480557871598,0.9097035040431267,0.8571428571428571,12,53,13
R0_STANDARDIZED__KMEANS__K2,617,0.7933783662535089,0.8650793650793651,0.7857142857142857,14,51,13
R0_STANDARDIZED__KMEANS__K2,618,0.8574499377757665,0.9045584045584045,0.8461538461538461,13,52,13
R0_STANDARDIZED__KMEANS__K2,619,1.0,1.0,1.0,14,51,13
R0_STANDARDIZED__KMEANS__K2,620,0.7335181568059144,0.8296296296296296,0.7333333333333333,15,50,13
R0_STANDARDIZED__KMEANS__K2,621,0.8082048353321911,0.8823529411764706,0.8235294117647058,17,48,13
R0_STANDARDIZED__KMEANS__K2,622,0.8574499377757665,0.9045584045584045,0.8461538461538461,11,54,13
R0_STANDARDIZED__KMEANS__K2,623,1.0,1.0,1.0,14,51,13
R0_STANDARDIZED__KMEANS__K2,624,0.9325674224464572,0.9568627450980391,0.9333333333333333,15,50,13
R0_STANDARDIZED__KMEANS__K2,625,1.0,1.0,1.0,14,51,13
R0_STANDARDIZED__KMEANS__K2,626,0.9261606184048209,0.9490740740740741,0.9166666666666666,11,54,13
R0_STANDARDIZED__KMEANS__K2,627,0.7858376511226253,0.8573426573426574,0.7692307692307693,10,55,13
R0_STANDARDIZED__KMEANS__K2,628,0.8574499377757665,0.9045584045584045,0.8461538461538461,11,54,13
R0_STANDARDIZED__KMEANS__K2,629,0.9308780645858084,0.9546703296703296,0.9285714285714286,13,52,13
R0_STANDARDIZED__KMEANS__K2,630,0.8517043139740166,0.8984848484848484,0.8333333333333334,10,55,13
R0_STANDARDIZED__KMEANS__K2,631,0.9325674224464572,0.9568627450980391,0.9333333333333333,15,50,13
R0_STANDARDIZED__KMEANS__K2,632,0.9228790582346534,0.9454545454545454,0.9090909090909091,10,55,13
R0_STANDARDIZED__KMEANS__K2,633,0.7933783662535089,0.8650793650793651,0.7857142857142857,11,54,13
R0_STANDARDIZED__KMEANS__K2,634,0.8687163375224417,0.9178921568627452,0.875,16,49,13
R0_STANDARDIZED__KMEANS__K2,635,0.7405783826223502,0.8372641509433962,0.75,16,49,13
R0_STANDARDIZED__KMEANS__K2,636,0.7405783826223502,0.8372641509433962,0.75,16,49,13
R0_STANDARDIZED__KMEANS__K2,637,1.0,1.0,1.0,13,52,13
R0_STANDARDIZED__KMEANS__K2,638,0.7335181568059144,0.8296296296296296,0.7333333333333333,15,50,13
R0_STANDARDIZED__KMEANS__K2,639,0.8687163375224417,0.9178921568627452,0.875,16,49,13
R0_STANDARDIZED__KMEANS__K2,640,0.8113406284744572,0.8866666666666667,0.8333333333333334,18,47,13
R0_STANDARDIZED__KMEANS__K2,641,0.7462562396006656,0.8438914027149321,0.7647058823529411,17,48,13
R0_STANDARDIZED__KMEANS__K2,642,0.8620480557871598,0.9097035040431267,0.8571428571428571,14,51,13
R0_STANDARDIZED__KMEANS__K2,643,0.8620480557871598,0.9097035040431267,0.8571428571428571,12,53,13
R0_STANDARDIZED__KMEANS__K2,644,1.0,1.0,1.0,15,50,13
R0_STANDARDIZED__KMEANS__K2,645,0.7462562396006656,0.8438914027149321,0.7647058823529411,17,48,13
R0_STANDARDIZED__KMEANS__K2,646,0.8574499377757665,0.9045584045584045,0.8461538461538461,11,54,13
R0_STANDARDIZED__KMEANS__K2,647,0.8687163375224417,0.9178921568627452,0.875,16,49,13
R0_STANDARDIZED__KMEANS__K2,648,1.0,1.0,1.0,15,50,13
R0_STANDARDIZED__KMEANS__K2,649,0.9308780645858084,0.9546703296703296,0.9285714285714286,14,51,13
R0_STANDARDIZED__KMEANS__K2,650,0.7763844190433914,0.8482142857142857,0.75,9,56,13
R0_STANDARDIZED__KMEANS__K2,651,0.8082048353321911,0.8823529411764706,0.8235294117647058,17,48,13
R0_STANDARDIZED__KMEANS__K2,652,0.9339263024142312,0.95875,0.9375,16,49,13
R0_STANDARDIZED__KMEANS__K2,653,0.8657432072456047,0.9141025641025642,0.8666666666666667,15,50,13
R0_STANDARDIZED__KMEANS__K2,654,0.7933783662535089,0.8650793650793651,0.7857142857142857,11,54,13
R0_STANDARDIZED__KMEANS__K2,655,0.7933783662535089,0.8650793650793651,0.7857142857142857,11,54,13
R0_STANDARDIZED__KMEANS__K2,656,0.7858376511226253,0.8573426573426574,0.7692307692307693,10,55,13
R0_STANDARDIZED__KMEANS__K2,657,1.0,1.0,1.0,11,54,13
R0_STANDARDIZED__KMEANS__K2,658,0.7994276471320144,0.8716981132075472,0.8,12,53,13
R0_STANDARDIZED__KMEANS__K2,659,0.8657432072456047,0.9141025641025642,0.8666666666666667,13,52,13
R0_STANDARDIZED__KMEANS__K2,660,0.8620480557871598,0.9097035040431267,0.8571428571428571,12,53,13
R0_STANDARDIZED__KMEANS__K2,661,0.8711048158640227,0.9211764705882353,0.8823529411764706,17,48,13
R0_STANDARDIZED__KMEANS__K2,662,0.9287780992655241,0.9521044992743106,0.9230769230769231,13,52,13
R0_STANDARDIZED__KMEANS__K2,663,0.7933783662535089,0.8650793650793651,0.7857142857142857,14,51,13
R0_STANDARDIZED__KMEANS__K2,664,1.0,1.0,1.0,13,52,13
R0_STANDARDIZED__KMEANS__K2,665,1.0,1.0,1.0,13,52,13
R0_STANDARDIZED__KMEANS__K2,666,0.7858376511226253,0.8573426573426574,0.7692307692307693,13,52,13
R0_STANDARDIZED__KMEANS__K2,667,0.4445868580705802,0.6693121693121693,0.5238095238095238,21,44,13
R0_STANDARDIZED__KMEANS__K2,668,0.9261606184048209,0.9490740740740741,0.9166666666666666,11,54,13
R0_STANDARDIZED__KMEANS__K2,669,0.8574499377757665,0.9045584045584045,0.8461538461538461,11,54,13
R0_STANDARDIZED__KMEANS__K2,670,0.8620480557871598,0.9097035040431267,0.8571428571428571,12,53,13
R0_STANDARDIZED__KMEANS__K2,671,0.7994276471320144,0.8716981132075472,0.8,15,50,13
R0_STANDARDIZED__KMEANS__K2,672,0.8042929292929293,0.8774038461538461,0.8125,16,49,13
R0_STANDARDIZED__KMEANS__K2,673,0.750814057166649,0.8496732026143791,0.7777777777777778,18,47,13
R0_STANDARDIZED__KMEANS__K2,674,0.8657432072456047,0.9141025641025642,0.8666666666666667,15,50,13
R0_STANDARDIZED__KMEANS__K2,675,0.6249755525132017,0.7679738562091503,0.6470588235294118,17,48,13
R0_STANDARDIZED__KMEANS__K2,676,0.7933783662535089,0.8650793650793651,0.7857142857142857,14,51,13
R0_STANDARDIZED__KMEANS__K2,677,0.8620480557871598,0.9097035040431267,0.8571428571428571,14,51,13
R0_STANDARDIZED__KMEANS__K2,678,0.8687163375224417,0.9178921568627452,0.875,16,49,13
R0_STANDARDIZED__KMEANS__K2,679,0.7247304362918447,0.8207792207792208,0.7142857142857143,14,51,13
R0_STANDARDIZED__KMEANS__K2,680,0.7994276471320144,0.8716981132075472,0.8,12,53,13
R0_STANDARDIZED__KMEANS__K2,681,0.8517043139740166,0.8984848484848484,0.8333333333333334,10,55,13
R0_STANDARDIZED__KMEANS__K2,682,0.8620480557871598,0.9097035040431267,0.8571428571428571,14,51,13
R0_STANDARDIZED__KMEANS__K2,683,0.9308780645858084,0.9546703296703296,0.9285714285714286,13,52,13
R0_STANDARDIZED__KMEANS__K2,684,0.9350162459385154,0.9603841536614646,0.9411764705882353,17,48,13
R0_STANDARDIZED__KMEANS__K2,685,0.7763844190433914,0.8482142857142857,0.75,9,56,13
R0_STANDARDIZED__KMEANS__K2,686,0.8620480557871598,0.9097035040431267,0.8571428571428571,12,53,13
R0_STANDARDIZED__KMEANS__K2,687,0.8574499377757665,0.9045584045584045,0.8461538461538461,11,54,13
R0_STANDARDIZED__KMEANS__K2,688,1.0,1.0,1.0,15,50,13
R0_STANDARDIZED__KMEANS__K2,689,0.8574499377757665,0.9045584045584045,0.8461538461538461,13,52,13
R0_STANDARDIZED__KMEANS__K2,690,1.0,1.0,1.0,14,51,13
R0_STANDARDIZED__KMEANS__K2,691,0.7933783662535089,0.8650793650793651,0.7857142857142857,11,54,13
R0_STANDARDIZED__KMEANS__K2,692,0.8517043139740166,0.8984848484848484,0.8333333333333334,10,55,13
R0_STANDARDIZED__KMEANS__K2,693,0.8657432072456047,0.9141025641025642,0.8666666666666667,15,50,13
R0_STANDARDIZED__KMEANS__K2,694,0.8730153807988092,0.9240362811791383,0.8888888888888888,18,47,13
R0_STANDARDIZED__KMEANS__K2,695,1.0,1.0,1.0,14,51,13
R0_STANDARDIZED__KMEANS__K2,696,0.7858376511226253,0.8573426573426574,0.7692307692307693,10,55,13
R0_STANDARDIZED__KMEANS__K2,697,0.7858376511226253,0.8573426573426574,0.7692307692307693,10,55,13
R0_STANDARDIZED__KMEANS__K2,698,0.8657432072456047,0.9141025641025642,0.8666666666666667,13,52,13
R0_STANDARDIZED__KMEANS__K2,699,0.8574499377757665,0.9045584045584045,0.8461538461538461,11,54,13
R0_STANDARDIZED__KMEANS__K2,700,0.5067891373801917,0.6932773109243697,0.5294117647058824,17,48,13
R0_STANDARDIZED__KMEANS__K2,701,1.0,1.0,1.0,13,52,13
R0_STANDARDIZED__KMEANS__K2,702,0.7763844190433914,0.8482142857142857,0.75,9,56,13
R0_STANDARDIZED__KMEANS__K2,703,0.8574499377757665,0.9045584045584045,0.8461538461538461,13,52,13
R0_STANDARDIZED__KMEANS__K2,704,0.9308780645858084,0.9546703296703296,0.9285714285714286,14,51,13
R0_STANDARDIZED__KMEANS__K2,705,0.7994276471320144,0.8716981132075472,0.8,15,50,13
R0_STANDARDIZED__KMEANS__K2,706,0.7405783826223502,0.8372641509433962,0.75,16,49,13
R0_STANDARDIZED__KMEANS__K2,707,0.8517043139740166,0.8984848484848484,0.8333333333333334,10,55,13
R0_STANDARDIZED__KMEANS__K2,708,0.7858376511226253,0.8573426573426574,0.7692307692307693,10,55,13
R0_STANDARDIZED__KMEANS__K2,709,0.7405783826223502,0.8372641509433962,0.75,16,49,13
R0_STANDARDIZED__KMEANS__K2,710,0.8620480557871598,0.9097035040431267,0.8571428571428571,12,53,13
R0_STANDARDIZED__KMEANS__K2,711,0.7462562396006656,0.8438914027149321,0.7647058823529411,17,48,13
R0_STANDARDIZED__KMEANS__K2,712,0.8082048353321911,0.8823529411764706,0.8235294117647058,17,48,13
R0_STANDARDIZED__KMEANS__K2,713,0.7405783826223502,0.8372641509433962,0.75,16,49,13
R0_STANDARDIZED__KMEANS__K2,714,0.750814057166649,0.8496732026143791,0.7777777777777778,18,47,13
R0_STANDARDIZED__KMEANS__K2,715,0.8687163375224417,0.9178921568627452,0.875,16,49,13
R0_STANDARDIZED__KMEANS__K2,716,1.0,1.0,1.0,16,49,13
R0_STANDARDIZED__KMEANS__K2,717,1.0,1.0,1.0,11,54,13
R0_STANDARDIZED__KMEANS__K2,718,0.8620480557871598,0.9097035040431267,0.8571428571428571,12,53,13
R0_STANDARDIZED__KMEANS__K2,719,1.0,1.0,1.0,11,54,13
R0_STANDARDIZED__KMEANS__K2,720,0.8082048353321911,0.8823529411764706,0.8235294117647058,17,48,13
R0_STANDARDIZED__KMEANS__K2,721,0.7405783826223502,0.8372641509433962,0.75,16,49,13
R0_STANDARDIZED__KMEANS__K2,722,0.8620480557871598,0.9097035040431267,0.8571428571428571,12,53,13
R0_STANDARDIZED__KMEANS__K2,723,0.8620480557871598,0.9097035040431267,0.8571428571428571,14,51,13
R0_STANDARDIZED__KMEANS__K2,724,0.9325674224464572,0.9568627450980391,0.9333333333333333,15,50,13
R0_STANDARDIZED__KMEANS__K2,725,0.9261606184048209,0.9490740740740741,0.9166666666666666,12,53,13
R0_STANDARDIZED__KMEANS__K2,726,0.7462562396006656,0.8438914027149321,0.7647058823529411,17,48,13
R0_STANDARDIZED__KMEANS__K2,727,0.7544559054051438,0.8547368421052632,0.7894736842105263,19,46,13
R0_STANDARDIZED__KMEANS__K2,728,1.0,1.0,1.0,14,51,13
R0_STANDARDIZED__KMEANS__K2,729,0.7994276471320144,0.8716981132075472,0.8,15,50,13
R0_STANDARDIZED__KMEANS__K2,730,0.9308780645858084,0.9546703296703296,0.9285714285714286,13,52,13
R0_STANDARDIZED__KMEANS__K2,731,0.8233428959685943,0.8716475095785441,0.7777777777777778,7,58,13
R0_STANDARDIZED__KMEANS__K2,732,0.7933783662535089,0.8650793650793651,0.7857142857142857,14,51,13
R0_STANDARDIZED__KMEANS__K2,733,0.8517043139740166,0.8984848484848484,0.8333333333333334,10,55,13
R0_STANDARDIZED__KMEANS__K2,734,0.9308780645858084,0.9546703296703296,0.9285714285714286,14,51,13
R0_STANDARDIZED__KMEANS__K2,735,0.8517043139740166,0.8984848484848484,0.8333333333333334,10,55,13
R0_STANDARDIZED__KMEANS__K2,736,0.8620480557871598,0.9097035040431267,0.8571428571428571,12,53,13
R0_STANDARDIZED__KMEANS__K2,737,0.8687163375224417,0.9178921568627452,0.875,16,49,13
R0_STANDARDIZED__KMEANS__K2,738,0.8517043139740166,0.8984848484848484,0.8333333333333334,10,55,13
R0_STANDARDIZED__KMEANS__K2,739,0.7405783826223502,0.8372641509433962,0.75,16,49,13
R0_STANDARDIZED__KMEANS__K2,740,0.7462562396006656,0.8438914027149321,0.7647058823529411,17,48,13
R0_STANDARDIZED__KMEANS__K2,741,0.7462562396006656,0.8438914027149321,0.7647058823529411,17,48,13
R0_STANDARDIZED__KMEANS__K2,742,0.9339263024142312,0.95875,0.9375,16,49,13
R0_STANDARDIZED__KMEANS__K2,743,0.8517043139740166,0.8984848484848484,0.8333333333333334,10,55,13
R0_STANDARDIZED__KMEANS__K2,744,0.8517043139740166,0.8984848484848484,0.8333333333333334,10,55,13
R0_STANDARDIZED__KMEANS__K2,745,0.47174014748145343,0.6643678160919539,0.4666666666666667,15,50,13
R0_STANDARDIZED__KMEANS__K2,746,0.485694101024373,0.6916666666666667,0.55,20,45,13
R0_STANDARDIZED__KMEANS__K2,747,0.8042929292929293,0.8774038461538461,0.8125,16,49,13
R0_STANDARDIZED__KMEANS__K2,748,0.9261606184048209,0.9490740740740741,0.9166666666666666,11,54,13
R0_STANDARDIZED__KMEANS__K2,749,0.8574499377757665,0.9045584045584045,0.8461538461538461,11,54,13
R0_STANDARDIZED__KMEANS__K2,750,1.0,1.0,1.0,14,51,13
R0_STANDARDIZED__KMEANS__K2,751,0.8574499377757665,0.9045584045584045,0.8461538461538461,13,52,13
R0_STANDARDIZED__KMEANS__K2,752,0.9325674224464572,0.9568627450980391,0.9333333333333333,14,51,13
R0_STANDARDIZED__KMEANS__K2,753,0.7933783662535089,0.8650793650793651,0.7857142857142857,11,54,13
R0_STANDARDIZED__KMEANS__K2,754,0.8730153807988092,0.9240362811791383,0.8888888888888888,18,47,13
R0_STANDARDIZED__KMEANS__K2,755,0.8657432072456047,0.9141025641025642,0.8666666666666667,15,50,13
R0_STANDARDIZED__KMEANS__K2,756,0.8042929292929293,0.8774038461538461,0.8125,16,49,13
R0_STANDARDIZED__KMEANS__K2,757,1.0,1.0,1.0,13,52,13
R0_STANDARDIZED__KMEANS__K2,758,0.8574499377757665,0.9045584045584045,0.8461538461538461,11,54,13
R0_STANDARDIZED__KMEANS__K2,759,0.9308780645858084,0.9546703296703296,0.9285714285714286,13,52,13
R0_STANDARDIZED__KMEANS__K2,760,0.7462562396006656,0.8438914027149321,0.7647058823529411,17,48,13
R0_STANDARDIZED__KMEANS__K2,761,0.7405783826223502,0.8372641509433962,0.75,16,49,13
R0_STANDARDIZED__KMEANS__K2,762,0.7405783826223502,0.8372641509433962,0.75,16,49,13
R0_STANDARDIZED__KMEANS__K2,763,0.7763844190433914,0.8482142857142857,0.75,12,53,13
R0_STANDARDIZED__KMEANS__K2,764,0.9133982846198684,0.935672514619883,0.8888888888888888,8,57,13
R0_STANDARDIZED__KMEANS__K2,765,0.8657432072456047,0.9141025641025642,0.8666666666666667,15,50,13
R0_STANDARDIZED__KMEANS__K2,766,1.0,1.0,1.0,15,50,13
R0_STANDARDIZED__KMEANS__K2,767,0.8687163375224417,0.9178921568627452,0.875,16,49,13
R0_STANDARDIZED__KMEANS__K2,768,0.8082048353321911,0.8823529411764706,0.8235294117647058,17,48,13
R0_STANDARDIZED__KMEANS__K2,769,0.8352609876294881,0.8824561403508773,0.8,8,57,13
R0_STANDARDIZED__KMEANS__K2,770,1.0,1.0,1.0,12,53,13
R0_STANDARDIZED__KMEANS__K2,771,0.7405783826223502,0.8372641509433962,0.75,16,49,13
R0_STANDARDIZED__KMEANS__K2,772,0.9325674224464572,0.9568627450980391,0.9333333333333333,15,50,13
R0_STANDARDIZED__KMEANS__K2,773,0.8082048353321911,0.8823529411764706,0.8235294117647058,17,48,13
R0_STANDARDIZED__KMEANS__K2,774,0.8042929292929293,0.8774038461538461,0.8125,16,49,13
R0_STANDARDIZED__KMEANS__K2,775,0.9339263024142312,0.95875,0.9375,16,49,13
R0_STANDARDIZED__KMEANS__K2,776,0.8042929292929293,0.8774038461538461,0.8125,16,49,13
R0_STANDARDIZED__KMEANS__K2,777,1.0,1.0,1.0,13,52,13
R0_STANDARDIZED__KMEANS__K2,778,1.0,1.0,1.0,15,50,13
R0_STANDARDIZED__KMEANS__K2,779,0.9308780645858084,0.9546703296703296,0.9285714285714286,13,52,13
R0_STANDARDIZED__KMEANS__K2,780,0.8042929292929293,0.8774038461538461,0.8125,16,49,13
R0_STANDARDIZED__KMEANS__K2,781,1.0,1.0,1.0,13,52,13
R0_STANDARDIZED__KMEANS__K2,782,0.9261606184048209,0.9490740740740741,0.9166666666666666,12,53,13
R0_STANDARDIZED__KMEANS__K2,783,0.6774940460439269,0.7974537037037037,0.6875,16,49,13
R0_STANDARDIZED__KMEANS__K2,784,0.750814057166649,0.8496732026143791,0.7777777777777778,18,47,13
R0_STANDARDIZED__KMEANS__K2,785,1.0,1.0,1.0,9,56,13
R0_STANDARDIZED__KMEANS__K2,786,0.9261606184048209,0.9490740740740741,0.9166666666666666,11,54,13
R0_STANDARDIZED__KMEANS__K2,787,0.9325674224464572,0.9568627450980391,0.9333333333333333,15,50,13
R0_STANDARDIZED__KMEANS__K2,788,0.8657432072456047,0.9141025641025642,0.8666666666666667,15,50,13
R0_STANDARDIZED__KMEANS__K2,789,0.9287780992655241,0.9521044992743106,0.9230769230769231,12,53,13
R0_STANDARDIZED__KMEANS__K2,790,0.8730153807988092,0.9240362811791383,0.8888888888888888,18,47,13
R0_STANDARDIZED__KMEANS__K2,791,0.9325674224464572,0.9568627450980391,0.9333333333333333,15,50,13
R0_STANDARDIZED__KMEANS__K2,792,0.7994276471320144,0.8716981132075472,0.8,15,50,13
R0_STANDARDIZED__KMEANS__K2,793,0.8042929292929293,0.8774038461538461,0.8125,16,49,13
R0_STANDARDIZED__KMEANS__K2,794,0.8620480557871598,0.9097035040431267,0.8571428571428571,12,53,13
R0_STANDARDIZED__KMEANS__K2,795,1.0,1.0,1.0,14,51,13
R0_STANDARDIZED__KMEANS__K2,796,0.9228790582346534,0.9454545454545454,0.9090909090909091,10,55,13
R0_STANDARDIZED__KMEANS__K2,797,0.9228790582346534,0.9454545454545454,0.9090909090909091,10,55,13
R0_STANDARDIZED__KMEANS__K2,798,0.7335181568059144,0.8296296296296296,0.7333333333333333,15,50,13
R0_STANDARDIZED__KMEANS__K2,799,0.8574499377757665,0.9045584045584045,0.8461538461538461,11,54,13
R0_STANDARDIZED__KMEANS__K2,800,0.9287780992655241,0.9521044992743106,0.9230769230769231,12,53,13
R0_STANDARDIZED__KMEANS__K2,801,0.8687163375224417,0.9178921568627452,0.875,16,49,13
R0_STANDARDIZED__KMEANS__K2,802,0.7994276471320144,0.8716981132075472,0.8,12,53,13
R0_STANDARDIZED__KMEANS__K2,803,0.7405783826223502,0.8372641509433962,0.75,16,49,13
R0_STANDARDIZED__KMEANS__K2,804,1.0,1.0,1.0,14,51,13
R0_STANDARDIZED__KMEANS__K2,805,0.7544559054051438,0.8547368421052632,0.7894736842105263,19,46,13
R0_STANDARDIZED__KMEANS__K2,806,1.0,1.0,1.0,14,51,13
R0_STANDARDIZED__KMEANS__K2,807,0.8687163375224417,0.9178921568627452,0.875,16,49,13
R0_STANDARDIZED__KMEANS__K2,808,0.9287780992655241,0.9521044992743106,0.9230769230769231,12,53,13
R0_STANDARDIZED__KMEANS__K2,809,0.9287780992655241,0.9521044992743106,0.9230769230769231,12,53,13
R0_STANDARDIZED__KMEANS__K2,810,0.8574499377757665,0.9045584045584045,0.8461538461538461,11,54,13
R0_STANDARDIZED__KMEANS__K2,811,0.9287780992655241,0.9521044992743106,0.9230769230769231,12,53,13
R0_STANDARDIZED__KMEANS__K2,812,1.0,1.0,1.0,12,53,13
R0_STANDARDIZED__KMEANS__K2,813,0.9325674224464572,0.9568627450980391,0.9333333333333333,15,50,13
R0_STANDARDIZED__KMEANS__K2,814,0.8687163375224417,0.9178921568627452,0.875,16,49,13
R0_STANDARDIZED__KMEANS__K2,815,1.0,1.0,1.0,14,51,13
R0_STANDARDIZED__KMEANS__K2,816,0.7405783826223502,0.8372641509433962,0.75,16,49,13
R0_STANDARDIZED__KMEANS__K2,817,1.0,1.0,1.0,15,50,13
R0_STANDARDIZED__KMEANS__K2,818,0.9287780992655241,0.9521044992743106,0.9230769230769231,12,53,13
R0_STANDARDIZED__KMEANS__K2,819,0.9339263024142312,0.95875,0.9375,16,49,13
R0_STANDARDIZED__KMEANS__K2,820,0.7994276471320144,0.8716981132075472,0.8,15,50,13
R0_STANDARDIZED__KMEANS__K2,821,1.0,1.0,1.0,13,52,13
R0_STANDARDIZED__KMEANS__K2,822,1.0,1.0,1.0,14,51,13
R0_STANDARDIZED__KMEANS__K2,823,0.7858376511226253,0.8573426573426574,0.7692307692307693,10,55,13
R0_STANDARDIZED__KMEANS__K2,824,0.9287780992655241,0.9521044992743106,0.9230769230769231,12,53,13
R0_STANDARDIZED__KMEANS__K2,825,0.7994276471320144,0.8716981132075472,0.8,15,50,13
R0_STANDARDIZED__KMEANS__K2,826,0.9261606184048209,0.9490740740740741,0.9166666666666666,12,53,13
R0_STANDARDIZED__KMEANS__K2,827,1.0,1.0,1.0,14,51,13
R0_STANDARDIZED__KMEANS__K2,828,0.9228790582346534,0.9454545454545454,0.9090909090909091,10,55,13
R0_STANDARDIZED__KMEANS__K2,829,0.7247304362918447,0.8207792207792208,0.7142857142857143,14,51,13
R0_STANDARDIZED__KMEANS__K2,830,0.7858376511226253,0.8573426573426574,0.7692307692307693,13,52,13
R0_STANDARDIZED__KMEANS__K2,831,0.575670602044467,0.7407407407407407,0.6111111111111112,18,47,13
R0_STANDARDIZED__KMEANS__K2,832,0.8620480557871598,0.9097035040431267,0.8571428571428571,12,53,13
R0_STANDARDIZED__KMEANS__K2,833,0.8517043139740166,0.8984848484848484,0.8333333333333334,10,55,13
R0_STANDARDIZED__KMEANS__K2,834,0.7858376511226253,0.8573426573426574,0.7692307692307693,13,52,13
R0_STANDARDIZED__KMEANS__K2,835,0.9308780645858084,0.9546703296703296,0.9285714285714286,14,51,13
R0_STANDARDIZED__KMEANS__K2,836,0.7994276471320144,0.8716981132075472,0.8,15,50,13
R0_STANDARDIZED__KMEANS__K2,837,1.0,1.0,1.0,15,50,13
R0_STANDARDIZED__KMEANS__K2,838,0.8444710305930611,0.8912337662337663,0.8181818181818182,9,56,13
R0_STANDARDIZED__KMEANS__K2,839,0.8042929292929293,0.8774038461538461,0.8125,16,49,13
R0_STANDARDIZED__KMEANS__K2,840,0.7247304362918447,0.8207792207792208,0.7142857142857143,14,51,13
R0_STANDARDIZED__KMEANS__K2,841,0.8042929292929293,0.8774038461538461,0.8125,16,49,13
R0_STANDARDIZED__KMEANS__K2,842,0.7933783662535089,0.8650793650793651,0.7857142857142857,11,54,13
R0_STANDARDIZED__KMEANS__K2,843,1.0,1.0,1.0,13,52,13
R0_STANDARDIZED__KMEANS__K2,844,0.9261606184048209,0.9490740740740741,0.9166666666666666,11,54,13
R0_STANDARDIZED__KMEANS__K2,845,0.8042929292929293,0.8774038461538461,0.8125,16,49,13
R0_STANDARDIZED__KMEANS__K2,846,1.0,1.0,1.0,14,51,13
R0_STANDARDIZED__KMEANS__K2,847,0.8657432072456047,0.9141025641025642,0.8666666666666667,13,52,13
R0_STANDARDIZED__KMEANS__K2,848,0.8687163375224417,0.9178921568627452,0.875,16,49,13
R0_STANDARDIZED__KMEANS__K2,849,0.8574499377757665,0.9045584045584045,0.8461538461538461,11,54,13
R0_STANDARDIZED__KMEANS__K2,850,0.7858376511226253,0.8573426573426574,0.7692307692307693,10,55,13
R0_STANDARDIZED__KMEANS__K2,851,0.8574499377757665,0.9045584045584045,0.8461538461538461,11,54,13
R0_STANDARDIZED__KMEANS__K2,852,0.8687163375224417,0.9178921568627452,0.875,16,49,13
R0_STANDARDIZED__KMEANS__K2,853,0.9261606184048209,0.9490740740740741,0.9166666666666666,11,54,13
R0_STANDARDIZED__KMEANS__K2,854,0.750814057166649,0.8496732026143791,0.7777777777777778,18,47,13
R0_STANDARDIZED__KMEANS__K2,855,0.7462562396006656,0.8438914027149321,0.7647058823529411,17,48,13
R0_STANDARDIZED__KMEANS__K2,856,0.8574499377757665,0.9045584045584045,0.8461538461538461,11,54,13
R0_STANDARDIZED__KMEANS__K2,857,0.9325674224464572,0.9568627450980391,0.9333333333333333,15,50,13
R0_STANDARDIZED__KMEANS__K2,858,0.9261606184048209,0.9490740740740741,0.9166666666666666,11,54,13
R0_STANDARDIZED__KMEANS__K2,859,0.7462562396006656,0.8438914027149321,0.7647058823529411,17,48,13
R0_STANDARDIZED__KMEANS__K2,860,0.9261606184048209,0.9490740740740741,0.9166666666666666,11,54,13
R0_STANDARDIZED__KMEANS__K2,861,0.7462562396006656,0.8438914027149321,0.7647058823529411,17,48,13
R0_STANDARDIZED__KMEANS__K2,862,1.0,1.0,1.0,14,51,13
R0_STANDARDIZED__KMEANS__K2,863,1.0,1.0,1.0,13,52,13
R0_STANDARDIZED__KMEANS__K2,864,0.6963456365257269,0.8194014447884417,0.7368421052631579,19,46,13
R0_STANDARDIZED__KMEANS__K2,865,0.4519098832529723,0.6783876500857633,0.5454545454545454,22,43,13
R0_STANDARDIZED__KMEANS__K2,866,0.8042929292929293,0.8774038461538461,0.8125,16,49,13
R0_STANDARDIZED__KMEANS__K2,867,0.7462562396006656,0.8438914027149321,0.7647058823529411,17,48,13
R0_STANDARDIZED__KMEANS__K2,868,0.8574499377757665,0.9045584045584045,0.8461538461538461,13,52,13
R0_STANDARDIZED__KMEANS__K2,869,0.9287780992655241,0.9521044992743106,0.9230769230769231,12,53,13
R0_STANDARDIZED__KMEANS__K2,870,0.8657432072456047,0.9141025641025642,0.8666666666666667,15,50,13
R0_STANDARDIZED__KMEANS__K2,871,0.8042929292929293,0.8774038461538461,0.8125,16,49,13
R0_STANDARDIZED__KMEANS__K2,872,0.7933783662535089,0.8650793650793651,0.7857142857142857,14,51,13
R0_STANDARDIZED__KMEANS__K2,873,1.0,1.0,1.0,15,50,13
R0_STANDARDIZED__KMEANS__K2,874,0.8517043139740166,0.8984848484848484,0.8333333333333334,10,55,13
R0_STANDARDIZED__KMEANS__K2,875,0.8687163375224417,0.9178921568627452,0.875,16,49,13
R0_STANDARDIZED__KMEANS__K2,876,0.9325674224464572,0.9568627450980391,0.9333333333333333,14,51,13
R0_STANDARDIZED__KMEANS__K2,877,1.0,1.0,1.0,14,51,13
R0_STANDARDIZED__KMEANS__K2,878,0.7405783826223502,0.8372641509433962,0.75,16,49,13
R0_STANDARDIZED__KMEANS__K2,879,1.0,1.0,1.0,13,52,13
R0_STANDARDIZED__KMEANS__K2,880,0.9287780992655241,0.9521044992743106,0.9230769230769231,12,53,13
R0_STANDARDIZED__KMEANS__K2,881,0.8113406284744572,0.8866666666666667,0.8333333333333334,18,47,13
R0_STANDARDIZED__KMEANS__K2,882,0.7994276471320144,0.8716981132075472,0.8,15,50,13
R0_STANDARDIZED__KMEANS__K2,883,0.9261606184048209,0.9490740740740741,0.9166666666666666,11,54,13
R0_STANDARDIZED__KMEANS__K2,884,0.9308780645858084,0.9546703296703296,0.9285714285714286,14,51,13
R0_STANDARDIZED__KMEANS__K2,885,0.7247304362918447,0.8207792207792208,0.7142857142857143,14,51,13
R0_STANDARDIZED__KMEANS__K2,886,0.8687163375224417,0.9178921568627452,0.875,16,49,13
R0_STANDARDIZED__KMEANS__K2,887,0.8082048353321911,0.8823529411764706,0.8235294117647058,17,48,13
R0_STANDARDIZED__KMEANS__K2,888,0.8574499377757665,0.9045584045584045,0.8461538461538461,11,54,13
R0_STANDARDIZED__KMEANS__K2,889,0.7994276471320144,0.8716981132075472,0.8,15,50,13
R0_STANDARDIZED__KMEANS__K2,890,0.7462562396006656,0.8438914027149321,0.7647058823529411,17,48,13
R0_STANDARDIZED__KMEANS__K2,891,1.0,1.0,1.0,14,51,13
R0_STANDARDIZED__KMEANS__K2,892,0.8042929292929293,0.8774038461538461,0.8125,16,49,13
R0_STANDARDIZED__KMEANS__K2,893,0.8517043139740166,0.8984848484848484,0.8333333333333334,10,55,13
R0_STANDARDIZED__KMEANS__K2,894,1.0,1.0,1.0,12,53,13
R0_STANDARDIZED__KMEANS__K2,895,1.0,1.0,1.0,11,54,13
R0_STANDARDIZED__KMEANS__K2,896,0.8082048353321911,0.8823529411764706,0.8235294117647058,17,48,13
R0_STANDARDIZED__KMEANS__K2,897,1.0,1.0,1.0,14,51,13
R0_STANDARDIZED__KMEANS__K2,898,0.8687163375224417,0.9178921568627452,0.875,16,49,13
R0_STANDARDIZED__KMEANS__K2,899,0.7994276471320144,0.8716981132075472,0.8,12,53,13
R0_STANDARDIZED__KMEANS__K2,900,1.0,1.0,1.0,12,53,13
R0_STANDARDIZED__KMEANS__K2,901,0.8657432072456047,0.9141025641025642,0.8666666666666667,15,50,13
R0_STANDARDIZED__KMEANS__K2,902,0.8082048353321911,0.8823529411764706,0.8235294117647058,17,48,13
R0_STANDARDIZED__KMEANS__K2,903,0.8711048158640227,0.9211764705882353,0.8823529411764706,17,48,13
R0_STANDARDIZED__KMEANS__K2,904,0.8574499377757665,0.9045584045584045,0.8461538461538461,11,54,13
R0_STANDARDIZED__KMEANS__K2,905,0.8444710305930611,0.8912337662337663,0.8181818181818182,9,56,13
R0_STANDARDIZED__KMEANS__K2,906,0.7933783662535089,0.8650793650793651,0.7857142857142857,14,51,13
R0_STANDARDIZED__KMEANS__K2,907,0.7994276471320144,0.8716981132075472,0.8,15,50,13
R0_STANDARDIZED__KMEANS__K2,908,1.0,1.0,1.0,13,52,13
R0_STANDARDIZED__KMEANS__K2,909,0.8517043139740166,0.8984848484848484,0.8333333333333334,10,55,13
R0_STANDARDIZED__KMEANS__K2,910,0.9287780992655241,0.9521044992743106,0.9230769230769231,12,53,13
R0_STANDARDIZED__KMEANS__K2,911,0.7994276471320144,0.8716981132075472,0.8,12,53,13
R0_STANDARDIZED__KMEANS__K2,912,0.8042929292929293,0.8774038461538461,0.8125,16,49,13
R0_STANDARDIZED__KMEANS__K2,913,0.8574499377757665,0.9045584045584045,0.8461538461538461,11,54,13
R0_STANDARDIZED__KMEANS__K2,914,0.9325674224464572,0.9568627450980391,0.9333333333333333,15,50,13
R0_STANDARDIZED__KMEANS__K2,915,1.0,1.0,1.0,16,49,13
R0_STANDARDIZED__KMEANS__K2,916,0.7933783662535089,0.8650793650793651,0.7857142857142857,14,51,13
R0_STANDARDIZED__KMEANS__K2,917,0.9308780645858084,0.9546703296703296,0.9285714285714286,13,52,13
R0_STANDARDIZED__KMEANS__K2,918,1.0,1.0,1.0,13,52,13
R0_STANDARDIZED__KMEANS__K2,919,0.9308780645858084,0.9546703296703296,0.9285714285714286,14,51,13
R0_STANDARDIZED__KMEANS__K2,920,0.9325674224464572,0.9568627450980391,0.9333333333333333,14,51,13
R0_STANDARDIZED__KMEANS__K2,921,0.8574499377757665,0.9045584045584045,0.8461538461538461,11,54,13
R0_STANDARDIZED__KMEANS__K2,922,0.8574499377757665,0.9045584045584045,0.8461538461538461,11,54,13
R0_STANDARDIZED__KMEANS__K2,923,1.0,1.0,1.0,12,53,13
R0_STANDARDIZED__KMEANS__K2,924,0.9325674224464572,0.9568627450980391,0.9333333333333333,15,50,13
R0_STANDARDIZED__KMEANS__K2,925,0.7405783826223502,0.8372641509433962,0.75,16,49,13
R0_STANDARDIZED__KMEANS__K2,926,0.9325674224464572,0.9568627450980391,0.9333333333333333,15,50,13
R0_STANDARDIZED__KMEANS__K2,927,1.0,1.0,1.0,12,53,13
R0_STANDARDIZED__KMEANS__K2,928,1.0,1.0,1.0,14,51,13
R0_STANDARDIZED__KMEANS__K2,929,0.7247304362918447,0.8207792207792208,0.7142857142857143,14,51,13
R0_STANDARDIZED__KMEANS__K2,930,0.9261606184048209,0.9490740740740741,0.9166666666666666,11,54,13
R0_STANDARDIZED__KMEANS__K2,931,0.7933783662535089,0.8650793650793651,0.7857142857142857,11,54,13
R0_STANDARDIZED__KMEANS__K2,932,0.8657432072456047,0.9141025641025642,0.8666666666666667,15,50,13
R0_STANDARDIZED__KMEANS__K2,933,0.9261606184048209,0.9490740740740741,0.9166666666666666,11,54,13
R0_STANDARDIZED__KMEANS__K2,934,0.8657432072456047,0.9141025641025642,0.8666666666666667,15,50,13
R0_STANDARDIZED__KMEANS__K2,935,0.8657432072456047,0.9141025641025642,0.8666666666666667,15,50,13
R0_STANDARDIZED__KMEANS__K2,936,0.7462562396006656,0.8438914027149321,0.7647058823529411,17,48,13
R0_STANDARDIZED__KMEANS__K2,937,1.0,1.0,1.0,14,51,13
R0_STANDARDIZED__KMEANS__K2,938,0.9287780992655241,0.9521044992743106,0.9230769230769231,12,53,13
R0_STANDARDIZED__KMEANS__K2,939,0.9325674224464572,0.9568627450980391,0.9333333333333333,15,50,13
R0_STANDARDIZED__KMEANS__K2,940,0.8113406284744572,0.8866666666666667,0.8333333333333334,18,47,13
R0_STANDARDIZED__KMEANS__K2,941,0.8657432072456047,0.9141025641025642,0.8666666666666667,15,50,13
R0_STANDARDIZED__KMEANS__K2,942,0.7335181568059144,0.8296296296296296,0.7333333333333333,15,50,13
R0_STANDARDIZED__KMEANS__K2,943,0.7858376511226253,0.8573426573426574,0.7692307692307693,10,55,13
R0_STANDARDIZED__KMEANS__K2,944,0.9228790582346534,0.9454545454545454,0.9090909090909091,10,55,13
R0_STANDARDIZED__KMEANS__K2,945,0.9287780992655241,0.9521044992743106,0.9230769230769231,12,53,13
R0_STANDARDIZED__KMEANS__K2,946,0.9325674224464572,0.9568627450980391,0.9333333333333333,15,50,13
R0_STANDARDIZED__KMEANS__K2,947,0.9287780992655241,0.9521044992743106,0.9230769230769231,12,53,13
R0_STANDARDIZED__KMEANS__K2,948,0.7405783826223502,0.8372641509433962,0.75,16,49,13
R0_STANDARDIZED__KMEANS__K2,949,1.0,1.0,1.0,15,50,13
R0_STANDARDIZED__KMEANS__K2,950,0.8517043139740166,0.8984848484848484,0.8333333333333334,10,55,13
R0_STANDARDIZED__KMEANS__K2,951,0.8444710305930611,0.8912337662337663,0.8181818181818182,9,56,13
R0_STANDARDIZED__KMEANS__K2,952,0.7462562396006656,0.8438914027149321,0.7647058823529411,17,48,13
R0_STANDARDIZED__KMEANS__K2,953,0.8082048353321911,0.8823529411764706,0.8235294117647058,17,48,13
R0_STANDARDIZED__KMEANS__K2,954,0.8620480557871598,0.9097035040431267,0.8571428571428571,12,53,13
R0_STANDARDIZED__KMEANS__K2,955,0.8657432072456047,0.9141025641025642,0.8666666666666667,13,52,13
R0_STANDARDIZED__KMEANS__K2,956,1.0,1.0,1.0,15,50,13
R0_STANDARDIZED__KMEANS__K2,957,1.0,1.0,1.0,12,53,13
R0_STANDARDIZED__KMEANS__K2,958,0.9261606184048209,0.9490740740740741,0.9166666666666666,11,54,13
R0_STANDARDIZED__KMEANS__K2,959,0.8687163375224417,0.9178921568627452,0.875,16,49,13
R0_STANDARDIZED__KMEANS__K2,960,1.0,1.0,1.0,14,51,13
R0_STANDARDIZED__KMEANS__K2,961,0.8082048353321911,0.8823529411764706,0.8235294117647058,17,48,13
R0_STANDARDIZED__KMEANS__K2,962,0.8574499377757665,0.9045584045584045,0.8461538461538461,13,52,13
R0_STANDARDIZED__KMEANS__K2,963,0.7335181568059144,0.8296296296296296,0.7333333333333333,15,50,13
R0_STANDARDIZED__KMEANS__K2,964,0.7858376511226253,0.8573426573426574,0.7692307692307693,13,52,13
R0_STANDARDIZED__KMEANS__K2,965,1.0,1.0,1.0,14,51,13
R0_STANDARDIZED__KMEANS__K2,966,1.0,1.0,1.0,13,52,13
R0_STANDARDIZED__KMEANS__K2,967,0.8657432072456047,0.9141025641025642,0.8666666666666667,15,50,13
R0_STANDARDIZED__KMEANS__K2,968,0.9325674224464572,0.9568627450980391,0.9333333333333333,14,51,13
R0_STANDARDIZED__KMEANS__K2,969,0.9287780992655241,0.9521044992743106,0.9230769230769231,12,53,13
R0_STANDARDIZED__KMEANS__K2,970,0.8657432072456047,0.9141025641025642,0.8666666666666667,15,50,13
R0_STANDARDIZED__KMEANS__K2,971,0.8657432072456047,0.9141025641025642,0.8666666666666667,15,50,13
R0_STANDARDIZED__KMEANS__K2,972,0.8517043139740166,0.8984848484848484,0.8333333333333334,12,53,13
R0_STANDARDIZED__KMEANS__K2,973,0.7933783662535089,0.8650793650793651,0.7857142857142857,14,51,13
R0_STANDARDIZED__KMEANS__K2,974,0.9287780992655241,0.9521044992743106,0.9230769230769231,13,52,13
R0_STANDARDIZED__KMEANS__K2,975,1.0,1.0,1.0,12,53,13
R0_STANDARDIZED__KMEANS__K2,976,0.7462562396006656,0.8438914027149321,0.7647058823529411,17,48,13
R0_STANDARDIZED__KMEANS__K2,977,0.9339263024142312,0.95875,0.9375,16,49,13
R0_STANDARDIZED__KMEANS__K2,978,0.8352609876294881,0.8824561403508773,0.8,8,57,13
R0_STANDARDIZED__KMEANS__K2,979,0.750814057166649,0.8496732026143791,0.7777777777777778,18,47,13
R0_STANDARDIZED__KMEANS__K2,980,0.7933783662535089,0.8650793650793651,0.7857142857142857,11,54,13
R0_STANDARDIZED__KMEANS__K2,981,0.5655251893315772,0.7304812834224599,0.5882352941176471,17,48,13
R0_STANDARDIZED__KMEANS__K2,982,0.7763844190433914,0.8482142857142857,0.75,9,56,13
R0_STANDARDIZED__KMEANS__K2,983,0.9261606184048209,0.9490740740740741,0.9166666666666666,11,54,13
R0_STANDARDIZED__KMEANS__K2,984,0.8687163375224417,0.9178921568627452,0.875,16,49,13
R0_STANDARDIZED__KMEANS__K2,985,0.9261606184048209,0.9490740740740741,0.9166666666666666,11,54,13
R0_STANDARDIZED__KMEANS__K2,986,0.9261606184048209,0.9490740740740741,0.9166666666666666,11,54,13
R0_STANDARDIZED__KMEANS__K2,987,0.7994276471320144,0.8716981132075472,0.8,15,50,13
R0_STANDARDIZED__KMEANS__K2,988,0.8574499377757665,0.9045584045584045,0.8461538461538461,11,54,13
R0_STANDARDIZED__KMEANS__K2,989,0.9287780992655241,0.9521044992743106,0.9230769230769231,12,53,13
R0_STANDARDIZED__KMEANS__K2,990,0.8574499377757665,0.9045584045584045,0.8461538461538461,11,54,13
R0_STANDARDIZED__KMEANS__K2,991,0.7994276471320144,0.8716981132075472,0.8,15,50,13
R0_STANDARDIZED__KMEANS__K2,992,0.9287780992655241,0.9521044992743106,0.9230769230769231,12,53,13
R0_STANDARDIZED__KMEANS__K2,993,0.9308780645858084,0.9546703296703296,0.9285714285714286,14,51,13
R0_STANDARDIZED__KMEANS__K2,994,1.0,1.0,1.0,12,53,13
R0_STANDARDIZED__KMEANS__K2,995,0.8517043139740166,0.8984848484848484,0.8333333333333334,12,53,13
R0_STANDARDIZED__KMEANS__K2,996,0.8620480557871598,0.9097035040431267,0.8571428571428571,14,51,13
R0_STANDARDIZED__KMEANS__K2,997,0.7933783662535089,0.8650793650793651,0.7857142857142857,11,54,13
R0_STANDARDIZED__KMEANS__K2,998,0.8574499377757665,0.9045584045584045,0.8461538461538461,13,52,13
R0_STANDARDIZED__KMEANS__K2,999,0.7858376511226253,0.8573426573426574,0.7692307692307693,10,55,13
R0_STANDARDIZED__KMEANS__K2,1000,0.7994276471320144,0.8716981132075472,0.8,15,50,13
R1_PCA_85__GMM_DIAG__K2,1,-0.04335990362727536,0.2923076923076923,0.0,23,42,5
R1_PCA_85__GMM_DIAG__K2,2,-0.055039930930282754,0.36153846153846153,0.0,15,50,5
R1_PCA_85__GMM_DIAG__K2,3,0.46049269140345495,0.65,0.4166666666666667,12,53,5
R1_PCA_85__GMM_DIAG__K2,4,-0.07351662023936668,0.38461538461538464,0.0,11,54,5
R1_PCA_85__GMM_DIAG__K2,5,-0.024012196671325117,0.27394305435720445,0.10526315789473684,27,38,5
R1_PCA_85__GMM_DIAG__K2,6,-0.07351662023936668,0.38461538461538464,0.0,11,54,5
R1_PCA_85__GMM_DIAG__K2,7,0.8840337305735592,0.9083333333333333,0.8333333333333334,6,59,5
R1_PCA_85__GMM_DIAG__K2,8,-0.04679519624534119,0.27656056221579167,0.14634146341463414,24,41,5
R1_PCA_85__GMM_DIAG__K2,9,-0.07281951958906129,0.3769230769230769,0.0,12,53,5
R1_PCA_85__GMM_DIAG__K2,10,-0.018382516579872703,0.28356225077536557,0.10810810810810811,28,37,5
R1_PCA_85__GMM_DIAG__K2,11,-0.07351662023936668,0.38461538461538464,0.0,11,54,5
R1_PCA_85__GMM_DIAG__K2,12,-0.07374631268436578,0.3923076923076923,0.0,10,55,5
R1_PCA_85__GMM_DIAG__K2,13,-0.07351662023936668,0.38461538461538464,0.0,11,54,5
R1_PCA_85__GMM_DIAG__K2,14,-0.03181595692608909,0.28076923076923077,0.1282051282051282,26,39,5
R1_PCA_85__GMM_DIAG__K2,15,-0.03897306137562872,0.2846153846153846,0.0,24,41,5
R1_PCA_85__GMM_DIAG__K2,16,-0.03550260996618238,0.3,0.0,23,42,5
R1_PCA_85__GMM_DIAG__K2,17,-0.07281951958906129,0.3769230769230769,0.0,12,53,5
R1_PCA_85__GMM_DIAG__K2,18,-0.08432996013492794,0.36923076923076925,0.0,12,53,5
R1_PCA_85__GMM_DIAG__K2,19,1.0,1.0,1.0,5,60,5
R1_PCA_85__GMM_DIAG__K2,20,0.0006808548022226615,0.31292189006750243,0.11764705882352941,31,34,5
R1_PCA_85__GMM_DIAG__K2,21,-0.01817103018616035,0.30090090090090094,0.13513513513513514,28,37,5
R1_PCA_85__GMM_DIAG__K2,22,0.7860361831363072,0.8404761904761905,0.7142857142857143,7,58,5
R1_PCA_85__GMM_DIAG__K2,23,-0.07711621233859398,0.3384615384615385,0.0,16,49,5
R1_PCA_85__GMM_DIAG__K2,24,-0.07281951958906129,0.3769230769230769,0.0,12,53,5
R1_PCA_85__GMM_DIAG__K2,25,-0.06840942216371244,0.35384615384615387,0.0,15,50,5
R1_PCA_85__GMM_DIAG__K2,26,-0.006057491097323691,0.30304449648711945,0.11428571428571428,30,35,5
R1_PCA_85__GMM_DIAG__K2,27,0.09544787077826726,0.42115384615384616,0.19230769230769232,26,39,5
R1_PCA_85__GMM_DIAG__K2,28,-0.08489009526850817,0.3769230769230769,0.0,11,54,5
R1_PCA_85__GMM_DIAG__K2,29,-0.09263657957244656,0.35384615384615387,0.0,13,52,5
R1_PCA_85__GMM_DIAG__K2,30,-0.010695581618352143,0.3111111111111111,0.1388888888888889,29,36,5
R1_PCA_85__GMM_DIAG__K2,31,-0.03897306137562872,0.2846153846153846,0.0,24,41,5
R1_PCA_85__GMM_DIAG__K2,32,0.7860361831363072,0.8404761904761905,0.7142857142857143,7,58,5
R1_PCA_85__GMM_DIAG__K2,33,-0.03429355281207133,0.27692307692307694,0.0,25,40,5
R1_PCA_85__GMM_DIAG__K2,34,-0.09411018456920958,0.36923076923076925,0.0,11,54,4
R1_PCA_85__GMM_DIAG__K2,35,-0.07711621233859398,0.3384615384615385,0.0,16,49,5
R1_PCA_85__GMM_DIAG__K2,36,-0.07890641802563161,0.3153846153846154,0.0,18,47,5
R1_PCA_85__GMM_DIAG__K2,37,-0.08489009526850817,0.3769230769230769,0.0,11,54,5
R1_PCA_85__GMM_DIAG__K2,38,-0.08484005563282336,0.38461538461538464,0.0,10,55,5
R1_PCA_85__GMM_DIAG__K2,39,0.7021433850702143,0.7875,0.625,8,57,5
R1_PCA_85__GMM_DIAG__K2,40,0.7021433850702143,0.7875,0.625,8,57,5
R1_PCA_85__GMM_DIAG__K2,41,1.0,1.0,1.0,5,60,5
R1_PCA_85__GMM_DIAG__K2,42,-0.016039211905944817,0.3183692166743014,0.16216216216216217,28,37,5
R1_PCA_85__GMM_DIAG__K2,43,-0.043839409321642826,0.27692307692307694,0.0,24,41,5
R1_PCA_85__GMM_DIAG__K2,44,-0.08322663252240717,0.36153846153846153,0.0,13,52,5
R1_PCA_85__GMM_DIAG__K2,45,0.0614840778135673,0.38554948391013966,0.14814814814814814,27,38,5
R1_PCA_85__GMM_DIAG__K2,46,-0.04746239481274881,0.3,0.0,22,43,5
R1_PCA_85__GMM_DIAG__K2,47,-0.08432996013492794,0.36923076923076925,0.0,12,53,4
R1_PCA_85__GMM_DIAG__K2,48,0.005677863658009451,0.33186274509803926,0.14705882352941177,31,34,5
R1_PCA_85__GMM_DIAG__K2,49,-0.08432996013492794,0.36923076923076925,0.0,12,53,4
R1_PCA_85__GMM_DIAG__K2,50,0.07263993726105283,0.39659520807061793,0.15384615384615385,26,39,5
R1_PCA_85__GMM_DIAG__K2,51,-0.02520443598073261,0.29078947368421054,0.13157894736842105,27,38,5
R1_PCA_85__GMM_DIAG__K2,52,-0.09370804618276202,0.36153846153846153,0.0,12,53,4
R1_PCA_85__GMM_DIAG__K2,53,-0.07343528607025944,0.4,0.0,9,56,5
R1_PCA_85__GMM_DIAG__K2,54,-0.024012196671325117,0.27394305435720445,0.10526315789473684,27,38,5
R1_PCA_85__GMM_DIAG__K2,55,-0.0027548209366391185,0.3214285714285714,0.14285714285714285,30,35,5
R1_PCA_85__GMM_DIAG__K2,56,-0.07351662023936668,0.38461538461538464,0.0,11,54,5
R1_PCA_85__GMM_DIAG__K2,57,-0.010695581618352143,0.3111111111111111,0.1388888888888889,29,36,5
R1_PCA_85__GMM_DIAG__K2,58,0.0006808548022226615,0.31292189006750243,0.11764705882352941,31,34,5
R1_PCA_85__GMM_DIAG__K2,59,-0.08489009526850817,0.3769230769230769,0.0,11,54,4
R1_PCA_85__GMM_DIAG__K2,60,-0.08163168166024085,0.35384615384615387,0.0,14,51,4
R1_PCA_85__GMM_DIAG__K2,61,-0.07281951958906129,0.3769230769230769,0.0,12,53,5
R1_PCA_85__GMM_DIAG__K2,62,-0.006057491097323691,0.30304449648711945,0.11428571428571428,30,35,5
R1_PCA_85__GMM_DIAG__K2,63,1.0,1.0,1.0,6,59,5
R1_PCA_85__GMM_DIAG__K2,64,-0.08484005563282336,0.38461538461538464,0.0,10,55,5
R1_PCA_85__GMM_DIAG__K2,65,-0.03181595692608909,0.28076923076923077,0.1282051282051282,26,39,5
R1_PCA_85__GMM_DIAG__K2,66,-0.07958477508650519,0.34615384615384615,0.0,15,50,5
R1_PCA_85__GMM_DIAG__K2,67,-0.07351662023936668,0.38461538461538464,0.0,11,54,4
R1_PCA_85__GMM_DIAG__K2,68,1.0,1.0,1.0,6,59,5
R1_PCA_85__GMM_DIAG__K2,69,-0.06488467342099591,0.2923076923076923,0.0,21,44,5
R1_PCA_85__GMM_DIAG__K2,70,-0.07351662023936668,0.38461538461538464,0.0,11,54,5
R1_PCA_85__GMM_DIAG__K2,71,-0.07022955733094596,0.36153846153846153,0.0,14,51,5
R1_PCA_85__GMM_DIAG__K2,72,-0.03240944420002933,0.2972620599739244,0.15384615384615385,26,39,5
R1_PCA_85__GMM_DIAG__K2,73,-0.020900411725770444,0.2692307692307692,0.0,27,38,5
R1_PCA_85__GMM_DIAG__K2,74,0.04692431479356747,0.3849097867687261,0.1935483870967742,31,34,5
R1_PCA_85__GMM_DIAG__K2,75,0.05980927181522518,0.3966101694915254,0.2,30,35,5
R1_PCA_85__GMM_DIAG__K2,76,-0.012404312747975633,0.2932604735883424,0.1111111111111111,29,36,6
R1_PCA_85__GMM_DIAG__K2,77,-0.09411018456920958,0.36923076923076925,0.0,11,54,4
R1_PCA_85__GMM_DIAG__K2,78,-0.03240944420002933,0.2972620599739244,0.15384615384615385,26,39,5
R1_PCA_85__GMM_DIAG__K2,79,-0.04315415249660215,0.4,0.0,11,54,5
R1_PCA_85__GMM_DIAG__K2,80,-0.010695581618352143,0.3111111111111111,0.1388888888888889,29,36,5
R1_PCA_85__GMM_DIAG__K2,81,-0.08432996013492794,0.36923076923076925,0.0,12,53,4
R1_PCA_85__GMM_DIAG__K2,82,-0.03240944420002933,0.2972620599739244,0.15384615384615385,26,39,5
R1_PCA_85__GMM_DIAG__K2,83,0.005677863658009451,0.33186274509803926,0.14705882352941177,31,34,5
R1_PCA_85__GMM_DIAG__K2,84,-0.01817103018616035,0.30090090090090094,0.13513513513513514,28,37,5
R1_PCA_85__GMM_DIAG__K2,85,-0.04927739472556581,0.2846153846153846,0.0,23,42,5
R1_PCA_85__GMM_DIAG__K2,86,0.8840337305735592,0.9083333333333333,0.8333333333333334,6,59,5
R1_PCA_85__GMM_DIAG__K2,87,-0.024012196671325117,0.27394305435720445,0.10526315789473684,27,38,5
R1_PCA_85__GMM_DIAG__K2,88,0.0614840778135673,0.38554948391013966,0.14814814814814814,27,38,5
R1_PCA_85__GMM_DIAG__K2,89,0.024143985952589993,0.353125,0.15625,32,33,5
R1_PCA_85__GMM_DIAG__K2,90,-0.06488467342099591,0.2923076923076923,0.0,21,44,5
R1_PCA_85__GMM_DIAG__K2,91,-0.0662729658792651,0.34615384615384615,0.0,16,49,5
R1_PCA_85__GMM_DIAG__K2,92,1.0,1.0,1.0,6,59,5
R1_PCA_85__GMM_DIAG__K2,93,-0.08484005563282336,0.38461538461538464,0.0,10,55,5
R1_PCA_85__GMM_DIAG__K2,94,0.8075703108479594,0.8580508474576272,0.75,8,57,5
R1_PCA_85__GMM_DIAG__K2,95,-0.059716061856729404,0.3923076923076923,0.0,11,54,4
R1_PCA_85__GMM_DIAG__K2,96,-0.07351662023936668,0.38461538461538464,0.0,11,54,5
R1_PCA_85__GMM_DIAG__K2,97,-0.09411018456920958,0.36923076923076925,0.0,11,54,4
R1_PCA_85__GMM_DIAG__K2,98,0.05168605507289059,0.37220843672456577,0.11538461538461539,26,39,5
R1_PCA_85__GMM_DIAG__K2,99,-0.08163168166024085,0.35384615384615387,0.0,14,51,5
R1_PCA_85__GMM_DIAG__K2,100,-0.054836315659272696,0.3153846153846154,0.0,20,45,5
R1_PCA_85__GMM_DIAG__K2,101,-0.03897306137562872,0.2846153846153846,0.0,24,41,5
R1_PCA_85__GMM_DIAG__K2,102,-0.08322663252240717,0.36153846153846153,0.0,13,52,5
R1_PCA_85__GMM_DIAG__K2,103,-0.07374631268436578,0.3923076923076923,0.0,10,55,5
R1_PCA_85__GMM_DIAG__K2,104,-0.05657896702672822,0.36923076923076925,0.0,14,51,5
R1_PCA_85__GMM_DIAG__K2,105,-0.05434567803644125,0.2923076923076923,0.0,22,43,5
R1_PCA_85__GMM_DIAG__K2,106,0.8075703108479594,0.8580508474576272,0.75,8,57,5
R1_PCA_85__GMM_DIAG__K2,107,-0.010695581618352143,0.3111111111111111,0.1388888888888889,29,36,5
R1_PCA_85__GMM_DIAG__K2,108,-0.08484005563282336,0.38461538461538464,0.0,10,55,5
R1_PCA_85__GMM_DIAG__K2,109,-0.024012196671325117,0.27394305435720445,0.10526315789473684,27,38,5
R1_PCA_85__GMM_DIAG__K2,110,-0.09370804618276202,0.36153846153846153,0.0,12,53,5
R1_PCA_85__GMM_DIAG__K2,111,0.5977536086142612,0.7303543913713405,0.5454545454545454,11,54,5
R1_PCA_85__GMM_DIAG__K2,112,-0.08484005563282336,0.38461538461538464,0.0,10,55,5
R1_PCA_85__GMM_DIAG__K2,113,-0.08489009526850817,0.3769230769230769,0.0,11,54,5
R1_PCA_85__GMM_DIAG__K2,114,-0.08432996013492794,0.36923076923076925,0.0,12,53,5
R1_PCA_85__GMM_DIAG__K2,115,-0.08489009526850817,0.3769230769230769,0.0,11,54,5
R1_PCA_85__GMM_DIAG__K2,116,1.0,1.0,1.0,6,59,5
R1_PCA_85__GMM_DIAG__K2,117,-0.07281951958906129,0.3769230769230769,0.0,12,53,5
R1_PCA_85__GMM_DIAG__K2,118,1.0,1.0,1.0,6,59,5
R1_PCA_85__GMM_DIAG__K2,119,-0.07374631268436578,0.3923076923076923,0.0,10,55,5
R1_PCA_85__GMM_DIAG__K2,120,-0.024481434632218777,0.3077609277430865,0.15789473684210525,27,38,5
R1_PCA_85__GMM_DIAG__K2,121,-0.08163168166024085,0.35384615384615387,0.0,14,51,5
R1_PCA_85__GMM_DIAG__K2,122,-0.07374631268436578,0.3923076923076923,0.0,10,55,5
R1_PCA_85__GMM_DIAG__K2,123,-0.08432996013492794,0.36923076923076925,0.0,12,53,5
R1_PCA_85__GMM_DIAG__K2,124,-0.055039930930282754,0.36153846153846153,0.0,15,50,5
R1_PCA_85__GMM_DIAG__K2,125,-0.024012196671325117,0.27394305435720445,0.10526315789473684,27,38,5
R1_PCA_85__GMM_DIAG__K2,126,0.6595927346873072,0.7661016949152541,0.6,10,55,5
R1_PCA_85__GMM_DIAG__K2,127,-0.07351662023936668,0.38461538461538464,0.0,11,54,5
R1_PCA_85__GMM_DIAG__K2,128,-0.03897306137562872,0.2846153846153846,0.0,24,41,5
R1_PCA_85__GMM_DIAG__K2,129,0.7860361831363072,0.8404761904761905,0.7142857142857143,7,58,5
R1_PCA_85__GMM_DIAG__K2,130,-0.01817103018616035,0.30090090090090094,0.13513513513513514,28,37,5
R1_PCA_85__GMM_DIAG__K2,131,-0.09370804618276202,0.36153846153846153,0.0,12,53,5
R1_PCA_85__GMM_DIAG__K2,132,-0.010695581618352143,0.3111111111111111,0.1388888888888889,29,36,5
R1_PCA_85__GMM_DIAG__K2,133,0.49243655456932117,0.6714471968709257,0.46153846153846156,13,52,5
R1_PCA_85__GMM_DIAG__K2,134,-0.07424877707896575,0.33076923076923076,0.0,17,48,4
R1_PCA_85__GMM_DIAG__K2,135,-0.01817103018616035,0.30090090090090094,0.13513513513513514,28,37,5
R1_PCA_85__GMM_DIAG__K2,136,0.09741722467368161,0.4193989071038251,0.16666666666666666,24,41,5
R1_PCA_85__GMM_DIAG__K2,137,1.0,1.0,1.0,5,60,5
R1_PCA_85__GMM_DIAG__K2,138,-0.03897306137562872,0.2846153846153846,0.0,24,41,5
R1_PCA_85__GMM_DIAG__K2,139,0.05642841336578889,0.38620689655172413,0.1724137931034483,29,36,5
R1_PCA_85__GMM_DIAG__K2,140,1.0,1.0,1.0,6,59,5
R1_PCA_85__GMM_DIAG__K2,141,-0.09370804618276202,0.36153846153846153,0.0,12,53,4
R1_PCA_85__GMM_DIAG__K2,142,-0.02520443598073261,0.29078947368421054,0.13157894736842105,27,38,5
R1_PCA_85__GMM_DIAG__K2,143,0.8075703108479594,0.8580508474576272,0.75,8,57,5
R1_PCA_85__GMM_DIAG__K2,144,-0.08432996013492794,0.36923076923076925,0.0,12,53,5
R1_PCA_85__GMM_DIAG__K2,145,-0.05132628854863058,0.34615384615384615,0.0,17,48,5
R1_PCA_85__GMM_DIAG__K2,146,-0.07468658419136034,0.3076923076923077,0.0,19,46,5
R1_PCA_85__GMM_DIAG__K2,147,1.0,1.0,1.0,6,59,5
R1_PCA_85__GMM_DIAG__K2,148,-0.07001095823694144,0.3,0.0,20,45,5
R1_PCA_85__GMM_DIAG__K2,149,1.0,1.0,1.0,6,59,5
R1_PCA_85__GMM_DIAG__K2,150,-0.07281951958906129,0.3769230769230769,0.0,12,53,5
R1_PCA_85__GMM_DIAG__K2,151,-0.08163168166024085,0.35384615384615387,0.0,14,51,5
R1_PCA_85__GMM_DIAG__K2,152,-0.05434567803644125,0.2923076923076923,0.0,22,43,5
R1_PCA_85__GMM_DIAG__K2,153,-0.07281951958906129,0.3769230769230769,0.0,12,53,5
R1_PCA_85__GMM_DIAG__K2,154,-0.024012196671325117,0.27394305435720445,0.10526315789473684,27,38,5
R1_PCA_85__GMM_DIAG__K2,155,-0.08432996013492794,0.36923076923076925,0.0,12,53,4
R1_PCA_85__GMM_DIAG__K2,156,1.0,1.0,1.0,5,60,5
R1_PCA_85__GMM_DIAG__K2,157,-0.08870912922303038,0.3384615384615385,0.0,15,50,5
R1_PCA_85__GMM_DIAG__K2,158,-0.09370804618276202,0.36153846153846153,0.0,12,53,4
R1_PCA_85__GMM_DIAG__K2,159,-0.03550260996618238,0.3,0.0,23,42,5
R1_PCA_85__GMM_DIAG__K2,160,-0.07281951958906129,0.3769230769230769,0.0,12,53,5
R1_PCA_85__GMM_DIAG__K2,161,-0.02520443598073261,0.29078947368421054,0.13157894736842105,27,38,5
R1_PCA_85__GMM_DIAG__K2,162,-0.059716061856729404,0.3923076923076923,0.0,11,54,5
R1_PCA_85__GMM_DIAG__K2,163,-0.08163168166024085,0.35384615384615387,0.0,14,51,5
R1_PCA_85__GMM_DIAG__K2,164,0.30756814921090386,0.5645833333333333,0.3125,16,49,5
R1_PCA_85__GMM_DIAG__K2,165,-0.08489009526850817,0.3769230769230769,0.0,11,54,4
R1_PCA_85__GMM_DIAG__K2,166,-0.07281951958906129,0.3769230769230769,0.0,12,53,5
R1_PCA_85__GMM_DIAG__K2,167,-0.08432996013492794,0.36923076923076925,0.0,12,53,5
R1_PCA_85__GMM_DIAG__K2,168,-0.016039211905944817,0.3183692166743014,0.16216216216216217,28,37,5
R1_PCA_85__GMM_DIAG__K2,169,-0.03550260996618238,0.3,0.0,23,42,5
R1_PCA_85__GMM_DIAG__K2,170,-0.03802281368821293,0.27083333333333337,0.125,25,40,5
R1_PCA_85__GMM_DIAG__K2,171,-0.07351662023936668,0.38461538461538464,0.0,11,54,5
R1_PCA_85__GMM_DIAG__K2,172,-0.02520443598073261,0.29078947368421054,0.13157894736842105,27,38,5
R1_PCA_85__GMM_DIAG__K2,173,0.005677863658009451,0.33186274509803926,0.14705882352941177,31,34,5
R1_PCA_85__GMM_DIAG__K2,174,1.0,1.0,1.0,5,60,5
R1_PCA_85__GMM_DIAG__K2,175,-0.08489009526850817,0.3769230769230769,0.0,11,54,4
R1_PCA_85__GMM_DIAG__K2,176,-0.06383732464219924,0.3384615384615385,0.0,17,48,5
R1_PCA_85__GMM_DIAG__K2,177,1.0,1.0,1.0,5,60,5
R1_PCA_85__GMM_DIAG__K2,178,1.0,1.0,1.0,5,60,5
R1_PCA_85__GMM_DIAG__K2,179,-0.05657896702672822,0.36923076923076925,0.0,14,51,5
R1_PCA_85__GMM_DIAG__K2,180,-0.08432996013492794,0.36923076923076925,0.0,12,53,5
R1_PCA_85__GMM_DIAG__K2,181,-0.08432996013492794,0.36923076923076925,0.0,12,53,5
R1_PCA_85__GMM_DIAG__K2,182,-0.07958477508650519,0.34615384615384615,0.0,15,50,5
R1_PCA_85__GMM_DIAG__K2,183,-0.07343528607025944,0.4,0.0,9,56,5
R1_PCA_85__GMM_DIAG__K2,184,-0.07022955733094596,0.36153846153846153,0.0,14,51,5
R1_PCA_85__GMM_DIAG__K2,185,0.005677863658009451,0.33186274509803926,0.14705882352941177,31,34,5
R1_PCA_85__GMM_DIAG__K2,186,0.7860361831363072,0.8404761904761905,0.7142857142857143,7,58,5
R1_PCA_85__GMM_DIAG__K2,187,1.0,1.0,1.0,5,60,5
R1_PCA_85__GMM_DIAG__K2,188,-0.08432996013492794,0.36923076923076925,0.0,12,53,5
R1_PCA_85__GMM_DIAG__K2,189,0.051052655005118616,0.37470725995316156,0.14285714285714285,28,37,5
R1_PCA_85__GMM_DIAG__K2,190,-0.05328537525956689,0.35384615384615387,0.0,16,49,5
R1_PCA_85__GMM_DIAG__K2,191,-0.09411018456920958,0.36923076923076925,0.0,11,54,5
R1_PCA_85__GMM_DIAG__K2,192,-0.058942360952722296,0.38461538461538464,0.0,12,53,5
R1_PCA_85__GMM_DIAG__K2,193,-0.09370804618276202,0.36153846153846153,0.0,12,53,5
R1_PCA_85__GMM_DIAG__K2,194,1.0,1.0,1.0,6,59,5
R1_PCA_85__GMM_DIAG__K2,195,-0.08163168166024085,0.35384615384615387,0.0,14,51,5
R1_PCA_85__GMM_DIAG__K2,196,-0.08322663252240717,0.36153846153846153,0.0,13,52,5
R1_PCA_85__GMM_DIAG__K2,197,-0.059050373583996146,0.3,0.0,21,44,5
R1_PCA_85__GMM_DIAG__K2,198,0.5423491154270712,0.6991525423728814,0.5,12,53,5
R1_PCA_85__GMM_DIAG__K2,199,-0.08489009526850817,0.3769230769230769,0.0,11,54,5
R1_PCA_85__GMM_DIAG__K2,200,-0.010695581618352143,0.3111111111111111,0.1388888888888889,29,36,5
R1_PCA_85__GMM_DIAG__K2,201,0.02337228714524207,0.362095531587057,0.18181818181818182,32,33,5
R1_PCA_85__GMM_DIAG__K2,202,-0.09370804618276202,0.36153846153846153,0.0,12,53,5
R1_PCA_85__GMM_DIAG__K2,203,-0.059716061856729404,0.3923076923076923,0.0,11,54,5
R1_PCA_85__GMM_DIAG__K2,204,-0.07281951958906129,0.3769230769230769,0.0,12,53,5
R1_PCA_85__GMM_DIAG__K2,205,0.7553142225475404,0.8169398907103824,0.6666666666666666,6,59,5
R1_PCA_85__GMM_DIAG__K2,206,1.0,1.0,1.0,6,59,5
R1_PCA_85__GMM_DIAG__K2,207,-0.08432996013492794,0.36923076923076925,0.0,12,53,5
R1_PCA_85__GMM_DIAG__K2,208,-0.03802281368821293,0.27083333333333337,0.125,25,40,5
R1_PCA_85__GMM_DIAG__K2,209,1.0,1.0,1.0,5,60,5
R1_PCA_85__GMM_DIAG__K2,210,-0.018382516579872703,0.28356225077536557,0.10810810810810811,28,37,5
R1_PCA_85__GMM_DIAG__K2,211,-0.03802281368821293,0.27083333333333337,0.125,25,40,5
R1_PCA_85__GMM_DIAG__K2,212,-0.09263657957244656,0.35384615384615387,0.0,13,52,4
R1_PCA_85__GMM_DIAG__K2,213,-0.0027548209366391185,0.3214285714285714,0.14285714285714285,30,35,5
R1_PCA_85__GMM_DIAG__K2,214,-0.03802281368821293,0.27083333333333337,0.125,25,40,5
R1_PCA_85__GMM_DIAG__K2,215,-0.01817103018616035,0.30090090090090094,0.13513513513513514,28,37,5
R1_PCA_85__GMM_DIAG__K2,216,-0.043839409321642826,0.27692307692307694,0.0,24,41,5
R1_PCA_85__GMM_DIAG__K2,217,-0.09263657957244656,0.35384615384615387,0.0,13,52,5
R1_PCA_85__GMM_DIAG__K2,218,-0.07351662023936668,0.38461538461538464,0.0,11,54,5
R1_PCA_85__GMM_DIAG__K2,219,-0.09263657957244656,0.35384615384615387,0.0,13,52,4
R1_PCA_85__GMM_DIAG__K2,220,0.05642841336578889,0.38620689655172413,0.1724137931034483,29,36,4
R1_PCA_85__GMM_DIAG__K2,221,0.0006808548022226615,0.31292189006750243,0.11764705882352941,31,34,5
R1_PCA_85__GMM_DIAG__K2,222,-0.07343528607025944,0.4,0.0,9,56,5
R1_PCA_85__GMM_DIAG__K2,223,-0.08432996013492794,0.36923076923076925,0.0,12,53,4
R1_PCA_85__GMM_DIAG__K2,224,-0.08489009526850817,0.3769230769230769,0.0,11,54,5
R1_PCA_85__GMM_DIAG__K2,225,0.007836715597403357,0.32290114257327374,0.12121212121212122,32,33,5
R1_PCA_85__GMM_DIAG__K2,226,-0.08484005563282336,0.38461538461538464,0.0,10,55,5
R1_PCA_85__GMM_DIAG__K2,227,1.0,1.0,1.0,6,59,5
R1_PCA_85__GMM_DIAG__K2,228,-0.08489009526850817,0.3769230769230769,0.0,11,54,5
R1_PCA_85__GMM_DIAG__K2,229,-0.0027548209366391185,0.3214285714285714,0.14285714285714285,30,35,5
R1_PCA_85__GMM_DIAG__K2,230,-0.08489009526850817,0.3769230769230769,0.0,11,54,5
R1_PCA_85__GMM_DIAG__K2,231,-0.08432996013492794,0.36923076923076925,0.0,12,53,4
R1_PCA_85__GMM_DIAG__K2,232,0.46049269140345495,0.65,0.4166666666666667,12,53,5
R1_PCA_85__GMM_DIAG__K2,233,0.5660639777468707,0.7083333333333333,0.5,10,55,5
R1_PCA_85__GMM_DIAG__K2,234,-0.09411018456920958,0.36923076923076925,0.0,11,54,5
R1_PCA_85__GMM_DIAG__K2,235,0.8075703108479594,0.8580508474576272,0.75,8,57,6
R1_PCA_85__GMM_DIAG__K2,236,1.0,1.0,1.0,6,59,5
R1_PCA_85__GMM_DIAG__K2,237,0.015439499385929001,0.33299180327868855,0.125,32,33,5
R1_PCA_85__GMM_DIAG__K2,238,-0.08322663252240717,0.36153846153846153,0.0,13,52,5
R1_PCA_85__GMM_DIAG__K2,239,-0.09376760657848845,0.3769230769230769,0.0,10,55,5
R1_PCA_85__GMM_DIAG__K2,240,-0.09370804618276202,0.36153846153846153,0.0,12,53,4
R1_PCA_85__GMM_DIAG__K2,241,-0.07374631268436578,0.3923076923076923,0.0,10,55,5
R1_PCA_85__GMM_DIAG__K2,242,-0.07958477508650519,0.34615384615384615,0.0,15,50,5
R1_PCA_85__GMM_DIAG__K2,243,-0.06840942216371244,0.35384615384615387,0.0,15,50,5
R1_PCA_85__GMM_DIAG__K2,244,0.7553142225475404,0.8169398907103824,0.6666666666666666,6,59,5
R1_PCA_85__GMM_DIAG__K2,245,-0.08489009526850817,0.3769230769230769,0.0,11,54,5
R1_PCA_85__GMM_DIAG__K2,246,-0.07351662023936668,0.38461538461538464,0.0,11,54,5
R1_PCA_85__GMM_DIAG__K2,247,0.02337228714524207,0.362095531587057,0.18181818181818182,32,33,5
R1_PCA_85__GMM_DIAG__K2,248,-0.07351662023936668,0.38461538461538464,0.0,11,54,5
R1_PCA_85__GMM_DIAG__K2,249,-0.058942360952722296,0.38461538461538464,0.0,12,53,5
R1_PCA_85__GMM_DIAG__K2,250,-0.010695581618352143,0.3111111111111111,0.1388888888888889,29,36,5
R1_PCA_85__GMM_DIAG__K2,251,0.002480568877129155,0.33995157384987895,0.17142857142857143,30,35,5
R1_PCA_85__GMM_DIAG__K2,252,-0.01817103018616035,0.30090090090090094,0.13513513513513514,28,37,5
R1_PCA_85__GMM_DIAG__K2,253,0.8075703108479594,0.8580508474576272,0.75,8,57,5
R1_PCA_85__GMM_DIAG__K2,254,-0.0709991045157989,0.3230769230769231,0.0,18,47,5
R1_PCA_85__GMM_DIAG__K2,255,-0.06383732464219924,0.3384615384615385,0.0,17,48,4
R1_PCA_85__GMM_DIAG__K2,256,-0.01817103018616035,0.30090090090090094,0.13513513513513514,28,37,5
R1_PCA_85__GMM_DIAG__K2,257,-0.059716061856729404,0.3923076923076923,0.0,11,54,5
R1_PCA_85__GMM_DIAG__K2,258,-0.043839409321642826,0.27692307692307694,0.0,24,41,5
R1_PCA_85__GMM_DIAG__K2,259,-0.03984214919936253,0.286864406779661,0.15,25,40,5
R1_PCA_85__GMM_DIAG__K2,260,0.002480568877129155,0.33995157384987895,0.17142857142857143,30,35,5
R1_PCA_85__GMM_DIAG__K2,261,-0.08409250175192712,0.3923076923076923,0.0,9,56,5
R1_PCA_85__GMM_DIAG__K2,262,1.0,1.0,1.0,5,60,5
R1_PCA_85__GMM_DIAG__K2,263,-0.024012196671325117,0.27394305435720445,0.10526315789473684,27,38,5
R1_PCA_85__GMM_DIAG__K2,264,-0.04927739472556581,0.2846153846153846,0.0,23,42,5
R1_PCA_85__GMM_DIAG__K2,265,-0.043839409321642826,0.27692307692307694,0.0,24,41,5
R1_PCA_85__GMM_DIAG__K2,266,-0.08432996013492794,0.36923076923076925,0.0,12,53,4
R1_PCA_85__GMM_DIAG__K2,267,-0.03181595692608909,0.28076923076923077,0.1282051282051282,26,39,5
R1_PCA_85__GMM_DIAG__K2,268,-0.02520443598073261,0.29078947368421054,0.13157894736842105,27,38,5
R1_PCA_85__GMM_DIAG__K2,269,0.49243655456932117,0.6714471968709257,0.46153846153846156,13,52,5
R1_PCA_85__GMM_DIAG__K2,270,-0.010695581618352143,0.3111111111111111,0.1388888888888889,29,36,5
R1_PCA_85__GMM_DIAG__K2,271,0.08158769276726037,0.4092592592592592,0.18518518518518517,27,38,5
R1_PCA_85__GMM_DIAG__K2,272,-0.02520443598073261,0.29078947368421054,0.13157894736842105,27,38,5
R1_PCA_85__GMM_DIAG__K2,273,-0.08489009526850817,0.3769230769230769,0.0,11,54,5
R1_PCA_85__GMM_DIAG__K2,274,-0.08489009526850817,0.3769230769230769,0.0,11,54,5
R1_PCA_85__GMM_DIAG__K2,275,1.0,1.0,1.0,6,59,5
R1_PCA_85__GMM_DIAG__K2,276,0.005677863658009451,0.33186274509803926,0.14705882352941177,31,34,5
R1_PCA_85__GMM_DIAG__K2,277,0.0006808548022226615,0.31292189006750243,0.11764705882352941,31,34,5
R1_PCA_85__GMM_DIAG__K2,278,-0.01817103018616035,0.30090090090090094,0.13513513513513514,28,37,5
R1_PCA_85__GMM_DIAG__K2,279,-0.08489009526850817,0.3769230769230769,0.0,11,54,5
R1_PCA_85__GMM_DIAG__K2,280,0.7021433850702143,0.7875,0.625,8,57,5
R1_PCA_85__GMM_DIAG__K2,281,-0.07281951958906129,0.3769230769230769,0.0,12,53,5
R1_PCA_85__GMM_DIAG__K2,282,-0.07351662023936668,0.38461538461538464,0.0,11,54,5
R1_PCA_85__GMM_DIAG__K2,283,-0.059716061856729404,0.3923076923076923,0.0,11,54,5
R1_PCA_85__GMM_DIAG__K2,284,-0.07001095823694144,0.3,0.0,20,45,5
R1_PCA_85__GMM_DIAG__K2,285,0.7290391985477039,0.807909604519774,0.6666666666666666,9,56,5
R1_PCA_85__GMM_DIAG__K2,286,-0.04335990362727536,0.2923076923076923,0.0,23,42,5
R1_PCA_85__GMM_DIAG__K2,287,-0.03429355281207133,0.27692307692307694,0.0,25,40,5
R1_PCA_85__GMM_DIAG__K2,288,-0.07374631268436578,0.3923076923076923,0.0,10,55,5
R1_PCA_85__GMM_DIAG__K2,289,-0.03240944420002933,0.2972620599739244,0.15384615384615385,26,39,4
R1_PCA_85__GMM_DIAG__K2,290,0.07350434917332507,0.40853302162478083,0.20689655172413793,29,36,5
R1_PCA_85__GMM_DIAG__K2,291,1.0,1.0,1.0,6,59,5
R1_PCA_85__GMM_DIAG__K2,292,-0.010695581618352143,0.3111111111111111,0.1388888888888889,29,36,5
R1_PCA_85__GMM_DIAG__K2,293,-0.08432996013492794,0.36923076923076925,0.0,12,53,5
R1_PCA_85__GMM_DIAG__K2,294,-0.07374631268436578,0.3923076923076923,0.0,10,55,5
R1_PCA_85__GMM_DIAG__K2,295,-0.043839409321642826,0.27692307692307694,0.0,24,41,5
R1_PCA_85__GMM_DIAG__K2,296,-0.024012196671325117,0.27394305435720445,0.10526315789473684,27,38,5
R1_PCA_85__GMM_DIAG__K2,297,-0.08484005563282336,0.38461538461538464,0.0,10,55,5
R1_PCA_85__GMM_DIAG__K2,298,-0.07424877707896575,0.33076923076923076,0.0,17,48,4
R1_PCA_85__GMM_DIAG__K2,299,-0.058112787846616616,0.3230769230769231,0.0,19,46,5
R1_PCA_85__GMM_DIAG__K2,300,-0.09411018456920958,0.36923076923076925,0.0,11,54,5
R1_PCA_85__GMM_DIAG__K2,301,1.0,1.0,1.0,5,60,5
R1_PCA_85__GMM_DIAG__K2,302,0.04692431479356747,0.3849097867687261,0.1935483870967742,31,34,5
R1_PCA_85__GMM_DIAG__K2,303,-0.02779596739527802,0.3153846153846154,0.0,22,43,5
R1_PCA_85__GMM_DIAG__K2,304,-0.057886924841451894,0.3769230769230769,0.0,13,52,5
R1_PCA_85__GMM_DIAG__K2,305,0.5101389110649849,0.6772727272727272,0.45454545454545453,11,54,5
R1_PCA_85__GMM_DIAG__K2,306,-0.02520443598073261,0.29078947368421054,0.13157894736842105,27,38,5
R1_PCA_85__GMM_DIAG__K2,307,-0.08489009526850817,0.3769230769230769,0.0,11,54,5
R1_PCA_85__GMM_DIAG__K2,308,-0.03429355281207133,0.27692307692307694,0.0,25,40,5
R1_PCA_85__GMM_DIAG__K2,309,-0.03897306137562872,0.2846153846153846,0.0,24,41,5
R1_PCA_85__GMM_DIAG__K2,310,-0.058942360952722296,0.38461538461538464,0.0,12,53,5
R1_PCA_85__GMM_DIAG__K2,311,-0.08489009526850817,0.3769230769230769,0.0,11,54,6
R1_PCA_85__GMM_DIAG__K2,312,-0.043839409321642826,0.27692307692307694,0.0,24,41,5
R1_PCA_85__GMM_DIAG__K2,313,1.0,1.0,1.0,5,60,5
R1_PCA_85__GMM_DIAG__K2,314,-0.01817103018616035,0.30090090090090094,0.13513513513513514,28,37,5
R1_PCA_85__GMM_DIAG__K2,315,-0.07171000788022065,0.36923076923076925,0.0,13,52,5
R1_PCA_85__GMM_DIAG__K2,316,-0.04679519624534119,0.27656056221579167,0.14634146341463414,24,41,5
R1_PCA_85__GMM_DIAG__K2,317,-0.07351662023936668,0.38461538461538464,0.0,11,54,5
R1_PCA_85__GMM_DIAG__K2,318,-0.05328102627382047,0.27692307692307694,0.0,23,42,5
R1_PCA_85__GMM_DIAG__K2,319,-0.08489009526850817,0.3769230769230769,0.0,11,54,5
R1_PCA_85__GMM_DIAG__K2,320,1.0,1.0,1.0,6,59,5
R1_PCA_85__GMM_DIAG__K2,321,-0.059716061856729404,0.3923076923076923,0.0,11,54,5
R1_PCA_85__GMM_DIAG__K2,322,-0.07281951958906129,0.3769230769230769,0.0,12,53,5
R1_PCA_85__GMM_DIAG__K2,323,-0.0859352924554959,0.33076923076923076,0.0,16,49,5
R1_PCA_85__GMM_DIAG__K2,324,1.0,1.0,1.0,4,61,5
R1_PCA_85__GMM_DIAG__K2,325,-0.02520443598073261,0.29078947368421054,0.13157894736842105,27,38,5
R1_PCA_85__GMM_DIAG__K2,326,-0.07248482332797178,0.4076923076923077,0.0,8,57,5
R1_PCA_85__GMM_DIAG__K2,327,-0.043839409321642826,0.27692307692307694,0.0,24,41,5
R1_PCA_85__GMM_DIAG__K2,328,1.0,1.0,1.0,6,59,5
R1_PCA_85__GMM_DIAG__K2,329,0.7290391985477039,0.807909604519774,0.6666666666666666,9,56,5
R1_PCA_85__GMM_DIAG__K2,330,-0.016039211905944817,0.3183692166743014,0.16216216216216217,28,37,5
R1_PCA_85__GMM_DIAG__K2,331,0.8840337305735592,0.9083333333333333,0.8333333333333334,6,59,5
R1_PCA_85__GMM_DIAG__K2,332,-0.05657896702672822,0.36923076923076925,0.0,14,51,5
R1_PCA_85__GMM_DIAG__K2,333,1.0,1.0,1.0,6,59,5
R1_PCA_85__GMM_DIAG__K2,334,-0.09376760657848845,0.3769230769230769,0.0,10,55,5
R1_PCA_85__GMM_DIAG__K2,335,-0.09411018456920958,0.36923076923076925,0.0,11,54,5
R1_PCA_85__GMM_DIAG__K2,336,1.0,1.0,1.0,6,59,5
R1_PCA_85__GMM_DIAG__K2,337,-0.08489009526850817,0.3769230769230769,0.0,11,54,5
R1_PCA_85__GMM_DIAG__K2,338,0.5660639777468707,0.7083333333333333,0.5,10,55,5
R1_PCA_85__GMM_DIAG__K2,339,-0.01817103018616035,0.30090090090090094,0.13513513513513514,28,37,5
R1_PCA_85__GMM_DIAG__K2,340,-0.07711621233859398,0.3384615384615385,0.0,16,49,5
R1_PCA_85__GMM_DIAG__K2,341,-0.07374631268436578,0.3923076923076923,0.0,10,55,5
R1_PCA_85__GMM_DIAG__K2,342,0.7290391985477039,0.807909604519774,0.6666666666666666,9,56,5
R1_PCA_85__GMM_DIAG__K2,343,-0.09043490519489673,0.3923076923076923,0.0,8,57,5
R1_PCA_85__GMM_DIAG__K2,344,-0.02520443598073261,0.29078947368421054,0.13157894736842105,27,38,5
R1_PCA_85__GMM_DIAG__K2,345,0.05980927181522518,0.3966101694915254,0.2,30,35,4
R1_PCA_85__GMM_DIAG__K2,346,-0.010695581618352143,0.3111111111111111,0.1388888888888889,29,36,5
R1_PCA_85__GMM_DIAG__K2,347,-0.09370804618276202,0.36153846153846153,0.0,12,53,5
R1_PCA_85__GMM_DIAG__K2,348,-0.04370877646984568,0.4076923076923077,0.0,10,55,5
R1_PCA_85__GMM_DIAG__K2,349,-0.0662729658792651,0.34615384615384615,0.0,16,49,5
R1_PCA_85__GMM_DIAG__K2,350,1.0,1.0,1.0,4,61,5
R1_PCA_85__GMM_DIAG__K2,351,-0.07351662023936668,0.38461538461538464,0.0,11,54,5
R1_PCA_85__GMM_DIAG__K2,352,-0.08432996013492794,0.36923076923076925,0.0,12,53,5
R1_PCA_85__GMM_DIAG__K2,353,-0.04927739472556581,0.2846153846153846,0.0,23,42,5
R1_PCA_85__GMM_DIAG__K2,354,-0.043839409321642826,0.27692307692307694,0.0,24,41,5
R1_PCA_85__GMM_DIAG__K2,355,1.0,1.0,1.0,5,60,5
R1_PCA_85__GMM_DIAG__K2,356,-0.08322663252240717,0.36153846153846153,0.0,13,52,5
R1_PCA_85__GMM_DIAG__K2,357,-0.02864125868784847,0.2846153846153846,0.0,25,40,5
R1_PCA_85__GMM_DIAG__K2,358,1.0,1.0,1.0,6,59,5
R1_PCA_85__GMM_DIAG__K2,359,-0.058942360952722296,0.38461538461538464,0.0,12,53,5
R1_PCA_85__GMM_DIAG__K2,360,-0.043839409321642826,0.27692307692307694,0.0,24,41,5
R1_PCA_85__GMM_DIAG__K2,361,-0.07351662023936668,0.38461538461538464,0.0,11,54,5
R1_PCA_85__GMM_DIAG__K2,362,-0.09376760657848845,0.3769230769230769,0.0,10,55,5
R1_PCA_85__GMM_DIAG__K2,363,-0.010695581618352143,0.3111111111111111,0.1388888888888889,29,36,5
R1_PCA_85__GMM_DIAG__K2,364,0.8075703108479594,0.8580508474576272,0.75,8,57,5
R1_PCA_85__GMM_DIAG__K2,365,-0.08163168166024085,0.35384615384615387,0.0,14,51,5
R1_PCA_85__GMM_DIAG__K2,366,-0.08484005563282336,0.38461538461538464,0.0,10,55,5
R1_PCA_85__GMM_DIAG__K2,367,-0.09370804618276202,0.36153846153846153,0.0,12,53,5
R1_PCA_85__GMM_DIAG__K2,368,1.0,1.0,1.0,5,60,4
R1_PCA_85__GMM_DIAG__K2,369,-0.02520443598073261,0.29078947368421054,0.13157894736842105,27,38,5
R1_PCA_85__GMM_DIAG__K2,370,-0.04679519624534119,0.27656056221579167,0.14634146341463414,24,41,5
R1_PCA_85__GMM_DIAG__K2,371,0.02337228714524207,0.362095531587057,0.18181818181818182,32,33,5
R1_PCA_85__GMM_DIAG__K2,372,-0.043839409321642826,0.27692307692307694,0.0,24,41,5
R1_PCA_85__GMM_DIAG__K2,373,-0.059716061856729404,0.3923076923076923,0.0,11,54,5
R1_PCA_85__GMM_DIAG__K2,374,-0.007060490028994489,0.3290960451977401,0.16666666666666666,29,36,5
R1_PCA_85__GMM_DIAG__K2,375,0.8075703108479594,0.8580508474576272,0.75,8,57,5
R1_PCA_85__GMM_DIAG__K2,376,0.05980927181522518,0.3966101694915254,0.2,30,35,5
R1_PCA_85__GMM_DIAG__K2,377,-0.08432996013492794,0.36923076923076925,0.0,12,53,5
R1_PCA_85__GMM_DIAG__K2,378,-0.043839409321642826,0.27692307692307694,0.0,24,41,5
R1_PCA_85__GMM_DIAG__K2,379,-0.07374631268436578,0.3923076923076923,0.0,10,55,5
R1_PCA_85__GMM_DIAG__K2,380,1.0,1.0,1.0,5,60,5
R1_PCA_85__GMM_DIAG__K2,381,1.0,1.0,1.0,6,59,5
R1_PCA_85__GMM_DIAG__K2,382,-0.06383732464219924,0.3384615384615385,0.0,17,48,5
R1_PCA_85__GMM_DIAG__K2,383,-0.0248858783684288,0.27692307692307694,0.0,26,39,5
R1_PCA_85__GMM_DIAG__K2,384,-0.024012196671325117,0.27394305435720445,0.10526315789473684,27,38,5
R1_PCA_85__GMM_DIAG__K2,385,-0.016672478908980284,0.26634699215344376,0.08108108108108109,28,37,5
R1_PCA_85__GMM_DIAG__K2,386,-0.04927739472556581,0.2846153846153846,0.0,23,42,5
R1_PCA_85__GMM_DIAG__K2,387,-0.08432996013492794,0.36923076923076925,0.0,12,53,5
R1_PCA_85__GMM_DIAG__K2,388,-0.05328537525956689,0.35384615384615387,0.0,16,49,5
R1_PCA_85__GMM_DIAG__K2,389,-0.07281951958906129,0.3769230769230769,0.0,12,53,5
R1_PCA_85__GMM_DIAG__K2,390,-0.07890641802563161,0.3153846153846154,0.0,18,47,4
R1_PCA_85__GMM_DIAG__K2,391,-0.08163168166024085,0.35384615384615387,0.0,14,51,5
R1_PCA_85__GMM_DIAG__K2,392,0.04499540863177227,0.375,0.16666666666666666,30,35,5
R1_PCA_85__GMM_DIAG__K2,393,-0.08484005563282336,0.38461538461538464,0.0,10,55,5
R1_PCA_85__GMM_DIAG__K2,394,-0.03802281368821293,0.27083333333333337,0.125,25,40,5
R1_PCA_85__GMM_DIAG__K2,395,-0.09370804618276202,0.36153846153846153,0.0,12,53,4
R1_PCA_85__GMM_DIAG__K2,396,-0.012404312747975633,0.2932604735883424,0.1111111111111111,29,36,5
R1_PCA_85__GMM_DIAG__K2,397,-0.08489009526850817,0.3769230769230769,0.0,11,54,5
R1_PCA_85__GMM_DIAG__K2,398,1.0,1.0,1.0,6,59,5
R1_PCA_85__GMM_DIAG__K2,399,-0.08432996013492794,0.36923076923076925,0.0,12,53,5
R1_PCA_85__GMM_DIAG__K2,400,-0.08432996013492794,0.36923076923076925,0.0,12,53,5
R1_PCA_85__GMM_DIAG__K2,401,1.0,1.0,1.0,6,59,5
R1_PCA_85__GMM_DIAG__K2,402,-0.09258387682377463,0.38461538461538464,0.0,9,56,4
R1_PCA_85__GMM_DIAG__K2,403,-0.04679519624534119,0.27656056221579167,0.14634146341463414,24,41,5
R1_PCA_85__GMM_DIAG__K2,404,-0.006057491097323691,0.30304449648711945,0.11428571428571428,30,35,5
R1_PCA_85__GMM_DIAG__K2,405,-0.09411018456920958,0.36923076923076925,0.0,11,54,5
R1_PCA_85__GMM_DIAG__K2,406,1.0,1.0,1.0,6,59,5
R1_PCA_85__GMM_DIAG__K2,407,-0.07171000788022065,0.36923076923076925,0.0,13,52,5
R1_PCA_85__GMM_DIAG__K2,408,-0.018382516579872703,0.28356225077536557,0.10810810810810811,28,37,5
R1_PCA_85__GMM_DIAG__K2,409,1.0,1.0,1.0,6,59,5
R1_PCA_85__GMM_DIAG__K2,410,0.04692431479356747,0.3849097867687261,0.1935483870967742,31,34,5
R1_PCA_85__GMM_DIAG__K2,411,-0.04152201083182891,0.38461538461538464,0.0,13,52,6
R1_PCA_85__GMM_DIAG__K2,412,-0.07374631268436578,0.3923076923076923,0.0,10,55,4
R1_PCA_85__GMM_DIAG__K2,413,0.5660639777468707,0.7083333333333333,0.5,10,55,5
R1_PCA_85__GMM_DIAG__K2,414,-0.0027548209366391185,0.3214285714285714,0.14285714285714285,30,35,5
R1_PCA_85__GMM_DIAG__K2,415,-0.08432996013492794,0.36923076923076925,0.0,12,53,5
R1_PCA_85__GMM_DIAG__K2,416,-0.08484005563282336,0.38461538461538464,0.0,10,55,5
R1_PCA_85__GMM_DIAG__K2,417,0.2505223657839751,0.5305555555555556,0.2777777777777778,18,47,5
R1_PCA_85__GMM_DIAG__K2,418,-0.08432996013492794,0.36923076923076925,0.0,12,53,5
R1_PCA_85__GMM_DIAG__K2,419,-0.03240944420002933,0.2972620599739244,0.15384615384615385,26,39,5
R1_PCA_85__GMM_DIAG__K2,420,0.0006808548022226615,0.31292189006750243,0.11764705882352941,31,34,5
R1_PCA_85__GMM_DIAG__K2,421,0.05642841336578889,0.38620689655172413,0.1724137931034483,29,36,4
R1_PCA_85__GMM_DIAG__K2,422,0.897073650483395,0.9200968523002422,0.8571428571428571,7,58,4
R1_PCA_85__GMM_DIAG__K2,423,0.8075703108479594,0.8580508474576272,0.75,8,57,5
R1_PCA_85__GMM_DIAG__K2,424,0.008677359978963977,0.3130040322580645,0.09375,32,33,5
R1_PCA_85__GMM_DIAG__K2,425,-0.08432996013492794,0.36923076923076925,0.0,12,53,5
R1_PCA_85__GMM_DIAG__K2,426,-0.08484005563282336,0.38461538461538464,0.0,10,55,5
R1_PCA_85__GMM_DIAG__K2,427,0.051052655005118616,0.37470725995316156,0.14285714285714285,28,37,5
R1_PCA_85__GMM_DIAG__K2,428,-0.023431313178366796,0.3,0.0,24,41,6
R1_PCA_85__GMM_DIAG__K2,429,-0.024012196671325117,0.27394305435720445,0.10526315789473684,27,38,5
R1_PCA_85__GMM_DIAG__K2,430,-0.08870912922303038,0.3384615384615385,0.0,15,50,5
R1_PCA_85__GMM_DIAG__K2,431,-0.05132628854863058,0.34615384615384615,0.0,17,48,5
R1_PCA_85__GMM_DIAG__K2,432,1.0,1.0,1.0,6,59,5
R1_PCA_85__GMM_DIAG__K2,433,1.0,1.0,1.0,4,61,5
R1_PCA_85__GMM_DIAG__K2,434,-0.08409250175192712,0.3923076923076923,0.0,9,56,5
R1_PCA_85__GMM_DIAG__K2,435,-0.08409250175192712,0.3923076923076923,0.0,9,56,5
R1_PCA_85__GMM_DIAG__K2,436,-0.06840942216371244,0.35384615384615387,0.0,15,50,5
R1_PCA_85__GMM_DIAG__K2,437,-0.08489009526850817,0.3769230769230769,0.0,11,54,5
R1_PCA_85__GMM_DIAG__K2,438,-0.010695581618352143,0.3111111111111111,0.1388888888888889,29,36,5
R1_PCA_85__GMM_DIAG__K2,439,-0.07351662023936668,0.38461538461538464,0.0,11,54,5
R1_PCA_85__GMM_DIAG__K2,440,-0.04927739472556581,0.2846153846153846,0.0,23,42,5
R1_PCA_85__GMM_DIAG__K2,441,-0.024481434632218777,0.3077609277430865,0.15789473684210525,27,38,5
R1_PCA_85__GMM_DIAG__K2,442,-0.05930886939149517,0.2846153846153846,0.0,22,43,5
R1_PCA_85__GMM_DIAG__K2,443,-0.08870912922303038,0.3384615384615385,0.0,15,50,5
R1_PCA_85__GMM_DIAG__K2,444,0.024143985952589993,0.353125,0.15625,32,33,5
R1_PCA_85__GMM_DIAG__K2,445,0.7860361831363072,0.8404761904761905,0.7142857142857143,7,58,5
R1_PCA_85__GMM_DIAG__K2,446,1.0,1.0,1.0,6,59,5
R1_PCA_85__GMM_DIAG__K2,447,-0.0248858783684288,0.27692307692307694,0.0,26,39,5
R1_PCA_85__GMM_DIAG__K2,448,0.6595927346873072,0.7661016949152541,0.6,10,55,5
R1_PCA_85__GMM_DIAG__K2,449,-0.07351662023936668,0.38461538461538464,0.0,11,54,5
R1_PCA_85__GMM_DIAG__K2,450,1.0,1.0,1.0,6,59,5
R1_PCA_85__GMM_DIAG__K2,451,-0.0027548209366391185,0.3214285714285714,0.14285714285714285,30,35,5
R1_PCA_85__GMM_DIAG__K2,452,-0.0662729658792651,0.34615384615384615,0.0,16,49,5
R1_PCA_85__GMM_DIAG__K2,453,-0.08432996013492794,0.36923076923076925,0.0,12,53,5
R1_PCA_85__GMM_DIAG__K2,454,1.0,1.0,1.0,5,60,5
R1_PCA_85__GMM_DIAG__K2,455,1.0,1.0,1.0,5,60,5
R1_PCA_85__GMM_DIAG__K2,456,1.0,1.0,1.0,6,59,5
R1_PCA_85__GMM_DIAG__K2,457,-0.055039930930282754,0.36153846153846153,0.0,15,50,5
R1_PCA_85__GMM_DIAG__K2,458,-0.08409250175192712,0.3923076923076923,0.0,9,56,5
R1_PCA_85__GMM_DIAG__K2,459,-0.09411018456920958,0.36923076923076925,0.0,11,54,5
R1_PCA_85__GMM_DIAG__K2,460,-0.043839409321642826,0.27692307692307694,0.0,24,41,5
R1_PCA_85__GMM_DIAG__K2,461,-0.01817103018616035,0.30090090090090094,0.13513513513513514,28,37,5
R1_PCA_85__GMM_DIAG__K2,462,1.0,1.0,1.0,5,60,5
R1_PCA_85__GMM_DIAG__K2,463,-0.08266087316366647,0.3230769230769231,0.0,17,48,5
R1_PCA_85__GMM_DIAG__K2,464,-0.08484005563282336,0.38461538461538464,0.0,10,55,5
R1_PCA_85__GMM_DIAG__K2,465,0.03425033884025056,0.3639784946236559,0.16129032258064516,31,34,5
R1_PCA_85__GMM_DIAG__K2,466,1.0,1.0,1.0,5,60,5
R1_PCA_85__GMM_DIAG__K2,467,1.0,1.0,1.0,5,60,5
R1_PCA_85__GMM_DIAG__K2,468,-0.016039211905944817,0.3183692166743014,0.16216216216216217,28,37,5
R1_PCA_85__GMM_DIAG__K2,469,0.7021433850702143,0.7875,0.625,8,57,5
R1_PCA_85__GMM_DIAG__K2,470,-0.02520443598073261,0.29078947368421054,0.13157894736842105,27,38,5
R1_PCA_85__GMM_DIAG__K2,471,-0.058942360952722296,0.38461538461538464,0.0,12,53,5
R1_PCA_85__GMM_DIAG__K2,472,-0.05328537525956689,0.35384615384615387,0.0,16,49,5
R1_PCA_85__GMM_DIAG__K2,473,-0.024481434632218777,0.3077609277430865,0.15789473684210525,27,38,5
R1_PCA_85__GMM_DIAG__K2,474,-0.029310851877266935,0.2692307692307692,0.0,26,39,5
R1_PCA_85__GMM_DIAG__K2,475,-0.06840942216371244,0.35384615384615387,0.0,15,50,5
R1_PCA_85__GMM_DIAG__K2,476,-0.09411018456920958,0.36923076923076925,0.0,11,54,5
R1_PCA_85__GMM_DIAG__K2,477,-0.07374631268436578,0.3923076923076923,0.0,10,55,5
R1_PCA_85__GMM_DIAG__K2,478,-0.08489009526850817,0.3769230769230769,0.0,11,54,5
R1_PCA_85__GMM_DIAG__K2,479,-0.04315415249660215,0.4,0.0,11,54,5
R1_PCA_85__GMM_DIAG__K2,480,1.0,1.0,1.0,6,59,5
R1_PCA_85__GMM_DIAG__K2,481,-0.012404312747975633,0.2932604735883424,0.1111111111111111,29,36,5
R1_PCA_85__GMM_DIAG__K2,482,-0.038017215342796735,0.36153846153846153,0.0,16,49,5
R1_PCA_85__GMM_DIAG__K2,483,-0.08489009526850817,0.3769230769230769,0.0,11,54,5
R1_PCA_85__GMM_DIAG__K2,484,-0.06383732464219924,0.3384615384615385,0.0,17,48,5
R1_PCA_85__GMM_DIAG__K2,485,0.03479483349442052,0.3734110169491525,0.1875,32,33,5
R1_PCA_85__GMM_DIAG__K2,486,1.0,1.0,1.0,6,59,5
R1_PCA_85__GMM_DIAG__K2,487,-0.04679519624534119,0.27656056221579167,0.14634146341463414,24,41,5
R1_PCA_85__GMM_DIAG__K2,488,0.005677863658009451,0.33186274509803926,0.14705882352941177,31,34,5
R1_PCA_85__GMM_DIAG__K2,489,0.897073650483395,0.9200968523002422,0.8571428571428571,7,58,4
R1_PCA_85__GMM_DIAG__K2,490,-0.08322663252240717,0.36153846153846153,0.0,13,52,5
R1_PCA_85__GMM_DIAG__K2,491,-0.018382516579872703,0.28356225077536557,0.10810810810810811,28,37,5
R1_PCA_85__GMM_DIAG__K2,492,-0.07281951958906129,0.3769230769230769,0.0,12,53,5
R1_PCA_85__GMM_DIAG__K2,493,-0.03802281368821293,0.27083333333333337,0.125,25,40,5
R1_PCA_85__GMM_DIAG__K2,494,-0.01817103018616035,0.30090090090090094,0.13513513513513514,28,37,5
R1_PCA_85__GMM_DIAG__K2,495,1.0,1.0,1.0,6,59,5
R1_PCA_85__GMM_DIAG__K2,496,1.0,1.0,1.0,6,59,5
R1_PCA_85__GMM_DIAG__K2,497,0.49243655456932117,0.6714471968709257,0.46153846153846156,13,52,5
R1_PCA_85__GMM_DIAG__K2,498,-0.01817103018616035,0.30090090090090094,0.13513513513513514,28,37,5
R1_PCA_85__GMM_DIAG__K2,499,-0.08432996013492794,0.36923076923076925,0.0,12,53,5
R1_PCA_85__GMM_DIAG__K2,500,-0.08484005563282336,0.38461538461538464,0.0,10,55,5
R1_PCA_85__GMM_DIAG__K2,501,-0.08322663252240717,0.36153846153846153,0.0,13,52,5
R1_PCA_85__GMM_DIAG__K2,502,-0.055039930930282754,0.36153846153846153,0.0,15,50,5
R1_PCA_85__GMM_DIAG__K2,503,-0.043839409321642826,0.27692307692307694,0.0,24,41,5
R1_PCA_85__GMM_DIAG__K2,504,-0.05132628854863058,0.34615384615384615,0.0,17,48,5
R1_PCA_85__GMM_DIAG__K2,505,-0.08432996013492794,0.36923076923076925,0.0,12,53,5
R1_PCA_85__GMM_DIAG__K2,506,-0.08322663252240717,0.36153846153846153,0.0,13,52,5
R1_PCA_85__GMM_DIAG__K2,507,-0.08432996013492794,0.36923076923076925,0.0,12,53,5
R1_PCA_85__GMM_DIAG__K2,508,0.03212305884944381,0.353551912568306,0.13333333333333333,30,35,5
R1_PCA_85__GMM_DIAG__K2,509,-0.07374631268436578,0.3923076923076923,0.0,10,55,5
R1_PCA_85__GMM_DIAG__K2,510,-0.03181595692608909,0.28076923076923077,0.1282051282051282,26,39,5
R1_PCA_85__GMM_DIAG__K2,511,-0.07171000788022065,0.36923076923076925,0.0,13,52,5
R1_PCA_85__GMM_DIAG__K2,512,-0.08432996013492794,0.36923076923076925,0.0,12,53,5
R1_PCA_85__GMM_DIAG__K2,513,-0.03240944420002933,0.2972620599739244,0.15384615384615385,26,39,5
R1_PCA_85__GMM_DIAG__K2,514,-0.07171000788022065,0.36923076923076925,0.0,13,52,5
R1_PCA_85__GMM_DIAG__K2,515,-0.05930886939149517,0.2846153846153846,0.0,22,43,5
R1_PCA_85__GMM_DIAG__K2,516,0.024143985952589993,0.353125,0.15625,32,33,5
R1_PCA_85__GMM_DIAG__K2,517,-0.09370804618276202,0.36153846153846153,0.0,12,53,4
R1_PCA_85__GMM_DIAG__K2,518,1.0,1.0,1.0,6,59,5
R1_PCA_85__GMM_DIAG__K2,519,-0.08489009526850817,0.3769230769230769,0.0,11,54,5
R1_PCA_85__GMM_DIAG__K2,520,0.40615865678743795,0.623728813559322,0.4,15,50,5
R1_PCA_85__GMM_DIAG__K2,521,-0.07374631268436578,0.3923076923076923,0.0,10,55,5
R1_PCA_85__GMM_DIAG__K2,522,-0.04746239481274881,0.3,0.0,22,43,5
R1_PCA_85__GMM_DIAG__K2,523,-0.0027548209366391185,0.3214285714285714,0.14285714285714285,30,35,5
R1_PCA_85__GMM_DIAG__K2,524,1.0,1.0,1.0,6,59,5
R1_PCA_85__GMM_DIAG__K2,525,0.04499540863177227,0.375,0.16666666666666666,30,35,5
R1_PCA_85__GMM_DIAG__K2,526,-0.05434567803644125,0.2923076923076923,0.0,22,43,5
R1_PCA_85__GMM_DIAG__K2,527,-0.0027548209366391185,0.3214285714285714,0.14285714285714285,30,35,5
R1_PCA_85__GMM_DIAG__K2,528,1.0,1.0,1.0,6,59,4
R1_PCA_85__GMM_DIAG__K2,529,-0.07424877707896575,0.33076923076923076,0.0,17,48,5
R1_PCA_85__GMM_DIAG__K2,530,-0.07351662023936668,0.38461538461538464,0.0,11,54,5
R1_PCA_85__GMM_DIAG__K2,531,-0.007060490028994489,0.3290960451977401,0.16666666666666666,29,36,5
R1_PCA_85__GMM_DIAG__K2,532,-0.09376760657848845,0.3769230769230769,0.0,10,55,5
R1_PCA_85__GMM_DIAG__K2,533,-0.03181595692608909,0.28076923076923077,0.1282051282051282,26,39,5
R1_PCA_85__GMM_DIAG__K2,534,0.014632718759145449,0.3424242424242424,0.15151515151515152,32,33,5
R1_PCA_85__GMM_DIAG__K2,535,-0.06024467184734939,0.4076923076923077,0.0,9,56,5
R1_PCA_85__GMM_DIAG__K2,536,-0.08489009526850817,0.3769230769230769,0.0,11,54,5
R1_PCA_85__GMM_DIAG__K2,537,-0.08000783750244922,0.4076923076923077,0.0,7,58,5
R1_PCA_85__GMM_DIAG__K2,538,-0.08484005563282336,0.38461538461538464,0.0,10,55,5
R1_PCA_85__GMM_DIAG__K2,539,-0.07281951958906129,0.3769230769230769,0.0,12,53,5
R1_PCA_85__GMM_DIAG__K2,540,1.0,1.0,1.0,6,59,5
R1_PCA_85__GMM_DIAG__K2,541,-0.06840942216371244,0.35384615384615387,0.0,15,50,5
R1_PCA_85__GMM_DIAG__K2,542,-0.006057491097323691,0.30304449648711945,0.11428571428571428,30,35,5
R1_PCA_85__GMM_DIAG__K2,543,-0.07958477508650519,0.34615384615384615,0.0,15,50,5
R1_PCA_85__GMM_DIAG__K2,544,0.6295258117262322,0.7444444444444445,0.5555555555555556,9,56,5
R1_PCA_85__GMM_DIAG__K2,545,0.007836715597403357,0.32290114257327374,0.12121212121212122,32,33,5
R1_PCA_85__GMM_DIAG__K2,546,-0.06016829025545134,0.4,0.0,10,55,5
R1_PCA_85__GMM_DIAG__K2,547,0.0006808548022226615,0.31292189006750243,0.11764705882352941,31,34,5
R1_PCA_85__GMM_DIAG__K2,548,-0.09263657957244656,0.35384615384615387,0.0,13,52,4
R1_PCA_85__GMM_DIAG__K2,549,-0.02520443598073261,0.29078947368421054,0.13157894736842105,27,38,5
R1_PCA_85__GMM_DIAG__K2,550,0.49243655456932117,0.6714471968709257,0.46153846153846156,13,52,6
R1_PCA_85__GMM_DIAG__K2,551,0.015439499385929001,0.33299180327868855,0.125,32,33,5
R1_PCA_85__GMM_DIAG__K2,552,-0.07281951958906129,0.3769230769230769,0.0,12,53,5
R1_PCA_85__GMM_DIAG__K2,553,-0.07424877707896575,0.33076923076923076,0.0,17,48,5
R1_PCA_85__GMM_DIAG__K2,554,-0.06339468302658487,0.3076923076923077,0.0,20,45,5
R1_PCA_85__GMM_DIAG__K2,555,-0.04241770829823793,0.3923076923076923,0.0,12,53,5
R1_PCA_85__GMM_DIAG__K2,556,-0.06488467342099591,0.2923076923076923,0.0,21,44,5
R1_PCA_85__GMM_DIAG__K2,557,0.015439499385929001,0.33299180327868855,0.125,32,33,5
R1_PCA_85__GMM_DIAG__K2,558,-0.08432996013492794,0.36923076923076925,0.0,12,53,4
R1_PCA_85__GMM_DIAG__K2,559,-0.02520443598073261,0.29078947368421054,0.13157894736842105,27,38,5
R1_PCA_85__GMM_DIAG__K2,560,-0.024012196671325117,0.27394305435720445,0.10526315789473684,27,38,5
R1_PCA_85__GMM_DIAG__K2,561,1.0,1.0,1.0,6,59,5
R1_PCA_85__GMM_DIAG__K2,562,1.0,1.0,1.0,5,60,5
R1_PCA_85__GMM_DIAG__K2,563,1.0,1.0,1.0,5,60,5
R1_PCA_85__GMM_DIAG__K2,564,-0.057886924841451894,0.3769230769230769,0.0,13,52,5
R1_PCA_85__GMM_DIAG__K2,565,1.0,1.0,1.0,6,59,4
R1_PCA_85__GMM_DIAG__K2,566,0.07263993726105283,0.39659520807061793,0.15384615384615385,26,39,5
R1_PCA_85__GMM_DIAG__K2,567,-0.08484005563282336,0.38461538461538464,0.0,10,55,5
R1_PCA_85__GMM_DIAG__K2,568,-0.09411018456920958,0.36923076923076925,0.0,11,54,5
R1_PCA_85__GMM_DIAG__K2,569,-0.08484005563282336,0.38461538461538464,0.0,10,55,5
R1_PCA_85__GMM_DIAG__K2,570,-0.07001095823694144,0.3,0.0,20,45,5
R1_PCA_85__GMM_DIAG__K2,571,-0.07374631268436578,0.3923076923076923,0.0,10,55,5
R1_PCA_85__GMM_DIAG__K2,572,-0.06383732464219924,0.3384615384615385,0.0,17,48,4
R1_PCA_85__GMM_DIAG__K2,573,-0.07351662023936668,0.38461538461538464,0.0,11,54,5
R1_PCA_85__GMM_DIAG__K2,574,-0.09411018456920958,0.36923076923076925,0.0,11,54,5
R1_PCA_85__GMM_DIAG__K2,575,-0.07351662023936668,0.38461538461538464,0.0,11,54,5
R1_PCA_85__GMM_DIAG__K2,576,0.7021433850702143,0.7875,0.625,8,57,5
R1_PCA_85__GMM_DIAG__K2,577,0.7021433850702143,0.7875,0.625,8,57,4
R1_PCA_85__GMM_DIAG__K2,578,1.0,1.0,1.0,6,59,5
R1_PCA_85__GMM_DIAG__K2,579,1.0,1.0,1.0,6,59,5
R1_PCA_85__GMM_DIAG__K2,580,0.03425033884025056,0.3639784946236559,0.16129032258064516,31,34,5
R1_PCA_85__GMM_DIAG__K2,581,-0.07281951958906129,0.3769230769230769,0.0,12,53,5
R1_PCA_85__GMM_DIAG__K2,582,-0.09263657957244656,0.35384615384615387,0.0,13,52,5
R1_PCA_85__GMM_DIAG__K2,583,-0.03429355281207133,0.27692307692307694,0.0,25,40,5
R1_PCA_85__GMM_DIAG__K2,584,-0.08432996013492794,0.36923076923076925,0.0,12,53,5
R1_PCA_85__GMM_DIAG__K2,585,-0.07374631268436578,0.3923076923076923,0.0,10,55,5
R1_PCA_85__GMM_DIAG__K2,586,1.0,1.0,1.0,6,59,5
R1_PCA_85__GMM_DIAG__K2,587,-0.09370804618276202,0.36153846153846153,0.0,12,53,5
R1_PCA_85__GMM_DIAG__K2,588,1.0,1.0,1.0,6,59,5
R1_PCA_85__GMM_DIAG__K2,589,0.007836715597403357,0.32290114257327374,0.12121212121212122,32,33,5
R1_PCA_85__GMM_DIAG__K2,590,-0.08432996013492794,0.36923076923076925,0.0,12,53,5
R1_PCA_85__GMM_DIAG__K2,591,0.0412837947462352,0.3640474844544941,0.13793103448275862,29,36,5
R1_PCA_85__GMM_DIAG__K2,592,0.5660639777468707,0.7083333333333333,0.5,10,55,5
R1_PCA_85__GMM_DIAG__K2,593,-0.09043490519489673,0.3923076923076923,0.0,8,57,5
R1_PCA_85__GMM_DIAG__K2,594,-0.03802281368821293,0.27083333333333337,0.125,25,40,5
R1_PCA_85__GMM_DIAG__K2,595,-0.061114610386808974,0.33076923076923076,0.0,18,47,5
R1_PCA_85__GMM_DIAG__K2,596,-0.0709991045157989,0.3230769230769231,0.0,18,47,5
R1_PCA_85__GMM_DIAG__K2,597,-0.049170018473148426,0.3384615384615385,0.0,18,47,5
R1_PCA_85__GMM_DIAG__K2,598,0.03479483349442052,0.3734110169491525,0.1875,32,33,5
R1_PCA_85__GMM_DIAG__K2,599,-0.08489009526850817,0.3769230769230769,0.0,11,54,5
R1_PCA_85__GMM_DIAG__K2,600,-0.08322663252240717,0.36153846153846153,0.0,13,52,5
R1_PCA_85__GMM_DIAG__K2,601,-0.010695581618352143,0.3111111111111111,0.1388888888888889,29,36,5
R1_PCA_85__GMM_DIAG__K2,602,-0.07351662023936668,0.38461538461538464,0.0,11,54,5
R1_PCA_85__GMM_DIAG__K2,603,-0.07281951958906129,0.3769230769230769,0.0,12,53,5
R1_PCA_85__GMM_DIAG__K2,604,-0.058942360952722296,0.38461538461538464,0.0,12,53,5
R1_PCA_85__GMM_DIAG__K2,605,-0.08484005563282336,0.38461538461538464,0.0,10,55,5
R1_PCA_85__GMM_DIAG__K2,606,-0.059716061856729404,0.3923076923076923,0.0,11,54,5
R1_PCA_85__GMM_DIAG__K2,607,0.051052655005118616,0.37470725995316156,0.14285714285714285,28,37,5
R1_PCA_85__GMM_DIAG__K2,608,-0.010695581618352143,0.3111111111111111,0.1388888888888889,29,36,5
R1_PCA_85__GMM_DIAG__K2,609,1.0,1.0,1.0,6,59,5
R1_PCA_85__GMM_DIAG__K2,610,-0.057886924841451894,0.3769230769230769,0.0,13,52,5
R1_PCA_85__GMM_DIAG__K2,611,-0.07351662023936668,0.38461538461538464,0.0,11,54,5
R1_PCA_85__GMM_DIAG__K2,612,-0.08484005563282336,0.38461538461538464,0.0,10,55,5
R1_PCA_85__GMM_DIAG__K2,613,-0.03181595692608909,0.28076923076923077,0.1282051282051282,26,39,5
R1_PCA_85__GMM_DIAG__K2,614,-0.08432996013492794,0.36923076923076925,0.0,12,53,5
R1_PCA_85__GMM_DIAG__K2,615,-0.016039211905944817,0.3183692166743014,0.16216216216216217,28,37,5
R1_PCA_85__GMM_DIAG__K2,616,0.8075703108479594,0.8580508474576272,0.75,8,57,5
R1_PCA_85__GMM_DIAG__K2,617,-0.04927739472556581,0.2846153846153846,0.0,23,42,5
R1_PCA_85__GMM_DIAG__K2,618,-0.02520443598073261,0.29078947368421054,0.13157894736842105,27,38,5
R1_PCA_85__GMM_DIAG__K2,619,-0.024012196671325117,0.27394305435720445,0.10526315789473684,27,38,5
R1_PCA_85__GMM_DIAG__K2,620,-0.03429355281207133,0.27692307692307694,0.0,25,40,5
R1_PCA_85__GMM_DIAG__K2,621,-0.03897306137562872,0.2846153846153846,0.0,24,41,5
R1_PCA_85__GMM_DIAG__K2,622,-0.03240944420002933,0.2972620599739244,0.15384615384615385,26,39,5
R1_PCA_85__GMM_DIAG__K2,623,0.005677863658009451,0.33186274509803926,0.14705882352941177,31,34,5
R1_PCA_85__GMM_DIAG__K2,624,-0.0074302383180142,0.2847926267281106,0.08571428571428572,30,35,5
R1_PCA_85__GMM_DIAG__K2,625,-0.059716061856729404,0.3923076923076923,0.0,11,54,5
R1_PCA_85__GMM_DIAG__K2,626,-0.08484005563282336,0.38461538461538464,0.0,10,55,5
R1_PCA_85__GMM_DIAG__K2,627,-0.059050373583996146,0.3,0.0,21,44,5
R1_PCA_85__GMM_DIAG__K2,628,0.0006808548022226615,0.31292189006750243,0.11764705882352941,31,34,5
R1_PCA_85__GMM_DIAG__K2,629,0.023522435263886143,0.343204653622422,0.12903225806451613,31,34,5
R1_PCA_85__GMM_DIAG__K2,630,0.0006808548022226615,0.31292189006750243,0.11764705882352941,31,34,5
R1_PCA_85__GMM_DIAG__K2,631,0.8075703108479594,0.8580508474576272,0.75,8,57,5
R1_PCA_85__GMM_DIAG__K2,632,0.8840337305735592,0.9083333333333333,0.8333333333333334,6,59,5
R1_PCA_85__GMM_DIAG__K2,633,-0.03984214919936253,0.286864406779661,0.15,25,40,5
R1_PCA_85__GMM_DIAG__K2,634,1.0,1.0,1.0,5,60,5
R1_PCA_85__GMM_DIAG__K2,635,-0.08432996013492794,0.36923076923076925,0.0,12,53,5
R1_PCA_85__GMM_DIAG__K2,636,-0.07281951958906129,0.3769230769230769,0.0,12,53,5
R1_PCA_85__GMM_DIAG__K2,637,-0.03240944420002933,0.2972620599739244,0.15384615384615385,26,39,5
R1_PCA_85__GMM_DIAG__K2,638,0.7860361831363072,0.8404761904761905,0.7142857142857143,7,58,5
R1_PCA_85__GMM_DIAG__K2,639,-0.059716061856729404,0.3923076923076923,0.0,11,54,5
R1_PCA_85__GMM_DIAG__K2,640,-0.02520443598073261,0.29078947368421054,0.13157894736842105,27,38,5
R1_PCA_85__GMM_DIAG__K2,641,-0.08432996013492794,0.36923076923076925,0.0,12,53,5
R1_PCA_85__GMM_DIAG__K2,642,1.0,1.0,1.0,5,60,5
R1_PCA_85__GMM_DIAG__K2,643,-0.07248482332797178,0.4076923076923077,0.0,8,57,5
R1_PCA_85__GMM_DIAG__K2,644,0.897073650483395,0.9200968523002422,0.8571428571428571,7,58,4
R1_PCA_85__GMM_DIAG__K2,645,-0.01817103018616035,0.30090090090090094,0.13513513513513514,28,37,5
R1_PCA_85__GMM_DIAG__K2,646,0.7860361831363072,0.8404761904761905,0.7142857142857143,7,58,5
R1_PCA_85__GMM_DIAG__K2,647,-0.08432996013492794,0.36923076923076925,0.0,12,53,4
R1_PCA_85__GMM_DIAG__K2,648,-0.03897306137562872,0.2846153846153846,0.0,24,41,5
R1_PCA_85__GMM_DIAG__K2,649,0.5977536086142612,0.7303543913713405,0.5454545454545454,11,54,5
R1_PCA_85__GMM_DIAG__K2,650,-0.04746239481274881,0.3,0.0,22,43,5
R1_PCA_85__GMM_DIAG__K2,651,-0.07351662023936668,0.38461538461538464,0.0,11,54,5
R1_PCA_85__GMM_DIAG__K2,652,-0.059050373583996146,0.3,0.0,21,44,5
R1_PCA_85__GMM_DIAG__K2,653,-0.03429355281207133,0.27692307692307694,0.0,25,40,5
R1_PCA_85__GMM_DIAG__K2,654,-0.03240944420002933,0.2972620599739244,0.15384615384615385,26,39,5
R1_PCA_85__GMM_DIAG__K2,655,0.07263993726105283,0.39659520807061793,0.15384615384615385,26,39,5
R1_PCA_85__GMM_DIAG__K2,656,0.7290391985477039,0.807909604519774,0.6666666666666666,9,56,4
R1_PCA_85__GMM_DIAG__K2,657,-0.03181595692608909,0.28076923076923077,0.1282051282051282,26,39,5
R1_PCA_85__GMM_DIAG__K2,658,-0.08322663252240717,0.36153846153846153,0.0,13,52,5
R1_PCA_85__GMM_DIAG__K2,659,-0.007060490028994489,0.3290960451977401,0.16666666666666666,29,36,5
R1_PCA_85__GMM_DIAG__K2,660,1.0,1.0,1.0,6,59,5
R1_PCA_85__GMM_DIAG__K2,661,-0.08484005563282336,0.38461538461538464,0.0,10,55,5
R1_PCA_85__GMM_DIAG__K2,662,-0.018382516579872703,0.28356225077536557,0.10810810810810811,28,37,5
R1_PCA_85__GMM_DIAG__K2,663,-0.012187838704682695,0.27553763440860213,0.08333333333333333,29,36,5
R1_PCA_85__GMM_DIAG__K2,664,1.0,1.0,1.0,5,60,5
R1_PCA_85__GMM_DIAG__K2,665,0.07350434917332507,0.40853302162478083,0.20689655172413793,29,36,4
R1_PCA_85__GMM_DIAG__K2,666,-0.08409250175192712,0.3923076923076923,0.0,9,56,5
R1_PCA_85__GMM_DIAG__K2,667,0.012613590126135901,0.35094715852442676,0.17647058823529413,31,34,5
R1_PCA_85__GMM_DIAG__K2,668,-0.07171000788022065,0.36923076923076925,0.0,13,52,5
R1_PCA_85__GMM_DIAG__K2,669,0.7021433850702143,0.7875,0.625,8,57,5
R1_PCA_85__GMM_DIAG__K2,670,-0.06016829025545134,0.4,0.0,10,55,5
R1_PCA_85__GMM_DIAG__K2,671,-0.016039211905944817,0.3183692166743014,0.16216216216216217,28,37,5
R1_PCA_85__GMM_DIAG__K2,672,-0.08484005563282336,0.38461538461538464,0.0,10,55,5
R1_PCA_85__GMM_DIAG__K2,673,0.8075703108479594,0.8580508474576272,0.75,8,57,6
R1_PCA_85__GMM_DIAG__K2,674,-0.07424877707896575,0.33076923076923076,0.0,17,48,5
R1_PCA_85__GMM_DIAG__K2,675,-0.04679519624534119,0.27656056221579167,0.14634146341463414,24,41,4
R1_PCA_85__GMM_DIAG__K2,676,0.08158769276726037,0.4092592592592592,0.18518518518518517,27,38,5
R1_PCA_85__GMM_DIAG__K2,677,-0.03429355281207133,0.27692307692307694,0.0,25,40,5
R1_PCA_85__GMM_DIAG__K2,678,-0.06339468302658487,0.3076923076923077,0.0,20,45,5
R1_PCA_85__GMM_DIAG__K2,679,-0.007060490028994489,0.3290960451977401,0.16666666666666666,29,36,5
R1_PCA_85__GMM_DIAG__K2,680,-0.06016829025545134,0.4,0.0,10,55,5
R1_PCA_85__GMM_DIAG__K2,681,-0.03802281368821293,0.27083333333333337,0.125,25,40,5
R1_PCA_85__GMM_DIAG__K2,682,-0.016039211905944817,0.3183692166743014,0.16216216216216217,28,37,5
R1_PCA_85__GMM_DIAG__K2,683,-0.016039211905944817,0.3183692166743014,0.16216216216216217,28,37,5
R1_PCA_85__GMM_DIAG__K2,684,-0.03181595692608909,0.28076923076923077,0.1282051282051282,26,39,5
R1_PCA_85__GMM_DIAG__K2,685,-0.04927739472556581,0.2846153846153846,0.0,23,42,4
R1_PCA_85__GMM_DIAG__K2,686,0.012613590126135901,0.35094715852442676,0.17647058823529413,31,34,5
R1_PCA_85__GMM_DIAG__K2,687,-0.09376760657848845,0.3769230769230769,0.0,10,55,5
R1_PCA_85__GMM_DIAG__K2,688,-0.01817103018616035,0.30090090090090094,0.13513513513513514,28,37,5
R1_PCA_85__GMM_DIAG__K2,689,0.7860361831363072,0.8404761904761905,0.7142857142857143,7,58,5
R1_PCA_85__GMM_DIAG__K2,690,-0.03181595692608909,0.28076923076923077,0.1282051282051282,26,39,5
R1_PCA_85__GMM_DIAG__K2,691,0.002480568877129155,0.33995157384987895,0.17142857142857143,30,35,5
R1_PCA_85__GMM_DIAG__K2,692,-0.09376760657848845,0.3769230769230769,0.0,10,55,5
R1_PCA_85__GMM_DIAG__K2,693,-0.0027548209366391185,0.3214285714285714,0.14285714285714285,30,35,5
R1_PCA_85__GMM_DIAG__K2,694,-0.02520443598073261,0.29078947368421054,0.13157894736842105,27,38,5
R1_PCA_85__GMM_DIAG__K2,695,-0.04746239481274881,0.3,0.0,22,43,5
R1_PCA_85__GMM_DIAG__K2,696,-0.04927739472556581,0.2846153846153846,0.0,23,42,5
R1_PCA_85__GMM_DIAG__K2,697,1.0,1.0,1.0,6,59,5
R1_PCA_85__GMM_DIAG__K2,698,0.41613316261203587,0.6256410256410256,0.38461538461538464,13,52,5
R1_PCA_85__GMM_DIAG__K2,699,-0.08484005563282336,0.38461538461538464,0.0,10,55,5
R1_PCA_85__GMM_DIAG__K2,700,0.7860361831363072,0.8404761904761905,0.7142857142857143,7,58,5
R1_PCA_85__GMM_DIAG__K2,701,-0.03240944420002933,0.2972620599739244,0.15384615384615385,26,39,5
R1_PCA_85__GMM_DIAG__K2,702,-0.03240944420002933,0.2972620599739244,0.15384615384615385,26,39,5
R1_PCA_85__GMM_DIAG__K2,703,-0.08870912922303038,0.3384615384615385,0.0,15,50,5
R1_PCA_85__GMM_DIAG__K2,704,-0.05328537525956689,0.35384615384615387,0.0,16,49,5
R1_PCA_85__GMM_DIAG__K2,705,0.46049269140345495,0.65,0.4166666666666667,12,53,5
R1_PCA_85__GMM_DIAG__K2,706,-0.07374631268436578,0.3923076923076923,0.0,10,55,5
R1_PCA_85__GMM_DIAG__K2,707,-0.07351662023936668,0.38461538461538464,0.0,11,54,5
R1_PCA_85__GMM_DIAG__K2,708,-0.0027548209366391185,0.3214285714285714,0.14285714285714285,30,35,5
R1_PCA_85__GMM_DIAG__K2,709,-0.08322663252240717,0.36153846153846153,0.0,13,52,5
R1_PCA_85__GMM_DIAG__K2,710,-0.06840942216371244,0.35384615384615387,0.0,15,50,5
R1_PCA_85__GMM_DIAG__K2,711,-0.09370804618276202,0.36153846153846153,0.0,12,53,4
R1_PCA_85__GMM_DIAG__K2,712,-0.06016829025545134,0.4,0.0,10,55,5
R1_PCA_85__GMM_DIAG__K2,713,-0.03181595692608909,0.28076923076923077,0.1282051282051282,26,39,5
R1_PCA_85__GMM_DIAG__K2,714,0.005677863658009451,0.33186274509803926,0.14705882352941177,31,34,5
R1_PCA_85__GMM_DIAG__K2,715,-0.08409250175192712,0.3923076923076923,0.0,9,56,5
R1_PCA_85__GMM_DIAG__K2,716,-0.06024467184734939,0.4076923076923077,0.0,9,56,5
R1_PCA_85__GMM_DIAG__K2,717,0.005677863658009451,0.33186274509803926,0.14705882352941177,31,34,5
R1_PCA_85__GMM_DIAG__K2,718,1.0,1.0,1.0,6,59,5
R1_PCA_85__GMM_DIAG__K2,719,-0.09263657957244656,0.35384615384615387,0.0,13,52,5
R1_PCA_85__GMM_DIAG__K2,720,-0.07001095823694144,0.3,0.0,20,45,4
R1_PCA_85__GMM_DIAG__K2,721,-0.043839409321642826,0.27692307692307694,0.0,24,41,5
R1_PCA_85__GMM_DIAG__K2,722,-0.08322663252240717,0.36153846153846153,0.0,13,52,4
R1_PCA_85__GMM_DIAG__K2,723,-0.007060490028994489,0.3290960451977401,0.16666666666666666,29,36,5
R1_PCA_85__GMM_DIAG__K2,724,-0.03181595692608909,0.28076923076923077,0.1282051282051282,26,39,5
R1_PCA_85__GMM_DIAG__K2,725,-0.07281951958906129,0.3769230769230769,0.0,12,53,4
R1_PCA_85__GMM_DIAG__K2,726,-0.010695581618352143,0.3111111111111111,0.1388888888888889,29,36,5
R1_PCA_85__GMM_DIAG__K2,727,-0.07022955733094596,0.36153846153846153,0.0,14,51,5
R1_PCA_85__GMM_DIAG__K2,728,-0.07351662023936668,0.38461538461538464,0.0,11,54,5
R1_PCA_85__GMM_DIAG__K2,729,-0.07351662023936668,0.38461538461538464,0.0,11,54,4
R1_PCA_85__GMM_DIAG__K2,730,-0.04404964711608664,0.4153846153846154,0.0,9,56,5
R1_PCA_85__GMM_DIAG__K2,731,-0.08432996013492794,0.36923076923076925,0.0,12,53,4
R1_PCA_85__GMM_DIAG__K2,732,-0.08489009526850817,0.3769230769230769,0.0,11,54,5
R1_PCA_85__GMM_DIAG__K2,733,-0.02520443598073261,0.29078947368421054,0.13157894736842105,27,38,5
R1_PCA_85__GMM_DIAG__K2,734,-0.07424877707896575,0.33076923076923076,0.0,17,48,5
R1_PCA_85__GMM_DIAG__K2,735,-0.02864125868784847,0.2846153846153846,0.0,25,40,5
R1_PCA_85__GMM_DIAG__K2,736,-0.07171000788022065,0.36923076923076925,0.0,13,52,5
R1_PCA_85__GMM_DIAG__K2,737,-0.07351662023936668,0.38461538461538464,0.0,11,54,5
R1_PCA_85__GMM_DIAG__K2,738,-0.08484005563282336,0.38461538461538464,0.0,10,55,5
R1_PCA_85__GMM_DIAG__K2,739,-0.04335990362727536,0.2923076923076923,0.0,23,42,4
R1_PCA_85__GMM_DIAG__K2,740,-0.07281951958906129,0.3769230769230769,0.0,12,53,5
R1_PCA_85__GMM_DIAG__K2,741,-0.08489009526850817,0.3769230769230769,0.0,11,54,5
R1_PCA_85__GMM_DIAG__K2,742,0.6295258117262322,0.7444444444444445,0.5555555555555556,9,56,5
R1_PCA_85__GMM_DIAG__K2,743,1.0,1.0,1.0,5,60,5
R1_PCA_85__GMM_DIAG__K2,744,0.07350434917332507,0.40853302162478083,0.20689655172413793,29,36,4
R1_PCA_85__GMM_DIAG__K2,745,-0.05328537525956689,0.35384615384615387,0.0,16,49,5
R1_PCA_85__GMM_DIAG__K2,746,-0.09370804618276202,0.36153846153846153,0.0,12,53,5
R1_PCA_85__GMM_DIAG__K2,747,-0.043839409321642826,0.27692307692307694,0.0,24,41,5
R1_PCA_85__GMM_DIAG__K2,748,-0.08253264350825326,0.4,0.0,8,57,5
R1_PCA_85__GMM_DIAG__K2,749,0.7860361831363072,0.8404761904761905,0.7142857142857143,7,58,5
R1_PCA_85__GMM_DIAG__K2,750,-0.04746239481274881,0.3,0.0,22,43,5
R1_PCA_85__GMM_DIAG__K2,751,-0.07424877707896575,0.33076923076923076,0.0,17,48,5
R1_PCA_85__GMM_DIAG__K2,752,-0.059050373583996146,0.3,0.0,21,44,5
R1_PCA_85__GMM_DIAG__K2,753,-0.01817103018616035,0.30090090090090094,0.13513513513513514,28,37,5
R1_PCA_85__GMM_DIAG__K2,754,-0.07351662023936668,0.38461538461538464,0.0,11,54,5
R1_PCA_85__GMM_DIAG__K2,755,-0.08484005563282336,0.38461538461538464,0.0,10,55,5
R1_PCA_85__GMM_DIAG__K2,756,0.005677863658009451,0.33186274509803926,0.14705882352941177,31,34,5
R1_PCA_85__GMM_DIAG__K2,757,-0.06840942216371244,0.35384615384615387,0.0,15,50,5
R1_PCA_85__GMM_DIAG__K2,758,-0.05434567803644125,0.2923076923076923,0.0,22,43,5
R1_PCA_85__GMM_DIAG__K2,759,-0.06383732464219924,0.3384615384615385,0.0,17,48,5
R1_PCA_85__GMM_DIAG__K2,760,-0.07281951958906129,0.3769230769230769,0.0,12,53,5
R1_PCA_85__GMM_DIAG__K2,761,0.6595927346873072,0.7661016949152541,0.6,10,55,5
R1_PCA_85__GMM_DIAG__K2,762,-0.059050373583996146,0.3,0.0,21,44,5
R1_PCA_85__GMM_DIAG__K2,763,1.0,1.0,1.0,5,60,5
R1_PCA_85__GMM_DIAG__K2,764,-0.03984214919936253,0.286864406779661,0.15,25,40,5
R1_PCA_85__GMM_DIAG__K2,765,-0.059716061856729404,0.3923076923076923,0.0,11,54,5
R1_PCA_85__GMM_DIAG__K2,766,-0.08322663252240717,0.36153846153846153,0.0,13,52,4
R1_PCA_85__GMM_DIAG__K2,767,-0.018382516579872703,0.28356225077536557,0.10810810810810811,28,37,5
R1_PCA_85__GMM_DIAG__K2,768,1.0,1.0,1.0,6,59,5
R1_PCA_85__GMM_DIAG__K2,769,1.0,1.0,1.0,6,59,5
R1_PCA_85__GMM_DIAG__K2,770,-0.08432996013492794,0.36923076923076925,0.0,12,53,5
R1_PCA_85__GMM_DIAG__K2,771,-0.0662729658792651,0.34615384615384615,0.0,16,49,5
R1_PCA_85__GMM_DIAG__K2,772,-0.010695581618352143,0.3111111111111111,0.1388888888888889,29,36,5
R1_PCA_85__GMM_DIAG__K2,773,-0.07001095823694144,0.3,0.0,20,45,5
R1_PCA_85__GMM_DIAG__K2,774,-0.07351662023936668,0.38461538461538464,0.0,11,54,5
R1_PCA_85__GMM_DIAG__K2,775,0.023522435263886143,0.343204653622422,0.12903225806451613,31,34,4
R1_PCA_85__GMM_DIAG__K2,776,-0.07351662023936668,0.38461538461538464,0.0,11,54,5
R1_PCA_85__GMM_DIAG__K2,777,-0.07281951958906129,0.3769230769230769,0.0,12,53,5
R1_PCA_85__GMM_DIAG__K2,778,-0.006057491097323691,0.30304449648711945,0.11428571428571428,30,35,6
R1_PCA_85__GMM_DIAG__K2,779,-0.0415496226092479,0.3153846153846154,0.0,21,44,5
R1_PCA_85__GMM_DIAG__K2,780,1.0,1.0,1.0,5,60,5
R1_PCA_85__GMM_DIAG__K2,781,-0.024012196671325117,0.27394305435720445,0.10526315789473684,27,38,5
R1_PCA_85__GMM_DIAG__K2,782,0.14315764870865957,0.458695652173913,0.21739130434782608,23,42,5
R1_PCA_85__GMM_DIAG__K2,783,-0.08489009526850817,0.3769230769230769,0.0,11,54,5
R1_PCA_85__GMM_DIAG__K2,784,-0.07343528607025944,0.4,0.0,9,56,5
R1_PCA_85__GMM_DIAG__K2,785,-0.07374631268436578,0.3923076923076923,0.0,10,55,5
R1_PCA_85__GMM_DIAG__K2,786,-0.08409250175192712,0.3923076923076923,0.0,9,56,5
R1_PCA_85__GMM_DIAG__K2,787,-0.08163168166024085,0.35384615384615387,0.0,14,51,4
R1_PCA_85__GMM_DIAG__K2,788,-0.06383732464219924,0.3384615384615385,0.0,17,48,5
R1_PCA_85__GMM_DIAG__K2,789,-0.07958477508650519,0.34615384615384615,0.0,15,50,5
R1_PCA_85__GMM_DIAG__K2,790,-0.059716061856729404,0.3923076923076923,0.0,11,54,5
R1_PCA_85__GMM_DIAG__K2,791,0.7021433850702143,0.7875,0.625,8,57,5
R1_PCA_85__GMM_DIAG__K2,792,1.0,1.0,1.0,6,59,5
R1_PCA_85__GMM_DIAG__K2,793,-0.08432996013492794,0.36923076923076925,0.0,12,53,4
R1_PCA_85__GMM_DIAG__K2,794,-0.054836315659272696,0.3153846153846154,0.0,20,45,5
R1_PCA_85__GMM_DIAG__K2,795,-0.08870912922303038,0.3384615384615385,0.0,15,50,4
R1_PCA_85__GMM_DIAG__K2,796,-0.07424877707896575,0.33076923076923076,0.0,17,48,5
R1_PCA_85__GMM_DIAG__K2,797,-0.03181595692608909,0.28076923076923077,0.1282051282051282,26,39,5
R1_PCA_85__GMM_DIAG__K2,798,-0.07424877707896575,0.33076923076923076,0.0,17,48,5
R1_PCA_85__GMM_DIAG__K2,799,-0.08432996013492794,0.36923076923076925,0.0,12,53,5
R1_PCA_85__GMM_DIAG__K2,800,-0.0027548209366391185,0.3214285714285714,0.14285714285714285,30,35,5
R1_PCA_85__GMM_DIAG__K2,801,-0.07351662023936668,0.38461538461538464,0.0,11,54,5
R1_PCA_85__GMM_DIAG__K2,802,-0.08322663252240717,0.36153846153846153,0.0,13,52,5
R1_PCA_85__GMM_DIAG__K2,803,-0.08489009526850817,0.3769230769230769,0.0,11,54,5
R1_PCA_85__GMM_DIAG__K2,804,0.0412837947462352,0.3640474844544941,0.13793103448275862,29,36,5
R1_PCA_85__GMM_DIAG__K2,805,1.0,1.0,1.0,6,59,5
R1_PCA_85__GMM_DIAG__K2,806,-0.08484005563282336,0.38461538461538464,0.0,10,55,5
R1_PCA_85__GMM_DIAG__K2,807,-0.059716061856729404,0.3923076923076923,0.0,11,54,5
R1_PCA_85__GMM_DIAG__K2,808,-0.08484005563282336,0.38461538461538464,0.0,10,55,5
R1_PCA_85__GMM_DIAG__K2,809,-0.024012196671325117,0.27394305435720445,0.10526315789473684,27,38,5
R1_PCA_85__GMM_DIAG__K2,810,-0.024012196671325117,0.27394305435720445,0.10526315789473684,27,38,5
R1_PCA_85__GMM_DIAG__K2,811,-0.03984214919936253,0.286864406779661,0.15,25,40,5
R1_PCA_85__GMM_DIAG__K2,812,-0.07374631268436578,0.3923076923076923,0.0,10,55,5
R1_PCA_85__GMM_DIAG__K2,813,-0.07711621233859398,0.3384615384615385,0.0,16,49,5
R1_PCA_85__GMM_DIAG__K2,814,-0.09263657957244656,0.35384615384615387,0.0,13,52,4
R1_PCA_85__GMM_DIAG__K2,815,-0.05930886939149517,0.2846153846153846,0.0,22,43,5
R1_PCA_85__GMM_DIAG__K2,816,-0.09263657957244656,0.35384615384615387,0.0,13,52,5
R1_PCA_85__GMM_DIAG__K2,817,-0.09095486523910094,0.34615384615384615,0.0,14,51,5
R1_PCA_85__GMM_DIAG__K2,818,-0.07958477508650519,0.34615384615384615,0.0,15,50,5
R1_PCA_85__GMM_DIAG__K2,819,-0.09411018456920958,0.36923076923076925,0.0,11,54,5
R1_PCA_85__GMM_DIAG__K2,820,-0.04927739472556581,0.2846153846153846,0.0,23,42,5
R1_PCA_85__GMM_DIAG__K2,821,-0.07001095823694144,0.3,0.0,20,45,4
R1_PCA_85__GMM_DIAG__K2,822,-0.08489009526850817,0.3769230769230769,0.0,11,54,5
R1_PCA_85__GMM_DIAG__K2,823,-0.05930886939149517,0.2846153846153846,0.0,22,43,4
R1_PCA_85__GMM_DIAG__K2,824,-0.02520443598073261,0.29078947368421054,0.13157894736842105,27,38,5
R1_PCA_85__GMM_DIAG__K2,825,-0.08484005563282336,0.38461538461538464,0.0,10,55,5
R1_PCA_85__GMM_DIAG__K2,826,-0.03802281368821293,0.27083333333333337,0.125,25,40,5
R1_PCA_85__GMM_DIAG__K2,827,-0.06024467184734939,0.4076923076923077,0.0,9,56,5
R1_PCA_85__GMM_DIAG__K2,828,0.005677863658009451,0.33186274509803926,0.14705882352941177,31,34,5
R1_PCA_85__GMM_DIAG__K2,829,-0.016039211905944817,0.3183692166743014,0.16216216216216217,28,37,5
R1_PCA_85__GMM_DIAG__K2,830,0.7860361831363072,0.8404761904761905,0.7142857142857143,7,58,5
R1_PCA_85__GMM_DIAG__K2,831,0.8840337305735592,0.9083333333333333,0.8333333333333334,6,59,5
R1_PCA_85__GMM_DIAG__K2,832,-0.08484005563282336,0.38461538461538464,0.0,10,55,5
R1_PCA_85__GMM_DIAG__K2,833,-0.024012196671325117,0.27394305435720445,0.10526315789473684,27,38,5
R1_PCA_85__GMM_DIAG__K2,834,1.0,1.0,1.0,6,59,5
R1_PCA_85__GMM_DIAG__K2,835,0.0614840778135673,0.38554948391013966,0.14814814814814814,27,38,5
R1_PCA_85__GMM_DIAG__K2,836,-0.043839409321642826,0.27692307692307694,0.0,24,41,5
R1_PCA_85__GMM_DIAG__K2,837,-0.054836315659272696,0.3153846153846154,0.0,20,45,5
R1_PCA_85__GMM_DIAG__K2,838,-0.03897306137562872,0.2846153846153846,0.0,24,41,5
R1_PCA_85__GMM_DIAG__K2,839,1.0,1.0,1.0,6,59,5
R1_PCA_85__GMM_DIAG__K2,840,0.8840337305735592,0.9083333333333333,0.8333333333333334,6,59,4
R1_PCA_85__GMM_DIAG__K2,841,1.0,1.0,1.0,6,59,4
R1_PCA_85__GMM_DIAG__K2,842,0.7021433850702143,0.7875,0.625,8,57,5
R1_PCA_85__GMM_DIAG__K2,843,-0.024481434632218777,0.3077609277430865,0.15789473684210525,27,38,5
R1_PCA_85__GMM_DIAG__K2,844,-0.04679519624534119,0.27656056221579167,0.14634146341463414,24,41,5
R1_PCA_85__GMM_DIAG__K2,845,-0.08322663252240717,0.36153846153846153,0.0,13,52,5
R1_PCA_85__GMM_DIAG__K2,846,1.0,1.0,1.0,6,59,5
R1_PCA_85__GMM_DIAG__K2,847,0.03212305884944381,0.353551912568306,0.13333333333333333,30,35,5
R1_PCA_85__GMM_DIAG__K2,848,-0.08432996013492794,0.36923076923076925,0.0,12,53,4
R1_PCA_85__GMM_DIAG__K2,849,-0.07374631268436578,0.3923076923076923,0.0,10,55,5
R1_PCA_85__GMM_DIAG__K2,850,0.7085668534827863,0.7838709677419355,0.6,5,60,5
R1_PCA_85__GMM_DIAG__K2,851,0.41613316261203587,0.6256410256410256,0.38461538461538464,13,52,5
R1_PCA_85__GMM_DIAG__K2,852,-0.006057491097323691,0.30304449648711945,0.11428571428571428,30,35,5
R1_PCA_85__GMM_DIAG__K2,853,0.02806963215288991,0.3420467185761958,0.10344827586206896,29,36,5
R1_PCA_85__GMM_DIAG__K2,854,-0.07281951958906129,0.3769230769230769,0.0,12,53,5
R1_PCA_85__GMM_DIAG__K2,855,-0.06383732464219924,0.3384615384615385,0.0,17,48,5
R1_PCA_85__GMM_DIAG__K2,856,-0.08484005563282336,0.38461538461538464,0.0,10,55,5
R1_PCA_85__GMM_DIAG__K2,857,0.6595927346873072,0.7661016949152541,0.6,10,55,5
R1_PCA_85__GMM_DIAG__K2,858,-0.01817103018616035,0.30090090090090094,0.13513513513513514,28,37,5
R1_PCA_85__GMM_DIAG__K2,859,-0.07171000788022065,0.36923076923076925,0.0,13,52,4
R1_PCA_85__GMM_DIAG__K2,860,0.41613316261203587,0.6256410256410256,0.38461538461538464,13,52,5
R1_PCA_85__GMM_DIAG__K2,861,-0.0248858783684288,0.27692307692307694,0.0,26,39,5
R1_PCA_85__GMM_DIAG__K2,862,0.11026615969581749,0.43333333333333335,0.2,25,40,5
R1_PCA_85__GMM_DIAG__K2,863,-0.04746239481274881,0.3,0.0,22,43,4
R1_PCA_85__GMM_DIAG__K2,864,-0.08432996013492794,0.36923076923076925,0.0,12,53,5
R1_PCA_85__GMM_DIAG__K2,865,-0.03802281368821293,0.27083333333333337,0.125,25,40,5
R1_PCA_85__GMM_DIAG__K2,866,-0.07374631268436578,0.3923076923076923,0.0,10,55,5
R1_PCA_85__GMM_DIAG__K2,867,-0.0027548209366391185,0.3214285714285714,0.14285714285714285,30,35,5
R1_PCA_85__GMM_DIAG__K2,868,-0.059716061856729404,0.3923076923076923,0.0,11,54,5
R1_PCA_85__GMM_DIAG__K2,869,0.7290391985477039,0.807909604519774,0.6666666666666666,9,56,5
R1_PCA_85__GMM_DIAG__K2,870,-0.05930886939149517,0.2846153846153846,0.0,22,43,5
R1_PCA_85__GMM_DIAG__K2,871,-0.07281951958906129,0.3769230769230769,0.0,12,53,5
R1_PCA_85__GMM_DIAG__K2,872,1.0,1.0,1.0,6,59,5
R1_PCA_85__GMM_DIAG__K2,873,-0.007060490028994489,0.3290960451977401,0.16666666666666666,29,36,5
R1_PCA_85__GMM_DIAG__K2,874,-0.07281951958906129,0.3769230769230769,0.0,12,53,5
R1_PCA_85__GMM_DIAG__K2,875,1.0,1.0,1.0,5,60,5
R1_PCA_85__GMM_DIAG__K2,876,0.08158769276726037,0.4092592592592592,0.18518518518518517,27,38,5
R1_PCA_85__GMM_DIAG__K2,877,0.04469586647249916,0.37470725995316156,0.14285714285714285,27,38,5
R1_PCA_85__GMM_DIAG__K2,878,-0.029310851877266935,0.2692307692307692,0.0,26,39,5
R1_PCA_85__GMM_DIAG__K2,879,-0.05328537525956689,0.35384615384615387,0.0,16,49,5
R1_PCA_85__GMM_DIAG__K2,880,-0.051286613078005465,0.3076923076923077,0.0,21,44,5
R1_PCA_85__GMM_DIAG__K2,881,-0.07711621233859398,0.3384615384615385,0.0,16,49,5
R1_PCA_85__GMM_DIAG__K2,882,-0.05132628854863058,0.34615384615384615,0.0,17,48,5
R1_PCA_85__GMM_DIAG__K2,883,-0.018382516579872703,0.28356225077536557,0.10810810810810811,28,37,5
R1_PCA_85__GMM_DIAG__K2,884,1.0,1.0,1.0,6,59,5
R1_PCA_85__GMM_DIAG__K2,885,-0.07351662023936668,0.38461538461538464,0.0,11,54,4
R1_PCA_85__GMM_DIAG__K2,886,-0.0662729658792651,0.34615384615384615,0.0,16,49,5
R1_PCA_85__GMM_DIAG__K2,887,0.7021433850702143,0.7875,0.625,8,57,5
R1_PCA_85__GMM_DIAG__K2,888,-0.018382516579872703,0.28356225077536557,0.10810810810810811,28,37,5
R1_PCA_85__GMM_DIAG__K2,889,-0.05132628854863058,0.34615384615384615,0.0,17,48,5
R1_PCA_85__GMM_DIAG__K2,890,-0.07171000788022065,0.36923076923076925,0.0,13,52,5
R1_PCA_85__GMM_DIAG__K2,891,0.014737242537190597,0.3225806451612903,0.0967741935483871,31,34,5
R1_PCA_85__GMM_DIAG__K2,892,1.0,1.0,1.0,6,59,5
R1_PCA_85__GMM_DIAG__K2,893,-0.08000783750244922,0.4076923076923077,0.0,7,58,5
R1_PCA_85__GMM_DIAG__K2,894,1.0,1.0,1.0,5,60,5
R1_PCA_85__GMM_DIAG__K2,895,-0.07351662023936668,0.38461538461538464,0.0,11,54,5
R1_PCA_85__GMM_DIAG__K2,896,-0.09095486523910094,0.34615384615384615,0.0,14,51,5
R1_PCA_85__GMM_DIAG__K2,897,-0.049170018473148426,0.3384615384615385,0.0,18,47,5
R1_PCA_85__GMM_DIAG__K2,898,-0.03181595692608909,0.28076923076923077,0.1282051282051282,26,39,5
R1_PCA_85__GMM_DIAG__K2,899,-0.09411018456920958,0.36923076923076925,0.0,11,54,5
R1_PCA_85__GMM_DIAG__K2,900,0.6647115104621657,0.7611241217798594,0.5714285714285714,7,58,5
R1_PCA_85__GMM_DIAG__K2,901,-0.08432996013492794,0.36923076923076925,0.0,12,53,5
R1_PCA_85__GMM_DIAG__K2,902,-0.06840942216371244,0.35384615384615387,0.0,15,50,5
R1_PCA_85__GMM_DIAG__K2,903,-0.03802281368821293,0.27083333333333337,0.125,25,40,5
R1_PCA_85__GMM_DIAG__K2,904,-0.059716061856729404,0.3923076923076923,0.0,11,54,5
R1_PCA_85__GMM_DIAG__K2,905,0.5423491154270712,0.6991525423728814,0.5,12,53,5
R1_PCA_85__GMM_DIAG__K2,906,-0.07958477508650519,0.34615384615384615,0.0,15,50,5
R1_PCA_85__GMM_DIAG__K2,907,0.005677863658009451,0.33186274509803926,0.14705882352941177,31,34,5
R1_PCA_85__GMM_DIAG__K2,908,-0.010695581618352143,0.3111111111111111,0.1388888888888889,29,36,5
R1_PCA_85__GMM_DIAG__K2,909,-0.07958477508650519,0.34615384615384615,0.0,15,50,5
R1_PCA_85__GMM_DIAG__K2,910,-0.09370804618276202,0.36153846153846153,0.0,12,53,5
R1_PCA_85__GMM_DIAG__K2,911,-0.07374631268436578,0.3923076923076923,0.0,10,55,5
R1_PCA_85__GMM_DIAG__K2,912,-0.058942360952722296,0.38461538461538464,0.0,12,53,5
R1_PCA_85__GMM_DIAG__K2,913,0.08158769276726037,0.4092592592592592,0.18518518518518517,27,38,5
R1_PCA_85__GMM_DIAG__K2,914,0.7290391985477039,0.807909604519774,0.6666666666666666,9,56,5
R1_PCA_85__GMM_DIAG__K2,915,-0.043839409321642826,0.27692307692307694,0.0,24,41,5
R1_PCA_85__GMM_DIAG__K2,916,-0.08484005563282336,0.38461538461538464,0.0,10,55,5
R1_PCA_85__GMM_DIAG__K2,917,-0.024012196671325117,0.27394305435720445,0.10526315789473684,27,38,5
R1_PCA_85__GMM_DIAG__K2,918,-0.010695581618352143,0.3111111111111111,0.1388888888888889,29,36,5
R1_PCA_85__GMM_DIAG__K2,919,-0.08266087316366647,0.3230769230769231,0.0,17,48,4
R1_PCA_85__GMM_DIAG__K2,920,-0.0662729658792651,0.34615384615384615,0.0,16,49,5
R1_PCA_85__GMM_DIAG__K2,921,-0.08432996013492794,0.36923076923076925,0.0,12,53,5
R1_PCA_85__GMM_DIAG__K2,922,1.0,1.0,1.0,5,60,5
R1_PCA_85__GMM_DIAG__K2,923,-0.04241770829823793,0.3923076923076923,0.0,12,53,5
R1_PCA_85__GMM_DIAG__K2,924,-0.06383732464219924,0.3384615384615385,0.0,17,48,5
R1_PCA_85__GMM_DIAG__K2,925,-0.08484005563282336,0.38461538461538464,0.0,10,55,5
R1_PCA_85__GMM_DIAG__K2,926,-0.02520443598073261,0.29078947368421054,0.13157894736842105,27,38,5
R1_PCA_85__GMM_DIAG__K2,927,-0.03862486068445378,0.3076923076923077,0.0,22,43,5
R1_PCA_85__GMM_DIAG__K2,928,-0.07343528607025944,0.4,0.0,9,56,5
R1_PCA_85__GMM_DIAG__K2,929,0.5977536086142612,0.7303543913713405,0.5454545454545454,11,54,5
R1_PCA_85__GMM_DIAG__K2,930,-0.03429355281207133,0.27692307692307694,0.0,25,40,5
R1_PCA_85__GMM_DIAG__K2,931,-0.02520443598073261,0.29078947368421054,0.13157894736842105,27,38,5
R1_PCA_85__GMM_DIAG__K2,932,0.002480568877129155,0.33995157384987895,0.17142857142857143,30,35,5
R1_PCA_85__GMM_DIAG__K2,933,-0.09043490519489673,0.3923076923076923,0.0,8,57,5
R1_PCA_85__GMM_DIAG__K2,934,-0.07022955733094596,0.36153846153846153,0.0,14,51,5
R1_PCA_85__GMM_DIAG__K2,935,-0.04679519624534119,0.27656056221579167,0.14634146341463414,24,41,5
R1_PCA_85__GMM_DIAG__K2,936,-0.05328537525956689,0.35384615384615387,0.0,16,49,5
R1_PCA_85__GMM_DIAG__K2,937,-0.0023812223608118835,0.29411764705882354,0.08823529411764706,31,34,5
R1_PCA_85__GMM_DIAG__K2,938,-0.04315415249660215,0.4,0.0,11,54,5
R1_PCA_85__GMM_DIAG__K2,939,0.7021433850702143,0.7875,0.625,8,57,5
R1_PCA_85__GMM_DIAG__K2,940,-0.012404312747975633,0.2932604735883424,0.1111111111111111,29,36,5
R1_PCA_85__GMM_DIAG__K2,941,-0.08432996013492794,0.36923076923076925,0.0,12,53,5
R1_PCA_85__GMM_DIAG__K2,942,-0.007060490028994489,0.3290960451977401,0.16666666666666666,29,36,5
R1_PCA_85__GMM_DIAG__K2,943,-0.04241770829823793,0.3923076923076923,0.0,12,53,5
R1_PCA_85__GMM_DIAG__K2,944,-0.07343528607025944,0.4,0.0,9,56,5
R1_PCA_85__GMM_DIAG__K2,945,-0.09411018456920958,0.36923076923076925,0.0,11,54,4
R1_PCA_85__GMM_DIAG__K2,946,-0.032177183451734225,0.2923076923076923,0.0,24,41,5
R1_PCA_85__GMM_DIAG__K2,947,-0.08163168166024085,0.35384615384615387,0.0,14,51,5
R1_PCA_85__GMM_DIAG__K2,948,0.36864227182820003,0.6027542372881356,0.375,16,49,5
R1_PCA_85__GMM_DIAG__K2,949,0.09544787077826726,0.42115384615384616,0.19230769230769232,26,39,5
R1_PCA_85__GMM_DIAG__K2,950,-0.058942360952722296,0.38461538461538464,0.0,12,53,5
R1_PCA_85__GMM_DIAG__K2,951,-0.029310851877266935,0.2692307692307692,0.0,26,39,5
R1_PCA_85__GMM_DIAG__K2,952,-0.06383732464219924,0.3384615384615385,0.0,17,48,5
R1_PCA_85__GMM_DIAG__K2,953,-0.08163168166024085,0.35384615384615387,0.0,14,51,5
R1_PCA_85__GMM_DIAG__K2,954,-0.08432996013492794,0.36923076923076925,0.0,12,53,5
R1_PCA_85__GMM_DIAG__K2,955,-0.04370877646984568,0.4076923076923077,0.0,10,55,5
R1_PCA_85__GMM_DIAG__K2,956,0.7553142225475404,0.8169398907103824,0.6666666666666666,6,59,5
R1_PCA_85__GMM_DIAG__K2,957,0.1767458645216116,0.4863669859985261,0.2608695652173913,23,42,5
R1_PCA_85__GMM_DIAG__K2,958,0.7860361831363072,0.8404761904761905,0.7142857142857143,7,58,5
R1_PCA_85__GMM_DIAG__K2,959,-0.07424877707896575,0.33076923076923076,0.0,17,48,5
R1_PCA_85__GMM_DIAG__K2,960,-0.08432996013492794,0.36923076923076925,0.0,12,53,5
R1_PCA_85__GMM_DIAG__K2,961,-0.08489009526850817,0.3769230769230769,0.0,11,54,5
R1_PCA_85__GMM_DIAG__K2,962,0.897073650483395,0.9200968523002422,0.8571428571428571,7,58,5
R1_PCA_85__GMM_DIAG__K2,963,-0.03897306137562872,0.2846153846153846,0.0,24,41,5
R1_PCA_85__GMM_DIAG__K2,964,-0.08432996013492794,0.36923076923076925,0.0,12,53,4
R1_PCA_85__GMM_DIAG__K2,965,-0.058942360952722296,0.38461538461538464,0.0,12,53,5
R1_PCA_85__GMM_DIAG__K2,966,1.0,1.0,1.0,5,60,5
R1_PCA_85__GMM_DIAG__K2,967,-0.016672478908980284,0.26634699215344376,0.08108108108108109,28,37,5
R1_PCA_85__GMM_DIAG__K2,968,0.897073650483395,0.9200968523002422,0.8571428571428571,7,58,5
R1_PCA_85__GMM_DIAG__K2,969,-0.08489009526850817,0.3769230769230769,0.0,11,54,5
R1_PCA_85__GMM_DIAG__K2,970,-0.018382516579872703,0.28356225077536557,0.10810810810810811,28,37,5
R1_PCA_85__GMM_DIAG__K2,971,-0.09411018456920958,0.36923076923076925,0.0,11,54,5
R1_PCA_85__GMM_DIAG__K2,972,-0.03429355281207133,0.27692307692307694,0.0,25,40,5
R1_PCA_85__GMM_DIAG__K2,973,0.523623393755802,0.6812386156648451,0.4444444444444444,9,56,5
R1_PCA_85__GMM_DIAG__K2,974,0.8840337305735592,0.9083333333333333,0.8333333333333334,6,59,5
R1_PCA_85__GMM_DIAG__K2,975,1.0,1.0,1.0,5,60,5
R1_PCA_85__GMM_DIAG__K2,976,0.6295258117262322,0.7444444444444445,0.5555555555555556,9,56,5
R1_PCA_85__GMM_DIAG__K2,977,-0.016039211905944817,0.3183692166743014,0.16216216216216217,28,37,5
R1_PCA_85__GMM_DIAG__K2,978,0.5101389110649849,0.6772727272727272,0.45454545454545453,11,54,5
R1_PCA_85__GMM_DIAG__K2,979,-0.06383732464219924,0.3384615384615385,0.0,17,48,5
R1_PCA_85__GMM_DIAG__K2,980,-0.03429355281207133,0.27692307692307694,0.0,25,40,5
R1_PCA_85__GMM_DIAG__K2,981,0.5660639777468707,0.7083333333333333,0.5,10,55,5
R1_PCA_85__GMM_DIAG__K2,982,0.03212305884944381,0.353551912568306,0.13333333333333333,30,35,5
R1_PCA_85__GMM_DIAG__K2,983,-0.07374631268436578,0.3923076923076923,0.0,10,55,5
R1_PCA_85__GMM_DIAG__K2,984,-0.09411018456920958,0.36923076923076925,0.0,11,54,5
R1_PCA_85__GMM_DIAG__K2,985,0.40615865678743795,0.623728813559322,0.4,15,50,5
R1_PCA_85__GMM_DIAG__K2,986,-0.08489009526850817,0.3769230769230769,0.0,11,54,5
R1_PCA_85__GMM_DIAG__K2,987,-0.07351662023936668,0.38461538461538464,0.0,11,54,4
R1_PCA_85__GMM_DIAG__K2,988,-0.059050373583996146,0.3,0.0,21,44,5
R1_PCA_85__GMM_DIAG__K2,989,-0.08489009526850817,0.3769230769230769,0.0,11,54,5
R1_PCA_85__GMM_DIAG__K2,990,-0.04927739472556581,0.2846153846153846,0.0,23,42,5
R1_PCA_85__GMM_DIAG__K2,991,0.13774000151779617,0.4589830508474576,0.24,25,40,5
R1_PCA_85__GMM_DIAG__K2,992,-0.07351662023936668,0.38461538461538464,0.0,11,54,5
R1_PCA_85__GMM_DIAG__K2,993,0.012613590126135901,0.35094715852442676,0.17647058823529413,31,34,5
R1_PCA_85__GMM_DIAG__K2,994,0.005677863658009451,0.33186274509803926,0.14705882352941177,31,34,5
R1_PCA_85__GMM_DIAG__K2,995,-0.03897306137562872,0.2846153846153846,0.0,24,41,5
R1_PCA_85__GMM_DIAG__K2,996,0.024143985952589993,0.353125,0.15625,32,33,5
R1_PCA_85__GMM_DIAG__K2,997,-0.018382516579872703,0.28356225077536557,0.10810810810810811,28,37,5
R1_PCA_85__GMM_DIAG__K2,998,-0.08489009526850817,0.3769230769230769,0.0,11,54,5
R1_PCA_85__GMM_DIAG__K2,999,-0.08322663252240717,0.36153846153846153,0.0,13,52,5
R1_PCA_85__GMM_DIAG__K2,1000,1.0,1.0,1.0,6,59,5
R1_PCA_85__GMM_DIAG__K4,1,0.27074252359473905,0.6320728291316526,0.3235294117647059,4,42,5
R1_PCA_85__GMM_DIAG__K4,2,0.2088747391350709,0.43556547619047614,0.0,1,41,5
R1_PCA_85__GMM_DIAG__K4,3,0.269994504050276,0.5732600732600732,0.3333333333333333,7,39,5
R1_PCA_85__GMM_DIAG__K4,4,0.20899787959804556,0.4116168212093509,0.13157894736842105,8,38,5
R1_PCA_85__GMM_DIAG__K4,5,0.3014971561684364,0.4959077380952381,0.3333333333333333,10,32,5
R1_PCA_85__GMM_DIAG__K4,6,0.3606833520329703,0.6638052444504058,0.3225806451612903,5,37,5
R1_PCA_85__GMM_DIAG__K4,7,0.3415908494024653,0.5040709290709291,0.22727272727272727,11,22,5
R1_PCA_85__GMM_DIAG__K4,8,0.24696938565851653,0.40915393322014715,0.0,4,38,5
R1_PCA_85__GMM_DIAG__K4,9,0.39165733708127615,0.6343163944343618,0.27586206896551724,6,38,5
R1_PCA_85__GMM_DIAG__K4,10,0.13554932009497087,0.4576612903225807,0.1935483870967742,5,30,5
R1_PCA_85__GMM_DIAG__K4,11,0.20706204854056579,0.43645673323092676,0.2,10,23,5
R1_PCA_85__GMM_DIAG__K4,12,0.1897887323943662,0.4279761904761905,0.17857142857142858,11,28,5
R1_PCA_85__GMM_DIAG__K4,13,0.36857994341086164,0.5944525904203324,0.3939393939393939,8,31,5
R1_PCA_85__GMM_DIAG__K4,14,0.27111880000786365,0.5808092948717949,0.34375,5,39,5
R1_PCA_85__GMM_DIAG__K4,15,0.38443390348654644,0.5931412337662338,0.36363636363636365,7,32,4
R1_PCA_85__GMM_DIAG__K4,16,0.44749857940694865,0.6287008011145943,0.41379310344827586,11,27,5
R1_PCA_85__GMM_DIAG__K4,17,0.14975786977238462,0.4160557184750733,0.22727272727272727,8,25,5
R1_PCA_85__GMM_DIAG__K4,18,0.3209919837612374,0.5203823953823954,0.32142857142857145,9,36,5
R1_PCA_85__GMM_DIAG__K4,19,0.255436785845927,0.5612980769230769,0.3076923076923077,5,36,5
R1_PCA_85__GMM_DIAG__K4,20,0.5462643155789857,0.5742857142857143,0.0,1,27,5
R1_PCA_85__GMM_DIAG__K4,21,0.1814998556770799,0.5589301503094606,0.3793103448275862,5,27,5
R1_PCA_85__GMM_DIAG__K4,22,0.10330323263817395,0.41666666666666663,0.0,4,45,5
R1_PCA_85__GMM_DIAG__K4,23,0.10241713030062181,0.40785440613026824,0.0,6,44,5
R1_PCA_85__GMM_DIAG__K4,24,0.39809633653168985,0.6677871148459383,0.3333333333333333,5,35,5
R1_PCA_85__GMM_DIAG__K4,25,0.3872665577478949,0.6041121766928219,0.2903225806451613,6,37,5
R1_PCA_85__GMM_DIAG__K4,26,0.6309496435962291,0.628968253968254,0.0,10,25,5
R1_PCA_85__GMM_DIAG__K4,27,0.2602597999770089,0.429590017825312,0.29411764705882354,9,33,5
R1_PCA_85__GMM_DIAG__K4,28,0.4008779398268446,0.5278521825396826,0.2857142857142857,14,19,5
R1_PCA_85__GMM_DIAG__K4,29,0.5315126629371401,0.6734489468864469,0.42857142857142855,7,26,5
R1_PCA_85__GMM_DIAG__K4,30,0.18161291789068978,0.39653846153846156,0.16666666666666666,10,30,5
R1_PCA_85__GMM_DIAG__K4,31,0.2314942736510478,0.4884453781512605,0.0,3,34,5
R1_PCA_85__GMM_DIAG__K4,32,0.07215926975133774,0.2656838656838657,0.0,1,37,5
R1_PCA_85__GMM_DIAG__K4,33,0.20362603612826524,0.41298438403701565,0.11428571428571428,8,35,5
R1_PCA_85__GMM_DIAG__K4,34,0.3809331610372453,0.5895299165272339,0.3870967741935484,7,29,4
R1_PCA_85__GMM_DIAG__K4,35,0.15369898281127742,0.4499617451336251,0.34210526315789475,7,38,5
R1_PCA_85__GMM_DIAG__K4,36,0.398930010749698,0.5069444444444444,0.0,9,29,5
R1_PCA_85__GMM_DIAG__K4,37,0.6951604856145019,0.8330853174603174,0.7142857142857143,6,33,4
R1_PCA_85__GMM_DIAG__K4,38,0.6010352274615068,0.8255208333333333,0.6666666666666666,6,26,5
R1_PCA_85__GMM_DIAG__K4,39,0.14338531262112764,0.4900568181818182,0.2727272727272727,5,44,5
R1_PCA_85__GMM_DIAG__K4,40,0.361868573983013,0.5250291375291376,0.3076923076923077,8,33,5
R1_PCA_85__GMM_DIAG__K4,41,0.36422940791273284,0.5867063492063491,0.2857142857142857,8,36,5
R1_PCA_85__GMM_DIAG__K4,42,0.7264631704573571,0.6962932900432901,0.4166666666666667,7,32,5
R1_PCA_85__GMM_DIAG__K4,43,0.16311078377504218,0.377073732718894,0.0,4,40,5
R1_PCA_85__GMM_DIAG__K4,44,0.6368907667014337,0.7060483870967742,0.5,9,24,5
R1_PCA_85__GMM_DIAG__K4,45,0.4530107782802353,0.7290229885057472,0.4827586206896552,5,29,5
R1_PCA_85__GMM_DIAG__K4,46,0.09817122384298904,0.4216200466200466,0.045454545454545456,6,39,5
R1_PCA_85__GMM_DIAG__K4,47,0.4068580387735508,0.5700865800865801,0.4,10,23,5
R1_PCA_85__GMM_DIAG__K4,48,0.2800632911392405,0.48022273425499235,0.3333333333333333,10,31,5
R1_PCA_85__GMM_DIAG__K4,49,0.2619638881644347,0.4193722943722944,0.0,2,42,5
R1_PCA_85__GMM_DIAG__K4,50,0.11745828299070953,0.34810606060606064,0.0,8,39,5
R1_PCA_85__GMM_DIAG__K4,51,0.3346456692913386,0.6508638420403127,0.36363636363636365,6,34,5
R1_PCA_85__GMM_DIAG__K4,52,0.16982357397986794,0.4863264271225732,0.17857142857142858,5,29,4
R1_PCA_85__GMM_DIAG__K4,53,0.36348408710217756,0.5259526353276354,0.3333333333333333,8,27,5
R1_PCA_85__GMM_DIAG__K4,54,0.37081960138934134,0.5069604454685099,0.12903225806451613,10,31,5
R1_PCA_85__GMM_DIAG__K4,55,0.321110529072813,0.6487847222222222,0.3888888888888889,4,36,5
R1_PCA_85__GMM_DIAG__K4,56,0.2168951384963256,0.4417414308718656,0.18518518518518517,10,27,5
R1_PCA_85__GMM_DIAG__K4,57,0.5882724468406455,0.7506207028265852,0.6428571428571429,8,22,5
R1_PCA_85__GMM_DIAG__K4,58,0.6062755915884136,0.6567741935483871,0.24,11,25,5
R1_PCA_85__GMM_DIAG__K4,59,0.38446560510715133,0.6216853051009058,0.3793103448275862,7,31,5
R1_PCA_85__GMM_DIAG__K4,60,0.12128586199333674,0.3259495880463622,0.16666666666666666,10,31,5
R1_PCA_85__GMM_DIAG__K4,61,0.3691935762389915,0.542039641943734,0.25,12,23,5
R1_PCA_85__GMM_DIAG__K4,62,0.3694155826037685,0.6007996632996633,0.4166666666666667,10,27,5
R1_PCA_85__GMM_DIAG__K4,63,0.34947500771350615,0.46499477533960293,0.0,7,33,5
R1_PCA_85__GMM_DIAG__K4,64,0.4964232845505394,0.6309914044289044,0.4166666666666667,10,22,5
R1_PCA_85__GMM_DIAG__K4,65,0.2471355982331518,0.5266726403823178,0.23333333333333334,5,27,5
R1_PCA_85__GMM_DIAG__K4,66,0.23388659261172823,0.5180512899262899,0.3125,8,37,5
R1_PCA_85__GMM_DIAG__K4,67,0.3785294793400755,0.6689005439005439,0.36363636363636365,5,36,5
R1_PCA_85__GMM_DIAG__K4,68,0.33194894964871435,0.4715119949494949,0.09090909090909091,7,33,5
R1_PCA_85__GMM_DIAG__K4,69,0.11809221302128471,0.476407967032967,0.15384615384615385,4,32,5
R1_PCA_85__GMM_DIAG__K4,70,0.3379680040204372,0.5074519230769231,0.4,9,32,5
R1_PCA_85__GMM_DIAG__K4,71,0.1950393090466172,0.3591463513338513,0.22727272727272727,13,21,5
R1_PCA_85__GMM_DIAG__K4,72,0.30150164242139843,0.6229528535980149,0.3225806451612903,5,40,5
R1_PCA_85__GMM_DIAG__K4,73,0.22066568139713993,0.421875,0.25,7,32,5
R1_PCA_85__GMM_DIAG__K4,74,0.29240286248644015,0.4689180107526882,0.3548387096774194,10,32,5
R1_PCA_85__GMM_DIAG__K4,75,0.37506049362800453,0.6471350790770029,0.3103448275862069,6,38,5
R1_PCA_85__GMM_DIAG__K4,76,0.22364915107200398,0.5820847851335657,0.36666666666666664,5,41,5
R1_PCA_85__GMM_DIAG__K4,77,0.1467491242740901,0.49040400124069483,0.23076923076923078,6,31,5
R1_PCA_85__GMM_DIAG__K4,78,0.4037408525920454,0.6846846846846846,0.3333333333333333,6,37,5
R1_PCA_85__GMM_DIAG__K4,79,0.5971997072176244,0.61296992481203,0.19047619047619047,11,21,5
R1_PCA_85__GMM_DIAG__K4,80,0.12556644732560038,0.41954365079365086,0.2222222222222222,7,31,5
R1_PCA_85__GMM_DIAG__K4,81,0.1417837997551813,0.37877771334556043,0.12903225806451613,10,31,5
R1_PCA_85__GMM_DIAG__K4,82,0.3886678374674211,0.6583333333333333,0.36666666666666664,6,35,4
R1_PCA_85__GMM_DIAG__K4,83,0.4759374368173029,0.7107142857142857,0.35714285714285715,5,35,5
R1_PCA_85__GMM_DIAG__K4,84,0.3986845679463529,0.5773460410557185,0.3548387096774194,11,28,5
R1_PCA_85__GMM_DIAG__K4,85,0.398355240520267,0.6085470085470085,0.4444444444444444,9,30,5
R1_PCA_85__GMM_DIAG__K4,86,0.22997266736675473,0.5110536309385414,0.24242424242424243,5,26,5
R1_PCA_85__GMM_DIAG__K4,87,0.09455558539205156,0.36482683982683983,0.3,10,34,5
R1_PCA_85__GMM_DIAG__K4,88,0.1764129856306546,0.41187683284457477,0.13333333333333333,8,30,5
R1_PCA_85__GMM_DIAG__K4,89,0.07404847666826575,0.2792075163398693,0.0,2,34,5
R1_PCA_85__GMM_DIAG__K4,90,0.21895888532087415,0.4585991965024223,0.3333333333333333,9,31,5
R1_PCA_85__GMM_DIAG__K4,91,0.2660251182515087,0.5301452342723689,0.3870967741935484,9,34,5
R1_PCA_85__GMM_DIAG__K4,92,0.6082428539773986,0.620583717357911,0.16666666666666666,12,24,5
R1_PCA_85__GMM_DIAG__K4,93,0.3759663981906718,0.6495160314579552,0.3103448275862069,5,38,5
R1_PCA_85__GMM_DIAG__K4,94,0.5721021389362942,0.7967587897227857,0.6551724137931034,5,24,5
R1_PCA_85__GMM_DIAG__K4,95,0.6388632578963174,0.6148809523809524,0.0,11,23,5
R1_PCA_85__GMM_DIAG__K4,96,0.18086722790953647,0.4775642942583732,0.34375,6,38,5
R1_PCA_85__GMM_DIAG__K4,97,0.17905748171990343,0.3753618693134822,0.19230769230769232,9,26,5
R1_PCA_85__GMM_DIAG__K4,98,0.4295870156808169,0.6002894954507858,0.38461538461538464,10,24,5
R1_PCA_85__GMM_DIAG__K4,99,0.46976683769565497,0.5568986934118514,0.19230769230769232,9,26,5
R1_PCA_85__GMM_DIAG__K4,100,0.543061811472296,0.6080357142857142,0.0,12,28,5
R1_PCA_85__GMM_DIAG__K4,101,0.41241721854304636,0.5136363636363637,0.0,1,32,5
R1_PCA_85__GMM_DIAG__K4,102,0.408599752670951,0.6706340956340957,0.3,6,37,5
R1_PCA_85__GMM_DIAG__K4,103,0.16293366147866087,0.32367027270678383,0.23529411764705882,7,29,5
R1_PCA_85__GMM_DIAG__K4,104,0.3327819134270747,0.5203947368421054,0.2222222222222222,13,19,5
R1_PCA_85__GMM_DIAG__K4,105,0.6658360655737705,0.65,0.0,10,25,5
R1_PCA_85__GMM_DIAG__K4,106,0.7685844488749644,0.8973727422003284,0.7619047619047619,6,24,5
R1_PCA_85__GMM_DIAG__K4,107,0.32158807573225195,0.5588942307692308,0.34375,10,32,5
R1_PCA_85__GMM_DIAG__K4,108,0.11324985983928237,0.3520089285714286,0.0,4,40,5
R1_PCA_85__GMM_DIAG__K4,109,0.1911547870727645,0.4588744588744589,0.36363636363636365,10,33,5
R1_PCA_85__GMM_DIAG__K4,110,0.10313069293569935,0.33169642857142856,0.13333333333333333,8,30,5
R1_PCA_85__GMM_DIAG__K4,111,0.43187793634219807,0.7241503456221198,0.5357142857142857,5,28,5
R1_PCA_85__GMM_DIAG__K4,112,0.23821512284052435,0.44387517779571756,0.13793103448275862,11,29,5
R1_PCA_85__GMM_DIAG__K4,113,0.3607063078395915,0.665934555640438,0.38235294117647056,5,33,5
R1_PCA_85__GMM_DIAG__K4,114,0.0627717808359339,0.26654259718775847,0.0,4,39,5
R1_PCA_85__GMM_DIAG__K4,115,0.4743384991085609,0.6073376623376624,0.36363636363636365,11,25,5
R1_PCA_85__GMM_DIAG__K4,116,0.40482796892341844,0.6,0.36666666666666664,10,30,5
R1_PCA_85__GMM_DIAG__K4,117,0.766863164036691,0.885749530075188,0.8421052631578947,5,29,5
R1_PCA_85__GMM_DIAG__K4,118,0.7261118676293004,0.8834310850439884,0.7272727272727273,4,25,5
R1_PCA_85__GMM_DIAG__K4,119,0.20096670067401448,0.5242857142857142,0.24,5,28,5
R1_PCA_85__GMM_DIAG__K4,120,0.30993866551979327,0.4337678721614803,0.0,1,40,5
R1_PCA_85__GMM_DIAG__K4,121,0.29237096211735564,0.5264014953637195,0.2903225806451613,8,38,5
R1_PCA_85__GMM_DIAG__K4,122,0.1956832783144586,0.5208594566353187,0.27586206896551724,6,44,5
R1_PCA_85__GMM_DIAG__K4,123,0.5346208734544351,0.6925403225806451,0.5,10,24,5
R1_PCA_85__GMM_DIAG__K4,124,0.3440291629653063,0.6427884615384615,0.3,5,40,5
R1_PCA_85__GMM_DIAG__K4,125,0.273035104891405,0.5161930363543266,0.05555555555555555,6,35,4
R1_PCA_85__GMM_DIAG__K4,126,0.15677449207083666,0.48897849462365595,0.23333333333333334,5,30,5
R1_PCA_85__GMM_DIAG__K4,127,0.26821759971854525,0.4216979141548107,0.18181818181818182,12,22,5
R1_PCA_85__GMM_DIAG__K4,128,0.1968701202187546,0.4708680302907807,0.2903225806451613,9,38,5
R1_PCA_85__GMM_DIAG__K4,129,0.261925889789344,0.4958034274717845,0.3448275862068966,9,34,5
R1_PCA_85__GMM_DIAG__K4,130,0.2227727410510072,0.36763392857142857,0.0,9,26,5
R1_PCA_85__GMM_DIAG__K4,131,0.6348387983776723,0.6793761793761794,0.3076923076923077,7,24,5
R1_PCA_85__GMM_DIAG__K4,132,0.43936843833184547,0.7078285181733458,0.3448275862068966,5,37,5
R1_PCA_85__GMM_DIAG__K4,133,0.14140031483129148,0.34930779569892473,0.16,8,25,5
R1_PCA_85__GMM_DIAG__K4,134,0.1777602718273365,0.36738261738261735,0.0,4,42,5
R1_PCA_85__GMM_DIAG__K4,135,0.4877701681045984,0.6176282051282052,0.3076923076923077,11,24,5
R1_PCA_85__GMM_DIAG__K4,136,0.43470851358394164,0.5665882967607105,0.1724137931034483,10,29,5
R1_PCA_85__GMM_DIAG__K4,137,0.1314055483275276,0.34967948717948716,0.13333333333333333,8,30,5
R1_PCA_85__GMM_DIAG__K4,138,0.6397482196348216,0.6231617647058824,0.0,7,25,5
R1_PCA_85__GMM_DIAG__K4,139,0.4448189958730573,0.5581597222222222,0.2222222222222222,11,21,5
R1_PCA_85__GMM_DIAG__K4,140,0.3975430374774824,0.6359577922077922,0.375,7,33,5
R1_PCA_85__GMM_DIAG__K4,141,0.5331444759206799,0.57968017645437,0.15384615384615385,10,26,5
R1_PCA_85__GMM_DIAG__K4,142,0.21285409105220462,0.4675127713920817,0.07407407407407407,5,36,5
R1_PCA_85__GMM_DIAG__K4,143,0.21185461636877292,0.32114491691104596,0.0,1,33,5
R1_PCA_85__GMM_DIAG__K4,144,0.25121523689924913,0.47390781261749,0.3333333333333333,9,33,5
R1_PCA_85__GMM_DIAG__K4,145,0.36179657918788355,0.5450320512820512,0.26666666666666666,12,26,5
R1_PCA_85__GMM_DIAG__K4,146,0.13925500006222852,0.4970959595959596,0.22727272727272727,6,35,5
R1_PCA_85__GMM_DIAG__K4,147,0.35892780653900597,0.5198275862068965,0.3333333333333333,11,30,5
R1_PCA_85__GMM_DIAG__K4,148,0.400513489485098,0.5976190476190476,0.26666666666666666,8,35,5
R1_PCA_85__GMM_DIAG__K4,149,0.48133371330863495,0.6764641608391608,0.46153846153846156,12,22,5
R1_PCA_85__GMM_DIAG__K4,150,0.022595943736747545,0.24907407407407406,0.0,2,35,5
R1_PCA_85__GMM_DIAG__K4,151,0.2728523248009148,0.5130411255411256,0.3333333333333333,9,35,5
R1_PCA_85__GMM_DIAG__K4,152,0.32759751066641113,0.6813309897987317,0.4722222222222222,4,36,5
R1_PCA_85__GMM_DIAG__K4,153,0.23879040667361837,0.42027417027417024,0.0,4,36,5
R1_PCA_85__GMM_DIAG__K4,154,0.3856284312258288,0.6826298701298701,0.32142857142857145,6,40,5
R1_PCA_85__GMM_DIAG__K4,155,0.3787950712162901,0.5596450804430431,0.2631578947368421,12,20,5
R1_PCA_85__GMM_DIAG__K4,156,0.35264199527569107,0.574162337901562,0.4444444444444444,9,29,6
R1_PCA_85__GMM_DIAG__K4,157,0.24331710297368536,0.4661940210327307,0.3333333333333333,10,31,5
R1_PCA_85__GMM_DIAG__K4,158,0.2629606238955621,0.4970524267399267,0.14285714285714285,5,29,5
R1_PCA_85__GMM_DIAG__K4,159,0.2245649788368083,0.555952380952381,0.3333333333333333,5,40,5
R1_PCA_85__GMM_DIAG__K4,160,0.15217841277591726,0.37932014916859186,0.16129032258064516,7,31,5
R1_PCA_85__GMM_DIAG__K4,161,0.10259016995045799,0.2249455100261552,0.0,1,35,5
R1_PCA_85__GMM_DIAG__K4,162,0.4008637359804048,0.6284722222222222,0.25,5,36,5
R1_PCA_85__GMM_DIAG__K4,163,0.16499397832195906,0.3836680560818492,0.09523809523809523,9,24,5
R1_PCA_85__GMM_DIAG__K4,164,0.34126117069037853,0.5832902391725922,0.34285714285714286,7,34,5
R1_PCA_85__GMM_DIAG__K4,165,0.29812648794120694,0.47106261859582543,0.3333333333333333,8,34,5
R1_PCA_85__GMM_DIAG__K4,166,0.14724180144647178,0.2635147110953563,0.0,4,26,5
R1_PCA_85__GMM_DIAG__K4,167,0.16888077050813682,0.43195499353587585,0.3125,8,34,5
R1_PCA_85__GMM_DIAG__K4,168,0.6905573967578087,0.645945945945946,0.0,1,34,5
R1_PCA_85__GMM_DIAG__K4,169,0.5789182076321074,0.8257211538461539,0.6153846153846154,4,25,5
R1_PCA_85__GMM_DIAG__K4,170,0.09415877017967005,0.329009324009324,0.09090909090909091,7,33,5
R1_PCA_85__GMM_DIAG__K4,171,0.5842088195706157,0.5893704850361198,0.0,10,22,5
R1_PCA_85__GMM_DIAG__K4,172,0.32823605155632607,0.5828125,0.3125,8,32,5
R1_PCA_85__GMM_DIAG__K4,173,0.28172791635437894,0.49667931688804556,0.36363636363636365,7,31,5
R1_PCA_85__GMM_DIAG__K4,174,0.3277551575624988,0.47040504298568814,0.2903225806451613,9,36,5
R1_PCA_85__GMM_DIAG__K4,175,0.6065030093526821,0.8271428571428572,0.68,5,24,5
R1_PCA_85__GMM_DIAG__K4,176,0.3783835848948544,0.5007694938440492,0.0,9,31,5
R1_PCA_85__GMM_DIAG__K4,177,0.35629091306928806,0.6424208144796381,0.3235294117647059,6,35,5
R1_PCA_85__GMM_DIAG__K4,178,0.2446088966227713,0.5497332317073171,0.28125,5,41,5
R1_PCA_85__GMM_DIAG__K4,179,0.2617111456357778,0.46927083333333336,0.3,10,32,5
R1_PCA_85__GMM_DIAG__K4,180,0.07361579057216971,0.41903409090909094,0.0,5,44,5
R1_PCA_85__GMM_DIAG__K4,181,0.06849102377486657,0.2589252852410747,0.0,3,39,5
R1_PCA_85__GMM_DIAG__K4,182,0.42102137767220904,0.7027777777777777,0.4444444444444444,6,27,5
R1_PCA_85__GMM_DIAG__K4,183,0.27109510435004636,0.5725584898971996,0.41935483870967744,8,35,6
R1_PCA_85__GMM_DIAG__K4,184,0.4207369323050557,0.6909090909090909,0.36363636363636365,6,35,5
R1_PCA_85__GMM_DIAG__K4,185,0.21616118543787644,0.43737599206349204,0.38095238095238093,9,28,5
R1_PCA_85__GMM_DIAG__K4,186,0.10809463957039864,0.4594854070660522,0.21428571428571427,6,29,5
R1_PCA_85__GMM_DIAG__K4,187,0.17703191605139684,0.3913419913419913,0.0,7,35,5
R1_PCA_85__GMM_DIAG__K4,188,0.2749693857821127,0.49923917677150437,0.3448275862068966,9,32,5
R1_PCA_85__GMM_DIAG__K4,189,0.3738785796598852,0.6084093169761273,0.3793103448275862,10,32,4
R1_PCA_85__GMM_DIAG__K4,190,0.1930756232973551,0.38377976190476193,0.0,7,35,5
R1_PCA_85__GMM_DIAG__K4,191,0.06111808438737086,0.3410476718403548,0.0,7,41,6
R1_PCA_85__GMM_DIAG__K4,192,0.4192343840217808,0.6756827731092437,0.35714285714285715,6,34,5
R1_PCA_85__GMM_DIAG__K4,193,0.11540639932353199,0.4608080575097067,0.17391304347826086,6,39,5
R1_PCA_85__GMM_DIAG__K4,194,0.41133643498952305,0.5518382352941176,0.25,12,20,5
R1_PCA_85__GMM_DIAG__K4,195,0.6148711772452529,0.7794913419913421,0.6785714285714286,6,22,5
R1_PCA_85__GMM_DIAG__K4,196,0.45281818181818184,0.6023172905525846,0.29411764705882354,13,21,4
R1_PCA_85__GMM_DIAG__K4,197,0.24707981829980533,0.39215686274509803,0.0,4,33,5
R1_PCA_85__GMM_DIAG__K4,198,0.3537948290241868,0.6730769230769231,0.4375,6,32,5
R1_PCA_85__GMM_DIAG__K4,199,0.151421649047707,0.5060344827586206,0.3,6,27,5
R1_PCA_85__GMM_DIAG__K4,200,0.15930599369085174,0.3793706293706294,0.0,4,38,5
R1_PCA_85__GMM_DIAG__K4,201,0.10701445727835998,0.36761445154558503,0.0,4,41,5
R1_PCA_85__GMM_DIAG__K4,202,0.177666680840638,0.4515220866027318,0.2903225806451613,7,37,5
R1_PCA_85__GMM_DIAG__K4,203,0.4158974833612399,0.6657196969696969,0.3333333333333333,6,33,5
R1_PCA_85__GMM_DIAG__K4,204,0.6505463324787814,0.7027504105090312,0.4166666666666667,11,22,5
R1_PCA_85__GMM_DIAG__K4,205,0.21063359290370942,0.5092224979321753,0.28205128205128205,5,32,5
R1_PCA_85__GMM_DIAG__K4,206,0.07259050440835935,0.2832773049138116,0.0,2,41,4
R1_PCA_85__GMM_DIAG__K4,207,0.2933976221189027,0.5164299242424243,0.36363636363636365,11,28,4
R1_PCA_85__GMM_DIAG__K4,208,0.13333333333333333,0.44482758620689655,0.0,3,45,4
R1_PCA_85__GMM_DIAG__K4,209,0.2379347200526186,0.35198863636363636,0.0,3,32,5
R1_PCA_85__GMM_DIAG__K4,210,0.1136235324773086,0.4231634182908546,0.0,3,46,5
R1_PCA_85__GMM_DIAG__K4,211,0.1471765574598733,0.37824519230769227,0.0,4,40,5
R1_PCA_85__GMM_DIAG__K4,212,0.37711950143660716,0.6672979797979798,0.36363636363636365,6,36,5
R1_PCA_85__GMM_DIAG__K4,213,0.3231080824489968,0.5659300377042312,0.3870967741935484,9,31,4
R1_PCA_85__GMM_DIAG__K4,214,0.3257524276811109,0.5297353184449959,0.3548387096774194,11,30,5
R1_PCA_85__GMM_DIAG__K4,215,0.14104770073911235,0.31000615763546796,0.0,3,35,4
R1_PCA_85__GMM_DIAG__K4,216,0.31561912665674047,0.48281926406926406,0.0,8,37,5
R1_PCA_85__GMM_DIAG__K4,217,0.4383969506709431,0.5860566448801743,0.25925925925925924,7,34,5
R1_PCA_85__GMM_DIAG__K4,218,0.32385486105872496,0.6220042293233082,0.28125,5,38,5
R1_PCA_85__GMM_DIAG__K4,219,0.2988133764832794,0.46222527472527475,0.3125,10,32,5
R1_PCA_85__GMM_DIAG__K4,220,0.1527717414812694,0.3714477726574501,0.0,9,35,5
R1_PCA_85__GMM_DIAG__K4,221,0.43535539809750856,0.7097222222222223,0.36666666666666664,5,36,5
R1_PCA_85__GMM_DIAG__K4,222,0.3921689447707327,0.7245391705069124,0.4838709677419355,6,35,5
R1_PCA_85__GMM_DIAG__K4,223,0.22218662394873848,0.44074039995092623,0.23333333333333334,7,38,6
R1_PCA_85__GMM_DIAG__K4,224,0.39747989877380874,0.5898297491039427,0.3870967741935484,12,27,5
R1_PCA_85__GMM_DIAG__K4,225,0.3082732816705465,0.5334470636889992,0.3548387096774194,11,31,5
R1_PCA_85__GMM_DIAG__K4,226,0.3736917022523654,0.6391849078341014,0.3870967741935484,7,30,5
R1_PCA_85__GMM_DIAG__K4,227,0.8680380703546863,0.8000663129973475,0.5,10,27,5
R1_PCA_85__GMM_DIAG__K4,228,0.2980129580272595,0.4892857142857143,0.3,9,30,5
R1_PCA_85__GMM_DIAG__K4,229,0.1436546705213837,0.36877052063789867,0.0,4,41,5
R1_PCA_85__GMM_DIAG__K4,230,0.49682783663616575,0.6011904761904762,0.0,11,29,5
R1_PCA_85__GMM_DIAG__K4,231,0.1222934889902102,0.34068287037037037,0.14814814814814814,8,27,5
R1_PCA_85__GMM_DIAG__K4,232,0.1767064917704069,0.40543831168831174,0.0,9,32,5
R1_PCA_85__GMM_DIAG__K4,233,0.24622878692646136,0.46998834498834496,0.30303030303030304,8,39,5
R1_PCA_85__GMM_DIAG__K4,234,0.5082694103176705,0.6011777695988222,0.38461538461538464,13,20,5
R1_PCA_85__GMM_DIAG__K4,235,0.34319661156816017,0.5729166666666666,0.375,10,32,5
R1_PCA_85__GMM_DIAG__K4,236,0.1346260332536828,0.3952875952875953,0.2,8,37,5
R1_PCA_85__GMM_DIAG__K4,237,0.12726928895612707,0.3711332697706446,0.12903225806451613,9,31,5
R1_PCA_85__GMM_DIAG__K4,238,0.3185761984354618,0.5910029347529347,0.36363636363636365,8,37,5
R1_PCA_85__GMM_DIAG__K4,239,0.5941104210741828,0.6197368421052631,0.0,9,28,5
R1_PCA_85__GMM_DIAG__K4,240,0.3913345648078717,0.6129055431961439,0.3793103448275862,8,31,5
R1_PCA_85__GMM_DIAG__K4,241,0.40529713276070184,0.5505008971291866,0.21052631578947367,9,22,5
R1_PCA_85__GMM_DIAG__K4,242,0.2954553690423943,0.5572127525252526,0.34375,7,36,5
R1_PCA_85__GMM_DIAG__K4,243,0.6927413702908539,0.863568215892054,0.6956521739130435,5,23,5
R1_PCA_85__GMM_DIAG__K4,244,0.41348005502063273,0.6650273745861981,0.32142857142857145,6,33,5
R1_PCA_85__GMM_DIAG__K4,245,0.19038027715114406,0.24358551274647305,0.0,1,31,5
R1_PCA_85__GMM_DIAG__K4,246,0.305618113277934,0.5336538461538461,0.3333333333333333,11,30,5
R1_PCA_85__GMM_DIAG__K4,247,0.39225241595771043,0.6477328431372549,0.3125,6,34,5
R1_PCA_85__GMM_DIAG__K4,248,0.7685599746518067,0.8963317384370016,0.7368421052631579,5,29,5
R1_PCA_85__GMM_DIAG__K4,249,0.27740954036727156,0.5271189120809614,0.3235294117647059,11,31,5
R1_PCA_85__GMM_DIAG__K4,250,0.3058252427184466,0.5464705882352942,0.35294117647058826,12,24,4
R1_PCA_85__GMM_DIAG__K4,251,0.7740835332342363,0.8907563025210085,0.7058823529411765,5,31,5
R1_PCA_85__GMM_DIAG__K4,252,0.2975621682745693,0.43779114906832295,0.0,7,35,5
R1_PCA_85__GMM_DIAG__K4,253,0.5816859984940695,0.8068181818181819,0.5833333333333334,6,25,5
R1_PCA_85__GMM_DIAG__K4,254,0.3697526161304703,0.5895833333333333,0.4,9,24,5
R1_PCA_85__GMM_DIAG__K4,255,0.5840040475281862,0.8240740740740741,0.6296296296296297,5,27,5
R1_PCA_85__GMM_DIAG__K4,256,0.6403519180892,0.6543478260869565,0.21739130434782608,12,23,4
R1_PCA_85__GMM_DIAG__K4,257,0.33705009428548005,0.5715885816692269,0.2903225806451613,8,36,5
R1_PCA_85__GMM_DIAG__K4,258,0.08077038469591043,0.2478729603729604,0.038461538461538464,10,24,5
R1_PCA_85__GMM_DIAG__K4,259,0.35639560948718,0.494758064516129,0.12903225806451613,11,31,4
R1_PCA_85__GMM_DIAG__K4,260,0.15265256767557137,0.3649891774891775,0.12121212121212122,10,33,5
R1_PCA_85__GMM_DIAG__K4,261,0.5682295856145723,0.8316498316498318,0.6296296296296297,4,27,5
R1_PCA_85__GMM_DIAG__K4,262,0.3251546182703032,0.4703525641025641,0.0,9,23,5
R1_PCA_85__GMM_DIAG__K4,263,0.3880216891225764,0.6384581105169341,0.3235294117647059,6,33,4
R1_PCA_85__GMM_DIAG__K4,264,0.3546986668850982,0.680899064171123,0.4375,6,32,4
R1_PCA_85__GMM_DIAG__K4,265,0.2787227347256496,0.4742647058823529,0.14705882352941177,9,34,4
R1_PCA_85__GMM_DIAG__K4,266,0.7289859906604403,0.8668650793650794,0.7222222222222222,6,34,5
R1_PCA_85__GMM_DIAG__K4,267,0.6076368528163913,0.6339427662957076,0.0,10,27,5
R1_PCA_85__GMM_DIAG__K4,268,0.4856739883247004,0.6747159090909091,0.5454545454545454,11,21,5
R1_PCA_85__GMM_DIAG__K4,269,0.6797576080099222,0.8706317204301076,0.7083333333333334,5,24,5
R1_PCA_85__GMM_DIAG__K4,270,0.2563251463081886,0.3901284651791751,0.0,9,29,5
R1_PCA_85__GMM_DIAG__K4,271,0.27797045249733743,0.4658714447317388,0.1875,10,28,5
R1_PCA_85__GMM_DIAG__K4,272,0.2664040042322846,0.4686813186813186,0.14285714285714285,11,28,5
R1_PCA_85__GMM_DIAG__K4,273,0.6564803549702999,0.7958734813573523,0.7142857142857143,7,24,5
R1_PCA_85__GMM_DIAG__K4,274,0.5572841984513909,0.6187499999999999,0.2,12,25,4
R1_PCA_85__GMM_DIAG__K4,275,0.6128200568990043,0.6283398501140437,0.18181818181818182,12,22,5
R1_PCA_85__GMM_DIAG__K4,276,0.35925011706999593,0.6508248508248508,0.34285714285714286,6,37,5
R1_PCA_85__GMM_DIAG__K4,277,0.3814914502849905,0.5632783882783883,0.2,6,39,5
R1_PCA_85__GMM_DIAG__K4,278,0.34461392304850375,0.5206325932132384,0.2903225806451613,9,32,5
R1_PCA_85__GMM_DIAG__K4,279,0.2386174239474135,0.6074884792626728,0.3870967741935484,4,40,4
R1_PCA_85__GMM_DIAG__K4,280,0.1452203302849399,0.44168450579464086,0.043478260869565216,6,38,5
R1_PCA_85__GMM_DIAG__K4,281,0.2669539128071196,0.5231054787506401,0.3225806451612903,9,35,5
R1_PCA_85__GMM_DIAG__K4,282,0.27296473661297344,0.5468137254901961,0.4666666666666667,9,30,4
R1_PCA_85__GMM_DIAG__K4,283,0.1466801312799798,0.4012620444072057,0.14285714285714285,9,28,5
R1_PCA_85__GMM_DIAG__K4,284,0.9003609464818858,0.955827067669173,0.8947368421052632,6,26,5
R1_PCA_85__GMM_DIAG__K4,285,0.16056764203244078,0.3653846153846154,0.0,5,41,5
R1_PCA_85__GMM_DIAG__K4,286,0.16039378966489007,0.5238095238095238,0.3333333333333333,5,27,5
R1_PCA_85__GMM_DIAG__K4,287,0.4683675649281289,0.5661849222447599,0.20689655172413793,9,29,5
R1_PCA_85__GMM_DIAG__K4,288,0.3587892457026022,0.5801564027370478,0.2903225806451613,9,33,5
R1_PCA_85__GMM_DIAG__K4,289,0.42395037110889555,0.7008928571428571,0.375,6,35,5
R1_PCA_85__GMM_DIAG__K4,290,0.07077536878576303,0.30550148312940306,0.13793103448275862,5,29,5
R1_PCA_85__GMM_DIAG__K4,291,0.34862782002696036,0.5914323132065067,0.3870967741935484,9,32,4
R1_PCA_85__GMM_DIAG__K4,292,0.04445515947894559,0.20779675251959687,0.0,3,42,5
R1_PCA_85__GMM_DIAG__K4,293,0.1727704323080741,0.4182551319648094,0.16666666666666666,9,24,5
R1_PCA_85__GMM_DIAG__K4,294,0.0559961070366306,0.20161064425770306,0.058823529411764705,1,35,5
R1_PCA_85__GMM_DIAG__K4,295,0.20129247235825717,0.5492424242424242,0.3,5,40,5
R1_PCA_85__GMM_DIAG__K4,296,0.2520264161929424,0.6107962697274031,0.35294117647058826,5,41,5
R1_PCA_85__GMM_DIAG__K4,297,0.16208710903244666,0.4626984126984127,0.0,2,45,5
R1_PCA_85__GMM_DIAG__K4,298,0.3694744597249509,0.5255608974358974,0.25,12,22,5
R1_PCA_85__GMM_DIAG__K4,299,0.35959657001156525,0.5830148869892785,0.27586206896551724,7,34,5
R1_PCA_85__GMM_DIAG__K4,300,0.3485732520882656,0.5649813895781638,0.3333333333333333,10,31,5
R1_PCA_85__GMM_DIAG__K4,301,0.4123946940117892,0.6297971491228069,0.3333333333333333,6,32,5
R1_PCA_85__GMM_DIAG__K4,302,0.27510424700995767,0.4518981018981019,0.36363636363636365,8,35,5
R1_PCA_85__GMM_DIAG__K4,303,0.21311338918665765,0.4111727150537634,0.0967741935483871,8,31,5
R1_PCA_85__GMM_DIAG__K4,304,0.4265330649376363,0.5248626373626374,0.0,9,29,5
R1_PCA_85__GMM_DIAG__K4,305,0.37283970841182734,0.6285714285714286,0.3333333333333333,5,35,5
R1_PCA_85__GMM_DIAG__K4,306,0.3592357238221215,0.609077380952381,0.3125,9,35,5
R1_PCA_85__GMM_DIAG__K4,307,0.724647654455596,0.8720853858784894,0.7619047619047619,6,23,5
R1_PCA_85__GMM_DIAG__K4,308,0.34217900115378275,0.5574905824398725,0.11764705882352941,5,34,5
R1_PCA_85__GMM_DIAG__K4,309,0.11032182613592065,0.421875,0.0,5,39,5
R1_PCA_85__GMM_DIAG__K4,310,0.0939654023257547,0.31008215922009025,0.13793103448275862,8,29,5
R1_PCA_85__GMM_DIAG__K4,311,0.3509252162487682,0.5759408602150538,0.3870967741935484,11,28,5
R1_PCA_85__GMM_DIAG__K4,312,0.3728374666761511,0.47876344086021505,0.0,8,31,5
R1_PCA_85__GMM_DIAG__K4,313,0.5051767839498217,0.5622171945701357,0.0,10,29,5
R1_PCA_85__GMM_DIAG__K4,314,0.12074709798708486,0.3574825711922486,0.3333333333333333,11,24,5
R1_PCA_85__GMM_DIAG__K4,315,0.3152270419474877,0.5127356514453288,0.3548387096774194,8,35,5
R1_PCA_85__GMM_DIAG__K4,316,0.3718997616440121,0.6719924812030076,0.35714285714285715,5,38,5
R1_PCA_85__GMM_DIAG__K4,317,0.2701176944465566,0.41175595238095236,0.0,8,30,5
R1_PCA_85__GMM_DIAG__K4,318,0.4445453048541066,0.6991946778711484,0.39285714285714285,6,34,5
R1_PCA_85__GMM_DIAG__K4,319,0.4129344149496416,0.5484260710553814,0.20833333333333334,10,24,5
R1_PCA_85__GMM_DIAG__K4,320,0.3745924562750866,0.5234126984126984,0.3,8,27,5
R1_PCA_85__GMM_DIAG__K4,321,0.1543015670389096,0.4502467105263158,0.0,6,37,5
R1_PCA_85__GMM_DIAG__K4,322,0.23896161526514312,0.46824499030381384,0.19230769230769232,10,26,5
R1_PCA_85__GMM_DIAG__K4,323,0.1981304189182145,0.4462649917287014,0.41935483870967744,8,30,5
R1_PCA_85__GMM_DIAG__K4,324,0.31547774937021855,0.6232275788727402,0.3225806451612903,5,39,5
R1_PCA_85__GMM_DIAG__K4,325,0.8100127357065826,0.9080882352941176,0.8333333333333334,5,33,4
R1_PCA_85__GMM_DIAG__K4,326,0.393438854311233,0.6613839285714286,0.4,7,32,5
R1_PCA_85__GMM_DIAG__K4,327,0.3848703702113408,0.600464320625611,0.36666666666666664,11,31,5
R1_PCA_85__GMM_DIAG__K4,328,0.7189806678383128,0.8847826086956521,0.7391304347826086,6,25,5
R1_PCA_85__GMM_DIAG__K4,329,0.767261364064056,0.8783730158730159,0.7857142857142857,5,36,5
R1_PCA_85__GMM_DIAG__K4,330,0.8278750354084732,0.868856633562516,0.7142857142857143,7,31,5
R1_PCA_85__GMM_DIAG__K4,331,0.391086757590754,0.665191981193679,0.2903225806451613,5,38,5
R1_PCA_85__GMM_DIAG__K4,332,0.12354518835658572,0.3239319965126417,0.0,9,36,5
R1_PCA_85__GMM_DIAG__K4,333,0.04793422090980831,0.2760780885780886,0.0,4,39,5
R1_PCA_85__GMM_DIAG__K4,334,0.286196352244228,0.46450684731934727,0.3333333333333333,9,32,5
R1_PCA_85__GMM_DIAG__K4,335,0.7236545066451165,0.8648073476702509,0.7777777777777778,6,25,5
R1_PCA_85__GMM_DIAG__K4,336,0.3235325339222416,0.5350153318903319,0.3125,9,33,5
R1_PCA_85__GMM_DIAG__K4,337,0.26182109952134575,0.49398148148148147,0.25,8,26,5
R1_PCA_85__GMM_DIAG__K4,338,0.5192473081289346,0.6650375939849624,0.4,10,23,5
R1_PCA_85__GMM_DIAG__K4,339,0.31039740626605034,0.5416922604422605,0.30303030303030304,8,37,5
R1_PCA_85__GMM_DIAG__K4,340,0.2802587436469194,0.5292104432729432,0.34375,7,37,5
R1_PCA_85__GMM_DIAG__K4,341,0.8082836958027427,0.8254662004662005,0.625,8,31,5
R1_PCA_85__GMM_DIAG__K4,342,0.22836270166063516,0.4474789915966386,0.14705882352941177,9,34,5
R1_PCA_85__GMM_DIAG__K4,343,0.6518454935622318,0.84593837535014,0.6190476190476191,6,29,5
R1_PCA_85__GMM_DIAG__K4,344,0.07394532455413078,0.410427807486631,0.0,4,44,5
R1_PCA_85__GMM_DIAG__K4,345,0.34771649573861396,0.6634182381086405,0.3235294117647059,5,38,5
R1_PCA_85__GMM_DIAG__K4,346,0.4305647176007912,0.6671637154395775,0.27586206896551724,5,37,5
R1_PCA_85__GMM_DIAG__K4,347,0.3061136167883676,0.5483030913978495,0.34375,11,31,5
R1_PCA_85__GMM_DIAG__K4,348,0.10217517588588394,0.309796626984127,0.2,6,36,5
R1_PCA_85__GMM_DIAG__K4,349,0.2221542183890312,0.45324675324675323,0.2727272727272727,9,35,5
R1_PCA_85__GMM_DIAG__K4,350,0.20480050901192448,0.39688275434243175,0.125,11,24,5
R1_PCA_85__GMM_DIAG__K4,351,0.11933701884290328,0.33896103896103896,0.0,8,30,5
R1_PCA_85__GMM_DIAG__K4,352,0.4204272865673822,0.5603119492885136,0.3333333333333333,11,23,5
R1_PCA_85__GMM_DIAG__K4,353,0.29035843712884857,0.6269480519480519,0.30303030303030304,5,42,5
R1_PCA_85__GMM_DIAG__K4,354,0.400513489485098,0.5976190476190476,0.26666666666666666,8,35,5
R1_PCA_85__GMM_DIAG__K4,355,0.6009057711585278,0.6260416666666666,0.2,11,25,5
R1_PCA_85__GMM_DIAG__K4,356,0.32305781150954876,0.475,0.3333333333333333,10,32,5
R1_PCA_85__GMM_DIAG__K4,357,0.4490957227341494,0.7012452107279694,0.43333333333333335,5,30,5
R1_PCA_85__GMM_DIAG__K4,358,0.443726612185995,0.6871872887085869,0.3448275862068966,6,34,4
R1_PCA_85__GMM_DIAG__K4,359,0.5815499982314032,0.7741666666666667,0.6666666666666666,8,25,5
R1_PCA_85__GMM_DIAG__K4,360,0.3805779063118904,0.6382352941176471,0.35294117647058826,5,34,5
R1_PCA_85__GMM_DIAG__K4,361,0.10747721882411684,0.44166666666666665,0.0,4,45,5
R1_PCA_85__GMM_DIAG__K4,362,0.43828802487819013,0.6604105571847508,0.3870967741935484,5,33,5
R1_PCA_85__GMM_DIAG__K4,363,0.01837646712174041,0.2445945945945946,0.0,3,37,5
R1_PCA_85__GMM_DIAG__K4,364,0.3682432655905135,0.6120535714285714,0.43333333333333335,9,28,5
R1_PCA_85__GMM_DIAG__K4,365,0.1275546214842533,0.37600160256410253,0.0,6,39,5
R1_PCA_85__GMM_DIAG__K4,366,0.5507858989617105,0.766025641025641,0.5,6,32,4
R1_PCA_85__GMM_DIAG__K4,367,0.36057911015846467,0.6592902711323764,0.3333333333333333,6,38,5
R1_PCA_85__GMM_DIAG__K4,368,0.5683363268051929,0.8069581280788177,0.6071428571428571,4,29,4
R1_PCA_85__GMM_DIAG__K4,369,0.1223271015403211,0.30624156545209175,0.0,3,38,5
R1_PCA_85__GMM_DIAG__K4,370,0.10338156034400281,0.3223958333333333,0.15625,8,32,5
R1_PCA_85__GMM_DIAG__K4,371,0.7238698889378481,0.8734299516908213,0.7777777777777778,6,23,5
R1_PCA_85__GMM_DIAG__K4,372,0.6257484237721722,0.7721804511278196,0.631578947368421,7,27,5
R1_PCA_85__GMM_DIAG__K4,373,0.30553706126093666,0.4423076923076923,0.0,2,39,5
R1_PCA_85__GMM_DIAG__K4,374,0.31349463087316065,0.5652777777777778,0.3333333333333333,9,36,5
R1_PCA_85__GMM_DIAG__K4,375,0.34683740151869874,0.6424107142857143,0.3125,5,35,5
R1_PCA_85__GMM_DIAG__K4,376,0.14913903203947868,0.5327043223256407,0.34782608695652173,5,33,5
R1_PCA_85__GMM_DIAG__K4,377,0.3683890313328408,0.535957993619284,0.32142857142857145,9,31,5
R1_PCA_85__GMM_DIAG__K4,378,0.18425041159240302,0.44006102877070624,0.0,6,36,4
R1_PCA_85__GMM_DIAG__K4,379,0.7198384545427117,0.8745378044115771,0.782608695652174,6,26,5
R1_PCA_85__GMM_DIAG__K4,380,0.2141110864162609,0.44554924242424243,0.3125,7,36,5
R1_PCA_85__GMM_DIAG__K4,381,0.19691875959356253,0.40976013234077746,0.2903225806451613,8,33,5
R1_PCA_85__GMM_DIAG__K4,382,0.29627462153296474,0.6456935975609756,0.34375,5,41,5
R1_PCA_85__GMM_DIAG__K4,383,0.16505942823482467,0.3614302364302364,0.0,4,42,5
R1_PCA_85__GMM_DIAG__K4,384,0.38005711078426957,0.5660618279569892,0.3225806451612903,6,35,5
R1_PCA_85__GMM_DIAG__K4,385,0.5858133183950703,0.7563856960408685,0.6551724137931034,6,26,5
R1_PCA_85__GMM_DIAG__K4,386,0.3310663197255388,0.5729124285575898,0.3225806451612903,9,37,5
R1_PCA_85__GMM_DIAG__K4,387,0.17107533182803542,0.36071428571428577,0.0,2,31,5
R1_PCA_85__GMM_DIAG__K4,388,0.11682924263147611,0.3502796592775041,0.16666666666666666,9,24,5
R1_PCA_85__GMM_DIAG__K4,389,0.12885634409556795,0.355413665799189,0.0,6,41,5
R1_PCA_85__GMM_DIAG__K4,390,0.10712241580622267,0.4296511627906977,0.0,4,42,5
R1_PCA_85__GMM_DIAG__K4,391,0.3614936749288942,0.5829301075268817,0.36666666666666664,11,31,5
R1_PCA_85__GMM_DIAG__K4,392,0.21335543256771336,0.4587789661319073,0.0,6,34,5
R1_PCA_85__GMM_DIAG__K4,393,0.4078212886199451,0.6210513624306727,0.3793103448275862,9,33,5
R1_PCA_85__GMM_DIAG__K4,394,0.31533405441384477,0.5363279720490347,0.35294117647058826,9,31,5
R1_PCA_85__GMM_DIAG__K4,395,0.16662188202958858,0.3508275261324042,0.0,1,41,5
R1_PCA_85__GMM_DIAG__K4,396,0.4595986909228771,0.5636363636363637,0.22727272727272727,9,22,5
R1_PCA_85__GMM_DIAG__K4,397,0.23206566163024883,0.41119047619047616,0.16666666666666666,10,24,5
R1_PCA_85__GMM_DIAG__K4,398,0.5372299736034046,0.6255499482401656,0.3333333333333333,9,23,5
R1_PCA_85__GMM_DIAG__K4,399,0.5333907394303156,0.7875384024577573,0.6071428571428571,5,27,5
R1_PCA_85__GMM_DIAG__K4,400,0.31917459394565845,0.5346041055718476,0.3333333333333333,10,31,5
R1_PCA_85__GMM_DIAG__K4,401,0.09991438391575708,0.34666053921568624,0.14705882352941177,9,34,5
R1_PCA_85__GMM_DIAG__K4,402,0.22126179417216887,0.5178571428571428,0.3,6,35,5
R1_PCA_85__GMM_DIAG__K4,403,0.5089547947060028,0.6868279569892473,0.5,10,23,5
R1_PCA_85__GMM_DIAG__K4,404,0.25983771415423884,0.4219114219114219,0.0,3,39,5
R1_PCA_85__GMM_DIAG__K4,405,0.14241365929375244,0.49746148459383754,0.2619047619047619,5,42,5
R1_PCA_85__GMM_DIAG__K4,406,0.5360688249545397,0.5817011304108077,0.16,11,25,5
R1_PCA_85__GMM_DIAG__K4,407,0.26972664154354764,0.504699601473795,0.3870967741935484,9,33,5
R1_PCA_85__GMM_DIAG__K4,408,0.4824843956748954,0.6654377880184331,0.2903225806451613,6,35,5
R1_PCA_85__GMM_DIAG__K4,409,0.08427414981413739,0.2993421052631579,0.0,4,38,5
R1_PCA_85__GMM_DIAG__K4,410,0.4225805370252422,0.5427170868347339,0.0,10,32,5
R1_PCA_85__GMM_DIAG__K4,411,0.39375209942895534,0.6248030462184875,0.34375,7,34,5
R1_PCA_85__GMM_DIAG__K4,412,0.36441494781483214,0.5506077256077256,0.3,10,28,5
R1_PCA_85__GMM_DIAG__K4,413,0.35374113896500164,0.5406565656565656,0.3,9,33,5
R1_PCA_85__GMM_DIAG__K4,414,0.20215051123740319,0.39444444444444443,0.0,7,36,5
R1_PCA_85__GMM_DIAG__K4,415,0.3386154898280494,0.5229367406786761,0.3548387096774194,11,31,5
R1_PCA_85__GMM_DIAG__K4,416,0.41432093509994855,0.5987891737891737,0.5,10,27,5
R1_PCA_85__GMM_DIAG__K4,417,0.22048573016403594,0.45870535714285715,0.0,6,35,4
R1_PCA_85__GMM_DIAG__K4,418,0.35618578796720085,0.551948051948052,0.2,11,21,5
R1_PCA_85__GMM_DIAG__K4,419,0.2959423205902079,0.5116080156402737,0.3333333333333333,10,31,5
R1_PCA_85__GMM_DIAG__K4,420,0.4191074951190189,0.7132882882882883,0.36666666666666664,6,37,5
R1_PCA_85__GMM_DIAG__K4,421,0.019535651727638874,0.3051948051948052,0.0,4,44,5
R1_PCA_85__GMM_DIAG__K4,422,0.5608183233266623,0.6167582417582418,0.0,13,26,5
R1_PCA_85__GMM_DIAG__K4,423,0.11462138580270241,0.48933189655172415,0.3,5,28,5
R1_PCA_85__GMM_DIAG__K4,424,0.1314864626905488,0.382880930711854,0.21212121212121213,7,28,5
R1_PCA_85__GMM_DIAG__K4,425,0.3681864699444051,0.48881074168797956,0.0,7,37,5
R1_PCA_85__GMM_DIAG__K4,426,0.39242720873078685,0.6586647727272728,0.34375,6,33,5
R1_PCA_85__GMM_DIAG__K4,427,0.32705987213109133,0.5261136712749617,0.3333333333333333,10,31,5
R1_PCA_85__GMM_DIAG__K4,428,0.11578749588989619,0.4896750503415328,0.2558139534883721,4,43,5
R1_PCA_85__GMM_DIAG__K4,429,0.23992618618180303,0.4747252273343355,0.38235294117647056,7,31,5
R1_PCA_85__GMM_DIAG__K4,430,0.1376005815970788,0.2559428418803419,0.0,1,26,5
R1_PCA_85__GMM_DIAG__K4,431,0.4300652745753905,0.6981981981981982,0.3333333333333333,6,37,5
R1_PCA_85__GMM_DIAG__K4,432,0.6047953967645646,0.6347597597597598,0.0,9,28,5
R1_PCA_85__GMM_DIAG__K4,433,0.5024011624816147,0.7125915750915751,0.5384615384615384,8,30,5
R1_PCA_85__GMM_DIAG__K4,434,0.18746550932991576,0.4147465437788018,0.09523809523809523,6,36,5
R1_PCA_85__GMM_DIAG__K4,435,0.5673392505493878,0.7099358974358975,0.5,10,23,5
R1_PCA_85__GMM_DIAG__K4,436,0.3198228404784555,0.6321644042232278,0.3235294117647059,4,39,5
R1_PCA_85__GMM_DIAG__K4,437,0.24050535987748853,0.4157427937915743,0.0,3,41,5
R1_PCA_85__GMM_DIAG__K4,438,0.24772532687089144,0.44290676995418377,0.1724137931034483,11,29,5
R1_PCA_85__GMM_DIAG__K4,439,0.1909585951908537,0.4403747294372295,0.22727272727272727,10,22,5
R1_PCA_85__GMM_DIAG__K4,440,0.5286073492434602,0.6987847222222222,0.5555555555555556,9,23,5
R1_PCA_85__GMM_DIAG__K4,441,0.25685420293970396,0.575487012987013,0.25,5,44,5
R1_PCA_85__GMM_DIAG__K4,442,0.27262848505691983,0.6214142184035477,0.34375,5,41,5
R1_PCA_85__GMM_DIAG__K4,443,0.40400461798299364,0.5426797040169133,0.0,10,32,5
R1_PCA_85__GMM_DIAG__K4,444,0.39205931279979217,0.6411585365853658,0.23333333333333334,6,41,5
R1_PCA_85__GMM_DIAG__K4,445,0.2292177079336884,0.478242327919052,0.1875,5,37,5
R1_PCA_85__GMM_DIAG__K4,446,0.6854829350164713,0.8213122605363985,0.6111111111111112,6,21,5
R1_PCA_85__GMM_DIAG__K4,447,0.1146437095124446,0.36642758166371364,0.17391304347826086,7,23,5
R1_PCA_85__GMM_DIAG__K4,448,0.0879285893050805,0.3689684139784946,0.16129032258064516,7,31,5
R1_PCA_85__GMM_DIAG__K4,449,0.48997333951547467,0.6942307692307692,0.5333333333333333,9,26,5
R1_PCA_85__GMM_DIAG__K4,450,0.40447369565532537,0.632605945604048,0.3225806451612903,6,34,5
R1_PCA_85__GMM_DIAG__K4,451,0.3578508954602249,0.4753396029258098,0.0,1,32,5
R1_PCA_85__GMM_DIAG__K4,452,0.37216990065598043,0.5243606138107417,0.17391304347826086,11,23,5
R1_PCA_85__GMM_DIAG__K4,453,0.11557938957459156,0.3503042516200411,0.13513513513513514,5,37,5
R1_PCA_85__GMM_DIAG__K4,454,0.25557297702638215,0.41785446361590395,0.0,1,42,5
R1_PCA_85__GMM_DIAG__K4,455,0.6161013293247528,0.6813303419839922,0.5,10,24,5
R1_PCA_85__GMM_DIAG__K4,456,0.49739481480482467,0.5523182957393483,0.16666666666666666,10,24,5
R1_PCA_85__GMM_DIAG__K4,457,0.12330316742081449,0.4281832298136646,0.0,4,46,5
R1_PCA_85__GMM_DIAG__K4,458,0.02487844102848419,0.24888392857142855,0.0,9,35,6
R1_PCA_85__GMM_DIAG__K4,459,0.21109642319860297,0.45336438923395445,0.17391304347826086,10,23,4
R1_PCA_85__GMM_DIAG__K4,460,0.3371052387495335,0.531135531135531,0.2857142857142857,11,26,5
R1_PCA_85__GMM_DIAG__K4,461,0.5764377327265204,0.7117011278195489,0.5789473684210527,8,28,5
R1_PCA_85__GMM_DIAG__K4,462,0.2403677758318739,0.40374331550802145,0.0,10,30,5
R1_PCA_85__GMM_DIAG__K4,463,0.5219871676317025,0.671911421911422,0.38461538461538464,11,21,4
R1_PCA_85__GMM_DIAG__K4,464,0.33415095516245036,0.5188725490196078,0.26666666666666666,8,34,5
R1_PCA_85__GMM_DIAG__K4,465,0.21521537987046366,0.40894170168067223,0.25,8,34,5
R1_PCA_85__GMM_DIAG__K4,466,0.3522753897271589,0.6190550041356493,0.2903225806451613,6,39,5
R1_PCA_85__GMM_DIAG__K4,467,0.36273934513545963,0.5386764324604615,0.3103448275862069,9,24,5
R1_PCA_85__GMM_DIAG__K4,468,0.12936452459568068,0.36124005305039786,0.0,9,35,5
R1_PCA_85__GMM_DIAG__K4,469,0.6823564197513482,0.8445224130708002,0.7741935483870968,5,25,5
R1_PCA_85__GMM_DIAG__K4,470,0.4503464203233256,0.6385281385281385,0.35714285714285715,12,21,4
R1_PCA_85__GMM_DIAG__K4,471,0.38272032383441473,0.6404217404217405,0.3142857142857143,5,37,5
R1_PCA_85__GMM_DIAG__K4,472,0.3021797210999609,0.6125816993464053,0.3,5,36,5
R1_PCA_85__GMM_DIAG__K4,473,0.6011562793102491,0.7892783291976841,0.7096774193548387,5,25,5
R1_PCA_85__GMM_DIAG__K4,474,0.42733248442716043,0.6278735632183908,0.3448275862068966,9,32,5
R1_PCA_85__GMM_DIAG__K4,475,0.41297133520690577,0.6273205834057761,0.3793103448275862,7,30,5
R1_PCA_85__GMM_DIAG__K4,476,0.4438869817797729,0.5649954212454212,0.2,12,21,5
R1_PCA_85__GMM_DIAG__K4,477,0.610751021558405,0.64375,0.2,12,25,5
R1_PCA_85__GMM_DIAG__K4,478,0.4927279177013125,0.5872001262626263,0.22727272727272727,11,22,5
R1_PCA_85__GMM_DIAG__K4,479,0.4582629389043822,0.6319658251231527,0.3448275862068966,7,32,5
R1_PCA_85__GMM_DIAG__K4,480,0.3487487285084398,0.47791546688605513,0.0,10,32,5
R1_PCA_85__GMM_DIAG__K4,481,0.3363813461614917,0.6337719298245614,0.3333333333333333,6,38,5
R1_PCA_85__GMM_DIAG__K4,482,0.15302346192078758,0.49253472222222217,0.28125,5,45,5
R1_PCA_85__GMM_DIAG__K4,483,0.14645003338526597,0.45412660256410253,0.0,6,38,5
R1_PCA_85__GMM_DIAG__K4,484,0.627054418060111,0.7782142857142857,0.6785714285714286,7,25,5
R1_PCA_85__GMM_DIAG__K4,485,0.7183991472892373,0.8849431818181819,0.7272727272727273,6,27,5
R1_PCA_85__GMM_DIAG__K4,486,0.06557396548237841,0.41507936507936505,0.0,2,45,5
R1_PCA_85__GMM_DIAG__K4,487,0.07006755034412439,0.32352941176470584,0.0,8,37,5
R1_PCA_85__GMM_DIAG__K4,488,0.2336172942495789,0.5694500548213977,0.2903225806451613,5,43,5
R1_PCA_85__GMM_DIAG__K4,489,0.7347895193930555,0.8302790346907993,0.7647058823529411,5,34,5
R1_PCA_85__GMM_DIAG__K4,490,0.24580256969442182,0.39055691143180526,0.09375,9,32,5
R1_PCA_85__GMM_DIAG__K4,491,0.3728138945844892,0.6379699248120301,0.3,6,38,5
R1_PCA_85__GMM_DIAG__K4,492,0.5269212366539449,0.6048144257703081,0.20833333333333334,12,24,4
R1_PCA_85__GMM_DIAG__K4,493,0.6425396377417827,0.6337583984642808,0.0,6,34,5
R1_PCA_85__GMM_DIAG__K4,494,0.24672424439801383,0.515909090909091,0.2,5,26,5
R1_PCA_85__GMM_DIAG__K4,495,0.07100779172865695,0.3064804147465438,0.0,8,38,5
R1_PCA_85__GMM_DIAG__K4,496,0.3020338529470797,0.48437499999999994,0.3333333333333333,8,32,5
R1_PCA_85__GMM_DIAG__K4,497,0.39971801198449064,0.5434294871794871,0.25,12,26,5
R1_PCA_85__GMM_DIAG__K4,498,0.3152839946112729,0.549009324009324,0.4,10,26,5
R1_PCA_85__GMM_DIAG__K4,499,0.5477840913888162,0.6646825396825397,0.4444444444444444,9,26,5
R1_PCA_85__GMM_DIAG__K4,500,0.5301851724375302,0.6364583333333333,0.4,9,24,5
R1_PCA_85__GMM_DIAG__K4,501,0.27508875227292406,0.503176510989011,0.42857142857142855,8,28,5
R1_PCA_85__GMM_DIAG__K4,502,0.08111935767994762,0.43038194444444444,0.0,4,45,5
R1_PCA_85__GMM_DIAG__K4,503,0.4817442872859068,0.6000636672325976,0.2631578947368421,12,20,5
R1_PCA_85__GMM_DIAG__K4,504,0.1728441435985496,0.507703081232493,0.2857142857142857,6,42,5
R1_PCA_85__GMM_DIAG__K4,505,0.3824228028503563,0.671672077922078,0.375,6,33,4
R1_PCA_85__GMM_DIAG__K4,506,0.24510383908833328,0.5162964576074331,0.2857142857142857,8,41,5
R1_PCA_85__GMM_DIAG__K4,507,0.08305994631673129,0.41587752525252525,0.05555555555555555,5,44,4
R1_PCA_85__GMM_DIAG__K4,508,0.1569300862772468,0.34702650290885584,0.0,9,29,5
R1_PCA_85__GMM_DIAG__K4,509,0.2103325561418579,0.3853137993762994,0.0,9,25,5
R1_PCA_85__GMM_DIAG__K4,510,0.08536892470410476,0.24971737726098192,0.0,4,38,5
R1_PCA_85__GMM_DIAG__K4,511,0.21552108385049054,0.42715617715617715,0.0,6,39,5
R1_PCA_85__GMM_DIAG__K4,512,0.37406279913397505,0.6601190476190476,0.36666666666666664,6,36,4
R1_PCA_85__GMM_DIAG__K4,513,0.3788516940220469,0.6605173319327731,0.34375,6,34,4
R1_PCA_85__GMM_DIAG__K4,514,0.2197189665769451,0.40855654761904764,0.1,11,30,5
R1_PCA_85__GMM_DIAG__K4,515,0.09965875177864618,0.33514610389610394,0.13333333333333333,9,30,5
R1_PCA_85__GMM_DIAG__K4,516,0.08583414357035953,0.40229885057471265,0.0,1,51,5
R1_PCA_85__GMM_DIAG__K4,517,0.10613144001104781,0.35903488067138734,0.0,5,41,5
R1_PCA_85__GMM_DIAG__K4,518,0.29938784752566555,0.5434829059829059,0.3,9,36,5
R1_PCA_85__GMM_DIAG__K4,519,0.42283824644115514,0.691256157635468,0.3793103448275862,6,35,5
R1_PCA_85__GMM_DIAG__K4,520,0.41770087071530915,0.5529953917050692,0.25,11,24,5
R1_PCA_85__GMM_DIAG__K4,521,0.5198781229081229,0.5214285714285714,0.0,11,28,5
R1_PCA_85__GMM_DIAG__K4,522,0.2521417186877407,0.45416666666666666,0.3,9,35,5
R1_PCA_85__GMM_DIAG__K4,523,0.39405689236816166,0.5465029761904762,0.28125,7,35,5
R1_PCA_85__GMM_DIAG__K4,524,0.14692754509324366,0.4591883264933881,0.20930232558139536,5,43,5
R1_PCA_85__GMM_DIAG__K4,525,0.593614443019968,0.6927521008403361,0.5,11,30,5
R1_PCA_85__GMM_DIAG__K4,526,0.29624499767452556,0.4467241092241092,0.3142857142857143,9,33,5
R1_PCA_85__GMM_DIAG__K4,527,0.10288145219189679,0.330550428436969,0.14285714285714285,8,28,5
R1_PCA_85__GMM_DIAG__K4,528,0.45186843828555734,0.6144348894348894,0.4,9,28,5
R1_PCA_85__GMM_DIAG__K4,529,0.6822483445754306,0.7695906432748538,0.5555555555555556,9,22,4
R1_PCA_85__GMM_DIAG__K4,530,0.056109322835022554,0.33448540706605223,0.0,4,45,5
R1_PCA_85__GMM_DIAG__K4,531,0.4084841188343189,0.5807676518883416,0.4166666666666667,12,29,5
R1_PCA_85__GMM_DIAG__K4,532,0.33291183129040813,0.6297619047619047,0.3333333333333333,6,35,5
R1_PCA_85__GMM_DIAG__K4,533,0.10314507947243828,0.3681547619047619,0.21428571428571427,8,32,5
R1_PCA_85__GMM_DIAG__K4,534,0.3622973379130517,0.6215612934362935,0.3125,7,37,5
R1_PCA_85__GMM_DIAG__K4,535,0.6056646921894507,0.6447368421052632,0.0,11,27,5
R1_PCA_85__GMM_DIAG__K4,536,0.3216775478588027,0.5455373759305211,0.2903225806451613,9,32,5
R1_PCA_85__GMM_DIAG__K4,537,0.3862374355820541,0.6895866454689984,0.35294117647058826,5,37,5
R1_PCA_85__GMM_DIAG__K4,538,0.30823829116841106,0.44993238674780256,0.11764705882352941,8,34,5
R1_PCA_85__GMM_DIAG__K4,539,0.37062128222075347,0.672935520361991,0.375,6,34,4
R1_PCA_85__GMM_DIAG__K4,540,0.42224787623019633,0.6714285714285715,0.36666666666666664,6,35,4
R1_PCA_85__GMM_DIAG__K4,541,0.2567834445035678,0.6090348806713873,0.3548387096774194,5,41,5
R1_PCA_85__GMM_DIAG__K4,542,0.3022566121161468,0.5249575791855203,0.3125,10,34,5
R1_PCA_85__GMM_DIAG__K4,543,0.45474688317565004,0.716256157635468,0.3793103448275862,6,35,4
R1_PCA_85__GMM_DIAG__K4,544,0.2904943115720567,0.6281322843822844,0.375,6,39,5
R1_PCA_85__GMM_DIAG__K4,545,0.12329493846908182,0.48448773448773447,0.19047619047619047,5,36,5
R1_PCA_85__GMM_DIAG__K4,546,0.3685896181562216,0.6238931056293485,0.3548387096774194,6,31,5
R1_PCA_85__GMM_DIAG__K4,547,0.12468010749242725,0.331082154775147,0.14285714285714285,7,28,5
R1_PCA_85__GMM_DIAG__K4,548,0.408739695583637,0.6808823529411765,0.4,6,30,4
R1_PCA_85__GMM_DIAG__K4,549,0.32149560837299923,0.6479266347687401,0.36363636363636365,5,38,5
R1_PCA_85__GMM_DIAG__K4,550,0.8526828399331664,0.9363327674023769,0.8421052631578947,5,30,5
R1_PCA_85__GMM_DIAG__K4,551,0.3326212789415656,0.5683179723502304,0.4,10,31,4
R1_PCA_85__GMM_DIAG__K4,552,0.2733715372488176,0.5456211869624433,0.3548387096774194,7,38,5
R1_PCA_85__GMM_DIAG__K4,553,0.19226144573144102,0.39423616355593916,0.21739130434782608,9,23,5
R1_PCA_85__GMM_DIAG__K4,554,0.073455930837424,0.3006993006993007,0.0,3,39,4
R1_PCA_85__GMM_DIAG__K4,555,0.5671400504486068,0.793154761904762,0.625,6,27,5
R1_PCA_85__GMM_DIAG__K4,556,0.2593578479184586,0.46654542242777536,0.35294117647058826,7,37,5
R1_PCA_85__GMM_DIAG__K4,557,0.2950694452361532,0.4921875,0.0,5,33,5
R1_PCA_85__GMM_DIAG__K4,558,0.3737530637563923,0.6653673835125449,0.3225806451612903,4,36,5
R1_PCA_85__GMM_DIAG__K4,559,0.36751395528818975,0.5687436816469074,0.38461538461538464,11,27,5
R1_PCA_85__GMM_DIAG__K4,560,0.2090400045248503,0.38753818877158536,0.13513513513513514,6,37,5
R1_PCA_85__GMM_DIAG__K4,561,0.46426600272282387,0.5674529054916986,0.18518518518518517,11,27,5
R1_PCA_85__GMM_DIAG__K4,562,0.5505498756562587,0.7389636225843124,0.6206896551724138,7,26,5
R1_PCA_85__GMM_DIAG__K4,563,0.32856396835911006,0.6560173697270473,0.3548387096774194,5,39,5
R1_PCA_85__GMM_DIAG__K4,564,0.3763229945649953,0.5707109870416323,0.2903225806451613,8,36,5
R1_PCA_85__GMM_DIAG__K4,565,0.5762542474515291,0.586111111111111,0.0,8,27,5
R1_PCA_85__GMM_DIAG__K4,566,0.23363771501380334,0.5293436819172113,0.2916666666666667,6,23,5
R1_PCA_85__GMM_DIAG__K4,567,0.3242161752570364,0.534992784992785,0.3333333333333333,9,33,5
R1_PCA_85__GMM_DIAG__K4,568,0.05678508376600642,0.34760551948051954,0.0,4,44,5
R1_PCA_85__GMM_DIAG__K4,569,0.28679945982444294,0.5111013986013986,0.23076923076923078,11,30,5
R1_PCA_85__GMM_DIAG__K4,570,0.14205388130134078,0.38001638001638,0.0,8,37,5
R1_PCA_85__GMM_DIAG__K4,571,0.6997206703910615,0.8444444444444444,0.7222222222222222,6,25,5
R1_PCA_85__GMM_DIAG__K4,572,0.1434031178043035,0.35218855218855216,0.14814814814814814,8,27,5
R1_PCA_85__GMM_DIAG__K4,573,0.24857969771679708,0.4639992360580596,0.3235294117647059,10,33,5
R1_PCA_85__GMM_DIAG__K4,574,0.4402783081616638,0.6905241935483871,0.3870967741935484,5,32,4
R1_PCA_85__GMM_DIAG__K4,575,0.06057608849235986,0.29826839826839824,0.0,6,33,5
R1_PCA_85__GMM_DIAG__K4,576,0.40149667382732157,0.7097169512966477,0.45161290322580644,6,34,5
R1_PCA_85__GMM_DIAG__K4,577,0.034053564969089754,0.2452651515151515,0.0,1,40,5
R1_PCA_85__GMM_DIAG__K4,578,0.07380135486901075,0.31458664546899845,0.0,6,37,5
R1_PCA_85__GMM_DIAG__K4,579,0.6600670741049692,0.6491754122938531,0.21739130434782608,11,23,5
R1_PCA_85__GMM_DIAG__K4,580,0.41352212025749896,0.6409370199692781,0.4,7,31,5
R1_PCA_85__GMM_DIAG__K4,581,0.09248311303939813,0.40252976190476186,0.28125,7,25,5
R1_PCA_85__GMM_DIAG__K4,582,0.3585454423186846,0.6130564120809614,0.34375,6,31,5
R1_PCA_85__GMM_DIAG__K4,583,0.30660458271884106,0.5145454545454545,0.24,9,25,5
R1_PCA_85__GMM_DIAG__K4,584,0.21346460590726582,0.4103334405058543,0.1724137931034483,8,29,5
R1_PCA_85__GMM_DIAG__K4,585,0.14233859054265094,0.3845352564102564,0.2,9,25,5
R1_PCA_85__GMM_DIAG__K4,586,0.23197356357737994,0.4745798319327731,0.0,3,34,5
R1_PCA_85__GMM_DIAG__K4,587,0.46688109357724394,0.6433879020085916,0.4074074074074074,11,29,4
R1_PCA_85__GMM_DIAG__K4,588,0.11309157959434542,0.36407520325203246,0.0,4,41,5
R1_PCA_85__GMM_DIAG__K4,589,0.2790438247011952,0.5315315315315315,0.06666666666666667,4,37,5
R1_PCA_85__GMM_DIAG__K4,590,0.33290850550040246,0.6040552584670231,0.3333333333333333,6,33,5
R1_PCA_85__GMM_DIAG__K4,591,0.4197996646127021,0.49583333333333335,0.0,11,26,5
R1_PCA_85__GMM_DIAG__K4,592,0.36427145708582837,0.48877164502164505,0.15151515151515152,6,33,5
R1_PCA_85__GMM_DIAG__K4,593,0.4495045039401646,0.513739224137931,0.0,1,31,5
R1_PCA_85__GMM_DIAG__K4,594,0.517208821347481,0.7080026455026455,0.5357142857142857,9,27,5
R1_PCA_85__GMM_DIAG__K4,595,0.07219959938557097,0.3690849673202614,0.26666666666666666,8,33,5
R1_PCA_85__GMM_DIAG__K4,596,0.08962892483349191,0.43117559523809523,0.0,4,42,5
R1_PCA_85__GMM_DIAG__K4,597,0.4767127417166872,0.5973214285714286,0.3333333333333333,10,24,5
R1_PCA_85__GMM_DIAG__K4,598,0.23765691730296362,0.46644144144144145,0.0,5,37,5
R1_PCA_85__GMM_DIAG__K4,599,0.08157941896816073,0.27878118503118504,0.0,3,37,5
R1_PCA_85__GMM_DIAG__K4,600,0.353141736083094,0.6519230769230769,0.3,5,39,5
R1_PCA_85__GMM_DIAG__K4,601,0.4296168929621128,0.663296568627451,0.3333333333333333,6,32,4
R1_PCA_85__GMM_DIAG__K4,602,0.6313980624031561,0.6388888888888888,0.0,11,25,5
R1_PCA_85__GMM_DIAG__K4,603,0.5431665898895197,0.6479068158228578,0.38461538461538464,10,23,5
R1_PCA_85__GMM_DIAG__K4,604,0.2704926498433573,0.4960830395613004,0.21621621621621623,6,28,5
R1_PCA_85__GMM_DIAG__K4,605,0.4412868552373471,0.6828725038402458,0.4838709677419355,7,30,4
R1_PCA_85__GMM_DIAG__K4,606,0.7289977728285078,0.8800940438871474,0.7272727272727273,6,23,5
R1_PCA_85__GMM_DIAG__K4,607,0.09309616967672367,0.4192832538420774,0.08333333333333333,6,37,5
R1_PCA_85__GMM_DIAG__K4,608,0.16021137213766898,0.44933829611248965,0.0,6,39,4
R1_PCA_85__GMM_DIAG__K4,609,0.36744134967809244,0.56388450259418,0.3548387096774194,10,33,5
R1_PCA_85__GMM_DIAG__K4,610,0.3235768660664705,0.5343406593406593,0.4230769230769231,9,24,5
R1_PCA_85__GMM_DIAG__K4,611,0.050125938868592436,0.31442577030812324,0.0,3,42,5
R1_PCA_85__GMM_DIAG__K4,612,0.11454374068780977,0.42060574229691877,0.17647058823529413,7,40,5
R1_PCA_85__GMM_DIAG__K4,613,0.3953722723925429,0.6576218772738297,0.35714285714285715,6,31,4
R1_PCA_85__GMM_DIAG__K4,614,0.17961908818536523,0.48333333333333334,0.16666666666666666,4,30,5
R1_PCA_85__GMM_DIAG__K4,615,0.6880623875224955,0.6544117647058824,0.0,10,24,5
R1_PCA_85__GMM_DIAG__K4,616,0.6612663074305162,0.7937229437229438,0.7142857142857143,7,22,5
R1_PCA_85__GMM_DIAG__K4,617,0.224475159733994,0.4928075396825397,0.3125,9,36,5
R1_PCA_85__GMM_DIAG__K4,618,0.2627226645576623,0.4947865754317367,0.3225806451612903,8,36,5
R1_PCA_85__GMM_DIAG__K4,619,0.42798532888297225,0.628921568627451,0.3333333333333333,5,34,5
R1_PCA_85__GMM_DIAG__K4,620,0.16153564195505926,0.35897435897435903,0.0,1,44,5
R1_PCA_85__GMM_DIAG__K4,621,0.5774423622816794,0.7772190293742017,0.6551724137931034,8,27,5
R1_PCA_85__GMM_DIAG__K4,622,0.057921460763816136,0.29598108747044916,0.0,1,47,5
R1_PCA_85__GMM_DIAG__K4,623,0.4581558138166906,0.5156485671191554,0.0,10,34,5
R1_PCA_85__GMM_DIAG__K4,624,0.33500638323918785,0.5014507422402159,0.15384615384615385,9,26,5
R1_PCA_85__GMM_DIAG__K4,625,0.34122499220692026,0.6593870656370656,0.375,4,37,5
R1_PCA_85__GMM_DIAG__K4,626,0.3447090062246986,0.5698074913592155,0.5454545454545454,8,29,5
R1_PCA_85__GMM_DIAG__K4,627,0.5804847120041103,0.5868421052631578,0.0,10,23,5
R1_PCA_85__GMM_DIAG__K4,628,0.4513474609208879,0.6474747474747474,0.4444444444444444,9,25,4
R1_PCA_85__GMM_DIAG__K4,629,0.3337129840546697,0.524702380952381,0.35714285714285715,12,26,5
R1_PCA_85__GMM_DIAG__K4,630,0.32606976539847116,0.492989417989418,0.2222222222222222,9,26,5
R1_PCA_85__GMM_DIAG__K4,631,0.3717192002808324,0.6347222222222222,0.26666666666666666,6,36,5
R1_PCA_85__GMM_DIAG__K4,632,0.16698331548585443,0.43472222222222223,0.2222222222222222,8,30,5
R1_PCA_85__GMM_DIAG__K4,633,0.6964840635829687,0.8554804804804805,0.6111111111111112,4,34,5
R1_PCA_85__GMM_DIAG__K4,634,0.32046397786527614,0.527855586679116,0.2962962962962963,8,34,5
R1_PCA_85__GMM_DIAG__K4,635,0.39763275652144126,0.5355774312896406,0.0,9,30,5
R1_PCA_85__GMM_DIAG__K4,636,0.4697196162611968,0.5680555555555555,0.0,9,31,5
R1_PCA_85__GMM_DIAG__K4,637,0.32708796443315336,0.6455043859649123,0.375,6,38,5
R1_PCA_85__GMM_DIAG__K4,638,0.5026192934558837,0.5710895721925133,0.0,9,27,5
R1_PCA_85__GMM_DIAG__K4,639,0.2730273962219658,0.44924719887955183,0.125,6,32,5
R1_PCA_85__GMM_DIAG__K4,640,0.35259336568448996,0.6675462523719166,0.3870967741935484,4,34,4
R1_PCA_85__GMM_DIAG__K4,641,0.5317533461288059,0.6150793650793651,0.5,8,30,5
R1_PCA_85__GMM_DIAG__K4,642,0.2669752927166041,0.41680672268907565,0.11428571428571428,7,35,5
R1_PCA_85__GMM_DIAG__K4,643,0.5769010983249888,0.5240384615384616,0.0,9,32,6
R1_PCA_85__GMM_DIAG__K4,644,0.4279838605810951,0.7041125541125541,0.43333333333333335,6,33,5
R1_PCA_85__GMM_DIAG__K4,645,0.09475844767950131,0.43898809523809523,0.0,4,42,5
R1_PCA_85__GMM_DIAG__K4,646,0.07362087695631932,0.4192708333333333,0.0,4,45,5
R1_PCA_85__GMM_DIAG__K4,647,0.08845860490916656,0.3235951468710089,0.18518518518518517,7,27,5
R1_PCA_85__GMM_DIAG__K4,648,0.21858215965955663,0.39251893939393934,0.0,1,43,5
R1_PCA_85__GMM_DIAG__K4,649,0.14149905736717988,0.3713873626373626,0.16,9,25,5
R1_PCA_85__GMM_DIAG__K4,650,0.21993275282351926,0.35963748894783376,0.0,9,24,5
R1_PCA_85__GMM_DIAG__K4,651,0.28151742527595186,0.6011324041811846,0.3,5,41,5
R1_PCA_85__GMM_DIAG__K4,652,0.3860634608078241,0.6870519713261649,0.3870967741935484,6,36,5
R1_PCA_85__GMM_DIAG__K4,653,0.411260541547187,0.6832157258064516,0.45161290322580644,8,32,5
R1_PCA_85__GMM_DIAG__K4,654,0.5040472447885296,0.6122948500282965,0.2631578947368421,13,19,5
R1_PCA_85__GMM_DIAG__K4,655,0.11421155094094744,0.45229885057471264,0.2222222222222222,6,45,5
R1_PCA_85__GMM_DIAG__K4,656,0.03626323916483273,0.2957251082251082,0.0,7,42,5
R1_PCA_85__GMM_DIAG__K4,657,0.7666972793987548,0.880656108597285,0.8235294117647058,6,30,5
R1_PCA_85__GMM_DIAG__K4,658,0.9483592400690847,0.9777777777777779,0.9444444444444444,6,30,5
R1_PCA_85__GMM_DIAG__K4,659,0.2096884453206172,0.45288825757575757,0.30303030303030304,8,31,5
R1_PCA_85__GMM_DIAG__K4,660,0.3871316250626774,0.594047619047619,0.3,7,35,5
R1_PCA_85__GMM_DIAG__K4,661,0.29046018691070546,0.5526469144890198,0.30303030303030304,6,38,5
R1_PCA_85__GMM_DIAG__K4,662,0.15406559913923368,0.35238095238095235,0.0,10,31,5
R1_PCA_85__GMM_DIAG__K4,663,0.34391494668526895,0.5236644285505766,0.3548387096774194,10,34,5
R1_PCA_85__GMM_DIAG__K4,664,0.5952723625103581,0.747926267281106,0.6,10,21,5
R1_PCA_85__GMM_DIAG__K4,665,0.5690575385654768,0.7523148148148148,0.5925925925925926,8,27,5
R1_PCA_85__GMM_DIAG__K4,666,0.7842759115576087,0.8482142857142857,0.7142857142857143,7,23,5
R1_PCA_85__GMM_DIAG__K4,667,0.2731642667507596,0.4985119047619047,0.3333333333333333,11,30,5
R1_PCA_85__GMM_DIAG__K4,668,0.3024822779451628,0.4569128787878788,0.0,9,33,5
R1_PCA_85__GMM_DIAG__K4,669,0.3343478200170322,0.5299120234604106,0.3548387096774194,11,31,5
R1_PCA_85__GMM_DIAG__K4,670,0.17265379434216435,0.49487327188940095,0.25806451612903225,6,29,5
R1_PCA_85__GMM_DIAG__K4,671,0.3799851536263214,0.5406565656565656,0.3,9,33,5
R1_PCA_85__GMM_DIAG__K4,672,0.11800650840136104,0.3489306392532199,0.16129032258064516,8,31,5
R1_PCA_85__GMM_DIAG__K4,673,0.3795807056417249,0.6387648809523809,0.28125,6,36,5
R1_PCA_85__GMM_DIAG__K4,674,0.35588889537409935,0.5728075687753107,0.3333333333333333,10,31,5
R1_PCA_85__GMM_DIAG__K4,675,0.3085459488497213,0.44131944444444443,0.3,9,36,5
R1_PCA_85__GMM_DIAG__K4,676,0.276668967862258,0.3915954968944099,0.0,1,27,5
R1_PCA_85__GMM_DIAG__K4,677,0.4058800724496473,0.680952380952381,0.36666666666666664,7,36,4
R1_PCA_85__GMM_DIAG__K4,678,0.18519902067189983,0.3943878263297501,0.15789473684210525,7,38,5
R1_PCA_85__GMM_DIAG__K4,679,0.30406364891940785,0.43068910256410253,0.0,2,39,4
R1_PCA_85__GMM_DIAG__K4,680,0.1942057908266811,0.45049558284852403,0.3333333333333333,9,33,5
R1_PCA_85__GMM_DIAG__K4,681,0.19907286253691728,0.4941622103386809,0.23333333333333334,6,44,5
R1_PCA_85__GMM_DIAG__K4,682,0.6771675890449836,0.6470588235294118,0.0,10,24,5
R1_PCA_85__GMM_DIAG__K4,683,0.13539192399049882,0.4998764822134388,0.2608695652173913,6,33,5
R1_PCA_85__GMM_DIAG__K4,684,0.4703231278375547,0.6485294117647058,0.3,6,34,5
R1_PCA_85__GMM_DIAG__K4,685,0.2353500269279207,0.4172607752778531,0.0967741935483871,6,31,5
R1_PCA_85__GMM_DIAG__K4,686,0.40958115586270605,0.519489247311828,0.16129032258064516,9,31,5
R1_PCA_85__GMM_DIAG__K4,687,0.4034866266375546,0.6144345238095238,0.4375,8,30,4
R1_PCA_85__GMM_DIAG__K4,688,0.0877362164567995,0.4234625668449198,0.0,3,44,5
R1_PCA_85__GMM_DIAG__K4,689,0.33535588880610223,0.553475935828877,0.2727272727272727,9,34,5
R1_PCA_85__GMM_DIAG__K4,690,0.3382785916684121,0.6326121794871795,0.3125,6,39,5
R1_PCA_85__GMM_DIAG__K4,691,0.2103112810471624,0.5117331855136733,0.24390243902439024,6,41,5
R1_PCA_85__GMM_DIAG__K4,692,0.4300652745753905,0.6981981981981982,0.3333333333333333,6,37,5
R1_PCA_85__GMM_DIAG__K4,693,0.36467894682068897,0.5928030303030303,0.36363636363636365,9,33,5
R1_PCA_85__GMM_DIAG__K4,694,0.362547479057183,0.5303830227743271,0.17391304347826086,9,23,5
R1_PCA_85__GMM_DIAG__K4,695,0.10144142634776968,0.32620967741935486,0.0,4,40,5
R1_PCA_85__GMM_DIAG__K4,696,0.44039735099337746,0.6966911764705882,0.375,6,34,5
R1_PCA_85__GMM_DIAG__K4,697,0.21943569593602302,0.44748463901689706,0.17857142857142858,8,28,6
R1_PCA_85__GMM_DIAG__K4,698,0.21243773099791097,0.553763440860215,0.2222222222222222,4,36,5
R1_PCA_85__GMM_DIAG__K4,699,0.348339468549474,0.6120473597787572,0.3103448275862069,6,38,5
R1_PCA_85__GMM_DIAG__K4,700,0.5291394944680559,0.6918449197860962,0.5,10,24,5
R1_PCA_85__GMM_DIAG__K4,701,0.14594132263701584,0.4805555555555555,0.26666666666666666,5,45,5
R1_PCA_85__GMM_DIAG__K4,702,0.14616870573084353,0.42851307189542487,0.0,6,36,4
R1_PCA_85__GMM_DIAG__K4,703,0.3541058442592494,0.5620112414467253,0.36363636363636365,11,31,4
R1_PCA_85__GMM_DIAG__K4,704,0.6434184491135785,0.8339015151515152,0.7272727272727273,5,23,5
R1_PCA_85__GMM_DIAG__K4,705,0.27241165584284266,0.4422867513611616,0.21052631578947367,7,27,5
R1_PCA_85__GMM_DIAG__K4,706,0.20653386454183267,0.4515915119363395,0.0,6,39,5
R1_PCA_85__GMM_DIAG__K4,707,0.31667204127700743,0.6306522869022869,0.375,6,37,5
R1_PCA_85__GMM_DIAG__K4,708,0.6542779228751666,0.6428571428571428,0.0,11,24,5
R1_PCA_85__GMM_DIAG__K4,709,0.6352722595398028,0.7115384615384616,0.4166666666666667,11,24,4
R1_PCA_85__GMM_DIAG__K4,710,0.1200133601210508,0.3604708110225937,0.0,8,37,5
R1_PCA_85__GMM_DIAG__K4,711,0.5075127194537687,0.6325374400711732,0.38461538461538464,11,23,5
R1_PCA_85__GMM_DIAG__K4,712,0.5983953217188506,0.6143018018018018,0.0,11,25,5
R1_PCA_85__GMM_DIAG__K4,713,0.27884749352133087,0.501063452676356,0.3225806451612903,10,31,5
R1_PCA_85__GMM_DIAG__K4,714,0.17063775454997945,0.40029761904761907,0.25,9,24,4
R1_PCA_85__GMM_DIAG__K4,715,0.44534267493038715,0.6020833333333333,0.4166666666666667,12,24,5
R1_PCA_85__GMM_DIAG__K4,716,0.20141980435860815,0.4182974774838165,0.13157894736842105,8,38,5
R1_PCA_85__GMM_DIAG__K4,717,0.10609336556998157,0.34319685690653434,0.13333333333333333,8,30,5
R1_PCA_85__GMM_DIAG__K4,718,0.3407871969098336,0.5994383640552996,0.3870967741935484,7,31,5
R1_PCA_85__GMM_DIAG__K4,719,0.373240013627092,0.6245967741935484,0.43333333333333335,10,31,5
R1_PCA_85__GMM_DIAG__K4,720,0.24313990103463787,0.48074855252274606,0.26666666666666666,10,30,5
R1_PCA_85__GMM_DIAG__K4,721,0.6769063654138605,0.6571428571428571,0.0,9,26,5
R1_PCA_85__GMM_DIAG__K4,722,0.09921387067706554,0.4334984756097561,0.0,4,40,5
R1_PCA_85__GMM_DIAG__K4,723,0.2965308486442154,0.5127705627705628,0.36363636363636365,11,30,4
R1_PCA_85__GMM_DIAG__K4,724,0.47955727043820084,0.663973999352681,0.5,12,22,5
R1_PCA_85__GMM_DIAG__K4,725,0.09613026009727214,0.366816976127321,0.08,6,26,6
R1_PCA_85__GMM_DIAG__K4,726,0.4896139387485406,0.5452219349278172,0.0,11,27,5
R1_PCA_85__GMM_DIAG__K4,727,0.3319485768820524,0.5354927330733783,0.2903225806451613,9,30,5
R1_PCA_85__GMM_DIAG__K4,728,0.2975789333056244,0.47214285714285714,0.16,12,25,4
R1_PCA_85__GMM_DIAG__K4,729,0.49286567793631825,0.592929292929293,0.2,13,20,5
R1_PCA_85__GMM_DIAG__K4,730,0.377622626723186,0.676804915514593,0.3548387096774194,4,35,5
R1_PCA_85__GMM_DIAG__K4,731,0.46710978684391474,0.5724431818181819,0.22727272727272727,10,22,5
R1_PCA_85__GMM_DIAG__K4,732,0.32144434806139943,0.5018825104493208,0.36363636363636365,11,32,5
R1_PCA_85__GMM_DIAG__K4,733,0.11997177283896363,0.346797139908595,0.26666666666666666,11,28,5
R1_PCA_85__GMM_DIAG__K4,734,0.6798779166052492,0.8470982142857143,0.75,6,25,5
R1_PCA_85__GMM_DIAG__K4,735,0.7660899653979238,0.8890751518218625,0.7894736842105263,6,30,5
R1_PCA_85__GMM_DIAG__K4,736,0.17682054449076218,0.3729528535980149,0.11428571428571428,10,35,5
R1_PCA_85__GMM_DIAG__K4,737,0.5755111135869868,0.6245959595959596,0.16,10,25,5
R1_PCA_85__GMM_DIAG__K4,738,0.3029692858510657,0.5992759146341463,0.28125,6,41,5
R1_PCA_85__GMM_DIAG__K4,739,0.3985031356619279,0.622800586510264,0.30303030303030304,6,31,4
R1_PCA_85__GMM_DIAG__K4,740,0.10186559679037112,0.35789473684210527,0.13157894736842105,7,38,5
R1_PCA_85__GMM_DIAG__K4,741,0.175142102922974,0.4439728353140917,0.0,6,38,5
R1_PCA_85__GMM_DIAG__K4,742,0.607373799526234,0.7416666666666666,0.6666666666666666,9,21,5
R1_PCA_85__GMM_DIAG__K4,743,0.30584819989615086,0.5454545454545454,0.3333333333333333,10,33,5
R1_PCA_85__GMM_DIAG__K4,744,0.7142957092911513,0.8013888888888889,0.7222222222222222,8,35,5
R1_PCA_85__GMM_DIAG__K4,745,0.47507333280013486,0.7135830026455027,0.59375,7,26,5
R1_PCA_85__GMM_DIAG__K4,746,0.2955028029256703,0.48492457363425107,0.2222222222222222,11,25,5
R1_PCA_85__GMM_DIAG__K4,747,0.1173186021233193,0.4325757575757576,0.0,4,44,5
R1_PCA_85__GMM_DIAG__K4,748,-0.03435988801221685,0.22472477703455965,0.0,4,39,5
R1_PCA_85__GMM_DIAG__K4,749,0.0955815001672022,0.41679160419790107,0.0,5,46,5
R1_PCA_85__GMM_DIAG__K4,750,0.1686857052071335,0.3871877273829736,0.0,5,38,5
R1_PCA_85__GMM_DIAG__K4,751,0.19292122605678622,0.44933829611248965,0.0,6,28,5
R1_PCA_85__GMM_DIAG__K4,752,0.4468640668649277,0.6768018018018018,0.2916666666666667,6,37,5
R1_PCA_85__GMM_DIAG__K4,753,0.4745168945643575,0.5073099415204678,0.0,10,29,5
R1_PCA_85__GMM_DIAG__K4,754,0.4457315515464372,0.6478695324283559,0.38461538461538464,8,30,5
R1_PCA_85__GMM_DIAG__K4,755,0.40887495006671937,0.5990922152560084,0.41379310344827586,8,29,4
R1_PCA_85__GMM_DIAG__K4,756,0.10062545206994852,0.4596748737373737,0.2222222222222222,6,29,5
R1_PCA_85__GMM_DIAG__K4,757,0.12541508590015335,0.4322373696872494,0.0,5,42,5
R1_PCA_85__GMM_DIAG__K4,758,0.39687006950663084,0.6661458333333333,0.4666666666666667,8,32,5
R1_PCA_85__GMM_DIAG__K4,759,0.3512229759817707,0.5864459535936616,0.25806451612903225,8,38,5
R1_PCA_85__GMM_DIAG__K4,760,0.14861851560410722,0.3582044860627177,0.0,4,41,5
R1_PCA_85__GMM_DIAG__K4,761,0.06482542508392929,0.2708333333333333,0.0,6,36,5
R1_PCA_85__GMM_DIAG__K4,762,0.6307215563063547,0.8053513071895425,0.6111111111111112,6,27,5
R1_PCA_85__GMM_DIAG__K4,763,0.23536759084813877,0.5369047619047619,0.19047619047619047,6,35,5
R1_PCA_85__GMM_DIAG__K4,764,0.9034504795091346,0.9505376344086021,0.9333333333333333,6,30,4
R1_PCA_85__GMM_DIAG__K4,765,0.4744768320002123,0.5398550724637681,0.1875,10,23,5
R1_PCA_85__GMM_DIAG__K4,766,0.16869046868100676,0.45315506508206,0.2,5,38,5
R1_PCA_85__GMM_DIAG__K4,767,0.6256175856693704,0.7654875366568916,0.625,8,22,5
R1_PCA_85__GMM_DIAG__K4,768,0.12731496547891435,0.43293650793650795,0.0,5,35,5
R1_PCA_85__GMM_DIAG__K4,769,0.2913379448881401,0.4375154257507199,0.29411764705882354,9,35,5
R1_PCA_85__GMM_DIAG__K4,770,0.25929029284846455,0.4553571428571428,0.2857142857142857,6,28,5
R1_PCA_85__GMM_DIAG__K4,771,0.6926308851999835,0.7608528858528858,0.6428571428571429,9,35,5
R1_PCA_85__GMM_DIAG__K4,772,0.39984919001307523,0.5407239819004525,0.19230769230769232,11,26,5
R1_PCA_85__GMM_DIAG__K4,773,0.8207683333201056,0.8890977443609023,0.8421052631578947,7,25,5
R1_PCA_85__GMM_DIAG__K4,774,0.254262896611267,0.5481569272445821,0.3157894736842105,5,32,4
R1_PCA_85__GMM_DIAG__K4,775,0.1784944079442299,0.49831932773109244,0.2647058823529412,4,28,5
R1_PCA_85__GMM_DIAG__K4,776,0.4503994292609458,0.6394830659536542,0.4166666666666667,11,22,5
R1_PCA_85__GMM_DIAG__K4,777,0.8090974212034384,0.9166666666666667,0.8095238095238095,6,24,5
R1_PCA_85__GMM_DIAG__K4,778,0.1566556160568092,0.5017857142857143,0.2571428571428571,4,29,5
R1_PCA_85__GMM_DIAG__K4,779,0.38225711538185525,0.5614165273132664,0.38461538461538464,11,23,5
R1_PCA_85__GMM_DIAG__K4,780,0.27032845651518017,0.43421658986175116,0.0,7,35,5
R1_PCA_85__GMM_DIAG__K4,781,0.30072756669361356,0.65625,0.375,5,40,5
R1_PCA_85__GMM_DIAG__K4,782,0.12925267129585594,0.3087121212121212,0.0,1,36,5
R1_PCA_85__GMM_DIAG__K4,783,0.4276729559748428,0.5651041666666666,0.3076923076923077,9,22,5
R1_PCA_85__GMM_DIAG__K4,784,0.37506049362800453,0.6471350790770029,0.3103448275862069,6,38,5
R1_PCA_85__GMM_DIAG__K4,785,0.18209651851684758,0.43813131313131315,0.0,6,35,5
R1_PCA_85__GMM_DIAG__K4,786,0.1822569878301354,0.37144886363636365,0.18181818181818182,9,25,5
R1_PCA_85__GMM_DIAG__K4,787,0.3150799491536763,0.5829326923076923,0.375,8,32,5
R1_PCA_85__GMM_DIAG__K4,788,0.3426928222681702,0.5261904761904762,0.2,8,30,5
R1_PCA_85__GMM_DIAG__K4,789,0.5157276315759947,0.5764411027568922,0.21052631578947367,10,21,5
R1_PCA_85__GMM_DIAG__K4,790,0.33056450465137344,0.5531343656343657,0.36363636363636365,12,28,5
R1_PCA_85__GMM_DIAG__K4,791,0.15761543518740873,0.2733004385964912,0.0,1,38,5
R1_PCA_85__GMM_DIAG__K4,792,0.24294619422572178,0.4642379679144385,0.30303030303030304,9,34,5
R1_PCA_85__GMM_DIAG__K4,793,0.09271392414152112,0.4102608098833219,0.0,4,47,5
R1_PCA_85__GMM_DIAG__K4,794,0.30255131798092777,0.5243768328445748,0.36363636363636365,10,31,5
R1_PCA_85__GMM_DIAG__K4,795,0.5041428957293782,0.5514705882352942,0.0,11,27,5
R1_PCA_85__GMM_DIAG__K4,796,0.38701336129946445,0.675944669365722,0.3333333333333333,5,38,5
R1_PCA_85__GMM_DIAG__K4,797,0.569372345445965,0.7317857142857143,0.6,10,25,5
R1_PCA_85__GMM_DIAG__K4,798,0.6110699742814678,0.5868055555555556,0.0,10,31,5
R1_PCA_85__GMM_DIAG__K4,799,0.394944227227731,0.6055555555555556,0.5,10,27,4
R1_PCA_85__GMM_DIAG__K4,800,0.06042125117887457,0.24679499706859487,0.0,3,39,5
R1_PCA_85__GMM_DIAG__K4,801,0.2435264806251501,0.36500540912667195,0.0,3,38,5
R1_PCA_85__GMM_DIAG__K4,802,0.31475121795383754,0.620350455465587,0.34375,6,38,5
R1_PCA_85__GMM_DIAG__K4,803,0.14310767090980558,0.3715696839080459,0.2,8,25,5
R1_PCA_85__GMM_DIAG__K4,804,0.40482796892341844,0.6,0.36666666666666664,10,30,5
R1_PCA_85__GMM_DIAG__K4,805,0.1550490865739523,0.49591397849462365,0.2903225806451613,6,24,5
R1_PCA_85__GMM_DIAG__K4,806,0.39996776792908945,0.6245391705069124,0.4838709677419355,7,28,5
R1_PCA_85__GMM_DIAG__K4,807,0.33995642353129313,0.6357600732600732,0.32142857142857145,6,39,5
R1_PCA_85__GMM_DIAG__K4,808,0.39160417062865366,0.6690476190476191,0.3333333333333333,6,35,5
R1_PCA_85__GMM_DIAG__K4,809,0.36628358297609126,0.6617616758241759,0.34375,6,35,5
R1_PCA_85__GMM_DIAG__K4,810,0.14453658024561772,0.4335649644473174,0.038461538461538464,5,34,5
R1_PCA_85__GMM_DIAG__K4,811,0.3310206988444485,0.6144144144144144,0.32432432432432434,5,37,5
R1_PCA_85__GMM_DIAG__K4,812,0.464951768488746,0.6904761904761904,0.3333333333333333,5,35,5
R1_PCA_85__GMM_DIAG__K4,813,0.7105946261883069,0.8071546052631579,0.6666666666666666,6,25,5
R1_PCA_85__GMM_DIAG__K4,814,0.3826802014012756,0.6456330128205128,0.28125,6,39,5
R1_PCA_85__GMM_DIAG__K4,815,0.163904904586795,0.5026647286821706,0.3023255813953488,6,43,5
R1_PCA_85__GMM_DIAG__K4,816,0.1922391262959309,0.49703065134099617,0.3103448275862069,6,27,5
R1_PCA_85__GMM_DIAG__K4,817,0.28439854070054976,0.5004286283891547,0.225,5,33,5
R1_PCA_85__GMM_DIAG__K4,818,0.4458611285273403,0.5692401960784313,0.23529411764705882,12,21,5
R1_PCA_85__GMM_DIAG__K4,819,0.1488472695665174,0.43472906403940886,0.0,5,42,5
R1_PCA_85__GMM_DIAG__K4,820,0.39199950068395895,0.6805418719211822,0.3793103448275862,6,35,4
R1_PCA_85__GMM_DIAG__K4,821,0.3334077624223479,0.6669496321448783,0.3870967741935484,5,38,5
R1_PCA_85__GMM_DIAG__K4,822,0.1178755147802383,0.3656746031746032,0.0,2,45,4
R1_PCA_85__GMM_DIAG__K4,823,0.3224513737004038,0.5478713722317727,0.3870967741935484,9,29,5
R1_PCA_85__GMM_DIAG__K4,824,0.4008810572687225,0.6129032258064516,0.375,8,31,5
R1_PCA_85__GMM_DIAG__K4,825,0.3460427523267391,0.5668202764976958,0.3548387096774194,10,31,5
R1_PCA_85__GMM_DIAG__K4,826,0.17062051233197179,0.5096093027781832,0.23529411764705882,5,39,5
R1_PCA_85__GMM_DIAG__K4,827,0.2917786808377618,0.6314363143631436,0.3333333333333333,6,41,5
R1_PCA_85__GMM_DIAG__K4,828,0.060353828732775484,0.41977124183006537,0.0,4,45,5
R1_PCA_85__GMM_DIAG__K4,829,0.194275441619724,0.42261904761904756,0.3,9,35,5
R1_PCA_85__GMM_DIAG__K4,830,0.5725222216513385,0.6225328947368421,0.0,12,25,5
R1_PCA_85__GMM_DIAG__K4,831,0.4563237774030354,0.6269078144078144,0.4444444444444444,12,28,5
R1_PCA_85__GMM_DIAG__K4,832,0.31071193729190366,0.4599217986314761,0.0,7,33,5
R1_PCA_85__GMM_DIAG__K4,833,0.10378189937131553,0.42797888386123684,0.0,6,39,5
R1_PCA_85__GMM_DIAG__K4,834,0.29856214601515724,0.448218201754386,0.13333333333333333,10,30,5
R1_PCA_85__GMM_DIAG__K4,835,0.322982120195561,0.5684046345811051,0.30303030303030304,10,34,5
R1_PCA_85__GMM_DIAG__K4,836,0.12248821469015828,0.30367290367290367,0.0,7,37,5
R1_PCA_85__GMM_DIAG__K4,837,0.34772645036786876,0.6171052631578947,0.3,6,38,5
R1_PCA_85__GMM_DIAG__K4,838,0.39663318810158976,0.6145833333333333,0.3333333333333333,8,34,5
R1_PCA_85__GMM_DIAG__K4,839,0.11235885152580334,0.36666666666666664,0.0,4,40,5
R1_PCA_85__GMM_DIAG__K4,840,0.09777182515524169,0.4560307017543859,0.20833333333333334,6,37,5
R1_PCA_85__GMM_DIAG__K4,841,0.42523676326513227,0.5736677115987461,0.3448275862068966,10,29,5
R1_PCA_85__GMM_DIAG__K4,842,0.3350333527446989,0.557012432012432,0.38461538461538464,10,27,5
R1_PCA_85__GMM_DIAG__K4,843,0.33273950000374264,0.5621475298894654,0.3548387096774194,11,31,5
R1_PCA_85__GMM_DIAG__K4,844,0.0733089437874717,0.340920320382795,0.14705882352941177,7,34,5
R1_PCA_85__GMM_DIAG__K4,845,0.36790751065923255,0.6403057726587138,0.36363636363636365,6,34,5
R1_PCA_85__GMM_DIAG__K4,846,0.11897887858987996,0.4408482142857143,0.0,4,42,5
R1_PCA_85__GMM_DIAG__K4,847,0.6556677295463575,0.6761875511875511,0.4444444444444444,8,35,5
R1_PCA_85__GMM_DIAG__K4,848,0.05022368696481859,0.26165501165501165,0.0,3,39,5
R1_PCA_85__GMM_DIAG__K4,849,0.1678959869983748,0.4635052447552448,0.11538461538461539,6,32,5
R1_PCA_85__GMM_DIAG__K4,850,0.7331973737963863,0.7388528138528139,0.45454545454545453,11,30,5
R1_PCA_85__GMM_DIAG__K4,851,0.6786398950660882,0.8689839572192513,0.6818181818181818,6,28,5
R1_PCA_85__GMM_DIAG__K4,852,0.6255923756992869,0.709469696969697,0.45454545454545453,10,24,5
R1_PCA_85__GMM_DIAG__K4,853,0.2150209752538237,0.3403125,0.0,1,30,5
R1_PCA_85__GMM_DIAG__K4,854,0.35521749798450697,0.5493055555555556,0.2222222222222222,12,23,5
R1_PCA_85__GMM_DIAG__K4,855,0.12743045524163069,0.3456516601677892,0.0,8,39,5
R1_PCA_85__GMM_DIAG__K4,856,0.354044196524351,0.5913888184584178,0.34375,8,29,5
R1_PCA_85__GMM_DIAG__K4,857,0.27645891226677255,0.6232869142351901,0.4482758620689655,6,39,5
R1_PCA_85__GMM_DIAG__K4,858,0.31303894016713285,0.4947802197802198,0.3076923076923077,9,28,5
R1_PCA_85__GMM_DIAG__K4,859,0.20105777114618958,0.5700146627565983,0.3870967741935484,5,31,5
R1_PCA_85__GMM_DIAG__K4,860,0.27285263350678174,0.4893570889894419,0.20833333333333334,11,24,5
R1_PCA_85__GMM_DIAG__K4,861,0.2952448259358492,0.47877846790890266,0.14814814814814814,12,27,5
R1_PCA_85__GMM_DIAG__K4,862,0.33065567697334136,0.6245192307692307,0.3076923076923077,6,30,5
R1_PCA_85__GMM_DIAG__K4,863,0.1889200842702631,0.3918067226890756,0.16666666666666666,10,24,5
R1_PCA_85__GMM_DIAG__K4,864,0.16091052305965342,0.5278656126482213,0.34782608695652173,6,27,5
R1_PCA_85__GMM_DIAG__K4,865,0.16256328293170266,0.36624464245431987,0.0,1,43,5
R1_PCA_85__GMM_DIAG__K4,866,0.23856140260675082,0.4415521978021978,0.3142857142857143,9,32,5
R1_PCA_85__GMM_DIAG__K4,867,0.38773850851832675,0.6387096774193549,0.3548387096774194,7,35,5
R1_PCA_85__GMM_DIAG__K4,868,0.27743607889599675,0.44454887218045114,0.0,1,37,5
R1_PCA_85__GMM_DIAG__K4,869,0.293262136096461,0.5773714891361951,0.2702702702702703,5,37,5
R1_PCA_85__GMM_DIAG__K4,870,0.12264215418261346,0.3725389194139194,0.15384615384615385,8,26,5
R1_PCA_85__GMM_DIAG__K4,871,0.267059922457806,0.6129807692307693,0.375,5,39,5
R1_PCA_85__GMM_DIAG__K4,872,0.287170474516696,0.5600806451612904,0.2903225806451613,6,40,5
R1_PCA_85__GMM_DIAG__K4,873,0.17102743829630343,0.3767194976076555,0.0,8,30,5
R1_PCA_85__GMM_DIAG__K4,874,0.09908256880733946,0.4040948275862069,0.0,4,48,5
R1_PCA_85__GMM_DIAG__K4,875,0.3227686703096539,0.5130668756530825,0.2727272727272727,10,22,5
R1_PCA_85__GMM_DIAG__K4,876,0.03768884400964323,0.25707282913165264,0.0,4,35,5
R1_PCA_85__GMM_DIAG__K4,877,0.14338531262112764,0.4900568181818182,0.2727272727272727,5,44,5
R1_PCA_85__GMM_DIAG__K4,878,0.17204036426285996,0.4977086183310533,0.27906976744186046,6,43,5
R1_PCA_85__GMM_DIAG__K4,879,0.14435246919103256,0.3413235700469743,0.0,9,33,5
R1_PCA_85__GMM_DIAG__K4,880,0.3669042320480509,0.6190958164642375,0.38461538461538464,6,27,5
R1_PCA_85__GMM_DIAG__K4,881,0.25624568194883207,0.45308068368413196,0.10344827586206896,11,29,5
R1_PCA_85__GMM_DIAG__K4,882,0.41782355575459024,0.7017543859649122,0.3333333333333333,5,38,5
R1_PCA_85__GMM_DIAG__K4,883,0.2925344810197449,0.5550595238095237,0.375,9,35,4
R1_PCA_85__GMM_DIAG__K4,884,0.30786344457230536,0.6053571428571428,0.26666666666666666,6,42,5
R1_PCA_85__GMM_DIAG__K4,885,0.544244795787717,0.6984577922077922,0.45454545454545453,11,21,5
R1_PCA_85__GMM_DIAG__K4,886,0.43235200499031207,0.6751581277672359,0.36666666666666664,6,31,4
R1_PCA_85__GMM_DIAG__K4,887,0.4659549482224832,0.6912878787878788,0.39285714285714285,7,33,5
R1_PCA_85__GMM_DIAG__K4,888,0.46577305496152915,0.5677838164251208,0.17391304347826086,12,23,5
R1_PCA_85__GMM_DIAG__K4,889,0.38641511597901196,0.5820741758241759,0.35714285714285715,11,24,5
R1_PCA_85__GMM_DIAG__K4,890,0.34493434397352407,0.5234375,0.25,11,28,5
R1_PCA_85__GMM_DIAG__K4,891,0.3215216914630096,0.5085397316821465,0.2,13,20,4
R1_PCA_85__GMM_DIAG__K4,892,0.27944087808579166,0.47184065934065933,0.2,11,25,5
R1_PCA_85__GMM_DIAG__K4,893,0.4091000006593885,0.5557239057239057,0.36363636363636365,11,27,5
R1_PCA_85__GMM_DIAG__K4,894,0.6038248873154619,0.7456112852664576,0.6,10,22,5
R1_PCA_85__GMM_DIAG__K4,895,0.8154239604920852,0.8914786967418546,0.8421052631578947,7,26,4
R1_PCA_85__GMM_DIAG__K4,896,0.35982217282578494,0.5146103896103896,0.2727272727272727,10,28,5
R1_PCA_85__GMM_DIAG__K4,897,0.7544485498991789,0.7310763193249581,0.36363636363636365,11,25,5
R1_PCA_85__GMM_DIAG__K4,898,0.11257781695818143,0.3298224695283518,0.0,5,33,5
R1_PCA_85__GMM_DIAG__K4,899,0.45472458498923995,0.5754578754578754,0.3333333333333333,9,25,5
R1_PCA_85__GMM_DIAG__K4,900,0.09977230640934974,0.27023846272572927,0.0,9,36,5
R1_PCA_85__GMM_DIAG__K4,901,0.4357549292047109,0.5341698232323233,0.18181818181818182,11,22,5
R1_PCA_85__GMM_DIAG__K4,902,0.32102077429955905,0.42869498638838477,0.0,4,29,5
R1_PCA_85__GMM_DIAG__K4,903,0.24529786112662538,0.5708333333333333,0.3333333333333333,6,40,4
R1_PCA_85__GMM_DIAG__K4,904,0.2198939186291023,0.4746794871794872,0.36666666666666664,8,34,5
R1_PCA_85__GMM_DIAG__K4,905,0.28374377345880963,0.5956378986866792,0.3,6,41,5
R1_PCA_85__GMM_DIAG__K4,906,0.272263972527746,0.6162687886825817,0.41379310344827586,6,39,5
R1_PCA_85__GMM_DIAG__K4,907,0.5657389868901723,0.8028273809523809,0.6666666666666666,5,23,5
R1_PCA_85__GMM_DIAG__K4,908,0.12140861675679832,0.33377016129032255,0.0,4,39,5
R1_PCA_85__GMM_DIAG__K4,909,0.18140880534768564,0.4842261904761905,0.3142857142857143,7,40,5
R1_PCA_85__GMM_DIAG__K4,910,0.13775653035295132,0.4522144522144522,0.0,6,39,5
R1_PCA_85__GMM_DIAG__K4,911,0.10695957742156427,0.48649732620320857,0.2,4,33,5
R1_PCA_85__GMM_DIAG__K4,912,0.34348108289189927,0.5402022708474321,0.3225806451612903,10,33,5
R1_PCA_85__GMM_DIAG__K4,913,0.3803018683657742,0.5635061333580522,0.3548387096774194,9,29,5
R1_PCA_85__GMM_DIAG__K4,914,0.28892284617530134,0.45986912393162394,0.38461538461538464,9,25,5
R1_PCA_85__GMM_DIAG__K4,915,0.26234547388010104,0.4362068965517242,0.11428571428571428,9,35,5
R1_PCA_85__GMM_DIAG__K4,916,0.3905679910435701,0.6505681818181818,0.3333333333333333,5,33,5
R1_PCA_85__GMM_DIAG__K4,917,0.640677579421662,0.6458333333333334,0.0,10,26,5
R1_PCA_85__GMM_DIAG__K4,918,0.6968329089443647,0.7321229118104118,0.38461538461538464,9,25,5
R1_PCA_85__GMM_DIAG__K4,919,0.3254512825926317,0.6449579831932772,0.35294117647058826,5,34,5
R1_PCA_85__GMM_DIAG__K4,920,0.3955989410986102,0.6867363147605083,0.3870967741935484,4,33,5
R1_PCA_85__GMM_DIAG__K4,921,0.1603989535644212,0.37098785166240406,0.11764705882352941,6,34,5
R1_PCA_85__GMM_DIAG__K4,922,0.20895597653426567,0.561130831643002,0.35,6,34,5
R1_PCA_85__GMM_DIAG__K4,923,0.36526075212964887,0.6647156684815486,0.3448275862068966,4,38,5
R1_PCA_85__GMM_DIAG__K4,924,0.5605553421500302,0.6770182540694462,0.36363636363636365,11,23,5
R1_PCA_85__GMM_DIAG__K4,925,0.4873825037831858,0.6539839893626711,0.45454545454545453,11,23,5
R1_PCA_85__GMM_DIAG__K4,926,0.27571398924027396,0.5271381578947368,0.3125,8,38,5
R1_PCA_85__GMM_DIAG__K4,927,0.29055325555137373,0.5268105158730159,0.34375,9,35,5
R1_PCA_85__GMM_DIAG__K4,928,0.19365661932868627,0.41165689149560114,0.08333333333333333,8,33,4
R1_PCA_85__GMM_DIAG__K4,929,0.23021251398118298,0.45867673992673996,0.19047619047619047,11,21,5
R1_PCA_85__GMM_DIAG__K4,930,0.30360153008298757,0.5273282079733693,0.3225806451612903,8,37,5
R1_PCA_85__GMM_DIAG__K4,931,0.2608669564659658,0.4723011363636364,0.16666666666666666,10,33,5
R1_PCA_85__GMM_DIAG__K4,932,0.26643506668594497,0.5963541666666666,0.34375,6,40,5
R1_PCA_85__GMM_DIAG__K4,933,0.3918682011246577,0.5671387520525452,0.41379310344827586,12,28,5
R1_PCA_85__GMM_DIAG__K4,934,0.5544608671564133,0.7244318181818181,0.625,8,24,5
R1_PCA_85__GMM_DIAG__K4,935,0.38171867874128607,0.6726190476190477,0.3333333333333333,5,36,5
R1_PCA_85__GMM_DIAG__K4,936,0.6257942219257907,0.6829861111111111,0.26666666666666666,10,22,5
R1_PCA_85__GMM_DIAG__K4,937,0.14764012349607109,0.3935041407867495,0.16666666666666666,10,30,5
R1_PCA_85__GMM_DIAG__K4,938,0.6544274563044618,0.8333333333333334,0.65,6,25,4
R1_PCA_85__GMM_DIAG__K4,939,0.6958731678470355,0.8113839285714286,0.7142857142857143,7,25,4
R1_PCA_85__GMM_DIAG__K4,940,0.3919195462784307,0.5767900681693785,0.3793103448275862,9,33,5
R1_PCA_85__GMM_DIAG__K4,941,0.29737389276334597,0.4445968303726925,0.27586206896551724,8,36,5
R1_PCA_85__GMM_DIAG__K4,942,0.3643396861078522,0.5986607142857143,0.3125,8,35,5
R1_PCA_85__GMM_DIAG__K4,943,0.4554140127388535,0.7019787644787644,0.32142857142857145,6,37,5
R1_PCA_85__GMM_DIAG__K4,944,0.4708130825026113,0.5661402329749105,0.2222222222222222,11,20,5
R1_PCA_85__GMM_DIAG__K4,945,0.19665617693078533,0.45496384872080087,0.3870967741935484,10,29,5
R1_PCA_85__GMM_DIAG__K4,946,0.5896808628933615,0.5942139001349528,0.0,10,25,5
R1_PCA_85__GMM_DIAG__K4,947,0.5120704845814978,0.5836265884652981,0.18181818181818182,10,22,4
R1_PCA_85__GMM_DIAG__K4,948,0.3326186826793298,0.527032107677269,0.3225806451612903,10,33,5
R1_PCA_85__GMM_DIAG__K4,949,0.182606467045406,0.4857142857142857,0.25,6,28,5
R1_PCA_85__GMM_DIAG__K4,950,0.34455285392253027,0.5373261957730813,0.3225806451612903,10,29,5
R1_PCA_85__GMM_DIAG__K4,951,0.3677440686010484,0.5521111420096403,0.375,8,29,5
R1_PCA_85__GMM_DIAG__K4,952,0.08558405305809583,0.45736607142857144,0.14285714285714285,4,27,5
R1_PCA_85__GMM_DIAG__K4,953,0.4348112533116528,0.7169447534297367,0.4838709677419355,6,29,4
R1_PCA_85__GMM_DIAG__K4,954,0.25427350427350426,0.47692307692307695,0.3076923076923077,10,30,5
R1_PCA_85__GMM_DIAG__K4,955,0.31924978956755506,0.6744075453752872,0.4838709677419355,5,37,5
R1_PCA_85__GMM_DIAG__K4,956,0.07008086253369272,0.28155609246441166,0.0,4,38,5
R1_PCA_85__GMM_DIAG__K4,957,0.33048509852721386,0.549696271470465,0.3870967741935484,11,30,4
R1_PCA_85__GMM_DIAG__K4,958,0.18281908557455676,0.3904810102178523,0.15789473684210525,10,25,4
R1_PCA_85__GMM_DIAG__K4,959,0.49470150225090775,0.5980368198110134,0.22727272727272727,12,22,5
R1_PCA_85__GMM_DIAG__K4,960,0.33671383093534935,0.5423975357234534,0.38461538461538464,11,29,5
R1_PCA_85__GMM_DIAG__K4,961,0.5523399578716,0.6222041847041847,0.2777777777777778,11,22,5
R1_PCA_85__GMM_DIAG__K4,962,0.07762015211176439,0.4537878787878788,0.21212121212121213,4,26,5
R1_PCA_85__GMM_DIAG__K4,963,0.32625353724841816,0.6573464912280702,0.375,5,38,5
R1_PCA_85__GMM_DIAG__K4,964,0.4835404509841222,0.5567460317460318,0.19047619047619047,10,23,5
R1_PCA_85__GMM_DIAG__K4,965,0.33785526557388446,0.5557765151515152,0.3125,11,25,5
R1_PCA_85__GMM_DIAG__K4,966,0.07248825795246855,0.25372208436724564,0.0,3,39,5
R1_PCA_85__GMM_DIAG__K4,967,0.2097138402334834,0.3886099365750529,0.0,3,43,5
R1_PCA_85__GMM_DIAG__K4,968,0.33850576976093893,0.6238344988344989,0.30303030303030304,6,39,5
R1_PCA_85__GMM_DIAG__K4,969,0.3499914622346178,0.4963468431210366,0.15384615384615385,10,26,5
R1_PCA_85__GMM_DIAG__K4,970,0.34437042146179414,0.5731478488831431,0.29411764705882354,7,36,5
R1_PCA_85__GMM_DIAG__K4,971,0.4970354445037904,0.5424982492997199,0.0,8,21,5
R1_PCA_85__GMM_DIAG__K4,972,0.6925435234862586,0.8203125,0.75,8,26,5
R1_PCA_85__GMM_DIAG__K4,973,0.14788293632166052,0.39880952380952384,0.0,1,41,5
R1_PCA_85__GMM_DIAG__K4,974,0.2601795447258737,0.5924831081081081,0.43243243243243246,6,37,5
R1_PCA_85__GMM_DIAG__K4,975,0.3347563835450708,0.6208999728923826,0.2903225806451613,5,35,5
R1_PCA_85__GMM_DIAG__K4,976,0.396326362135388,0.5873655913978495,0.3333333333333333,10,31,5
R1_PCA_85__GMM_DIAG__K4,977,0.3270545063702047,0.530232665925102,0.3548387096774194,11,29,5
R1_PCA_85__GMM_DIAG__K4,978,0.305618113277934,0.5336538461538461,0.3333333333333333,11,30,5
R1_PCA_85__GMM_DIAG__K4,979,0.3734352913125671,0.587594696969697,0.3333333333333333,10,32,5
R1_PCA_85__GMM_DIAG__K4,980,0.16028942190876544,0.37280563186813187,0.12,9,25,5
R1_PCA_85__GMM_DIAG__K4,981,0.728614129145514,0.8430059523809523,0.75,8,27,5
R1_PCA_85__GMM_DIAG__K4,982,0.5054755209716286,0.6538829944002358,0.4444444444444444,9,26,5
R1_PCA_85__GMM_DIAG__K4,983,0.4612279564704561,0.675789760348584,0.5357142857142857,7,27,5
R1_PCA_85__GMM_DIAG__K4,984,0.3901014846054213,0.6873007623007623,0.36666666666666664,5,37,5
R1_PCA_85__GMM_DIAG__K4,985,0.3951321732481912,0.577495780081987,0.45454545454545453,10,29,5
R1_PCA_85__GMM_DIAG__K4,986,0.5856038750578766,0.758996212121212,0.6666666666666666,9,24,5
R1_PCA_85__GMM_DIAG__K4,987,0.40344604450683835,0.5480462519936204,0.22727272727272727,11,22,5
R1_PCA_85__GMM_DIAG__K4,988,0.27669866847175556,0.45203081232493,0.11764705882352941,10,28,5
R1_PCA_85__GMM_DIAG__K4,989,0.2952704911588104,0.5201631701631702,0.30303030303030304,10,33,5
R1_PCA_85__GMM_DIAG__K4,990,0.18842777721443088,0.3785477453580902,0.15384615384615385,7,26,5
R1_PCA_85__GMM_DIAG__K4,991,0.2512651618603904,0.4427531224406224,0.28125,8,37,5
R1_PCA_85__GMM_DIAG__K4,992,0.2961272751698617,0.5041620774379395,0.27586206896551724,8,37,5
R1_PCA_85__GMM_DIAG__K4,993,0.6277047093763258,0.83125,0.625,6,24,5
R1_PCA_85__GMM_DIAG__K4,994,0.6487618093329516,0.6218487394957983,0.0,10,24,5
R1_PCA_85__GMM_DIAG__K4,995,0.45589254766031195,0.5643115942028986,0.17391304347826086,11,23,5
R1_PCA_85__GMM_DIAG__K4,996,0.08562435765673176,0.3211538461538462,0.0,7,38,5
R1_PCA_85__GMM_DIAG__K4,997,0.25582924623941694,0.46718750000000003,0.3125,10,32,5
R1_PCA_85__GMM_DIAG__K4,998,0.28495445275874415,0.5541868262456497,0.3235294117647059,9,35,5
R1_PCA_85__GMM_DIAG__K4,999,0.4205861117227465,0.671121351766513,0.3225806451612903,5,35,5
R1_PCA_85__GMM_DIAG__K4,1000,0.5092519259845921,0.6934865900383141,0.5517241379310345,9,27,5
R1_PCA_85__GMM_DIAG__K5,1,0.5130681401432727,0.621969696969697,0.16666666666666666,5,22,5
R1_PCA_85__GMM_DIAG__K5,2,0.8967045894724761,0.6875,0.0,1,31,5
R1_PCA_85__GMM_DIAG__K5,3,0.4990317583268784,0.5432789432789432,0.045454545454545456,6,20,5
R1_PCA_85__GMM_DIAG__K5,4,0.33110285159462954,0.5365656565656566,0.2222222222222222,9,22,5
R1_PCA_85__GMM_DIAG__K5,5,0.5845394965378291,0.5764285714285714,0.0,5,26,5
R1_PCA_85__GMM_DIAG__K5,6,0.8321816701363418,0.7152380952380952,0.0,4,31,5
R1_PCA_85__GMM_DIAG__K5,7,0.5221528635151819,0.5644444444444444,0.0,6,35,4
R1_PCA_85__GMM_DIAG__K5,8,0.4089884964506062,0.6587878787878788,0.3,6,20,5
R1_PCA_85__GMM_DIAG__K5,9,0.5849061355023104,0.6233173843700159,0.21052631578947367,9,19,5
R1_PCA_85__GMM_DIAG__K5,10,0.5838596646746103,0.5745806824754194,0.0,1,19,5
R1_PCA_85__GMM_DIAG__K5,11,0.630633753565282,0.6118589743589744,0.0,9,23,5
R1_PCA_85__GMM_DIAG__K5,12,0.9785580273385152,0.8755555555555556,0.6,3,35,5
R1_PCA_85__GMM_DIAG__K5,13,0.4677201100004365,0.4411421911421911,0.0,5,34,5
R1_PCA_85__GMM_DIAG__K5,14,0.5456885243179516,0.5635477715687611,0.13043478260869565,9,19,5
R1_PCA_85__GMM_DIAG__K5,15,1.0,1.0,1.0,6,29,5
R1_PCA_85__GMM_DIAG__K5,16,0.7756513081475745,0.6672549019607843,0.0,3,31,5
R1_PCA_85__GMM_DIAG__K5,17,0.5971126743734129,0.6315151515151516,0.13636363636363635,9,17,5
R1_PCA_85__GMM_DIAG__K5,18,0.4132596803374335,0.4458601743084502,0.0,1,29,5
R1_PCA_85__GMM_DIAG__K5,19,0.6094106983911978,0.6191666666666666,0.0,8,21,5
R1_PCA_85__GMM_DIAG__K5,20,0.7009092831465427,0.6117348117348118,0.0,3,34,5
R1_PCA_85__GMM_DIAG__K5,21,0.6203576279518191,0.6293650793650793,0.0,4,29,5
R1_PCA_85__GMM_DIAG__K5,22,0.6647608896300443,0.5564957264957264,0.0,1,31,5
R1_PCA_85__GMM_DIAG__K5,23,0.5370238557699499,0.6014015151515151,0.16666666666666666,9,19,5
R1_PCA_85__GMM_DIAG__K5,24,0.4484568277470653,0.49230769230769234,0.0,9,22,5
R1_PCA_85__GMM_DIAG__K5,25,0.38759487045276103,0.47171052631578947,0.0,10,19,5
R1_PCA_85__GMM_DIAG__K5,26,0.33999535207994425,0.4674603174603174,0.0,6,21,5
R1_PCA_85__GMM_DIAG__K5,27,0.49192673757256056,0.511466325660699,0.0,1,24,5
R1_PCA_85__GMM_DIAG__K5,28,0.8780074550999661,0.9073529411764707,0.625,5,34,5
R1_PCA_85__GMM_DIAG__K5,29,0.5397619152984909,0.5450076804915513,0.0,5,21,5
R1_PCA_85__GMM_DIAG__K5,30,0.7135741373282053,0.6292429792429792,0.0,4,32,5
R1_PCA_85__GMM_DIAG__K5,31,0.9772305321049497,0.8833333333333332,0.6666666666666666,4,32,5
R1_PCA_85__GMM_DIAG__K5,32,0.7300523765134855,0.6094466936572199,0.0,3,35,5
R1_PCA_85__GMM_DIAG__K5,33,0.7385514814138422,0.5866483516483516,0.0,1,28,5
R1_PCA_85__GMM_DIAG__K5,34,0.5733945163781953,0.7491830065359477,0.4444444444444444,5,25,5
R1_PCA_85__GMM_DIAG__K5,35,0.5841802314786161,0.570674486803519,0.0,9,18,5
R1_PCA_85__GMM_DIAG__K5,36,0.6229995287494109,0.5958045977011495,0.0,5,18,4
R1_PCA_85__GMM_DIAG__K5,37,0.9486532448296671,0.768888888888889,0.4444444444444444,4,32,5
R1_PCA_85__GMM_DIAG__K5,38,0.836747874134405,0.8957575757575758,0.6,6,33,5
R1_PCA_85__GMM_DIAG__K5,39,0.8352810007346084,0.8977777777777778,0.6,3,36,5
R1_PCA_85__GMM_DIAG__K5,40,0.8766375355417169,0.913978494623656,0.6666666666666666,6,31,5
R1_PCA_85__GMM_DIAG__K5,41,0.2290080850236975,0.4142008318478906,0.09090909090909091,4,34,5
R1_PCA_85__GMM_DIAG__K5,42,0.8849291235638397,0.8213986013986014,0.6,6,26,4
R1_PCA_85__GMM_DIAG__K5,43,0.3525824863006824,0.6596485867074102,0.45454545454545453,5,22,5
R1_PCA_85__GMM_DIAG__K5,44,0.3709390353111751,0.45392487629329736,0.0,6,21,5
R1_PCA_85__GMM_DIAG__K5,45,0.621956516769164,0.6071428571428571,0.0,6,28,5
R1_PCA_85__GMM_DIAG__K5,46,0.6961059733016179,0.6076023391812865,0.0,1,37,5
R1_PCA_85__GMM_DIAG__K5,47,0.5480906766069958,0.5706766917293232,0.0,5,34,5
R1_PCA_85__GMM_DIAG__K5,48,0.5753622103253341,0.5876190476190476,0.0,6,25,5
R1_PCA_85__GMM_DIAG__K5,49,0.6989343224283291,0.6398245614035087,0.0,2,38,5
R1_PCA_85__GMM_DIAG__K5,50,1.0,1.0,1.0,6,32,5
R1_PCA_85__GMM_DIAG__K5,51,0.5285066280843077,0.5708155222386722,0.0,6,18,5
R1_PCA_85__GMM_DIAG__K5,52,0.43639802835958963,0.5196581196581196,0.0,6,29,5
R1_PCA_85__GMM_DIAG__K5,53,0.3573250233217044,0.3998639455782313,0.0,2,46,5
R1_PCA_85__GMM_DIAG__K5,54,0.577031155422737,0.57696421225833,0.0,9,24,5
R1_PCA_85__GMM_DIAG__K5,55,0.721235124736198,0.6055132367632368,0.14285714285714285,1,27,5
R1_PCA_85__GMM_DIAG__K5,56,0.5947476996627263,0.6118421052631579,0.0,8,30,5
R1_PCA_85__GMM_DIAG__K5,57,0.8873274314368848,0.8633333333333333,0.4,2,36,5
R1_PCA_85__GMM_DIAG__K5,58,0.8217864478716281,0.6783333333333333,0.0,4,28,5
R1_PCA_85__GMM_DIAG__K5,59,0.815746408873265,0.9208602150537635,0.7333333333333333,7,27,5
R1_PCA_85__GMM_DIAG__K5,60,0.26860883999705926,0.40907029478458046,0.0,1,42,5
R1_PCA_85__GMM_DIAG__K5,61,0.6047310262036664,0.6020833333333333,0.0,6,21,4
R1_PCA_85__GMM_DIAG__K5,62,0.6146533388278802,0.6177156177156177,0.0,9,19,5
R1_PCA_85__GMM_DIAG__K5,63,0.7622824288867248,0.6622222222222222,0.0,3,33,5
R1_PCA_85__GMM_DIAG__K5,64,0.5778444362143349,0.5833333333333333,0.0,6,23,4
R1_PCA_85__GMM_DIAG__K5,65,0.3800093575195488,0.4901985111662531,0.0,6,23,5
R1_PCA_85__GMM_DIAG__K5,66,0.3412581770657633,0.5195221445221445,0.18181818181818182,6,22,5
R1_PCA_85__GMM_DIAG__K5,67,0.41575852822983655,0.44370962370962375,0.0,1,28,5
R1_PCA_85__GMM_DIAG__K5,68,0.5468705749079581,0.6283333333333333,0.0,6,34,5
R1_PCA_85__GMM_DIAG__K5,69,0.5391672936537659,0.5847619047619047,0.0,7,23,5
R1_PCA_85__GMM_DIAG__K5,70,0.7531696231157186,0.7020796197266785,0.1111111111111111,4,31,5
R1_PCA_85__GMM_DIAG__K5,71,0.42120385349011275,0.45959738790621135,0.0,8,19,5
R1_PCA_85__GMM_DIAG__K5,72,0.7390058660941154,0.6259761072261073,0.08333333333333333,4,29,5
R1_PCA_85__GMM_DIAG__K5,73,0.2648771892522783,0.43899433899433904,0.23076923076923078,4,26,5
R1_PCA_85__GMM_DIAG__K5,74,0.6751558961659025,0.8320486815415823,0.47058823529411764,5,20,5
R1_PCA_85__GMM_DIAG__K5,75,0.4404086136485149,0.4934409888357257,0.0,4,31,5
R1_PCA_85__GMM_DIAG__K5,76,0.39272969213088976,0.6248651218062984,0.28,5,25,5
R1_PCA_85__GMM_DIAG__K5,77,0.7083577330799294,0.5966666666666667,0.0,1,25,5
R1_PCA_85__GMM_DIAG__K5,78,0.5615105859982467,0.6435576923076923,0.1,9,21,5
R1_PCA_85__GMM_DIAG__K5,79,0.3616037173963202,0.45593073593073596,0.11428571428571428,2,32,5
R1_PCA_85__GMM_DIAG__K5,80,0.7576122475734519,0.8742857142857142,0.5714285714285714,6,24,4
R1_PCA_85__GMM_DIAG__K5,81,0.7471934942102006,0.6622205380826071,0.0,4,25,5
R1_PCA_85__GMM_DIAG__K5,82,0.6973400187521402,0.5947058823529412,0.0,1,29,5
R1_PCA_85__GMM_DIAG__K5,83,0.814593179191014,0.655,0.0,3,29,5
R1_PCA_85__GMM_DIAG__K5,84,0.9153512713257931,0.9378787878787879,0.75,6,33,5
R1_PCA_85__GMM_DIAG__K5,85,0.48822223050663316,0.5191017104060582,0.0,2,25,5
R1_PCA_85__GMM_DIAG__K5,86,0.6355678540101101,0.6047619047619047,0.0,4,28,5
R1_PCA_85__GMM_DIAG__K5,87,0.7519529819999512,0.6672699849170438,0.0,3,31,5
R1_PCA_85__GMM_DIAG__K5,88,0.7321788591623587,0.6131601731601732,0.0,4,29,5
R1_PCA_85__GMM_DIAG__K5,89,0.45140318811743746,0.7014814814814815,0.4074074074074074,4,27,5
R1_PCA_85__GMM_DIAG__K5,90,0.7395706015275186,0.6713852813852814,0.45454545454545453,4,27,5
R1_PCA_85__GMM_DIAG__K5,91,0.9528201087572897,0.974921630094044,0.9090909090909091,7,29,4
R1_PCA_85__GMM_DIAG__K5,92,0.8455949039432902,0.6990196078431372,0.0,1,33,5
R1_PCA_85__GMM_DIAG__K5,93,0.7633077135597596,0.6722222222222223,0.1111111111111111,4,30,5
R1_PCA_85__GMM_DIAG__K5,94,0.4972156063862318,0.5900000000000001,0.0,6,34,5
R1_PCA_85__GMM_DIAG__K5,95,0.33566892653718783,0.4389869281045751,0.0,1,36,6
R1_PCA_85__GMM_DIAG__K5,96,0.5355975243972005,0.5236601307189541,0.0,5,22,5
R1_PCA_85__GMM_DIAG__K5,97,0.5797897567421965,0.6055555555555556,0.0,5,29,5
R1_PCA_85__GMM_DIAG__K5,98,0.8752785744980662,0.9151515151515153,0.6666666666666666,6,33,5
R1_PCA_85__GMM_DIAG__K5,99,0.5383215324173751,0.6246246246246245,0.0,5,31,5
R1_PCA_85__GMM_DIAG__K5,100,0.47983667857798956,0.5632900432900434,0.19047619047619047,7,23,5
R1_PCA_85__GMM_DIAG__K5,101,0.6898769655746326,0.6724386724386725,0.0,9,24,5
R1_PCA_85__GMM_DIAG__K5,102,0.5705363773110683,0.7588172043010752,0.45,5,22,5
R1_PCA_85__GMM_DIAG__K5,103,0.30852431381227957,0.37249999999999994,0.0,3,44,5
R1_PCA_85__GMM_DIAG__K5,104,0.4660258977439594,0.5341736694677871,0.0,6,21,5
R1_PCA_85__GMM_DIAG__K5,105,0.3181728862609193,0.421,0.0,1,47,5
R1_PCA_85__GMM_DIAG__K5,106,0.5454352009367347,0.7625396825396825,0.5555555555555556,6,27,5
R1_PCA_85__GMM_DIAG__K5,107,0.3598255235895956,0.4703409090909091,0.0,9,20,5
R1_PCA_85__GMM_DIAG__K5,108,0.5383397758685953,0.5268864468864469,0.0,6,27,5
R1_PCA_85__GMM_DIAG__K5,109,0.7884064359709059,0.8572222222222223,0.625,5,36,5
R1_PCA_85__GMM_DIAG__K5,110,0.6371718485415556,0.6290909090909091,0.0,10,18,5
R1_PCA_85__GMM_DIAG__K5,111,0.9127760693318423,0.9305555555555557,0.8333333333333334,5,36,5
R1_PCA_85__GMM_DIAG__K5,112,0.6860747307406887,0.6073348873348874,0.0,1,39,5
R1_PCA_85__GMM_DIAG__K5,113,0.5296315356346959,0.5019607843137255,0.0,1,24,6
R1_PCA_85__GMM_DIAG__K5,114,0.8314591065100315,0.8821428571428571,0.625,5,35,5
R1_PCA_85__GMM_DIAG__K5,115,0.3429023705924265,0.6496969696969697,0.4,5,25,5
R1_PCA_85__GMM_DIAG__K5,116,0.5630882824060655,0.5556709956709956,0.0,6,29,5
R1_PCA_85__GMM_DIAG__K5,117,0.49839631514216126,0.5635497835497836,0.2727272727272727,7,20,4
R1_PCA_85__GMM_DIAG__K5,118,0.8823605106566683,0.85,0.6666666666666666,6,36,5
R1_PCA_85__GMM_DIAG__K5,119,0.7729300341189965,0.6034188034188034,0.0,2,36,5
R1_PCA_85__GMM_DIAG__K5,120,0.7912027742288739,0.6654895104895104,0.09090909090909091,4,28,5
R1_PCA_85__GMM_DIAG__K5,121,0.7785601757370274,0.6332844574780059,0.0,4,27,5
R1_PCA_85__GMM_DIAG__K5,122,0.9365045626039461,0.6993006993006994,0.0,3,30,5
R1_PCA_85__GMM_DIAG__K5,123,0.8776850324245741,0.9073529411764707,0.625,5,34,5
R1_PCA_85__GMM_DIAG__K5,124,0.7750099383056342,0.6650937297996122,0.0,3,31,4
R1_PCA_85__GMM_DIAG__K5,125,0.6598412676447908,0.6361904761904762,0.0,9,21,5
R1_PCA_85__GMM_DIAG__K5,126,0.7525127908052829,0.6495238095238095,0.0,5,25,5
R1_PCA_85__GMM_DIAG__K5,127,0.41929801371952913,0.49289352413291293,0.0,8,19,5
R1_PCA_85__GMM_DIAG__K5,128,0.4465491681765772,0.712,0.36,5,24,5
R1_PCA_85__GMM_DIAG__K5,129,0.5933792181822143,0.6435294117647059,0.0,6,28,4
R1_PCA_85__GMM_DIAG__K5,130,0.42430048441905865,0.4441919191919192,0.0,1,24,5
R1_PCA_85__GMM_DIAG__K5,131,0.49373365740809194,0.4903234265734266,0.0,1,24,5
R1_PCA_85__GMM_DIAG__K5,132,0.4133385316406345,0.4628571428571429,0.0,6,23,5
R1_PCA_85__GMM_DIAG__K5,133,0.48258205403206866,0.5380952380952381,0.19047619047619047,6,20,5
R1_PCA_85__GMM_DIAG__K5,134,0.3177492786013052,0.43562548562548564,0.0,1,26,5
R1_PCA_85__GMM_DIAG__K5,135,0.8278661218431229,0.888888888888889,0.6666666666666666,6,36,5
R1_PCA_85__GMM_DIAG__K5,136,0.5893362412833243,0.5732539682539682,0.0,5,28,5
R1_PCA_85__GMM_DIAG__K5,137,0.5896725159271264,0.739453781512605,0.5294117647058824,5,29,5
R1_PCA_85__GMM_DIAG__K5,138,0.6667849800733225,0.6421626984126985,0.0,9,23,5
R1_PCA_85__GMM_DIAG__K5,139,0.5807947724527286,0.7761755485893417,0.36363636363636365,7,22,5
R1_PCA_85__GMM_DIAG__K5,140,0.710289089213553,0.6522832722832723,0.4,5,25,5
R1_PCA_85__GMM_DIAG__K5,141,0.8640896112453328,0.8486363636363636,0.625,4,33,5
R1_PCA_85__GMM_DIAG__K5,142,0.5458883958003287,0.5442424242424242,0.0,8,22,5
R1_PCA_85__GMM_DIAG__K5,143,0.3807417488941817,0.5188131313131313,0.0,8,22,5
R1_PCA_85__GMM_DIAG__K5,144,0.400546891171859,0.46051224317478184,0.0,1,19,5
R1_PCA_85__GMM_DIAG__K5,145,0.3526587231015472,0.46320855614973266,0.0,6,22,5
R1_PCA_85__GMM_DIAG__K5,146,0.7834839423040223,0.8973214285714285,0.6428571428571429,7,27,5
R1_PCA_85__GMM_DIAG__K5,147,0.7941948196901195,0.8651515151515152,0.5555555555555556,3,36,5
R1_PCA_85__GMM_DIAG__K5,148,0.7925144724021321,0.6960427807486631,0.0,5,29,5
R1_PCA_85__GMM_DIAG__K5,149,0.44394335871409496,0.5376623376623376,0.0,6,23,5
R1_PCA_85__GMM_DIAG__K5,150,0.8376284384422479,0.7100452488687783,0.1,4,31,5
R1_PCA_85__GMM_DIAG__K5,151,0.5811705213058674,0.5722368421052633,0.0,1,22,5
R1_PCA_85__GMM_DIAG__K5,152,0.6428172169661822,0.5640040106951872,0.0,2,25,5
R1_PCA_85__GMM_DIAG__K5,153,0.7502401536983669,0.7220291146761734,0.2727272727272727,8,29,5
R1_PCA_85__GMM_DIAG__K5,154,0.6279684458814075,0.6180351906158357,0.0,11,19,5
R1_PCA_85__GMM_DIAG__K5,155,0.6137878035294227,0.5369426406926407,0.0,2,28,5
R1_PCA_85__GMM_DIAG__K5,156,0.8278661218431229,0.888888888888889,0.6666666666666666,6,36,5
R1_PCA_85__GMM_DIAG__K5,157,0.6850302185030218,0.8088235294117647,0.625,5,29,5
R1_PCA_85__GMM_DIAG__K5,158,0.6826079839105728,0.6318181818181818,0.0,7,26,5
R1_PCA_85__GMM_DIAG__K5,159,0.4372679154534416,0.5300111482720178,0.0,1,23,5
R1_PCA_85__GMM_DIAG__K5,160,0.639355669687397,0.8232323232323232,0.5555555555555556,5,25,5
R1_PCA_85__GMM_DIAG__K5,161,0.5154208303897406,0.5700000000000001,0.0,6,33,5
R1_PCA_85__GMM_DIAG__K5,162,0.28908601298907016,0.4242424242424242,0.0,8,22,5
R1_PCA_85__GMM_DIAG__K5,163,0.5579903544505315,0.7585832083958021,0.4782608695652174,5,23,5
R1_PCA_85__GMM_DIAG__K5,164,0.8404740200546946,0.8875816993464053,0.5555555555555556,5,34,5
R1_PCA_85__GMM_DIAG__K5,165,0.6415050388353855,0.587531017369727,0.0,1,25,5
R1_PCA_85__GMM_DIAG__K5,166,0.2632896993832367,0.3940600575894694,0.0,8,26,5
R1_PCA_85__GMM_DIAG__K5,167,0.5904662250650913,0.5448484848484849,0.0,3,25,5
R1_PCA_85__GMM_DIAG__K5,168,0.9699533892320138,0.8333333333333333,0.5,3,33,5
R1_PCA_85__GMM_DIAG__K5,169,0.36035964283501914,0.6177777777777778,0.3333333333333333,6,20,5
R1_PCA_85__GMM_DIAG__K5,170,0.43270676815262765,0.7038712921065862,0.34615384615384615,5,26,5
R1_PCA_85__GMM_DIAG__K5,171,0.5630371387573098,0.5277940697295536,0.0,1,24,5
R1_PCA_85__GMM_DIAG__K5,172,0.5768799591365472,0.5462462462462462,0.0,7,30,5
R1_PCA_85__GMM_DIAG__K5,173,0.8881268075465102,0.6766253101736973,0.0,1,30,5
R1_PCA_85__GMM_DIAG__K5,174,0.49350156008013063,0.6319512195121952,0.0,6,33,5
R1_PCA_85__GMM_DIAG__K5,175,0.6842517269467159,0.5475108225108225,0.0,4,36,5
R1_PCA_85__GMM_DIAG__K5,176,0.4069106316972051,0.5487394957983194,0.0,5,20,5
R1_PCA_85__GMM_DIAG__K5,177,0.7829118694402195,0.8982683982683983,0.6428571428571429,6,28,5
R1_PCA_85__GMM_DIAG__K5,178,0.3683227868668427,0.48949208686050794,0.0,6,19,5
R1_PCA_85__GMM_DIAG__K5,179,0.5259296187818653,0.5775490196078431,0.125,7,20,5
R1_PCA_85__GMM_DIAG__K5,180,0.41078357274756483,0.509090909090909,0.0,10,17,5
R1_PCA_85__GMM_DIAG__K5,181,0.6460504201680672,0.6541866028708134,0.0,2,36,5
R1_PCA_85__GMM_DIAG__K5,182,0.5565356315114421,0.5934684684684683,0.0,5,30,5
R1_PCA_85__GMM_DIAG__K5,183,0.6666201170511242,0.6435406698564593,0.0,3,35,5
R1_PCA_85__GMM_DIAG__K5,184,0.6265440965239873,0.6112476112476113,0.0,7,29,5
R1_PCA_85__GMM_DIAG__K5,185,0.5208017599608897,0.525,0.0,8,21,5
R1_PCA_85__GMM_DIAG__K5,186,0.5358855203953677,0.5136363636363637,0.0,5,20,5
R1_PCA_85__GMM_DIAG__K5,187,0.6163519477394349,0.5827565982404692,0.0,6,22,4
R1_PCA_85__GMM_DIAG__K5,188,0.790414207710551,0.8672222222222222,0.6,6,36,5
R1_PCA_85__GMM_DIAG__K5,189,0.7915829235015653,0.694726062467998,0.0,5,26,5
R1_PCA_85__GMM_DIAG__K5,190,0.8729755754976342,0.9052100840336135,0.7142857142857143,5,33,5
R1_PCA_85__GMM_DIAG__K5,191,0.3699639759064424,0.543353576248313,0.0,5,26,5
R1_PCA_85__GMM_DIAG__K5,192,0.9171056619643567,0.9314285714285715,0.7142857142857143,5,35,5
R1_PCA_85__GMM_DIAG__K5,193,0.6371037439070765,0.6124624624624625,0.0,4,34,5
R1_PCA_85__GMM_DIAG__K5,194,0.546272776366582,0.5901631701631702,0.15384615384615385,10,21,5
R1_PCA_85__GMM_DIAG__K5,195,0.4005961733307881,0.5076923076923077,0.0625,10,18,5
R1_PCA_85__GMM_DIAG__K5,196,0.3140440006105139,0.40247362747362747,0.0,1,25,5
R1_PCA_85__GMM_DIAG__K5,197,0.3014223067820599,0.41307359307359304,0.0,4,22,5
R1_PCA_85__GMM_DIAG__K5,198,0.7816697209399429,0.8770833333333334,0.75,6,29,5
R1_PCA_85__GMM_DIAG__K5,199,0.5447298388302485,0.5956256109481917,0.08333333333333333,5,22,4
R1_PCA_85__GMM_DIAG__K5,200,0.5029572392177595,0.490017825311943,0.0,4,26,4
R1_PCA_85__GMM_DIAG__K5,201,0.4058539583822971,0.5404605263157894,0.0,9,19,5
R1_PCA_85__GMM_DIAG__K5,202,0.45598008211099444,0.6138095238095238,0.2,6,23,5
R1_PCA_85__GMM_DIAG__K5,203,0.5938194156272122,0.6119480519480519,0.0,9,19,5
R1_PCA_85__GMM_DIAG__K5,204,0.39290133598059296,0.5419195046439629,0.0,9,19,5
R1_PCA_85__GMM_DIAG__K5,205,0.43452660967588774,0.5770731707317074,0.0,6,33,5
R1_PCA_85__GMM_DIAG__K5,206,0.7784443384007089,0.6904040404040404,0.09090909090909091,4,33,5
R1_PCA_85__GMM_DIAG__K5,207,0.9042610202294623,0.8795454545454546,0.625,5,33,5
R1_PCA_85__GMM_DIAG__K5,208,0.7229116894117529,0.6490700104493208,0.06666666666666667,9,21,5
R1_PCA_85__GMM_DIAG__K5,209,0.497504868850753,0.7371428571428571,0.4,6,20,5
R1_PCA_85__GMM_DIAG__K5,210,0.35703807592027637,0.4407647907647908,0.0,6,21,5
R1_PCA_85__GMM_DIAG__K5,211,0.8390606714187614,0.6643073593073593,0.0,1,33,4
R1_PCA_85__GMM_DIAG__K5,212,0.7488315928352601,0.8447058823529412,0.6,6,34,5
R1_PCA_85__GMM_DIAG__K5,213,0.8278506327232436,0.6750961538461538,0.0,3,29,5
R1_PCA_85__GMM_DIAG__K5,214,0.351403973106994,0.4775621118012422,0.0,5,23,5
R1_PCA_85__GMM_DIAG__K5,215,0.2695113005688345,0.4076767676767677,0.0,8,25,5
R1_PCA_85__GMM_DIAG__K5,216,0.45076746617690916,0.7098339719029374,0.4074074074074074,5,27,5
R1_PCA_85__GMM_DIAG__K5,217,0.8751797588798184,0.6303030303030304,0.0,2,33,5
R1_PCA_85__GMM_DIAG__K5,218,0.5034801908359231,0.6735111435878699,0.43478260869565216,4,23,5
R1_PCA_85__GMM_DIAG__K5,219,0.416187527642636,0.4918279569892473,0.22580645161290322,4,30,5
R1_PCA_85__GMM_DIAG__K5,220,0.608433734939759,0.6151351351351352,0.0,6,29,5
R1_PCA_85__GMM_DIAG__K5,221,0.5040998705304043,0.5691880341880342,0.0,3,36,5
R1_PCA_85__GMM_DIAG__K5,222,0.30298706845630263,0.4235294117647059,0.0,4,21,5
R1_PCA_85__GMM_DIAG__K5,223,0.8153114797393597,0.9216666666666666,0.7333333333333333,6,28,5
R1_PCA_85__GMM_DIAG__K5,224,1.0,1.0,1.0,6,31,5
R1_PCA_85__GMM_DIAG__K5,225,0.5107039068455514,0.5814102564102563,0.0,5,30,5
R1_PCA_85__GMM_DIAG__K5,226,0.48557106066515976,0.5392852624920936,0.0,9,17,5
R1_PCA_85__GMM_DIAG__K5,227,0.8827284821279694,0.6934065934065934,0.0,2,26,4
R1_PCA_85__GMM_DIAG__K5,228,0.45325277879769016,0.5085314685314686,0.0,8,19,5
R1_PCA_85__GMM_DIAG__K5,229,0.7038548829646692,0.6232732732732733,0.0,4,34,5
R1_PCA_85__GMM_DIAG__K5,230,0.6414336784346711,0.6431761786600496,0.0,9,21,5
R1_PCA_85__GMM_DIAG__K5,231,0.7948016569228096,0.6888888888888889,0.0,5,28,5
R1_PCA_85__GMM_DIAG__K5,232,0.5198476559595732,0.5166666666666667,0.0,6,20,5
R1_PCA_85__GMM_DIAG__K5,233,0.7696398655258099,0.6301282051282051,0.0,1,29,5
R1_PCA_85__GMM_DIAG__K5,234,0.7033876164765305,0.821111111111111,0.75,6,33,5
R1_PCA_85__GMM_DIAG__K5,235,0.5173657032986584,0.6219512195121951,0.0,3,33,5
R1_PCA_85__GMM_DIAG__K5,236,0.6557168875002088,0.6043512043512044,0.0,4,35,5
R1_PCA_85__GMM_DIAG__K5,237,0.6748548459133542,0.6245775729646698,0.0,9,23,5
R1_PCA_85__GMM_DIAG__K5,238,0.7336820829865652,0.6916071428571428,0.3333333333333333,2,28,5
R1_PCA_85__GMM_DIAG__K5,239,0.43256740437450836,0.568951048951049,0.15384615384615385,6,25,5
R1_PCA_85__GMM_DIAG__K5,240,0.7974014945255943,0.6415384615384616,0.0,1,29,5
R1_PCA_85__GMM_DIAG__K5,241,0.498563570362782,0.5592712550607287,0.0,6,32,5
R1_PCA_85__GMM_DIAG__K5,242,0.5427874936469187,0.5361111111111111,0.0,1,20,5
R1_PCA_85__GMM_DIAG__K5,243,0.8682465332093646,0.6358479020979022,0.0,2,32,5
R1_PCA_85__GMM_DIAG__K5,244,0.7212026979932888,0.6439296814296813,0.09090909090909091,4,29,5
R1_PCA_85__GMM_DIAG__K5,245,0.47217194051737965,0.4999368686868687,0.0,1,22,5
R1_PCA_85__GMM_DIAG__K5,246,0.5606393187659251,0.741111111111111,0.4444444444444444,4,27,5
R1_PCA_85__GMM_DIAG__K5,247,0.6776720761052043,0.8275,0.4375,6,21,5
R1_PCA_85__GMM_DIAG__K5,248,0.5873852645422911,0.6094208494208495,0.0,4,27,5
R1_PCA_85__GMM_DIAG__K5,249,0.8846580406654344,0.7233333333333334,0.4,4,30,5
R1_PCA_85__GMM_DIAG__K5,250,0.47202303219363606,0.5364806246385194,0.0,5,29,5
R1_PCA_85__GMM_DIAG__K5,251,0.8787003610108304,0.9068181818181819,0.625,5,33,5
R1_PCA_85__GMM_DIAG__K5,252,0.5520405062273804,0.5285714285714286,0.0,3,18,4
R1_PCA_85__GMM_DIAG__K5,253,0.5939045166982123,0.5922222222222222,0.0,6,28,5
R1_PCA_85__GMM_DIAG__K5,254,0.8784593160090246,0.6977688977688977,0.0,2,31,5
R1_PCA_85__GMM_DIAG__K5,255,0.8741060478154915,0.9161904761904761,0.6666666666666666,5,35,5
R1_PCA_85__GMM_DIAG__K5,256,0.6567067463460292,0.582156862745098,0.0,1,28,5
R1_PCA_85__GMM_DIAG__K5,257,0.8217035482718549,0.8988911988911991,0.7692307692307693,4,34,5
R1_PCA_85__GMM_DIAG__K5,258,0.5302932285467737,0.7138888888888889,0.45,4,27,5
R1_PCA_85__GMM_DIAG__K5,259,0.4604651162790698,0.5423809523809524,0.08333333333333333,6,20,4
R1_PCA_85__GMM_DIAG__K5,260,0.5123348718764921,0.5123809523809524,0.0,2,20,5
R1_PCA_85__GMM_DIAG__K5,261,0.6226811708445005,0.5600505050505051,0.0,1,37,5
R1_PCA_85__GMM_DIAG__K5,262,0.5910744126609653,0.588314910895556,0.0,9,22,5
R1_PCA_85__GMM_DIAG__K5,263,0.533314231453219,0.584047619047619,0.0,5,27,5
R1_PCA_85__GMM_DIAG__K5,264,0.5390917396045147,0.5833011583011583,0.0,5,30,5
R1_PCA_85__GMM_DIAG__K5,265,0.8953732411927193,0.7591176470588236,0.5,5,34,5
R1_PCA_85__GMM_DIAG__K5,266,0.9130075142547783,0.8334848484848484,0.625,6,30,4
R1_PCA_85__GMM_DIAG__K5,267,0.2568338276144339,0.4083333333333333,0.0,6,24,5
R1_PCA_85__GMM_DIAG__K5,268,1.0,1.0,1.0,6,31,4
R1_PCA_85__GMM_DIAG__K5,269,0.5888896437990648,0.6,0.0,6,23,4
R1_PCA_85__GMM_DIAG__K5,270,0.5720499063462332,0.5455357142857142,0.0,4,24,5
R1_PCA_85__GMM_DIAG__K5,271,0.6054682381715969,0.6335985853227233,0.1111111111111111,5,19,5
R1_PCA_85__GMM_DIAG__K5,272,0.26916184396871584,0.40721157284886633,0.0,1,41,4
R1_PCA_85__GMM_DIAG__K5,273,0.6231992753832218,0.5373214285714285,0.0,1,26,5
R1_PCA_85__GMM_DIAG__K5,274,0.5850874067617008,0.5606617647058824,0.0,1,25,5
R1_PCA_85__GMM_DIAG__K5,275,0.8745502959828955,0.9092105263157894,0.625,5,38,5
R1_PCA_85__GMM_DIAG__K5,276,0.8498830698766654,0.7119047619047619,0.0,3,25,4
R1_PCA_85__GMM_DIAG__K5,277,0.4443871777222845,0.5861111111111111,0.2916666666666667,5,23,6
R1_PCA_85__GMM_DIAG__K5,278,0.8867751547100619,0.7127472527472527,0.3333333333333333,4,30,5
R1_PCA_85__GMM_DIAG__K5,279,0.8357696625716663,0.7175268817204301,0.0,4,27,5
R1_PCA_85__GMM_DIAG__K5,280,0.7446993011749103,0.6276190476190476,0.0,1,35,5
R1_PCA_85__GMM_DIAG__K5,281,0.679409167536325,0.6395850395850395,0.0,3,34,4
R1_PCA_85__GMM_DIAG__K5,282,0.4605910634814599,0.6993988269794722,0.375,5,24,5
R1_PCA_85__GMM_DIAG__K5,283,0.6183863596414133,0.6126126126126126,0.0,5,32,5
R1_PCA_85__GMM_DIAG__K5,284,0.7210540324727176,0.6591025641025641,0.0,4,35,5
R1_PCA_85__GMM_DIAG__K5,285,0.7260379222347227,0.6292307692307693,0.0,6,29,5
R1_PCA_85__GMM_DIAG__K5,286,0.4132048477785364,0.44726890756302523,0.0,1,24,5
R1_PCA_85__GMM_DIAG__K5,287,0.5513052679622651,0.5877858627858628,0.0,5,27,5
R1_PCA_85__GMM_DIAG__K5,288,0.5490161831399025,0.5257575757575756,0.0,3,20,5
R1_PCA_85__GMM_DIAG__K5,289,0.38712191249715633,0.4517045454545455,0.0,8,18,5
R1_PCA_85__GMM_DIAG__K5,290,0.5186747929363963,0.544126984126984,0.0,6,23,5
R1_PCA_85__GMM_DIAG__K5,291,0.4100539011249393,0.7011802232854865,0.42105263157894735,6,19,5
R1_PCA_85__GMM_DIAG__K5,292,0.7972536928151441,0.7016317016317016,0.09090909090909091,4,30,5
R1_PCA_85__GMM_DIAG__K5,293,0.8718426622222359,0.9171171171171171,0.6666666666666666,6,37,5
R1_PCA_85__GMM_DIAG__K5,294,0.4899012100039331,0.5461050061050061,0.0,5,29,4
R1_PCA_85__GMM_DIAG__K5,295,0.8789019312648491,0.8533333333333333,0.6666666666666666,6,30,5
R1_PCA_85__GMM_DIAG__K5,296,0.7442329974007585,0.6116093366093367,0.0,1,37,5
R1_PCA_85__GMM_DIAG__K5,297,0.6249312635836252,0.7848484848484849,0.5,6,26,5
R1_PCA_85__GMM_DIAG__K5,298,0.33365653586068605,0.41,0.0,3,30,5
R1_PCA_85__GMM_DIAG__K5,299,0.9035503087699391,0.8050505050505052,0.5555555555555556,5,33,5
R1_PCA_85__GMM_DIAG__K5,300,0.23510108543497718,0.4035353535353535,0.0,6,24,5
R1_PCA_85__GMM_DIAG__K5,301,0.6420414035966785,0.6532467532467533,0.0,7,19,4
R1_PCA_85__GMM_DIAG__K5,302,0.49237483154864825,0.5283537296037296,0.0,6,23,5
R1_PCA_85__GMM_DIAG__K5,303,0.6893513217503858,0.5253302253302253,0.0,5,36,5
R1_PCA_85__GMM_DIAG__K5,304,0.36177285318559554,0.42651305683563745,0.0,7,21,5
R1_PCA_85__GMM_DIAG__K5,305,0.6577084908988646,0.5345454545454545,0.0,3,28,5
R1_PCA_85__GMM_DIAG__K5,306,0.7559188533223428,0.6220833333333333,0.0,4,30,5
R1_PCA_85__GMM_DIAG__K5,307,0.5391079136690647,0.7474403927068723,0.43478260869565216,4,23,5
R1_PCA_85__GMM_DIAG__K5,308,0.7323789052328461,0.6290271132376395,0.0,1,37,5
R1_PCA_85__GMM_DIAG__K5,309,0.6261204796480688,0.588966588966589,0.0,8,24,5
R1_PCA_85__GMM_DIAG__K5,310,0.5388676762772048,0.7161228909354846,0.4782608695652174,5,23,5
R1_PCA_85__GMM_DIAG__K5,311,0.8381939157204806,0.7095104895104896,0.1,4,30,5
R1_PCA_85__GMM_DIAG__K5,312,0.6193768108575205,0.5596825396825397,0.0,5,28,5
R1_PCA_85__GMM_DIAG__K5,313,1.0,1.0,1.0,6,29,5
R1_PCA_85__GMM_DIAG__K5,314,0.5542346236981726,0.5646167557932265,0.0,9,25,5
R1_PCA_85__GMM_DIAG__K5,315,0.5509774592194482,0.6121212121212121,0.0,6,26,5
R1_PCA_85__GMM_DIAG__K5,316,0.6429553917895844,0.5219004524886878,0.0,4,29,5
R1_PCA_85__GMM_DIAG__K5,317,0.6002890783329188,0.6094117647058823,0.0,6,25,5
R1_PCA_85__GMM_DIAG__K5,318,0.3502974828375286,0.4282539682539682,0.0,8,18,5
R1_PCA_85__GMM_DIAG__K5,319,0.7498073213434492,0.8447058823529412,0.6,6,34,5
R1_PCA_85__GMM_DIAG__K5,320,0.8735980212375795,0.9161904761904761,0.6666666666666666,6,35,5
R1_PCA_85__GMM_DIAG__K5,321,0.5493975903614458,0.4982905982905983,0.0,2,24,5
R1_PCA_85__GMM_DIAG__K5,322,0.7417203695293502,0.583424317617866,0.0,2,27,5
R1_PCA_85__GMM_DIAG__K5,323,0.15587227493887557,0.2768065268065268,0.0,2,26,5
R1_PCA_85__GMM_DIAG__K5,324,0.5344891480517393,0.5493927125506073,0.0,4,29,5
R1_PCA_85__GMM_DIAG__K5,325,0.9021533578855926,0.6907843137254902,0.0,1,34,5
R1_PCA_85__GMM_DIAG__K5,326,0.7522393217057799,0.8416666666666668,0.625,5,33,5
R1_PCA_85__GMM_DIAG__K5,327,0.7841155758424615,0.6386946386946387,0.0,3,30,5
R1_PCA_85__GMM_DIAG__K5,328,0.5240424090417585,0.5707602339181286,0.0,5,31,5
R1_PCA_85__GMM_DIAG__K5,329,0.690051388149519,0.6273504273504272,0.0,4,29,5
R1_PCA_85__GMM_DIAG__K5,330,0.3764511559283577,0.538551971326165,0.0,5,25,5
R1_PCA_85__GMM_DIAG__K5,331,0.8917162736883931,0.6436125965537729,0.1111111111111111,5,34,5
R1_PCA_85__GMM_DIAG__K5,332,0.8483333572706191,0.8734421134421133,0.7692307692307693,4,30,5
R1_PCA_85__GMM_DIAG__K5,333,0.6609285341679708,0.810483870967742,0.375,6,21,5
R1_PCA_85__GMM_DIAG__K5,334,0.8745481930984118,0.9156862745098039,0.6666666666666666,6,34,5
R1_PCA_85__GMM_DIAG__K5,335,0.8773074253990285,0.913978494623656,0.6666666666666666,6,28,5
R1_PCA_85__GMM_DIAG__K5,336,0.6406293752122444,0.6215336134453782,0.0,5,24,4
R1_PCA_85__GMM_DIAG__K5,337,0.5750137212183962,0.5775115688908793,0.0,2,21,5
R1_PCA_85__GMM_DIAG__K5,338,0.5985567447924562,0.7424347158218125,0.5238095238095238,4,23,5
R1_PCA_85__GMM_DIAG__K5,339,0.48208756666391966,0.5109862633122395,0.0,2,21,5
R1_PCA_85__GMM_DIAG__K5,340,0.7347764743288269,0.6218487394957983,0.0,4,31,5
R1_PCA_85__GMM_DIAG__K5,341,0.8761396400790347,0.9145833333333332,0.6666666666666666,6,32,5
R1_PCA_85__GMM_DIAG__K5,342,0.9156467029779373,0.9375,0.75,6,32,5
R1_PCA_85__GMM_DIAG__K5,343,0.40999708581556554,0.5261881977671452,0.0,7,19,5
R1_PCA_85__GMM_DIAG__K5,344,0.7318434692097653,0.8548387096774194,0.5,5,24,5
R1_PCA_85__GMM_DIAG__K5,345,0.18123862513649835,0.3749134199134199,0.0,1,33,5
R1_PCA_85__GMM_DIAG__K5,346,0.28889667832006566,0.4397510822510823,0.08333333333333333,6,21,5
R1_PCA_85__GMM_DIAG__K5,347,0.35619373390719267,0.4812987012987013,0.0,8,21,5
R1_PCA_85__GMM_DIAG__K5,348,1.0,1.0,1.0,6,32,5
R1_PCA_85__GMM_DIAG__K5,349,0.40722797143009815,0.53628663003663,0.0,6,21,5
R1_PCA_85__GMM_DIAG__K5,350,0.7319546472527545,0.642987012987013,0.0,4,31,5
R1_PCA_85__GMM_DIAG__K5,351,0.557029055578579,0.5625,0.0,9,22,4
R1_PCA_85__GMM_DIAG__K5,352,0.6177815456488605,0.587032967032967,0.0,3,32,5
R1_PCA_85__GMM_DIAG__K5,353,0.6599803619020901,0.6150900900900901,0.0,5,33,5
R1_PCA_85__GMM_DIAG__K5,354,0.5139597481225471,0.5254651780967571,0.0,7,22,5
R1_PCA_85__GMM_DIAG__K5,355,0.9267831409221868,0.6747474747474748,0.0,1,33,5
R1_PCA_85__GMM_DIAG__K5,356,0.2921535893155259,0.42267696267696275,0.0,5,20,5
R1_PCA_85__GMM_DIAG__K5,357,0.35891733241803464,0.3948732718894009,0.0,3,28,4
R1_PCA_85__GMM_DIAG__K5,358,0.5769123343898381,0.6068764568764569,0.0,8,18,5
R1_PCA_85__GMM_DIAG__K5,359,0.4174373393669134,0.4746491228070175,0.0,5,31,5
R1_PCA_85__GMM_DIAG__K5,360,0.6422733134492642,0.7976958525345622,0.6,5,25,5
R1_PCA_85__GMM_DIAG__K5,361,0.7193835300156739,0.6695238095238095,0.0,5,30,4
R1_PCA_85__GMM_DIAG__K5,362,0.6547008276745271,0.6224175824175824,0.0,7,28,5
R1_PCA_85__GMM_DIAG__K5,363,0.8743992955088691,0.9092105263157894,0.625,5,38,5
R1_PCA_85__GMM_DIAG__K5,364,0.37418049675945003,0.4733495670995671,0.0,6,22,5
R1_PCA_85__GMM_DIAG__K5,365,0.644907483773181,0.5707022144522144,0.0,1,26,5
R1_PCA_85__GMM_DIAG__K5,366,0.5716969317470256,0.5819444444444445,0.0,6,24,5
R1_PCA_85__GMM_DIAG__K5,367,0.6354668404720695,0.526073926073926,0.0,2,28,5
R1_PCA_85__GMM_DIAG__K5,368,0.5887147851967807,0.6035714285714285,0.0,5,36,5
R1_PCA_85__GMM_DIAG__K5,369,0.8768900008318243,0.9078571428571429,0.625,5,35,5
R1_PCA_85__GMM_DIAG__K5,370,0.4897977497974866,0.49982683982683984,0.0,2,21,5
R1_PCA_85__GMM_DIAG__K5,371,0.5736700749187202,0.5619047619047619,0.0,4,23,5
R1_PCA_85__GMM_DIAG__K5,372,0.8581670607062454,0.8695238095238096,0.6,6,35,5
R1_PCA_85__GMM_DIAG__K5,373,0.5243554406419982,0.5570028011204482,0.0,8,22,5
R1_PCA_85__GMM_DIAG__K5,374,0.5138066446425232,0.5533333333333333,0.0,7,17,5
R1_PCA_85__GMM_DIAG__K5,375,0.49027085166715556,0.5699134199134199,0.19047619047619047,8,21,5
R1_PCA_85__GMM_DIAG__K5,376,0.2837116036413323,0.4144815623076493,0.0,2,23,5
R1_PCA_85__GMM_DIAG__K5,377,0.4980057091463653,0.6963703595582154,0.5294117647058824,6,18,5
R1_PCA_85__GMM_DIAG__K5,378,0.4370041715897856,0.5896969696969697,0.22727272727272727,6,22,5
R1_PCA_85__GMM_DIAG__K5,379,0.5555111085378627,0.5650000000000001,0.0,4,35,5
R1_PCA_85__GMM_DIAG__K5,380,0.6400930842454797,0.6022510822510823,0.0,5,25,4
R1_PCA_85__GMM_DIAG__K5,381,0.8767007465969469,0.9083333333333332,0.625,5,36,5
R1_PCA_85__GMM_DIAG__K5,382,0.3546796868134577,0.5296969696969697,0.0,5,31,5
R1_PCA_85__GMM_DIAG__K5,383,0.6556982343499197,0.8225464190981432,0.5,6,20,5
R1_PCA_85__GMM_DIAG__K5,384,0.4823222925195385,0.5186417186417187,0.0,6,26,5
R1_PCA_85__GMM_DIAG__K5,385,0.5297462169445349,0.7295187165775401,0.3181818181818182,4,22,5
R1_PCA_85__GMM_DIAG__K5,386,0.6971408075061349,0.6371794871794871,0.0,7,25,5
R1_PCA_85__GMM_DIAG__K5,387,0.6903302944253474,0.7981818181818181,0.4,6,25,5
R1_PCA_85__GMM_DIAG__K5,388,0.790414207710551,0.8672222222222222,0.6,6,36,5
R1_PCA_85__GMM_DIAG__K5,389,0.3206046379498527,0.4473193473193473,0.0,7,29,5
R1_PCA_85__GMM_DIAG__K5,390,0.6133985211523698,0.5871428571428572,0.0,7,27,5
R1_PCA_85__GMM_DIAG__K5,391,0.44589937336609425,0.6508771929824562,0.3333333333333333,9,19,5
R1_PCA_85__GMM_DIAG__K5,392,0.6707838229173384,0.6394716394716395,0.0,8,25,5
R1_PCA_85__GMM_DIAG__K5,393,0.6120500046335343,0.5910256410256409,0.0,6,22,5
R1_PCA_85__GMM_DIAG__K5,394,0.7079490365051168,0.8722222222222221,0.6111111111111112,7,21,5
R1_PCA_85__GMM_DIAG__K5,395,0.6583815619763426,0.6496229260935144,0.0,4,31,4
R1_PCA_85__GMM_DIAG__K5,396,0.7708703078318246,0.6472727272727272,0.09090909090909091,3,31,5
R1_PCA_85__GMM_DIAG__K5,397,0.8362306811583268,0.8707563025210086,0.5714285714285714,4,34,5
R1_PCA_85__GMM_DIAG__K5,398,0.6059031141698776,0.5700000000000001,0.0,5,23,4
R1_PCA_85__GMM_DIAG__K5,399,0.6426283357989028,0.6182400932400933,0.0,5,24,5
R1_PCA_85__GMM_DIAG__K5,400,0.9520545840120478,0.9764367816091954,0.9166666666666666,6,29,5
R1_PCA_85__GMM_DIAG__K5,401,0.48785731348037265,0.51,0.0,5,19,5
R1_PCA_85__GMM_DIAG__K5,402,0.9369574416982146,0.8466666666666665,0.6,3,30,5
R1_PCA_85__GMM_DIAG__K5,403,0.7792690083574376,0.674810606060606,0.16666666666666666,6,28,5
R1_PCA_85__GMM_DIAG__K5,404,0.5755975878520743,0.5917773561037317,0.0,6,20,5
R1_PCA_85__GMM_DIAG__K5,405,0.49352746788580515,0.7035374785725417,0.4782608695652174,5,23,5
R1_PCA_85__GMM_DIAG__K5,406,0.4064222774380187,0.46527459468635934,0.0,7,17,5
R1_PCA_85__GMM_DIAG__K5,407,0.9107135191751303,0.7692307692307693,0.4,6,27,5
R1_PCA_85__GMM_DIAG__K5,408,0.4804351064747347,0.48391608391608393,0.0,1,22,5
R1_PCA_85__GMM_DIAG__K5,409,0.8909042254274934,0.6961616161616162,0.0,1,32,5
R1_PCA_85__GMM_DIAG__K5,410,0.595010319448591,0.5848667672197084,0.0,6,26,5
R1_PCA_85__GMM_DIAG__K5,411,0.6780318919525697,0.68125,0.0,8,23,5
R1_PCA_85__GMM_DIAG__K5,412,0.5417567622700012,0.5352688172043011,0.0,1,22,5
R1_PCA_85__GMM_DIAG__K5,413,0.414585845935434,0.4747252747252747,0.0,1,24,5
R1_PCA_85__GMM_DIAG__K5,414,0.8441075996458965,0.8129084967320261,0.625,5,34,5
R1_PCA_85__GMM_DIAG__K5,415,0.5457384691983886,0.5871814671814672,0.0,6,27,5
R1_PCA_85__GMM_DIAG__K5,416,0.5723508915761426,0.5482035206173137,0.0,8,17,4
R1_PCA_85__GMM_DIAG__K5,417,0.6952780433642785,0.5663133640552995,0.0,6,28,5
R1_PCA_85__GMM_DIAG__K5,418,0.39297742259218443,0.4958828278168609,0.0,5,23,5
R1_PCA_85__GMM_DIAG__K5,419,0.6900072337928873,0.608198051948052,0.0,4,28,4
R1_PCA_85__GMM_DIAG__K5,420,0.7938782841358124,0.6696969696969697,0.0,4,29,5
R1_PCA_85__GMM_DIAG__K5,421,0.8320471857965585,0.8352380952380953,0.7,7,26,5
R1_PCA_85__GMM_DIAG__K5,422,0.957374283167282,0.9649769585253456,0.8571428571428571,6,31,5
R1_PCA_85__GMM_DIAG__K5,423,0.9200880189935723,0.6968817204301075,0.0,1,30,5
R1_PCA_85__GMM_DIAG__K5,424,0.7963024361350794,0.81163082437276,0.4444444444444444,8,27,5
R1_PCA_85__GMM_DIAG__K5,425,0.5984537798379956,0.5756693306693308,0.0,5,31,5
R1_PCA_85__GMM_DIAG__K5,426,0.8754136151420375,0.9156862745098039,0.6666666666666666,4,34,5
R1_PCA_85__GMM_DIAG__K5,427,0.3317603939983965,0.4934523809523809,0.0,6,28,5
R1_PCA_85__GMM_DIAG__K5,428,0.8383812674980912,0.689060939060939,0.09090909090909091,4,25,5
R1_PCA_85__GMM_DIAG__K5,429,0.6143767621484588,0.6464935064935065,0.047619047619047616,9,18,5
R1_PCA_85__GMM_DIAG__K5,430,0.7513693669622202,0.8303418803418804,0.5555555555555556,5,39,5
R1_PCA_85__GMM_DIAG__K5,431,0.6351906004537169,0.8083333333333332,0.625,4,30,5
R1_PCA_85__GMM_DIAG__K5,432,0.7282727949310163,0.8179144385026739,0.5454545454545454,6,29,5
R1_PCA_85__GMM_DIAG__K5,433,0.5607473660756915,0.5958333333333333,0.0,6,19,5
R1_PCA_85__GMM_DIAG__K5,434,0.6273274119799903,0.830220713073005,0.47368421052631576,5,21,5
R1_PCA_85__GMM_DIAG__K5,435,0.44552857087167586,0.49450757575757576,0.0,2,24,5
R1_PCA_85__GMM_DIAG__K5,436,0.9576731944841577,0.9609523809523811,0.8333333333333334,5,35,5
R1_PCA_85__GMM_DIAG__K5,437,0.3336883445383745,0.44452380952380943,0.0,6,21,5
R1_PCA_85__GMM_DIAG__K5,438,0.3334728791196386,0.49126550868486357,0.0,7,26,5
R1_PCA_85__GMM_DIAG__K5,439,0.5254830109289488,0.5378968253968254,0.0,5,24,5
R1_PCA_85__GMM_DIAG__K5,440,0.9512921056914472,0.8222222222222222,0.5555555555555556,5,29,5
R1_PCA_85__GMM_DIAG__K5,441,0.4984751765633592,0.6162055335968379,0.21739130434782608,6,23,5
R1_PCA_85__GMM_DIAG__K5,442,0.8081825103688325,0.6543589743589744,0.0,4,27,5
R1_PCA_85__GMM_DIAG__K5,443,0.6023935168826354,0.5792207792207792,0.0,5,24,5
R1_PCA_85__GMM_DIAG__K5,444,0.56117470156811,0.7871212121212121,0.5416666666666666,4,24,5
R1_PCA_85__GMM_DIAG__K5,445,0.8017503765099894,0.6890909090909091,0.1111111111111111,3,34,5
R1_PCA_85__GMM_DIAG__K5,446,0.8079431864324778,0.650924369747899,0.0,2,32,5
R1_PCA_85__GMM_DIAG__K5,447,0.7715209115729784,0.9066937119675457,0.7058823529411765,7,24,4
R1_PCA_85__GMM_DIAG__K5,448,0.9171056619643567,0.9314285714285715,0.7142857142857143,5,35,5
R1_PCA_85__GMM_DIAG__K5,449,0.6021040363484774,0.5747285747285746,0.0,5,30,5
R1_PCA_85__GMM_DIAG__K5,450,0.607272002112992,0.5558061821219715,0.0,4,35,5
R1_PCA_85__GMM_DIAG__K5,451,0.7036494543354033,0.6690476190476191,0.0,9,19,4
R1_PCA_85__GMM_DIAG__K5,452,0.7310516880648921,0.8046016483516484,0.38461538461538464,7,25,5
R1_PCA_85__GMM_DIAG__K5,453,0.7878096332008403,0.8747619047619049,0.6,6,35,5
R1_PCA_85__GMM_DIAG__K5,454,0.6779238475712671,0.6704166666666667,0.0,8,24,5
R1_PCA_85__GMM_DIAG__K5,455,0.8599213404450191,0.7715686274509804,0.5,6,34,5
R1_PCA_85__GMM_DIAG__K5,456,0.5850470645737257,0.7230769230769231,0.0,7,30,5
R1_PCA_85__GMM_DIAG__K5,457,0.5094964320581813,0.5162278244631187,0.0,6,24,4
R1_PCA_85__GMM_DIAG__K5,458,0.5715701633788407,0.5421455938697317,0.0,2,19,5
R1_PCA_85__GMM_DIAG__K5,459,0.6699197622585439,0.6351785714285715,0.0,6,24,5
R1_PCA_85__GMM_DIAG__K5,460,0.7444931334703777,0.8523809523809524,0.6,5,35,5
R1_PCA_85__GMM_DIAG__K5,461,0.8679224077861943,0.8125,0.625,5,32,5
R1_PCA_85__GMM_DIAG__K5,462,0.544748853117303,0.5508547008547009,0.0,5,25,5
R1_PCA_85__GMM_DIAG__K5,463,0.7558498669520115,0.7026325026325027,0.14285714285714285,4,34,5
R1_PCA_85__GMM_DIAG__K5,464,0.6168181118127214,0.6427213309566251,0.0,9,23,5
R1_PCA_85__GMM_DIAG__K5,465,0.5495663663915601,0.5614285714285715,0.0,4,36,5
R1_PCA_85__GMM_DIAG__K5,466,0.7364419665484034,0.6484848484848486,0.09090909090909091,3,28,5
R1_PCA_85__GMM_DIAG__K5,467,0.5810107595587877,0.5421052631578946,0.0,5,33,5
R1_PCA_85__GMM_DIAG__K5,468,0.5913823587191409,0.6261072261072261,0.0,9,20,5
R1_PCA_85__GMM_DIAG__K5,469,0.5845619407286411,0.7830065359477124,0.47058823529411764,6,27,5
R1_PCA_85__GMM_DIAG__K5,470,0.5368218625562271,0.7523809523809523,0.42857142857142855,4,23,5
R1_PCA_85__GMM_DIAG__K5,471,0.3149004657231006,0.41515151515151516,0.0,1,32,5
R1_PCA_85__GMM_DIAG__K5,472,0.5479787801875796,0.5698717948717948,0.0,3,32,5
R1_PCA_85__GMM_DIAG__K5,473,0.3107428440531221,0.423992523992524,0.0,1,24,5
R1_PCA_85__GMM_DIAG__K5,474,0.6163922935339112,0.5947521714255994,0.0,1,22,4
R1_PCA_85__GMM_DIAG__K5,475,0.5899133482620972,0.5972727272727273,0.0,8,24,5
R1_PCA_85__GMM_DIAG__K5,476,0.5506459464519753,0.7727910238429173,0.34782608695652173,6,23,5
R1_PCA_85__GMM_DIAG__K5,477,0.3665160439480066,0.4375816993464053,0.0,3,18,5
R1_PCA_85__GMM_DIAG__K5,478,0.9698789364947578,0.8333333333333333,0.5,3,33,5
R1_PCA_85__GMM_DIAG__K5,479,0.5769999397856597,0.5777777777777777,0.0,5,28,5
R1_PCA_85__GMM_DIAG__K5,480,0.7038524102925525,0.6146236559139785,0.0,6,25,5
R1_PCA_85__GMM_DIAG__K5,481,0.8714251329292576,0.6648611111111111,0.0,1,32,5
R1_PCA_85__GMM_DIAG__K5,482,0.8816950114729838,0.6012121212121212,0.0,4,33,5
R1_PCA_85__GMM_DIAG__K5,483,0.6088759900840438,0.5917542016806723,0.0,5,23,5
R1_PCA_85__GMM_DIAG__K5,484,0.5444424164993612,0.5606388206388206,0.0,8,29,5
R1_PCA_85__GMM_DIAG__K5,485,0.42950757295509073,0.5190476190476191,0.0,6,36,5
R1_PCA_85__GMM_DIAG__K5,486,0.5391263026445203,0.5770334928229666,0.0,4,32,5
R1_PCA_85__GMM_DIAG__K5,487,0.5678603283315841,0.8134897360703812,0.45454545454545453,6,22,5
R1_PCA_85__GMM_DIAG__K5,488,0.7752867254954495,0.6527417027417027,0.1111111111111111,4,32,5
R1_PCA_85__GMM_DIAG__K5,489,0.5198579316012449,0.5662393162393163,0.0,5,28,5
R1_PCA_85__GMM_DIAG__K5,490,0.43054412437128486,0.44479895104895106,0.0,5,26,5
R1_PCA_85__GMM_DIAG__K5,491,0.8480911453128123,0.6901515151515152,0.0,3,30,5
R1_PCA_85__GMM_DIAG__K5,492,0.31882940855512154,0.42169117647058824,0.0,5,32,5
R1_PCA_85__GMM_DIAG__K5,493,0.5552477327767732,0.6152777777777778,0.3333333333333333,2,22,5
R1_PCA_85__GMM_DIAG__K5,494,0.7360521098838856,0.609049773755656,0.0,2,34,5
R1_PCA_85__GMM_DIAG__K5,495,0.8966135759514188,0.890219421101774,0.7777777777777778,6,34,5
R1_PCA_85__GMM_DIAG__K5,496,0.6321374431531076,0.8110344827586207,0.5,6,20,5
R1_PCA_85__GMM_DIAG__K5,497,0.8373042566838227,0.6897998553170968,0.09090909090909091,4,26,5
R1_PCA_85__GMM_DIAG__K5,498,0.6165289256198347,0.8111111111111111,0.3888888888888889,5,22,5
R1_PCA_85__GMM_DIAG__K5,499,0.8026652042774883,0.6742483660130719,0.1,4,31,5
R1_PCA_85__GMM_DIAG__K5,500,0.828668220475784,0.7,0.09090909090909091,4,30,5
R1_PCA_85__GMM_DIAG__K5,501,0.8540204531782635,0.8495238095238096,0.75,3,35,5
R1_PCA_85__GMM_DIAG__K5,502,0.4453605704445064,0.537025426680599,0.06896551724137931,5,26,5
R1_PCA_85__GMM_DIAG__K5,503,0.8125893171804911,0.6826923076923077,0.0,4,29,5
R1_PCA_85__GMM_DIAG__K5,504,0.34672226972134496,0.4067026540710751,0.0,6,19,5
R1_PCA_85__GMM_DIAG__K5,505,0.665289714785997,0.8341176470588236,0.47058823529411764,7,21,5
R1_PCA_85__GMM_DIAG__K5,506,0.4432926041637019,0.511583850931677,0.0,1,23,5
R1_PCA_85__GMM_DIAG__K5,507,0.8491129650831926,0.6903409090909091,0.0,3,29,5
R1_PCA_85__GMM_DIAG__K5,508,0.5039472773634422,0.5833949248583397,0.0,5,32,5
R1_PCA_85__GMM_DIAG__K5,509,0.5739837115800214,0.5776470588235294,0.0,6,19,5
R1_PCA_85__GMM_DIAG__K5,510,0.6733247422680413,0.8458333333333334,0.5625,5,26,5
R1_PCA_85__GMM_DIAG__K5,511,0.4961028805942762,0.5585714285714285,0.15,6,23,5
R1_PCA_85__GMM_DIAG__K5,512,0.8715516909263552,0.9059253246753247,0.7142857142857143,5,32,4
R1_PCA_85__GMM_DIAG__K5,513,0.6382084360052181,0.8217468805704101,0.4117647058823529,6,23,5
R1_PCA_85__GMM_DIAG__K5,514,0.8905458042744909,0.6938281073764945,0.0,1,31,5
R1_PCA_85__GMM_DIAG__K5,515,0.7714482643228793,0.7785714285714285,0.6666666666666666,6,25,4
R1_PCA_85__GMM_DIAG__K5,516,0.7891562448524474,0.8099078341013826,0.7142857142857143,5,27,5
R1_PCA_85__GMM_DIAG__K5,517,0.15207765667574932,0.327070707070707,0.0,4,36,5
R1_PCA_85__GMM_DIAG__K5,518,0.6808296125594123,0.5933333333333334,0.0,3,32,5
R1_PCA_85__GMM_DIAG__K5,519,0.7230176586895752,0.75,0.5833333333333334,4,36,5
R1_PCA_85__GMM_DIAG__K5,520,0.5894324568602803,0.5110389610389611,0.0,1,28,5
R1_PCA_85__GMM_DIAG__K5,521,0.6746457449363542,0.6233119658119659,0.1875,9,23,5
R1_PCA_85__GMM_DIAG__K5,522,0.5847339585848268,0.6472875816993463,0.375,5,26,5
R1_PCA_85__GMM_DIAG__K5,523,0.931550838470382,0.8052287581699347,0.5,3,34,5
R1_PCA_85__GMM_DIAG__K5,524,0.7024571053478582,0.7120238095238095,0.5,5,30,4
R1_PCA_85__GMM_DIAG__K5,525,0.4015916798227791,0.4930769230769231,0.0,7,20,5
R1_PCA_85__GMM_DIAG__K5,526,0.7111641571795814,0.6218614718614719,0.0,5,28,5
R1_PCA_85__GMM_DIAG__K5,527,0.899371628760496,0.6485714285714286,0.0,2,31,5
R1_PCA_85__GMM_DIAG__K5,528,0.6661347030371157,0.5381578947368422,0.0,5,38,4
R1_PCA_85__GMM_DIAG__K5,529,0.6654236683166922,0.6261904761904762,0.0,6,24,5
R1_PCA_85__GMM_DIAG__K5,530,0.7106600101167828,0.5548739495798319,0.0,2,30,5
R1_PCA_85__GMM_DIAG__K5,531,0.6129616414600646,0.5823207443897099,0.0,5,19,4
R1_PCA_85__GMM_DIAG__K5,532,0.6160007478076965,0.6794982078853047,0.5,4,23,5
R1_PCA_85__GMM_DIAG__K5,533,0.6640345950390772,0.8170869990224829,0.4666666666666667,7,23,5
R1_PCA_85__GMM_DIAG__K5,534,0.5998793945606947,0.5928787878787879,0.0,5,23,4
R1_PCA_85__GMM_DIAG__K5,535,0.6204949630363074,0.611111111111111,0.0,6,29,5
R1_PCA_85__GMM_DIAG__K5,536,0.5147559042393992,0.7389355742296918,0.38095238095238093,6,23,5
R1_PCA_85__GMM_DIAG__K5,537,0.5708397451296114,0.5463888888888888,0.0,1,21,5
R1_PCA_85__GMM_DIAG__K5,538,0.8991336920409371,0.6909090909090909,0.0,1,32,5
R1_PCA_85__GMM_DIAG__K5,539,0.5416541780378918,0.5863636363636363,0.0,3,40,5
R1_PCA_85__GMM_DIAG__K5,540,0.7706452366985264,0.6594771241830066,0.1111111111111111,4,31,5
R1_PCA_85__GMM_DIAG__K5,541,0.6373894951073477,0.6217032967032967,0.0,5,30,5
R1_PCA_85__GMM_DIAG__K5,542,0.3534617198369603,0.44946895424836597,0.0,1,34,5
R1_PCA_85__GMM_DIAG__K5,543,0.24079518440648076,0.33897687280040223,0.0,1,23,5
R1_PCA_85__GMM_DIAG__K5,544,0.7928333525022558,0.87683284457478,0.6363636363636364,6,27,5
R1_PCA_85__GMM_DIAG__K5,545,0.6310203879099135,0.8044444444444444,0.3888888888888889,7,19,5
R1_PCA_85__GMM_DIAG__K5,546,0.6860642649852566,0.6301476301476301,0.0,6,27,5
R1_PCA_85__GMM_DIAG__K5,547,0.48484505700592384,0.6705096627510421,0.46153846153846156,5,26,5
R1_PCA_85__GMM_DIAG__K5,548,0.2848754207578225,0.450909090909091,0.0,4,34,5
R1_PCA_85__GMM_DIAG__K5,549,0.7655916556767773,0.7066666666666667,0.0,6,24,4
R1_PCA_85__GMM_DIAG__K5,550,0.839470782800441,0.6533585858585859,0.0,2,32,5
R1_PCA_85__GMM_DIAG__K5,551,0.27053430824685415,0.4335472370766489,0.0,1,33,5
R1_PCA_85__GMM_DIAG__K5,552,0.46717843254020874,0.7219362745098039,0.4117647058823529,6,17,5
R1_PCA_85__GMM_DIAG__K5,553,0.8514471182469415,0.7824695228143504,0.5555555555555556,5,28,5
R1_PCA_85__GMM_DIAG__K5,554,0.4169070680437247,0.534508547008547,0.0,10,18,5
R1_PCA_85__GMM_DIAG__K5,555,0.5180615694881072,0.5490325360913596,0.15384615384615385,5,19,5
R1_PCA_85__GMM_DIAG__K5,556,0.8687290451638351,0.9145833333333334,0.75,5,32,5
R1_PCA_85__GMM_DIAG__K5,557,0.6308743696436937,0.5944444444444443,0.0,4,33,5
R1_PCA_85__GMM_DIAG__K5,558,0.9102013309746441,0.6807843137254903,0.0,1,34,5
R1_PCA_85__GMM_DIAG__K5,559,0.4096860065071532,0.5020430549842315,0.0,11,17,5
R1_PCA_85__GMM_DIAG__K5,560,0.5870790813420798,0.5897243107769423,0.0,6,31,5
R1_PCA_85__GMM_DIAG__K5,561,0.4489536874221234,0.5268468468468468,0.0,6,27,5
R1_PCA_85__GMM_DIAG__K5,562,0.6829385348054271,0.85426944971537,0.5294117647058824,5,23,5
R1_PCA_85__GMM_DIAG__K5,563,0.6650663245245535,0.6311391223155929,0.0,8,20,4
R1_PCA_85__GMM_DIAG__K5,564,0.6802927642001758,0.6121621621621622,0.0,2,36,5
R1_PCA_85__GMM_DIAG__K5,565,0.3888232314705386,0.6257722007722009,0.32142857142857145,3,28,5
R1_PCA_85__GMM_DIAG__K5,566,0.7381408630747386,0.6049137931034483,0.0,6,25,5
R1_PCA_85__GMM_DIAG__K5,567,0.8895551352390662,0.6708211143695014,0.0,1,30,5
R1_PCA_85__GMM_DIAG__K5,568,0.6255857528085159,0.6869934640522877,0.5294117647058824,5,24,5
R1_PCA_85__GMM_DIAG__K5,569,0.4663197904422075,0.470246679316888,0.0,1,18,5
R1_PCA_85__GMM_DIAG__K5,570,0.5784533604206676,0.5745454545454545,0.0,6,23,5
R1_PCA_85__GMM_DIAG__K5,571,0.771586270338642,0.6490530303030304,0.0,4,29,4
R1_PCA_85__GMM_DIAG__K5,572,0.9167262808444107,0.9314285714285715,0.7142857142857143,5,35,5
R1_PCA_85__GMM_DIAG__K5,573,0.6156455106403881,0.5842533936651584,0.0,8,26,5
R1_PCA_85__GMM_DIAG__K5,574,0.577309050917763,0.79,0.5,6,22,4
R1_PCA_85__GMM_DIAG__K5,575,0.3265335196747581,0.5344854113894362,0.2631578947368421,6,19,5
R1_PCA_85__GMM_DIAG__K5,576,0.9192264378082404,0.9094736842105263,0.6,3,38,5
R1_PCA_85__GMM_DIAG__K5,577,0.4574762628553358,0.5252435064935065,0.0,1,22,5
R1_PCA_85__GMM_DIAG__K5,578,0.8064763071269999,0.661025641025641,0.0,3,26,5
R1_PCA_85__GMM_DIAG__K5,579,0.532472385044721,0.5542857142857143,0.0,6,25,5
R1_PCA_85__GMM_DIAG__K5,580,0.658703071672355,0.6255555555555555,0.0,6,30,5
R1_PCA_85__GMM_DIAG__K5,581,0.722256263223002,0.6627705627705628,0.07142857142857142,7,27,5
R1_PCA_85__GMM_DIAG__K5,582,0.7823545043847994,0.8556531703590528,0.75,6,34,5
R1_PCA_85__GMM_DIAG__K5,583,0.39228404096338343,0.42000000000000004,0.0,3,27,5
R1_PCA_85__GMM_DIAG__K5,584,0.9142659295002143,0.9343073593073594,0.8571428571428571,7,32,5
R1_PCA_85__GMM_DIAG__K5,585,0.9052202887819326,0.878763440860215,0.625,5,31,4
R1_PCA_85__GMM_DIAG__K5,586,0.40508587156697007,0.5025182863113897,0.0,1,28,5
R1_PCA_85__GMM_DIAG__K5,587,0.8935717372867978,0.7183838383838383,0.4,5,33,5
R1_PCA_85__GMM_DIAG__K5,588,0.7722623220055578,0.7849999999999999,0.625,5,26,5
R1_PCA_85__GMM_DIAG__K5,589,0.6375595765829645,0.5742287742287743,0.0,6,31,5
R1_PCA_85__GMM_DIAG__K5,590,0.7603673102879636,0.6134615384615385,0.0,1,29,5
R1_PCA_85__GMM_DIAG__K5,591,0.6979880194170471,0.6681818181818182,0.0,7,26,5
R1_PCA_85__GMM_DIAG__K5,592,0.6933164293972108,0.650952380952381,0.0,7,28,6
R1_PCA_85__GMM_DIAG__K5,593,0.8304046449901888,0.8839610389610388,0.625,5,35,5
R1_PCA_85__GMM_DIAG__K5,594,0.5169681571933132,0.7900092165898618,0.48,5,25,4
R1_PCA_85__GMM_DIAG__K5,595,0.6985726528561719,0.710027880616116,0.23076923076923078,8,28,5
R1_PCA_85__GMM_DIAG__K5,596,0.6686761203955978,0.6067567567567568,0.0,4,33,5
R1_PCA_85__GMM_DIAG__K5,597,0.9088757471407549,0.6769459298871063,0.0,1,33,5
R1_PCA_85__GMM_DIAG__K5,598,0.4986732119216479,0.5773804573804574,0.0,6,29,5
R1_PCA_85__GMM_DIAG__K5,599,0.5296762353023824,0.5726495726495726,0.0,6,32,5
R1_PCA_85__GMM_DIAG__K5,600,0.6917439103255012,0.6130769230769231,0.0,2,38,5
R1_PCA_85__GMM_DIAG__K5,601,0.5807299351483733,0.5619047619047619,0.0,4,22,5
R1_PCA_85__GMM_DIAG__K5,602,0.7146207298893048,0.6606060606060605,0.0,8,26,5
R1_PCA_85__GMM_DIAG__K5,603,0.8734951136207222,0.9161904761904761,0.6666666666666666,6,35,5
R1_PCA_85__GMM_DIAG__K5,604,0.6150791705475759,0.5726190476190476,0.0,4,20,5
R1_PCA_85__GMM_DIAG__K5,605,0.6261450689861895,0.7315789473684211,0.0,6,32,5
R1_PCA_85__GMM_DIAG__K5,606,0.7313428944864385,0.6679569892473118,0.0,6,25,5
R1_PCA_85__GMM_DIAG__K5,607,0.5719808136088151,0.7793939393939394,0.36363636363636365,6,22,5
R1_PCA_85__GMM_DIAG__K5,608,0.42932800894949624,0.5355661881977671,0.0,7,19,5
R1_PCA_85__GMM_DIAG__K5,609,0.8449151766902812,0.70125,0.1,4,29,5
R1_PCA_85__GMM_DIAG__K5,610,0.9316846367410616,0.645934065934066,0.0,2,35,5
R1_PCA_85__GMM_DIAG__K5,611,0.34595773086779064,0.4392903828197946,0.0,1,34,5
R1_PCA_85__GMM_DIAG__K5,612,0.755802956138454,0.6384453781512606,0.0,3,31,5
R1_PCA_85__GMM_DIAG__K5,613,0.27922786061538774,0.4934560107934722,0.3181818181818182,5,22,5
R1_PCA_85__GMM_DIAG__K5,614,0.9283162221835529,0.8625960061443934,0.7142857142857143,5,30,5
R1_PCA_85__GMM_DIAG__K5,615,0.6430310517908928,0.6351648351648352,0.0,3,36,5
R1_PCA_85__GMM_DIAG__K5,616,0.4778883211490031,0.544055944055944,0.038461538461538464,7,21,5
R1_PCA_85__GMM_DIAG__K5,617,0.7120432916414514,0.650267094017094,0.0,3,29,4
R1_PCA_85__GMM_DIAG__K5,618,0.573251393529348,0.5942424242424242,0.0,7,26,5
R1_PCA_85__GMM_DIAG__K5,619,0.5818422079784807,0.5432142857142856,0.1,3,22,5
R1_PCA_85__GMM_DIAG__K5,620,0.5929903900508762,0.8025806451612902,0.4,6,20,5
R1_PCA_85__GMM_DIAG__K5,621,0.690266199045593,0.6231818181818183,0.0,5,28,4
R1_PCA_85__GMM_DIAG__K5,622,0.6125975273507774,0.5954545454545455,0.0,10,23,5
R1_PCA_85__GMM_DIAG__K5,623,0.957374283167282,0.9649769585253456,0.8571428571428571,6,31,5
R1_PCA_85__GMM_DIAG__K5,624,0.6404539858677505,0.6310111141230685,0.0,6,23,4
R1_PCA_85__GMM_DIAG__K5,625,0.5644107135570805,0.5991666666666666,0.0625,6,25,5
R1_PCA_85__GMM_DIAG__K5,626,0.42677681780916943,0.48238636363636367,0.0,9,17,5
R1_PCA_85__GMM_DIAG__K5,627,0.6733873500408266,0.8253101736972704,0.5384615384615384,7,23,5
R1_PCA_85__GMM_DIAG__K5,628,0.5821787910834875,0.5727272727272728,0.0,8,24,5
R1_PCA_85__GMM_DIAG__K5,629,0.6516982501186124,0.84375,0.5,4,23,5
R1_PCA_85__GMM_DIAG__K5,630,0.5531286366484648,0.6794117647058824,0.25,3,22,5
R1_PCA_85__GMM_DIAG__K5,631,0.68692710975816,0.815909090909091,0.625,3,28,5
R1_PCA_85__GMM_DIAG__K5,632,0.5534624969375407,0.6031055900621118,0.08695652173913043,5,19,5
R1_PCA_85__GMM_DIAG__K5,633,0.31059581990225643,0.4636363636363637,0.0,1,30,5
R1_PCA_85__GMM_DIAG__K5,634,0.48877805486284287,0.5945547284256962,0.1111111111111111,6,24,5
R1_PCA_85__GMM_DIAG__K5,635,0.7212522120442859,0.5940765117235705,0.0,1,33,5
R1_PCA_85__GMM_DIAG__K5,636,0.2525777833762214,0.4262694821518351,0.0,6,26,5
R1_PCA_85__GMM_DIAG__K5,637,0.435856745425336,0.5556332556332555,0.19230769230769232,5,24,5
R1_PCA_85__GMM_DIAG__K5,638,0.7187521127395378,0.8211764705882354,0.5714285714285714,4,31,5
R1_PCA_85__GMM_DIAG__K5,639,0.6084085098064479,0.6106260106260106,0.0,7,30,5
R1_PCA_85__GMM_DIAG__K5,640,0.3286994492926278,0.4292424242424242,0.0,6,23,5
R1_PCA_85__GMM_DIAG__K5,641,0.834235807860262,0.8792483660130719,0.625,5,34,5
R1_PCA_85__GMM_DIAG__K5,642,0.5745216515609265,0.5877005347593582,0.0,10,20,5
R1_PCA_85__GMM_DIAG__K5,643,0.7912438387938533,0.5970009157509157,0.0,3,32,4
R1_PCA_85__GMM_DIAG__K5,644,0.5547027574858653,0.5854354354354354,0.0,5,28,5
R1_PCA_85__GMM_DIAG__K5,645,0.6413310356566345,0.6479797979797979,0.0,7,26,5
R1_PCA_85__GMM_DIAG__K5,646,0.8147816242680539,0.915,0.8,5,29,5
R1_PCA_85__GMM_DIAG__K5,647,0.6208772132854994,0.6358974358974359,0.0,6,22,5
R1_PCA_85__GMM_DIAG__K5,648,0.38560371297986445,0.5313122171945701,0.11538461538461539,6,24,5
R1_PCA_85__GMM_DIAG__K5,649,0.3986061900612292,0.4097368421052631,0.0,1,25,5
R1_PCA_85__GMM_DIAG__K5,650,0.7972536928151441,0.7016317016317016,0.09090909090909091,4,30,5
R1_PCA_85__GMM_DIAG__K5,651,0.3932525110100708,0.4852564102564102,0.0,1,26,5
R1_PCA_85__GMM_DIAG__K5,652,0.8337154753643303,0.8825757575757576,0.625,5,33,5
R1_PCA_85__GMM_DIAG__K5,653,0.7431900061676274,0.6170668515545176,0.0,1,28,5
R1_PCA_85__GMM_DIAG__K5,654,0.5179747072489891,0.49812596006144394,0.0,2,23,4
R1_PCA_85__GMM_DIAG__K5,655,0.5476407123358897,0.6220745662606129,0.0,5,38,5
R1_PCA_85__GMM_DIAG__K5,656,0.54331511664877,0.5348214285714286,0.0,5,18,5
R1_PCA_85__GMM_DIAG__K5,657,0.22772034229844237,0.38009506833036244,0.0,5,34,5
R1_PCA_85__GMM_DIAG__K5,658,0.8251884545182679,0.7367117117117117,0.125,3,35,5
R1_PCA_85__GMM_DIAG__K5,659,0.6126303203130653,0.5822638146167558,0.0,8,26,5
R1_PCA_85__GMM_DIAG__K5,660,0.5826126614029586,0.5005602240896359,0.0,3,32,5
R1_PCA_85__GMM_DIAG__K5,661,0.5530267039365381,0.5743139901034638,0.0,6,29,5
R1_PCA_85__GMM_DIAG__K5,662,0.34006755230576086,0.6784843830005121,0.3225806451612903,4,31,5
R1_PCA_85__GMM_DIAG__K5,663,0.5802871743817936,0.7933333333333333,0.5,4,24,5
R1_PCA_85__GMM_DIAG__K5,664,0.4709348498564375,0.5065798651476401,0.0,2,23,5
R1_PCA_85__GMM_DIAG__K5,665,0.6108117482096223,0.5555644355644356,0.18181818181818182,7,31,4
R1_PCA_85__GMM_DIAG__K5,666,0.8782514786159649,0.9078571428571429,0.625,5,35,5
R1_PCA_85__GMM_DIAG__K5,667,0.5421220222797261,0.5301282051282051,0.0,2,27,5
R1_PCA_85__GMM_DIAG__K5,668,0.4254887916977797,0.5336781609195402,0.0,9,20,5
R1_PCA_85__GMM_DIAG__K5,669,0.7818202460445665,0.8988505747126435,0.6666666666666666,7,24,5
R1_PCA_85__GMM_DIAG__K5,670,0.6641786410660838,0.6353535353535353,0.0,3,26,5
R1_PCA_85__GMM_DIAG__K5,671,0.7665926084651907,0.6637140637140637,0.0,4,30,5
R1_PCA_85__GMM_DIAG__K5,672,0.6669541362686986,0.7626107226107226,0.6,3,39,5
R1_PCA_85__GMM_DIAG__K5,673,0.8135989846521616,0.7048484848484848,0.1,4,30,5
R1_PCA_85__GMM_DIAG__K5,674,0.7582947704745159,0.5734402852049911,0.0,2,33,5
R1_PCA_85__GMM_DIAG__K5,675,0.5799130906532166,0.6085914085914086,0.0,5,32,5
R1_PCA_85__GMM_DIAG__K5,676,0.8181274304516901,0.633978494623656,0.0,6,28,5
R1_PCA_85__GMM_DIAG__K5,677,0.6628381473290214,0.5976470588235294,0.0,5,25,4
R1_PCA_85__GMM_DIAG__K5,678,0.54852960455527,0.5423655913978495,0.0,6,21,5
R1_PCA_85__GMM_DIAG__K5,679,0.28134621438602525,0.4421212121212122,0.0,6,24,5
R1_PCA_85__GMM_DIAG__K5,680,0.5124895261421633,0.7337447405329593,0.391304347826087,6,23,5
R1_PCA_85__GMM_DIAG__K5,681,0.6966659943838528,0.5415358215358215,0.0,4,37,5
R1_PCA_85__GMM_DIAG__K5,682,0.5987686570163241,0.594920634920635,0.0,5,29,5
R1_PCA_85__GMM_DIAG__K5,683,0.6091301084605083,0.6797297297297298,0.0,8,28,5
R1_PCA_85__GMM_DIAG__K5,684,0.5351692087354284,0.5583333333333333,0.0,6,20,5
R1_PCA_85__GMM_DIAG__K5,685,0.710791704358897,0.8236363636363636,0.7222222222222222,4,29,5
R1_PCA_85__GMM_DIAG__K5,686,0.44433414016575384,0.5594444444444444,0.0,5,32,5
R1_PCA_85__GMM_DIAG__K5,687,0.24928634142099637,0.388422035480859,0.0,1,44,5
R1_PCA_85__GMM_DIAG__K5,688,0.8524263478214036,0.6833333333333333,0.0,1,35,5
R1_PCA_85__GMM_DIAG__K5,689,0.6694253650114477,0.5737103174603174,0.0,6,25,5
R1_PCA_85__GMM_DIAG__K5,690,0.6164480182187191,0.6215336134453782,0.0,5,26,5
R1_PCA_85__GMM_DIAG__K5,691,0.589130671704145,0.7727272727272727,0.5,4,24,5
R1_PCA_85__GMM_DIAG__K5,692,0.5639558612910647,0.5939093164899616,0.0,9,19,5
R1_PCA_85__GMM_DIAG__K5,693,0.6149309533859977,0.6035189075630252,0.0,5,23,5
R1_PCA_85__GMM_DIAG__K5,694,0.377141458639256,0.4347222222222221,0.0,1,18,5
R1_PCA_85__GMM_DIAG__K5,695,0.5603262363686349,0.5531844499586435,0.0,6,19,5
R1_PCA_85__GMM_DIAG__K5,696,0.46612734374350157,0.570965250965251,0.0,6,28,5
R1_PCA_85__GMM_DIAG__K5,697,0.41720949386043726,0.5202020202020201,0.0,5,26,5
R1_PCA_85__GMM_DIAG__K5,698,0.7928452395979659,0.86875,0.6,6,32,5
R1_PCA_85__GMM_DIAG__K5,699,0.6590467088227776,0.6575,0.0,6,27,5
R1_PCA_85__GMM_DIAG__K5,700,0.440703047141606,0.42855378317334836,0.0,4,23,5
R1_PCA_85__GMM_DIAG__K5,701,0.5556813136300751,0.5716661716661717,0.0,5,24,5
R1_PCA_85__GMM_DIAG__K5,702,0.8776779148450099,0.9078571428571429,0.625,5,35,5
R1_PCA_85__GMM_DIAG__K5,703,0.5849252225486207,0.5814496314496315,0.0,7,30,5
R1_PCA_85__GMM_DIAG__K5,704,0.729794473610507,0.6881720430107527,0.0,7,24,5
R1_PCA_85__GMM_DIAG__K5,705,0.7099298169736764,0.6571794871794872,0.0,7,23,5
R1_PCA_85__GMM_DIAG__K5,706,0.5961741613133477,0.757017543859649,0.3684210526315789,3,22,5
R1_PCA_85__GMM_DIAG__K5,707,0.39267020437853967,0.5547038327526133,0.0,6,28,5
R1_PCA_85__GMM_DIAG__K5,708,0.576344321490424,0.5307233626588465,0.0,1,22,5
R1_PCA_85__GMM_DIAG__K5,709,0.578121216508691,0.7921630094043888,0.4090909090909091,7,22,5
R1_PCA_85__GMM_DIAG__K5,710,0.46871101677558696,0.6943230625583567,0.47619047619047616,6,25,5
R1_PCA_85__GMM_DIAG__K5,711,0.8260321852848093,0.8726640926640927,0.7142857142857143,5,37,5
R1_PCA_85__GMM_DIAG__K5,712,0.5003718470360802,0.5691880341880342,0.0,4,37,5
R1_PCA_85__GMM_DIAG__K5,713,0.6960554363047107,0.8611359026369169,0.6470588235294118,7,22,5
R1_PCA_85__GMM_DIAG__K5,714,0.44662643993417445,0.6446428571428571,0.2857142857142857,5,32,5
R1_PCA_85__GMM_DIAG__K5,715,0.6793816127259024,0.857397504456328,0.5294117647058824,4,25,5
R1_PCA_85__GMM_DIAG__K5,716,0.7136284206376757,0.5549650349650349,0.0,4,26,5
R1_PCA_85__GMM_DIAG__K5,717,0.5878725766504398,0.5743589743589743,0.0,6,27,5
R1_PCA_85__GMM_DIAG__K5,718,0.6508094218415418,0.5854545454545454,0.0,3,24,5
R1_PCA_85__GMM_DIAG__K5,719,0.7503446308884346,0.8648617511520736,0.6428571428571429,6,26,5
R1_PCA_85__GMM_DIAG__K5,720,0.7694903108297751,0.643324417517966,0.14285714285714285,1,29,5
R1_PCA_85__GMM_DIAG__K5,721,0.7619897985720775,0.730384024577573,0.5,5,27,4
R1_PCA_85__GMM_DIAG__K5,722,0.42525661567882156,0.4582488479262673,0.0,1,21,5
R1_PCA_85__GMM_DIAG__K5,723,0.8740240083391305,0.9068181818181819,0.75,6,32,5
R1_PCA_85__GMM_DIAG__K5,724,0.7370631551712528,0.8597751710654936,0.75,5,27,5
R1_PCA_85__GMM_DIAG__K5,725,0.8363248278929772,0.8964705882352941,0.6,5,34,5
R1_PCA_85__GMM_DIAG__K5,726,0.6657940432838031,0.600633484162896,0.0,5,29,4
R1_PCA_85__GMM_DIAG__K5,727,0.694557653587262,0.6280962280962281,0.0,1,37,5
R1_PCA_85__GMM_DIAG__K5,728,0.719584133002084,0.6495833333333333,0.0,6,26,5
R1_PCA_85__GMM_DIAG__K5,729,0.6512234505030431,0.7805926916221033,0.5625,4,28,5
R1_PCA_85__GMM_DIAG__K5,730,0.7019461781383275,0.6132667332667333,0.0,4,32,5
R1_PCA_85__GMM_DIAG__K5,731,0.603030547643484,0.5992857142857143,0.0,5,26,5
R1_PCA_85__GMM_DIAG__K5,732,0.5619457816062833,0.5854545454545456,0.0,6,34,5
R1_PCA_85__GMM_DIAG__K5,733,0.48879749441378256,0.7503655913978494,0.44,6,25,5
R1_PCA_85__GMM_DIAG__K5,734,0.5141451488947116,0.5657212885154062,0.0,5,19,5
R1_PCA_85__GMM_DIAG__K5,735,0.6802444637159377,0.68125,0.0,6,23,5
R1_PCA_85__GMM_DIAG__K5,736,0.6170160356676602,0.5872222222222223,0.0,5,22,5
R1_PCA_85__GMM_DIAG__K5,737,0.9163726883308885,0.9370967741935484,0.75,6,31,5
R1_PCA_85__GMM_DIAG__K5,738,0.4453991376603705,0.4739316239316239,0.0,7,29,5
R1_PCA_85__GMM_DIAG__K5,739,0.5372659367191418,0.5292527821939587,0.0,4,29,5
R1_PCA_85__GMM_DIAG__K5,740,0.7953142041773615,0.6965298142717498,0.0,5,26,5
R1_PCA_85__GMM_DIAG__K5,741,0.8793437868213542,0.9126436781609195,0.6666666666666666,6,29,5
R1_PCA_85__GMM_DIAG__K5,742,0.6099326129430998,0.5997069597069598,0.0,8,20,4
R1_PCA_85__GMM_DIAG__K5,743,0.819844666169021,0.6916666666666667,0.0,3,29,5
R1_PCA_85__GMM_DIAG__K5,744,0.7869261950676331,0.8657196969696969,0.6666666666666666,6,32,5
R1_PCA_85__GMM_DIAG__K5,745,0.7049263385443348,0.6315508021390375,0.0,7,28,5
R1_PCA_85__GMM_DIAG__K5,746,0.9133849317242319,0.9430555555555555,0.7777777777777778,6,32,5
R1_PCA_85__GMM_DIAG__K5,747,0.2882733704651513,0.44515439757375236,0.0,5,27,5
R1_PCA_85__GMM_DIAG__K5,748,0.463772121063244,0.48759946949602123,0.0,8,18,5
R1_PCA_85__GMM_DIAG__K5,749,0.8731923531556837,0.715668202764977,0.0,1,30,5
R1_PCA_85__GMM_DIAG__K5,750,0.9850848355139774,0.9444444444444444,0.8333333333333334,5,32,5
R1_PCA_85__GMM_DIAG__K5,751,0.6067269634425944,0.5819444444444445,0.0,5,26,5
R1_PCA_85__GMM_DIAG__K5,752,0.6495607028753994,0.8156862745098039,0.4117647058823529,6,21,5
R1_PCA_85__GMM_DIAG__K5,753,0.5630994755374484,0.7196774193548388,0.3333333333333333,4,21,5
R1_PCA_85__GMM_DIAG__K5,754,0.5258126195028681,0.7333333333333333,0.3888888888888889,5,25,5
R1_PCA_85__GMM_DIAG__K5,755,1.0,1.0,1.0,5,30,4
R1_PCA_85__GMM_DIAG__K5,756,0.9153512713257931,0.9378787878787879,0.75,6,33,5
R1_PCA_85__GMM_DIAG__K5,757,0.5516809823825772,0.6105555555555555,0.0,5,31,5
R1_PCA_85__GMM_DIAG__K5,758,0.5581400110567375,0.5793650793650793,0.0,4,18,5
R1_PCA_85__GMM_DIAG__K5,759,0.6422181033306855,0.614430894308943,0.0,4,38,5
R1_PCA_85__GMM_DIAG__K5,760,0.5917541510931262,0.6028438228438229,0.0,7,25,5
R1_PCA_85__GMM_DIAG__K5,761,0.6082718044667387,0.5865079365079364,0.0,4,28,5
R1_PCA_85__GMM_DIAG__K5,762,0.698870000533378,0.8440336134453782,0.7058823529411765,5,30,5
R1_PCA_85__GMM_DIAG__K5,763,0.5054965955342539,0.7433333333333333,0.4166666666666667,6,24,5
R1_PCA_85__GMM_DIAG__K5,764,0.4974754464498764,0.7294444444444445,0.4583333333333333,5,24,5
R1_PCA_85__GMM_DIAG__K5,765,0.5283586443273596,0.7389355742296919,0.47619047619047616,4,24,5
R1_PCA_85__GMM_DIAG__K5,766,0.48219974161291373,0.5315928515928516,0.0,6,26,5
R1_PCA_85__GMM_DIAG__K5,767,0.7914141156707569,0.8675579322638146,0.6666666666666666,5,32,5
R1_PCA_85__GMM_DIAG__K5,768,0.8198860840606316,0.6266120666120666,0.0,2,37,5
R1_PCA_85__GMM_DIAG__K5,769,0.8718056342188847,0.8980086580086579,0.6666666666666666,4,35,5
R1_PCA_85__GMM_DIAG__K5,770,0.6446924814245033,0.5850375939849624,0.0,2,38,5
R1_PCA_85__GMM_DIAG__K5,771,0.6401838685924538,0.6178571428571429,0.0,7,27,5
R1_PCA_85__GMM_DIAG__K5,772,0.6829361961087839,0.6554545454545455,0.0,7,25,5
R1_PCA_85__GMM_DIAG__K5,773,0.7513533020570191,0.5980769230769231,0.0,1,28,5
R1_PCA_85__GMM_DIAG__K5,774,0.567686601761706,0.5550366300366301,0.0,1,28,5
R1_PCA_85__GMM_DIAG__K5,775,0.5404852513688961,0.5710740872031195,0.0,8,19,5
R1_PCA_85__GMM_DIAG__K5,776,0.973756562293181,0.8928571428571429,0.7142857142857143,5,30,5
R1_PCA_85__GMM_DIAG__K5,777,0.4544694005829312,0.46066666666666667,0.0,2,23,5
R1_PCA_85__GMM_DIAG__K5,778,0.9484478456304065,0.8869747899159665,0.7142857142857143,4,34,5
R1_PCA_85__GMM_DIAG__K5,779,0.7330172846654573,0.6163690476190476,0.0,1,27,5
R1_PCA_85__GMM_DIAG__K5,780,0.8321517090322209,0.8805555555555555,0.625,5,36,5
R1_PCA_85__GMM_DIAG__K5,781,0.8310072760756134,0.6503409090909091,0.0,4,29,5
R1_PCA_85__GMM_DIAG__K5,782,0.49926913244982646,0.6282424242424243,0.12,6,24,5
R1_PCA_85__GMM_DIAG__K5,783,0.4953244912826961,0.5613782051282051,0.0,10,18,5
R1_PCA_85__GMM_DIAG__K5,784,0.5554098360655738,0.553015873015873,0.0,5,18,4
R1_PCA_85__GMM_DIAG__K5,785,0.45941369058819104,0.5176470588235295,0.0,6,21,5
R1_PCA_85__GMM_DIAG__K5,786,0.5384377894411856,0.7653333333333333,0.36,6,25,5
R1_PCA_85__GMM_DIAG__K5,787,0.4894422858955283,0.6818100358422938,0.4583333333333333,5,24,5
R1_PCA_85__GMM_DIAG__K5,788,0.5108162098506436,0.6461538461538461,0.0,6,32,4
R1_PCA_85__GMM_DIAG__K5,789,0.6887636837385581,0.5685714285714285,0.0,3,36,5
R1_PCA_85__GMM_DIAG__K5,790,0.539627675701898,0.7429910044977511,0.43478260869565216,5,23,5
R1_PCA_85__GMM_DIAG__K5,791,0.6029217472281233,0.5684848484848485,0.0,7,23,5
R1_PCA_85__GMM_DIAG__K5,792,0.9183974514896388,0.9303571428571429,0.7142857142857143,5,32,5
R1_PCA_85__GMM_DIAG__K5,793,0.8932163961603251,0.6906060606060607,0.0,1,32,5
R1_PCA_85__GMM_DIAG__K5,794,0.5327237037391679,0.545307917888563,0.0,8,19,4
R1_PCA_85__GMM_DIAG__K5,795,0.9162153983125335,0.9317460317460318,0.7142857142857143,5,36,5
R1_PCA_85__GMM_DIAG__K5,796,0.6084191286183229,0.5977941176470589,0.0,5,26,5
R1_PCA_85__GMM_DIAG__K5,797,0.2919099307829942,0.40909090909090906,0.0,2,39,5
R1_PCA_85__GMM_DIAG__K5,798,0.7857529955837306,0.77252688172043,0.625,5,27,5
R1_PCA_85__GMM_DIAG__K5,799,0.4055391868002357,0.46665223665223665,0.0,5,22,5
R1_PCA_85__GMM_DIAG__K5,800,0.6019234588556743,0.5945221445221446,0.0,6,27,5
R1_PCA_85__GMM_DIAG__K5,801,0.7541833802997898,0.6487499999999999,0.0,4,28,5
R1_PCA_85__GMM_DIAG__K5,802,0.505195258519698,0.5737229437229436,0.0,10,19,5
R1_PCA_85__GMM_DIAG__K5,803,0.5509299391251422,0.5670340470340471,0.0,1,34,5
R1_PCA_85__GMM_DIAG__K5,804,0.6126028247710694,0.55,0.0,4,32,5
R1_PCA_85__GMM_DIAG__K5,805,0.8349877087713167,0.8971428571428571,0.6,5,35,5
R1_PCA_85__GMM_DIAG__K5,806,0.7076759024208247,0.6640583554376658,0.0,8,21,5
R1_PCA_85__GMM_DIAG__K5,807,0.8790437812774837,0.9068181818181819,0.625,5,33,5
R1_PCA_85__GMM_DIAG__K5,808,1.0,1.0,1.0,7,32,5
R1_PCA_85__GMM_DIAG__K5,809,0.4561208148042581,0.48551282051282046,0.0,7,20,5
R1_PCA_85__GMM_DIAG__K5,810,0.6864191153845679,0.5967241379310345,0.0,5,22,5
R1_PCA_85__GMM_DIAG__K5,811,0.3257311417522043,0.45090909090909087,0.0,7,21,5
R1_PCA_85__GMM_DIAG__K5,812,0.5565475030213247,0.784927536231884,0.391304347826087,6,23,5
R1_PCA_85__GMM_DIAG__K5,813,0.5817664181943982,0.5607142857142857,0.0,4,36,5
R1_PCA_85__GMM_DIAG__K5,814,0.9156467029779373,0.9375,0.75,6,32,5
R1_PCA_85__GMM_DIAG__K5,815,0.4348710068871671,0.5086868686868689,0.06666666666666667,9,21,5
R1_PCA_85__GMM_DIAG__K5,816,0.6252342861353264,0.6465445665445666,0.0,7,27,5
R1_PCA_85__GMM_DIAG__K5,817,0.7371478910166328,0.8178571428571428,0.625,4,32,5
R1_PCA_85__GMM_DIAG__K5,818,0.5730607336139507,0.5660714285714286,0.0,1,22,5
R1_PCA_85__GMM_DIAG__K5,819,0.8297796546731767,0.7365099268547545,0.3333333333333333,6,27,5
R1_PCA_85__GMM_DIAG__K5,820,0.852161941325931,0.6903409090909091,0.0,1,31,5
R1_PCA_85__GMM_DIAG__K5,821,0.8365065292199498,0.701466275659824,0.0,4,27,5
R1_PCA_85__GMM_DIAG__K5,822,0.9672756041426928,0.76,0.2,1,30,5
R1_PCA_85__GMM_DIAG__K5,823,0.7321655774311073,0.6319131161236424,0.0,1,37,5
R1_PCA_85__GMM_DIAG__K5,824,0.8874589839659305,0.7666666666666666,0.5,6,30,5
R1_PCA_85__GMM_DIAG__K5,825,0.3776958697351078,0.54525,0.0,6,25,5
R1_PCA_85__GMM_DIAG__K5,826,0.8325595730269112,0.6745845552297165,0.0,3,28,5
R1_PCA_85__GMM_DIAG__K5,827,0.26855583692977136,0.35615079365079366,0.1111111111111111,2,21,5
R1_PCA_85__GMM_DIAG__K5,828,0.8241606569821607,0.7854070660522272,0.5714285714285714,6,28,5
R1_PCA_85__GMM_DIAG__K5,829,0.4337943047943739,0.46981707317073174,0.0,1,31,5
R1_PCA_85__GMM_DIAG__K5,830,0.2669873870034503,0.41439393939393937,0.16666666666666666,5,22,5
R1_PCA_85__GMM_DIAG__K5,831,0.3339701555426276,0.4150928792569659,0.0,5,19,5
R1_PCA_85__GMM_DIAG__K5,832,0.8411900276935796,0.8875816993464053,0.5555555555555556,5,34,5
R1_PCA_85__GMM_DIAG__K5,833,0.8256301346895434,0.8871428571428572,0.75,6,35,5
R1_PCA_85__GMM_DIAG__K5,834,0.5184117835414666,0.5200757575757576,0.0,8,19,5
R1_PCA_85__GMM_DIAG__K5,835,0.8706592624424391,0.9064935064935066,0.7142857142857143,5,33,5
R1_PCA_85__GMM_DIAG__K5,836,0.2830223366118209,0.3904798761609907,0.0,1,33,5
R1_PCA_85__GMM_DIAG__K5,837,0.5703981098518236,0.6222996515679442,0.0,4,35,5
R1_PCA_85__GMM_DIAG__K5,838,0.4470074910467135,0.538409090909091,0.0,10,16,5
R1_PCA_85__GMM_DIAG__K5,839,0.5128607474481275,0.5160538386344837,0.0,7,19,5
R1_PCA_85__GMM_DIAG__K5,840,0.6898723800607804,0.6348387096774194,0.0,6,24,5
R1_PCA_85__GMM_DIAG__K5,841,0.7803006473284498,0.6441935483870969,0.0,6,27,4
R1_PCA_85__GMM_DIAG__K5,842,0.5035037765766994,0.5625,0.0,10,16,5
R1_PCA_85__GMM_DIAG__K5,843,0.43379831323439383,0.45682027649769585,0.0,1,20,5
R1_PCA_85__GMM_DIAG__K5,844,0.6620665230558481,0.6254545454545455,0.0,6,27,5
R1_PCA_85__GMM_DIAG__K5,845,0.8069346514501708,0.5651223776223776,0.0,4,32,5
R1_PCA_85__GMM_DIAG__K5,846,0.19475911897123446,0.3246783625730994,0.0,1,28,5
R1_PCA_85__GMM_DIAG__K5,847,0.7537251103746284,0.565021645021645,0.0,2,32,5
R1_PCA_85__GMM_DIAG__K5,848,0.6734973457389121,0.626787330316742,0.0,4,30,5
R1_PCA_85__GMM_DIAG__K5,849,0.5775556617787333,0.5388023317435081,0.0,2,32,5
R1_PCA_85__GMM_DIAG__K5,850,0.40874039009320656,0.5114166878872761,0.23529411764705882,7,19,5
R1_PCA_85__GMM_DIAG__K5,851,0.615348140280333,0.6268939393939394,0.0,6,26,5
R1_PCA_85__GMM_DIAG__K5,852,0.4993852652816746,0.5722222222222222,0.0,6,26,5
R1_PCA_85__GMM_DIAG__K5,853,0.3468796231997826,0.4102741702741703,0.0,7,21,5
R1_PCA_85__GMM_DIAG__K5,854,0.49757137469421425,0.5290043290043289,0.0,1,24,5
R1_PCA_85__GMM_DIAG__K5,855,0.5461407376398891,0.5726190476190476,0.0,5,24,5
R1_PCA_85__GMM_DIAG__K5,856,0.6011957041720558,0.5825806451612904,0.0,7,23,4
R1_PCA_85__GMM_DIAG__K5,857,0.9841075794621027,0.9464285714285715,0.8571428571428571,7,29,5
R1_PCA_85__GMM_DIAG__K5,858,0.5328938443807846,0.5374405822935235,0.0,7,23,5
R1_PCA_85__GMM_DIAG__K5,859,0.3182858353515147,0.4625686813186814,0.0,5,24,5
R1_PCA_85__GMM_DIAG__K5,860,0.4930126746831329,0.6478787878787877,0.2727272727272727,6,30,5
R1_PCA_85__GMM_DIAG__K5,861,0.6735807092259988,0.6705432705432706,0.0,7,30,5
R1_PCA_85__GMM_DIAG__K5,862,0.6154920918795059,0.5913513513513513,0.0,3,34,5
R1_PCA_85__GMM_DIAG__K5,863,0.5991295200314786,0.6110822510822511,0.0,7,28,5
R1_PCA_85__GMM_DIAG__K5,864,0.6058269458458622,0.5932067932067933,0.0,8,27,5
R1_PCA_85__GMM_DIAG__K5,865,0.565584310716016,0.5823885918003565,0.0,6,24,5
R1_PCA_85__GMM_DIAG__K5,866,0.5511659166617965,0.6374269005847953,0.0,5,31,5
R1_PCA_85__GMM_DIAG__K5,867,0.37432525814050527,0.4388918918918919,0.0,1,25,5
R1_PCA_85__GMM_DIAG__K5,868,0.38180698011386327,0.4757575757575757,0.0,4,22,5
R1_PCA_85__GMM_DIAG__K5,869,0.8622709033727362,0.861111111111111,0.5555555555555556,5,36,5
R1_PCA_85__GMM_DIAG__K5,870,0.6721577576117577,0.651010101010101,0.0,8,25,5
R1_PCA_85__GMM_DIAG__K5,871,0.6821876339189259,0.85426944971537,0.5294117647058824,6,23,5
R1_PCA_85__GMM_DIAG__K5,872,0.770828131954018,0.597496229260935,0.0,1,31,5
R1_PCA_85__GMM_DIAG__K5,873,0.7210791037951532,0.6806349206349207,0.0,6,29,5
R1_PCA_85__GMM_DIAG__K5,874,0.4518314099347717,0.5074404761904762,0.0,5,17,5
R1_PCA_85__GMM_DIAG__K5,875,0.8076869521434149,0.6612276612276612,0.0,3,30,5
R1_PCA_85__GMM_DIAG__K5,876,0.8047350609804667,0.6491766298217911,0.0,1,28,5
R1_PCA_85__GMM_DIAG__K5,877,0.6542719078789541,0.6446753246753247,0.0,7,28,5
R1_PCA_85__GMM_DIAG__K5,878,0.496045156121951,0.6341414141414141,0.4090909090909091,5,22,5
R1_PCA_85__GMM_DIAG__K5,879,0.4061638714880674,0.3988663967611336,0.0,1,26,6
R1_PCA_85__GMM_DIAG__K5,880,0.5483231603255049,0.5769230769230769,0.0,9,27,5
R1_PCA_85__GMM_DIAG__K5,881,0.7860118198947728,0.6590909090909091,0.0,3,30,5
R1_PCA_85__GMM_DIAG__K5,882,0.5116210782083209,0.4050649350649351,0.0,2,26,5
R1_PCA_85__GMM_DIAG__K5,883,0.8276588646380222,0.8916221033868093,0.6666666666666666,6,34,5
R1_PCA_85__GMM_DIAG__K5,884,0.7687504385041746,0.6327892695539754,0.0,1,31,5
R1_PCA_85__GMM_DIAG__K5,885,0.8300419936029069,0.6539772727272728,0.0,3,29,5
R1_PCA_85__GMM_DIAG__K5,886,0.42438010164792855,0.5064102564102564,0.0,6,18,5
R1_PCA_85__GMM_DIAG__K5,887,0.6179883945841392,0.6922222222222223,0.5555555555555556,6,24,5
R1_PCA_85__GMM_DIAG__K5,888,0.43561991171746817,0.49625668449197863,0.0,9,20,5
R1_PCA_85__GMM_DIAG__K5,889,0.6506001966943263,0.6237254901960785,0.0,6,28,5
R1_PCA_85__GMM_DIAG__K5,890,0.7333363191544154,0.7247474747474747,0.5,3,33,4
R1_PCA_85__GMM_DIAG__K5,891,0.4530428249436514,0.7274509803921567,0.4117647058823529,6,19,5
R1_PCA_85__GMM_DIAG__K5,892,0.7605943528510765,0.6282805429864253,0.0,5,30,5
R1_PCA_85__GMM_DIAG__K5,893,0.4293933418396938,0.4650727650727651,0.0,8,28,4
R1_PCA_85__GMM_DIAG__K5,894,1.0,1.0,1.0,6,30,5
R1_PCA_85__GMM_DIAG__K5,895,0.5284656508129774,0.5711111111111111,0.0,5,33,5
R1_PCA_85__GMM_DIAG__K5,896,0.7002636021680538,0.5663780663780663,0.1111111111111111,3,30,5
R1_PCA_85__GMM_DIAG__K5,897,0.9404760568754419,0.7833333333333333,0.4444444444444444,5,31,5
R1_PCA_85__GMM_DIAG__K5,898,0.5135991539461482,0.46215644820295976,0.0,1,38,5
R1_PCA_85__GMM_DIAG__K5,899,0.34925284586006156,0.6265796703296702,0.28125,6,26,5
R1_PCA_85__GMM_DIAG__K5,900,0.8219612508934035,0.7193650793650794,0.1111111111111111,4,32,5
R1_PCA_85__GMM_DIAG__K5,901,0.6098748737899843,0.5386946386946387,0.0,1,26,5
R1_PCA_85__GMM_DIAG__K5,902,0.7548291151441712,0.5835719835719836,0.0,1,30,5
R1_PCA_85__GMM_DIAG__K5,903,0.9152736432333409,0.9378787878787879,0.75,6,33,5
R1_PCA_85__GMM_DIAG__K5,904,0.4376782944408833,0.5145833333333333,0.0,10,16,5
R1_PCA_85__GMM_DIAG__K5,905,0.6565174168788662,0.6859459459459459,0.0,7,30,5
R1_PCA_85__GMM_DIAG__K5,906,0.6138023349327749,0.5862573099415205,0.0,5,33,5
R1_PCA_85__GMM_DIAG__K5,907,0.7929539216712999,0.8618618618618619,0.5555555555555556,5,37,5
R1_PCA_85__GMM_DIAG__K5,908,0.5881926375610208,0.5892307692307692,0.0,4,26,5
R1_PCA_85__GMM_DIAG__K5,909,0.5910564413814798,0.5892063492063493,0.0,5,27,5
R1_PCA_85__GMM_DIAG__K5,910,0.4708078302436065,0.6908333333333333,0.4166666666666667,6,24,5
R1_PCA_85__GMM_DIAG__K5,911,0.4091864412868922,0.5514449064449065,0.15384615384615385,5,26,5
R1_PCA_85__GMM_DIAG__K5,912,0.8369078809561947,0.8957575757575758,0.6,6,33,5
R1_PCA_85__GMM_DIAG__K5,913,0.5537173370703824,0.6257575757575757,0.0,7,25,5
R1_PCA_85__GMM_DIAG__K5,914,0.5604110166439781,0.610909090909091,0.2,8,21,5
R1_PCA_85__GMM_DIAG__K5,915,0.4490887327206734,0.49192546583850927,0.17391304347826086,8,21,5
R1_PCA_85__GMM_DIAG__K5,916,0.28654289641035197,0.5956219806763284,0.391304347826087,5,23,5
R1_PCA_85__GMM_DIAG__K5,917,0.5577512350697267,0.5790862290862291,0.0,7,28,5
R1_PCA_85__GMM_DIAG__K5,918,0.4823636363636364,0.5294117647058824,0.0,1,24,5
R1_PCA_85__GMM_DIAG__K5,919,0.9721121057594758,0.8836363636363636,0.6,3,31,4
R1_PCA_85__GMM_DIAG__K5,920,0.8267631626243277,0.8864705882352941,0.75,6,34,5
R1_PCA_85__GMM_DIAG__K5,921,0.6317385476772152,0.6145833333333333,0.0,6,24,5
R1_PCA_85__GMM_DIAG__K5,922,0.42224461584176326,0.3972161172161172,0.0,1,33,4
R1_PCA_85__GMM_DIAG__K5,923,0.2263593146759068,0.38887096774193547,0.0,5,30,5
R1_PCA_85__GMM_DIAG__K5,924,0.7505661899295752,0.8612903225806452,0.5833333333333334,7,25,5
R1_PCA_85__GMM_DIAG__K5,925,0.513809016684416,0.5982051282051282,0.0,6,30,5
R1_PCA_85__GMM_DIAG__K5,926,0.6427394885132206,0.7910338910338911,0.5555555555555556,5,32,5
R1_PCA_85__GMM_DIAG__K5,927,0.9112580063294557,0.9374416433239963,0.8571428571428571,6,34,5
R1_PCA_85__GMM_DIAG__K5,928,0.7316003375550554,0.6447552447552447,0.0,4,29,5
R1_PCA_85__GMM_DIAG__K5,929,0.39473684210526316,0.7034482758620689,0.4,6,30,4
R1_PCA_85__GMM_DIAG__K5,930,0.7336147221212744,0.6123809523809525,0.0,3,32,5
R1_PCA_85__GMM_DIAG__K5,931,0.5845468958941055,0.6097297297297297,0.0,7,28,5
R1_PCA_85__GMM_DIAG__K5,932,0.6439213188702307,0.6339285714285714,0.0,6,23,5
R1_PCA_85__GMM_DIAG__K5,933,0.8309893905748829,0.831048951048951,0.75,6,28,4
R1_PCA_85__GMM_DIAG__K5,934,0.5433872065745516,0.6133053221288516,0.23529411764705882,4,26,5
R1_PCA_85__GMM_DIAG__K5,935,0.39337493999039846,0.5862820512820512,0.3333333333333333,6,24,5
R1_PCA_85__GMM_DIAG__K5,936,0.6224886933775579,0.6901817137111255,0.4444444444444444,6,27,5
R1_PCA_85__GMM_DIAG__K5,937,0.5653570135262246,0.6077777777777778,0.0,6,26,5
R1_PCA_85__GMM_DIAG__K5,938,0.5716617890063509,0.5666666666666667,0.0,6,19,5
R1_PCA_85__GMM_DIAG__K5,939,0.6829158852698551,0.5957575757575758,0.09090909090909091,4,30,5
R1_PCA_85__GMM_DIAG__K5,940,0.4328961927046489,0.5336296056884292,0.0,8,20,5
R1_PCA_85__GMM_DIAG__K5,941,0.5587491764850082,0.6060173160173161,0.0,9,25,5
R1_PCA_85__GMM_DIAG__K5,942,0.7513247954551241,0.6573403720462545,0.08333333333333333,4,30,5
R1_PCA_85__GMM_DIAG__K5,943,0.7011224223440355,0.6356402218471183,0.0,8,22,4
R1_PCA_85__GMM_DIAG__K5,944,0.5989215385140438,0.6037878787878788,0.0,5,29,5
R1_PCA_85__GMM_DIAG__K5,945,0.41738756859145854,0.599984335839599,0.42105263157894735,6,18,5
R1_PCA_85__GMM_DIAG__K5,946,0.5658687211470849,0.5368253968253969,0.0,5,26,5
R1_PCA_85__GMM_DIAG__K5,947,0.37283925236847065,0.6514880952380953,0.39285714285714285,5,28,5
R1_PCA_85__GMM_DIAG__K5,948,0.912901712932979,0.8381944444444442,0.6666666666666666,6,32,4
R1_PCA_85__GMM_DIAG__K5,949,0.6617105811113487,0.5724963924963925,0.0,1,28,4
R1_PCA_85__GMM_DIAG__K5,950,0.6636630466000873,0.5844988344988344,0.16666666666666666,6,29,5
R1_PCA_85__GMM_DIAG__K5,951,0.7822455313755436,0.6386946386946387,0.0,4,30,5
R1_PCA_85__GMM_DIAG__K5,952,0.3353473612995279,0.4691290322580645,0.0,5,25,5
R1_PCA_85__GMM_DIAG__K5,953,0.7438947329294131,0.8689102564102564,0.6153846153846154,6,26,5
R1_PCA_85__GMM_DIAG__K5,954,0.554435701005147,0.5773284313725491,0.0,5,21,5
R1_PCA_85__GMM_DIAG__K5,955,1.0,1.0,1.0,6,31,5
R1_PCA_85__GMM_DIAG__K5,956,0.4153614753294314,0.5021428571428571,0.0,6,19,5
R1_PCA_85__GMM_DIAG__K5,957,0.7888828087765442,0.6775132275132275,0.0,4,23,5
R1_PCA_85__GMM_DIAG__K5,958,0.7709319784216632,0.662689393939394,0.0,5,27,5
R1_PCA_85__GMM_DIAG__K5,959,0.4478166826659737,0.42745098039215684,0.0,2,27,5
R1_PCA_85__GMM_DIAG__K5,960,0.44678448912241087,0.5232967032967033,0.0,9,20,5
R1_PCA_85__GMM_DIAG__K5,961,0.32229196740101207,0.4938339920948616,0.0,4,35,5
R1_PCA_85__GMM_DIAG__K5,962,0.7934769527018896,0.8897435897435898,0.6153846153846154,6,25,5
R1_PCA_85__GMM_DIAG__K5,963,0.7041502866821014,0.6583870967741936,0.0,8,23,5
R1_PCA_85__GMM_DIAG__K5,964,0.7865974143284593,0.5641711229946523,0.0,5,34,5
R1_PCA_85__GMM_DIAG__K5,965,0.6180845383517309,0.6621052631578948,0.0,6,34,5
R1_PCA_85__GMM_DIAG__K5,966,0.6925620377618779,0.6555555555555556,0.0,5,31,5
R1_PCA_85__GMM_DIAG__K5,967,0.9570739804512587,0.9651785714285716,0.8571428571428571,6,32,4
R1_PCA_85__GMM_DIAG__K5,968,0.7775755928678617,0.8894086021505376,0.7333333333333333,7,27,4
R1_PCA_85__GMM_DIAG__K5,969,0.29569210180207206,0.40299671592775044,0.0,5,29,4
R1_PCA_85__GMM_DIAG__K5,970,0.6933434896921149,0.823822843822844,0.46153846153846156,6,27,5
R1_PCA_85__GMM_DIAG__K5,971,0.2328826064956034,0.4293719806763285,0.0,5,32,5
R1_PCA_85__GMM_DIAG__K5,972,0.4262250601450717,0.482981242895036,0.0,9,16,5
R1_PCA_85__GMM_DIAG__K5,973,0.7492442322991248,0.8518881118881119,0.6363636363636364,7,25,5
R1_PCA_85__GMM_DIAG__K5,974,0.8790376376762181,0.659067599067599,0.0,1,30,5
R1_PCA_85__GMM_DIAG__K5,975,0.6030122960702445,0.5843434343434344,0.0,5,37,6
R1_PCA_85__GMM_DIAG__K5,976,0.6648862581650702,0.6080475080475081,0.21428571428571427,6,27,5
R1_PCA_85__GMM_DIAG__K5,977,0.5272215077469533,0.49945148230377434,0.0,1,21,5
R1_PCA_85__GMM_DIAG__K5,978,0.7394695506165707,0.8678030303030304,0.6875,5,28,5
R1_PCA_85__GMM_DIAG__K5,979,0.7438144394735408,0.6243201243201243,0.0,2,36,4
R1_PCA_85__GMM_DIAG__K5,980,0.7305789845594094,0.85625,0.5,4,25,5
R1_PCA_85__GMM_DIAG__K5,981,0.40610765813269906,0.6939655172413793,0.3448275862068966,5,29,5
R1_PCA_85__GMM_DIAG__K5,982,0.7767941814755143,0.612280701754386,0.0,1,38,5
R1_PCA_85__GMM_DIAG__K5,983,0.5309896139134085,0.7265151515151516,0.20833333333333334,6,20,5
R1_PCA_85__GMM_DIAG__K5,984,0.38893833219565727,0.4805284552845529,0.0,3,32,5
R1_PCA_85__GMM_DIAG__K5,985,0.8645499163719119,0.6456643356643357,0.0,1,30,5
R1_PCA_85__GMM_DIAG__K5,986,0.49071178958984735,0.725,0.375,5,24,5
R1_PCA_85__GMM_DIAG__K5,987,0.5822174611676486,0.5928733031674207,0.0,5,22,5
R1_PCA_85__GMM_DIAG__K5,988,0.5922572100017935,0.5933333333333333,0.0,8,28,5
R1_PCA_85__GMM_DIAG__K5,989,0.5376512837124618,0.5433642930856553,0.0,1,23,5
R1_PCA_85__GMM_DIAG__K5,990,0.5686164772656921,0.5599067599067599,0.0,8,22,5
R1_PCA_85__GMM_DIAG__K5,991,0.5913993856704051,0.635290404040404,0.1111111111111111,4,22,5
R1_PCA_85__GMM_DIAG__K5,992,0.5015652205291979,0.49523809523809526,0.0,1,22,5
R1_PCA_85__GMM_DIAG__K5,993,0.8327158291880677,0.8814705882352941,0.625,5,34,5
R1_PCA_85__GMM_DIAG__K5,994,0.33324830784086873,0.45625664657922727,0.0,4,28,5
R1_PCA_85__GMM_DIAG__K5,995,0.6856179796263271,0.77875,0.6666666666666666,5,27,4
R1_PCA_85__GMM_DIAG__K5,996,0.5289515049193689,0.6051801801801802,0.0,5,28,5
R1_PCA_85__GMM_DIAG__K5,997,0.8351505132173125,0.684040404040404,0.1111111111111111,3,28,5
R1_PCA_85__GMM_DIAG__K5,998,0.5990713816914361,0.5890350877192982,0.0,4,36,4
R1_PCA_85__GMM_DIAG__K5,999,0.4932861137270159,0.7370719602977667,0.4,5,20,5
R1_PCA_85__GMM_DIAG__K5,1000,0.634736588886216,0.8114196998447472,0.47058823529411764,4,22,5
R1_PCA_85__HAC_WARD__K2,1,1.0,1.0,1.0,10,55,5
R1_PCA_85__HAC_WARD__K2,2,1.0,1.0,1.0,11,54,5
R1_PCA_85__HAC_WARD__K2,3,1.0,1.0,1.0,9,56,5
R1_PCA_85__HAC_WARD__K2,4,1.0,1.0,1.0,10,55,5
R1_PCA_85__HAC_WARD__K2,5,1.0,1.0,1.0,10,55,5
R1_PCA_85__HAC_WARD__K2,6,1.0,1.0,1.0,9,56,5
R1_PCA_85__HAC_WARD__K2,7,1.0,1.0,1.0,12,53,5
R1_PCA_85__HAC_WARD__K2,8,1.0,1.0,1.0,11,54,5
R1_PCA_85__HAC_WARD__K2,9,1.0,1.0,1.0,11,54,5
R1_PCA_85__HAC_WARD__K2,10,1.0,1.0,1.0,7,58,5
R1_PCA_85__HAC_WARD__K2,11,1.0,1.0,1.0,9,56,5
R1_PCA_85__HAC_WARD__K2,12,1.0,1.0,1.0,11,54,4
R1_PCA_85__HAC_WARD__K2,13,1.0,1.0,1.0,13,52,5
R1_PCA_85__HAC_WARD__K2,14,1.0,1.0,1.0,10,55,5
R1_PCA_85__HAC_WARD__K2,15,1.0,1.0,1.0,11,54,5
R1_PCA_85__HAC_WARD__K2,16,1.0,1.0,1.0,9,56,5
R1_PCA_85__HAC_WARD__K2,17,1.0,1.0,1.0,11,54,5
R1_PCA_85__HAC_WARD__K2,18,1.0,1.0,1.0,10,55,5
R1_PCA_85__HAC_WARD__K2,19,1.0,1.0,1.0,9,56,5
R1_PCA_85__HAC_WARD__K2,20,1.0,1.0,1.0,9,56,5
R1_PCA_85__HAC_WARD__K2,21,0.7137494134209291,0.8104395604395604,0.6923076923076923,13,52,5
R1_PCA_85__HAC_WARD__K2,22,1.0,1.0,1.0,11,54,5
R1_PCA_85__HAC_WARD__K2,23,1.0,1.0,1.0,9,56,5
R1_PCA_85__HAC_WARD__K2,24,1.0,1.0,1.0,11,54,5
R1_PCA_85__HAC_WARD__K2,25,1.0,1.0,1.0,13,52,5
R1_PCA_85__HAC_WARD__K2,26,1.0,1.0,1.0,10,55,4
R1_PCA_85__HAC_WARD__K2,27,1.0,1.0,1.0,11,54,5
R1_PCA_85__HAC_WARD__K2,28,1.0,1.0,1.0,11,54,5
R1_PCA_85__HAC_WARD__K2,29,1.0,1.0,1.0,9,56,5
R1_PCA_85__HAC_WARD__K2,30,1.0,1.0,1.0,10,55,4
R1_PCA_85__HAC_WARD__K2,31,1.0,1.0,1.0,8,57,5
R1_PCA_85__HAC_WARD__K2,32,1.0,1.0,1.0,9,56,5
R1_PCA_85__HAC_WARD__K2,33,1.0,1.0,1.0,9,56,5
R1_PCA_85__HAC_WARD__K2,34,1.0,1.0,1.0,7,58,5
R1_PCA_85__HAC_WARD__K2,35,1.0,1.0,1.0,9,56,5
R1_PCA_85__HAC_WARD__K2,36,0.7763844190433914,0.8482142857142857,0.75,12,53,5
R1_PCA_85__HAC_WARD__K2,37,1.0,1.0,1.0,12,53,5
R1_PCA_85__HAC_WARD__K2,38,1.0,1.0,1.0,13,52,4
R1_PCA_85__HAC_WARD__K2,39,1.0,1.0,1.0,8,57,5
R1_PCA_85__HAC_WARD__K2,40,1.0,1.0,1.0,11,54,5
R1_PCA_85__HAC_WARD__K2,41,1.0,1.0,1.0,11,54,5
R1_PCA_85__HAC_WARD__K2,42,1.0,1.0,1.0,10,55,5
R1_PCA_85__HAC_WARD__K2,43,0.9187261893132753,0.9410714285714286,0.9,10,55,4
R1_PCA_85__HAC_WARD__K2,44,1.0,1.0,1.0,12,53,5
R1_PCA_85__HAC_WARD__K2,45,1.0,1.0,1.0,10,55,5
R1_PCA_85__HAC_WARD__K2,46,1.0,1.0,1.0,11,54,5
R1_PCA_85__HAC_WARD__K2,47,1.0,1.0,1.0,9,56,5
R1_PCA_85__HAC_WARD__K2,48,1.0,1.0,1.0,11,54,5
R1_PCA_85__HAC_WARD__K2,49,0.9228790582346534,0.9454545454545454,0.9090909090909091,10,55,5
R1_PCA_85__HAC_WARD__K2,50,1.0,1.0,1.0,13,52,5
R1_PCA_85__HAC_WARD__K2,51,1.0,1.0,1.0,9,56,5
R1_PCA_85__HAC_WARD__K2,52,1.0,1.0,1.0,10,55,5
R1_PCA_85__HAC_WARD__K2,53,1.0,1.0,1.0,12,53,5
R1_PCA_85__HAC_WARD__K2,54,1.0,1.0,1.0,11,54,5
R1_PCA_85__HAC_WARD__K2,55,1.0,1.0,1.0,12,53,5
R1_PCA_85__HAC_WARD__K2,56,1.0,1.0,1.0,12,53,5
R1_PCA_85__HAC_WARD__K2,57,1.0,1.0,1.0,12,53,5
R1_PCA_85__HAC_WARD__K2,58,1.0,1.0,1.0,10,55,5
R1_PCA_85__HAC_WARD__K2,59,1.0,1.0,1.0,11,54,5
R1_PCA_85__HAC_WARD__K2,60,1.0,1.0,1.0,11,54,5
R1_PCA_85__HAC_WARD__K2,61,1.0,1.0,1.0,11,54,5
R1_PCA_85__HAC_WARD__K2,62,1.0,1.0,1.0,10,55,4
R1_PCA_85__HAC_WARD__K2,63,0.8620480557871598,0.9097035040431267,0.8571428571428571,14,51,5
R1_PCA_85__HAC_WARD__K2,64,1.0,1.0,1.0,9,56,5
R1_PCA_85__HAC_WARD__K2,65,1.0,1.0,1.0,11,54,5
R1_PCA_85__HAC_WARD__K2,66,1.0,1.0,1.0,9,56,5
R1_PCA_85__HAC_WARD__K2,67,1.0,1.0,1.0,12,53,5
R1_PCA_85__HAC_WARD__K2,68,0.9261606184048209,0.9490740740740741,0.9166666666666666,11,54,5
R1_PCA_85__HAC_WARD__K2,69,1.0,1.0,1.0,10,55,5
R1_PCA_85__HAC_WARD__K2,70,1.0,1.0,1.0,11,54,5
R1_PCA_85__HAC_WARD__K2,71,1.0,1.0,1.0,13,52,4
R1_PCA_85__HAC_WARD__K2,72,1.0,1.0,1.0,11,54,5
R1_PCA_85__HAC_WARD__K2,73,1.0,1.0,1.0,11,54,5
R1_PCA_85__HAC_WARD__K2,74,1.0,1.0,1.0,10,55,5
R1_PCA_85__HAC_WARD__K2,75,1.0,1.0,1.0,12,53,4
R1_PCA_85__HAC_WARD__K2,76,1.0,1.0,1.0,12,53,4
R1_PCA_85__HAC_WARD__K2,77,1.0,1.0,1.0,11,54,4
R1_PCA_85__HAC_WARD__K2,78,1.0,1.0,1.0,12,53,5
R1_PCA_85__HAC_WARD__K2,79,1.0,1.0,1.0,11,54,5
R1_PCA_85__HAC_WARD__K2,80,1.0,1.0,1.0,7,58,5
R1_PCA_85__HAC_WARD__K2,81,1.0,1.0,1.0,12,53,5
R1_PCA_85__HAC_WARD__K2,82,1.0,1.0,1.0,10,55,5
R1_PCA_85__HAC_WARD__K2,83,1.0,1.0,1.0,10,55,5
R1_PCA_85__HAC_WARD__K2,84,1.0,1.0,1.0,11,54,5
R1_PCA_85__HAC_WARD__K2,85,1.0,1.0,1.0,10,55,5
R1_PCA_85__HAC_WARD__K2,86,1.0,1.0,1.0,9,56,5
R1_PCA_85__HAC_WARD__K2,87,1.0,1.0,1.0,12,53,5
R1_PCA_85__HAC_WARD__K2,88,1.0,1.0,1.0,8,57,5
R1_PCA_85__HAC_WARD__K2,89,1.0,1.0,1.0,11,54,5
R1_PCA_85__HAC_WARD__K2,90,1.0,1.0,1.0,12,53,5
R1_PCA_85__HAC_WARD__K2,91,1.0,1.0,1.0,9,56,5
R1_PCA_85__HAC_WARD__K2,92,1.0,1.0,1.0,10,55,5
R1_PCA_85__HAC_WARD__K2,93,1.0,1.0,1.0,11,54,5
R1_PCA_85__HAC_WARD__K2,94,1.0,1.0,1.0,7,58,5
R1_PCA_85__HAC_WARD__K2,95,1.0,1.0,1.0,13,52,4
R1_PCA_85__HAC_WARD__K2,96,1.0,1.0,1.0,10,55,5
R1_PCA_85__HAC_WARD__K2,97,1.0,1.0,1.0,11,54,5
R1_PCA_85__HAC_WARD__K2,98,1.0,1.0,1.0,9,56,5
R1_PCA_85__HAC_WARD__K2,99,1.0,1.0,1.0,12,53,5
R1_PCA_85__HAC_WARD__K2,100,1.0,1.0,1.0,10,55,5
R1_PCA_85__HAC_WARD__K2,101,1.0,1.0,1.0,9,56,5
R1_PCA_85__HAC_WARD__K2,102,1.0,1.0,1.0,11,54,5
R1_PCA_85__HAC_WARD__K2,103,1.0,1.0,1.0,13,52,4
R1_PCA_85__HAC_WARD__K2,104,1.0,1.0,1.0,12,53,5
R1_PCA_85__HAC_WARD__K2,105,1.0,1.0,1.0,11,54,5
R1_PCA_85__HAC_WARD__K2,106,1.0,1.0,1.0,10,55,5
R1_PCA_85__HAC_WARD__K2,107,1.0,1.0,1.0,9,56,5
R1_PCA_85__HAC_WARD__K2,108,1.0,1.0,1.0,11,54,4
R1_PCA_85__HAC_WARD__K2,109,1.0,1.0,1.0,10,55,5
R1_PCA_85__HAC_WARD__K2,110,1.0,1.0,1.0,9,56,5
R1_PCA_85__HAC_WARD__K2,111,1.0,1.0,1.0,9,56,5
R1_PCA_85__HAC_WARD__K2,112,1.0,1.0,1.0,13,52,5
R1_PCA_85__HAC_WARD__K2,113,1.0,1.0,1.0,11,54,5
R1_PCA_85__HAC_WARD__K2,114,1.0,1.0,1.0,9,56,4
R1_PCA_85__HAC_WARD__K2,115,1.0,1.0,1.0,11,54,5
R1_PCA_85__HAC_WARD__K2,116,1.0,1.0,1.0,12,53,5
R1_PCA_85__HAC_WARD__K2,117,1.0,1.0,1.0,11,54,5
R1_PCA_85__HAC_WARD__K2,118,1.0,1.0,1.0,12,53,5
R1_PCA_85__HAC_WARD__K2,119,1.0,1.0,1.0,11,54,5
R1_PCA_85__HAC_WARD__K2,120,1.0,1.0,1.0,10,55,5
R1_PCA_85__HAC_WARD__K2,121,1.0,1.0,1.0,8,57,5
R1_PCA_85__HAC_WARD__K2,122,1.0,1.0,1.0,9,56,5
R1_PCA_85__HAC_WARD__K2,123,1.0,1.0,1.0,10,55,5
R1_PCA_85__HAC_WARD__K2,124,1.0,1.0,1.0,13,52,5
R1_PCA_85__HAC_WARD__K2,125,1.0,1.0,1.0,11,54,5
R1_PCA_85__HAC_WARD__K2,126,1.0,1.0,1.0,8,57,5
R1_PCA_85__HAC_WARD__K2,127,1.0,1.0,1.0,12,53,5
R1_PCA_85__HAC_WARD__K2,128,1.0,1.0,1.0,9,56,5
R1_PCA_85__HAC_WARD__K2,129,1.0,1.0,1.0,8,57,5
R1_PCA_85__HAC_WARD__K2,130,1.0,1.0,1.0,12,53,5
R1_PCA_85__HAC_WARD__K2,131,1.0,1.0,1.0,10,55,5
R1_PCA_85__HAC_WARD__K2,132,1.0,1.0,1.0,12,53,5
R1_PCA_85__HAC_WARD__K2,133,1.0,1.0,1.0,9,56,5
R1_PCA_85__HAC_WARD__K2,134,1.0,1.0,1.0,12,53,5
R1_PCA_85__HAC_WARD__K2,135,1.0,1.0,1.0,9,56,5
R1_PCA_85__HAC_WARD__K2,136,1.0,1.0,1.0,11,54,5
R1_PCA_85__HAC_WARD__K2,137,1.0,1.0,1.0,11,54,5
R1_PCA_85__HAC_WARD__K2,138,1.0,1.0,1.0,11,54,5
R1_PCA_85__HAC_WARD__K2,139,1.0,1.0,1.0,12,53,4
R1_PCA_85__HAC_WARD__K2,140,1.0,1.0,1.0,11,54,5
R1_PCA_85__HAC_WARD__K2,141,1.0,1.0,1.0,11,54,4
R1_PCA_85__HAC_WARD__K2,142,1.0,1.0,1.0,10,55,4
R1_PCA_85__HAC_WARD__K2,143,1.0,1.0,1.0,9,56,5
R1_PCA_85__HAC_WARD__K2,144,1.0,1.0,1.0,9,56,5
R1_PCA_85__HAC_WARD__K2,145,1.0,1.0,1.0,12,53,5
R1_PCA_85__HAC_WARD__K2,146,1.0,1.0,1.0,10,55,5
R1_PCA_85__HAC_WARD__K2,147,1.0,1.0,1.0,11,54,5
R1_PCA_85__HAC_WARD__K2,148,1.0,1.0,1.0,10,55,5
R1_PCA_85__HAC_WARD__K2,149,1.0,1.0,1.0,12,53,4
R1_PCA_85__HAC_WARD__K2,150,1.0,1.0,1.0,11,54,5
R1_PCA_85__HAC_WARD__K2,151,0.7247304362918447,0.8207792207792208,0.7142857142857143,14,51,5
R1_PCA_85__HAC_WARD__K2,152,1.0,1.0,1.0,11,54,5
R1_PCA_85__HAC_WARD__K2,153,1.0,1.0,1.0,11,54,5
R1_PCA_85__HAC_WARD__K2,154,1.0,1.0,1.0,10,55,5
R1_PCA_85__HAC_WARD__K2,155,1.0,1.0,1.0,12,53,5
R1_PCA_85__HAC_WARD__K2,156,1.0,1.0,1.0,11,54,5
R1_PCA_85__HAC_WARD__K2,157,1.0,1.0,1.0,11,54,5
R1_PCA_85__HAC_WARD__K2,158,1.0,1.0,1.0,8,57,5
R1_PCA_85__HAC_WARD__K2,159,1.0,1.0,1.0,11,54,5
R1_PCA_85__HAC_WARD__K2,160,1.0,1.0,1.0,10,55,5
R1_PCA_85__HAC_WARD__K2,161,1.0,1.0,1.0,11,54,5
R1_PCA_85__HAC_WARD__K2,162,1.0,1.0,1.0,9,56,5
R1_PCA_85__HAC_WARD__K2,163,1.0,1.0,1.0,12,53,5
R1_PCA_85__HAC_WARD__K2,164,1.0,1.0,1.0,10,55,5
R1_PCA_85__HAC_WARD__K2,165,1.0,1.0,1.0,10,55,5
R1_PCA_85__HAC_WARD__K2,166,1.0,1.0,1.0,11,54,5
R1_PCA_85__HAC_WARD__K2,167,1.0,1.0,1.0,10,55,5
R1_PCA_85__HAC_WARD__K2,168,0.9187261893132753,0.9410714285714286,0.9,10,55,5
R1_PCA_85__HAC_WARD__K2,169,1.0,1.0,1.0,10,55,5
R1_PCA_85__HAC_WARD__K2,170,1.0,1.0,1.0,12,53,5
R1_PCA_85__HAC_WARD__K2,171,1.0,1.0,1.0,11,54,5
R1_PCA_85__HAC_WARD__K2,172,1.0,1.0,1.0,11,54,5
R1_PCA_85__HAC_WARD__K2,173,1.0,1.0,1.0,10,55,5
R1_PCA_85__HAC_WARD__K2,174,1.0,1.0,1.0,11,54,5
R1_PCA_85__HAC_WARD__K2,175,1.0,1.0,1.0,10,55,5
R1_PCA_85__HAC_WARD__K2,176,1.0,1.0,1.0,10,55,5
R1_PCA_85__HAC_WARD__K2,177,1.0,1.0,1.0,11,54,5
R1_PCA_85__HAC_WARD__K2,178,1.0,1.0,1.0,12,53,5
R1_PCA_85__HAC_WARD__K2,179,1.0,1.0,1.0,8,57,5
R1_PCA_85__HAC_WARD__K2,180,1.0,1.0,1.0,11,54,5
R1_PCA_85__HAC_WARD__K2,181,1.0,1.0,1.0,11,54,5
R1_PCA_85__HAC_WARD__K2,182,1.0,1.0,1.0,11,54,5
R1_PCA_85__HAC_WARD__K2,183,1.0,1.0,1.0,10,55,5
R1_PCA_85__HAC_WARD__K2,184,1.0,1.0,1.0,8,57,5
R1_PCA_85__HAC_WARD__K2,185,1.0,1.0,1.0,12,53,5
R1_PCA_85__HAC_WARD__K2,186,1.0,1.0,1.0,8,57,5
R1_PCA_85__HAC_WARD__K2,187,1.0,1.0,1.0,9,56,5
R1_PCA_85__HAC_WARD__K2,188,1.0,1.0,1.0,11,54,5
R1_PCA_85__HAC_WARD__K2,189,1.0,1.0,1.0,11,54,5
R1_PCA_85__HAC_WARD__K2,190,1.0,1.0,1.0,11,54,5
R1_PCA_85__HAC_WARD__K2,191,1.0,1.0,1.0,10,55,5
R1_PCA_85__HAC_WARD__K2,192,1.0,1.0,1.0,11,54,5
R1_PCA_85__HAC_WARD__K2,193,1.0,1.0,1.0,8,57,5
R1_PCA_85__HAC_WARD__K2,194,0.24883280173808534,0.5423340961098397,0.34782608695652173,23,42,5
R1_PCA_85__HAC_WARD__K2,195,1.0,1.0,1.0,11,54,5
R1_PCA_85__HAC_WARD__K2,196,1.0,1.0,1.0,10,55,5
R1_PCA_85__HAC_WARD__K2,197,1.0,1.0,1.0,10,55,5
R1_PCA_85__HAC_WARD__K2,198,1.0,1.0,1.0,11,54,5
R1_PCA_85__HAC_WARD__K2,199,1.0,1.0,1.0,10,55,5
R1_PCA_85__HAC_WARD__K2,200,1.0,1.0,1.0,10,55,4
R1_PCA_85__HAC_WARD__K2,201,1.0,1.0,1.0,11,54,5
R1_PCA_85__HAC_WARD__K2,202,1.0,1.0,1.0,12,53,5
R1_PCA_85__HAC_WARD__K2,203,1.0,1.0,1.0,8,57,5
R1_PCA_85__HAC_WARD__K2,204,1.0,1.0,1.0,8,57,5
R1_PCA_85__HAC_WARD__K2,205,1.0,1.0,1.0,11,54,5
R1_PCA_85__HAC_WARD__K2,206,1.0,1.0,1.0,11,54,5
R1_PCA_85__HAC_WARD__K2,207,1.0,1.0,1.0,11,54,5
R1_PCA_85__HAC_WARD__K2,208,1.0,1.0,1.0,12,53,5
R1_PCA_85__HAC_WARD__K2,209,1.0,1.0,1.0,9,56,5
R1_PCA_85__HAC_WARD__K2,210,1.0,1.0,1.0,11,54,5
R1_PCA_85__HAC_WARD__K2,211,1.0,1.0,1.0,12,53,5
R1_PCA_85__HAC_WARD__K2,212,1.0,1.0,1.0,11,54,5
R1_PCA_85__HAC_WARD__K2,213,1.0,1.0,1.0,11,54,5
R1_PCA_85__HAC_WARD__K2,214,1.0,1.0,1.0,10,55,5
R1_PCA_85__HAC_WARD__K2,215,1.0,1.0,1.0,10,55,5
R1_PCA_85__HAC_WARD__K2,216,1.0,1.0,1.0,11,54,5
R1_PCA_85__HAC_WARD__K2,217,1.0,1.0,1.0,12,53,5
R1_PCA_85__HAC_WARD__K2,218,1.0,1.0,1.0,9,56,5
R1_PCA_85__HAC_WARD__K2,219,1.0,1.0,1.0,12,53,5
R1_PCA_85__HAC_WARD__K2,220,1.0,1.0,1.0,11,54,5
R1_PCA_85__HAC_WARD__K2,221,1.0,1.0,1.0,9,56,5
R1_PCA_85__HAC_WARD__K2,222,1.0,1.0,1.0,12,53,5
R1_PCA_85__HAC_WARD__K2,223,1.0,1.0,1.0,11,54,5
R1_PCA_85__HAC_WARD__K2,224,1.0,1.0,1.0,10,55,5
R1_PCA_85__HAC_WARD__K2,225,1.0,1.0,1.0,11,54,5
R1_PCA_85__HAC_WARD__K2,226,1.0,1.0,1.0,9,56,5
R1_PCA_85__HAC_WARD__K2,227,1.0,1.0,1.0,10,55,5
R1_PCA_85__HAC_WARD__K2,228,1.0,1.0,1.0,13,52,5
R1_PCA_85__HAC_WARD__K2,229,1.0,1.0,1.0,11,54,5
R1_PCA_85__HAC_WARD__K2,230,1.0,1.0,1.0,9,56,5
R1_PCA_85__HAC_WARD__K2,231,1.0,1.0,1.0,9,56,5
R1_PCA_85__HAC_WARD__K2,232,0.8620480557871598,0.9097035040431267,0.8571428571428571,14,51,5
R1_PCA_85__HAC_WARD__K2,233,1.0,1.0,1.0,13,52,4
R1_PCA_85__HAC_WARD__K2,234,1.0,1.0,1.0,8,57,5
R1_PCA_85__HAC_WARD__K2,235,1.0,1.0,1.0,12,53,5
R1_PCA_85__HAC_WARD__K2,236,1.0,1.0,1.0,12,53,4
R1_PCA_85__HAC_WARD__K2,237,1.0,1.0,1.0,12,53,5
R1_PCA_85__HAC_WARD__K2,238,1.0,1.0,1.0,10,55,5
R1_PCA_85__HAC_WARD__K2,239,1.0,1.0,1.0,11,54,5
R1_PCA_85__HAC_WARD__K2,240,1.0,1.0,1.0,8,57,5
R1_PCA_85__HAC_WARD__K2,241,1.0,1.0,1.0,12,53,4
R1_PCA_85__HAC_WARD__K2,242,1.0,1.0,1.0,10,55,5
R1_PCA_85__HAC_WARD__K2,243,1.0,1.0,1.0,12,53,4
R1_PCA_85__HAC_WARD__K2,244,1.0,1.0,1.0,8,57,5
R1_PCA_85__HAC_WARD__K2,245,1.0,1.0,1.0,11,54,5
R1_PCA_85__HAC_WARD__K2,246,1.0,1.0,1.0,10,55,5
R1_PCA_85__HAC_WARD__K2,247,1.0,1.0,1.0,13,52,5
R1_PCA_85__HAC_WARD__K2,248,1.0,1.0,1.0,10,55,5
R1_PCA_85__HAC_WARD__K2,249,1.0,1.0,1.0,10,55,5
R1_PCA_85__HAC_WARD__K2,250,1.0,1.0,1.0,9,56,5
R1_PCA_85__HAC_WARD__K2,251,0.9133982846198684,0.935672514619883,0.8888888888888888,8,57,5
R1_PCA_85__HAC_WARD__K2,252,1.0,1.0,1.0,11,54,5
R1_PCA_85__HAC_WARD__K2,253,1.0,1.0,1.0,11,54,5
R1_PCA_85__HAC_WARD__K2,254,1.0,1.0,1.0,10,55,5
R1_PCA_85__HAC_WARD__K2,255,1.0,1.0,1.0,10,55,5
R1_PCA_85__HAC_WARD__K2,256,1.0,1.0,1.0,8,57,5
R1_PCA_85__HAC_WARD__K2,257,1.0,1.0,1.0,11,54,5
R1_PCA_85__HAC_WARD__K2,258,1.0,1.0,1.0,12,53,5
R1_PCA_85__HAC_WARD__K2,259,1.0,1.0,1.0,12,53,5
R1_PCA_85__HAC_WARD__K2,260,1.0,1.0,1.0,11,54,5
R1_PCA_85__HAC_WARD__K2,261,1.0,1.0,1.0,11,54,4
R1_PCA_85__HAC_WARD__K2,262,1.0,1.0,1.0,11,54,5
R1_PCA_85__HAC_WARD__K2,263,1.0,1.0,1.0,11,54,5
R1_PCA_85__HAC_WARD__K2,264,1.0,1.0,1.0,11,54,5
R1_PCA_85__HAC_WARD__K2,265,1.0,1.0,1.0,11,54,5
R1_PCA_85__HAC_WARD__K2,266,0.7405783826223502,0.8372641509433962,0.75,16,49,5
R1_PCA_85__HAC_WARD__K2,267,1.0,1.0,1.0,9,56,5
R1_PCA_85__HAC_WARD__K2,268,1.0,1.0,1.0,10,55,5
R1_PCA_85__HAC_WARD__K2,269,1.0,1.0,1.0,9,56,5
R1_PCA_85__HAC_WARD__K2,270,1.0,1.0,1.0,11,54,5
R1_PCA_85__HAC_WARD__K2,271,1.0,1.0,1.0,10,55,5
R1_PCA_85__HAC_WARD__K2,272,1.0,1.0,1.0,11,54,5
R1_PCA_85__HAC_WARD__K2,273,1.0,1.0,1.0,10,55,5
R1_PCA_85__HAC_WARD__K2,274,1.0,1.0,1.0,12,53,5
R1_PCA_85__HAC_WARD__K2,275,1.0,1.0,1.0,7,58,5
R1_PCA_85__HAC_WARD__K2,276,1.0,1.0,1.0,11,54,5
R1_PCA_85__HAC_WARD__K2,277,1.0,1.0,1.0,10,55,5
R1_PCA_85__HAC_WARD__K2,278,1.0,1.0,1.0,11,54,5
R1_PCA_85__HAC_WARD__K2,279,1.0,1.0,1.0,9,56,5
R1_PCA_85__HAC_WARD__K2,280,1.0,1.0,1.0,11,54,5
R1_PCA_85__HAC_WARD__K2,281,1.0,1.0,1.0,13,52,5
R1_PCA_85__HAC_WARD__K2,282,1.0,1.0,1.0,11,54,5
R1_PCA_85__HAC_WARD__K2,283,1.0,1.0,1.0,10,55,5
R1_PCA_85__HAC_WARD__K2,284,1.0,1.0,1.0,11,54,5
R1_PCA_85__HAC_WARD__K2,285,1.0,1.0,1.0,10,55,5
R1_PCA_85__HAC_WARD__K2,286,1.0,1.0,1.0,10,55,5
R1_PCA_85__HAC_WARD__K2,287,1.0,1.0,1.0,13,52,5
R1_PCA_85__HAC_WARD__K2,288,1.0,1.0,1.0,11,54,5
R1_PCA_85__HAC_WARD__K2,289,1.0,1.0,1.0,9,56,5
R1_PCA_85__HAC_WARD__K2,290,1.0,1.0,1.0,12,53,5
R1_PCA_85__HAC_WARD__K2,291,1.0,1.0,1.0,9,56,5
R1_PCA_85__HAC_WARD__K2,292,1.0,1.0,1.0,11,54,5
R1_PCA_85__HAC_WARD__K2,293,1.0,1.0,1.0,10,55,5
R1_PCA_85__HAC_WARD__K2,294,1.0,1.0,1.0,10,55,5
R1_PCA_85__HAC_WARD__K2,295,1.0,1.0,1.0,10,55,5
R1_PCA_85__HAC_WARD__K2,296,1.0,1.0,1.0,12,53,5
R1_PCA_85__HAC_WARD__K2,297,1.0,1.0,1.0,12,53,4
R1_PCA_85__HAC_WARD__K2,298,1.0,1.0,1.0,10,55,5
R1_PCA_85__HAC_WARD__K2,299,1.0,1.0,1.0,9,56,5
R1_PCA_85__HAC_WARD__K2,300,1.0,1.0,1.0,9,56,5
R1_PCA_85__HAC_WARD__K2,301,1.0,1.0,1.0,11,54,4
R1_PCA_85__HAC_WARD__K2,302,1.0,1.0,1.0,10,55,5
R1_PCA_85__HAC_WARD__K2,303,1.0,1.0,1.0,10,55,5
R1_PCA_85__HAC_WARD__K2,304,1.0,1.0,1.0,11,54,5
R1_PCA_85__HAC_WARD__K2,305,1.0,1.0,1.0,11,54,5
R1_PCA_85__HAC_WARD__K2,306,1.0,1.0,1.0,10,55,5
R1_PCA_85__HAC_WARD__K2,307,1.0,1.0,1.0,10,55,5
R1_PCA_85__HAC_WARD__K2,308,1.0,1.0,1.0,9,56,5
R1_PCA_85__HAC_WARD__K2,309,1.0,1.0,1.0,8,57,5
R1_PCA_85__HAC_WARD__K2,310,1.0,1.0,1.0,11,54,5
R1_PCA_85__HAC_WARD__K2,311,1.0,1.0,1.0,11,54,5
R1_PCA_85__HAC_WARD__K2,312,1.0,1.0,1.0,10,55,4
R1_PCA_85__HAC_WARD__K2,313,1.0,1.0,1.0,10,55,5
R1_PCA_85__HAC_WARD__K2,314,1.0,1.0,1.0,10,55,5
R1_PCA_85__HAC_WARD__K2,315,1.0,1.0,1.0,12,53,5
R1_PCA_85__HAC_WARD__K2,316,0.6559572328375589,0.7767857142857143,0.6428571428571429,14,51,5
R1_PCA_85__HAC_WARD__K2,317,1.0,1.0,1.0,11,54,5
R1_PCA_85__HAC_WARD__K2,318,1.0,1.0,1.0,13,52,5
R1_PCA_85__HAC_WARD__K2,319,1.0,1.0,1.0,9,56,5
R1_PCA_85__HAC_WARD__K2,320,1.0,1.0,1.0,10,55,5
R1_PCA_85__HAC_WARD__K2,321,1.0,1.0,1.0,12,53,5
R1_PCA_85__HAC_WARD__K2,322,1.0,1.0,1.0,7,58,5
R1_PCA_85__HAC_WARD__K2,323,1.0,1.0,1.0,13,52,5
R1_PCA_85__HAC_WARD__K2,324,1.0,1.0,1.0,11,54,5
R1_PCA_85__HAC_WARD__K2,325,1.0,1.0,1.0,10,55,5
R1_PCA_85__HAC_WARD__K2,326,1.0,1.0,1.0,9,56,5
R1_PCA_85__HAC_WARD__K2,327,1.0,1.0,1.0,12,53,5
R1_PCA_85__HAC_WARD__K2,328,1.0,1.0,1.0,12,53,5
R1_PCA_85__HAC_WARD__K2,329,1.0,1.0,1.0,10,55,5
R1_PCA_85__HAC_WARD__K2,330,1.0,1.0,1.0,10,55,5
R1_PCA_85__HAC_WARD__K2,331,1.0,1.0,1.0,11,54,5
R1_PCA_85__HAC_WARD__K2,332,1.0,1.0,1.0,10,55,5
R1_PCA_85__HAC_WARD__K2,333,1.0,1.0,1.0,9,56,5
R1_PCA_85__HAC_WARD__K2,334,1.0,1.0,1.0,12,53,5
R1_PCA_85__HAC_WARD__K2,335,1.0,1.0,1.0,11,54,5
R1_PCA_85__HAC_WARD__K2,336,1.0,1.0,1.0,13,52,4
R1_PCA_85__HAC_WARD__K2,337,1.0,1.0,1.0,12,53,4
R1_PCA_85__HAC_WARD__K2,338,1.0,1.0,1.0,10,55,4
R1_PCA_85__HAC_WARD__K2,339,1.0,1.0,1.0,11,54,5
R1_PCA_85__HAC_WARD__K2,340,1.0,1.0,1.0,12,53,5
R1_PCA_85__HAC_WARD__K2,341,1.0,1.0,1.0,13,52,5
R1_PCA_85__HAC_WARD__K2,342,1.0,1.0,1.0,10,55,5
R1_PCA_85__HAC_WARD__K2,343,1.0,1.0,1.0,12,53,5
R1_PCA_85__HAC_WARD__K2,344,1.0,1.0,1.0,8,57,5
R1_PCA_85__HAC_WARD__K2,345,1.0,1.0,1.0,12,53,5
R1_PCA_85__HAC_WARD__K2,346,1.0,1.0,1.0,12,53,5
R1_PCA_85__HAC_WARD__K2,347,1.0,1.0,1.0,7,58,5
R1_PCA_85__HAC_WARD__K2,348,1.0,1.0,1.0,10,55,5
R1_PCA_85__HAC_WARD__K2,349,1.0,1.0,1.0,13,52,5
R1_PCA_85__HAC_WARD__K2,350,1.0,1.0,1.0,10,55,5
R1_PCA_85__HAC_WARD__K2,351,1.0,1.0,1.0,11,54,5
R1_PCA_85__HAC_WARD__K2,352,1.0,1.0,1.0,11,54,5
R1_PCA_85__HAC_WARD__K2,353,1.0,1.0,1.0,11,54,5
R1_PCA_85__HAC_WARD__K2,354,0.3555628810228207,0.5996168582375478,0.3888888888888889,18,47,5
R1_PCA_85__HAC_WARD__K2,355,1.0,1.0,1.0,10,55,5
R1_PCA_85__HAC_WARD__K2,356,1.0,1.0,1.0,10,55,5
R1_PCA_85__HAC_WARD__K2,357,1.0,1.0,1.0,8,57,5
R1_PCA_85__HAC_WARD__K2,358,1.0,1.0,1.0,10,55,5
R1_PCA_85__HAC_WARD__K2,359,1.0,1.0,1.0,8,57,6
R1_PCA_85__HAC_WARD__K2,360,1.0,1.0,1.0,12,53,5
R1_PCA_85__HAC_WARD__K2,361,1.0,1.0,1.0,12,53,5
R1_PCA_85__HAC_WARD__K2,362,1.0,1.0,1.0,11,54,5
R1_PCA_85__HAC_WARD__K2,363,1.0,1.0,1.0,11,54,5
R1_PCA_85__HAC_WARD__K2,364,0.8620480557871598,0.9097035040431267,0.8571428571428571,14,51,5
R1_PCA_85__HAC_WARD__K2,365,1.0,1.0,1.0,9,56,5
R1_PCA_85__HAC_WARD__K2,366,1.0,1.0,1.0,11,54,5
R1_PCA_85__HAC_WARD__K2,367,1.0,1.0,1.0,11,54,5
R1_PCA_85__HAC_WARD__K2,368,1.0,1.0,1.0,11,54,5
R1_PCA_85__HAC_WARD__K2,369,1.0,1.0,1.0,11,54,5
R1_PCA_85__HAC_WARD__K2,370,1.0,1.0,1.0,10,55,5
R1_PCA_85__HAC_WARD__K2,371,1.0,1.0,1.0,12,53,5
R1_PCA_85__HAC_WARD__K2,372,1.0,1.0,1.0,9,56,5
R1_PCA_85__HAC_WARD__K2,373,1.0,1.0,1.0,10,55,5
R1_PCA_85__HAC_WARD__K2,374,1.0,1.0,1.0,11,54,5
R1_PCA_85__HAC_WARD__K2,375,1.0,1.0,1.0,11,54,5
R1_PCA_85__HAC_WARD__K2,376,1.0,1.0,1.0,11,54,5
R1_PCA_85__HAC_WARD__K2,377,1.0,1.0,1.0,11,54,5
R1_PCA_85__HAC_WARD__K2,378,1.0,1.0,1.0,11,54,5
R1_PCA_85__HAC_WARD__K2,379,1.0,1.0,1.0,11,54,5
R1_PCA_85__HAC_WARD__K2,380,1.0,1.0,1.0,12,53,5
R1_PCA_85__HAC_WARD__K2,381,1.0,1.0,1.0,11,54,5
R1_PCA_85__HAC_WARD__K2,382,1.0,1.0,1.0,12,53,4
R1_PCA_85__HAC_WARD__K2,383,1.0,1.0,1.0,10,55,5
R1_PCA_85__HAC_WARD__K2,384,1.0,1.0,1.0,11,54,5
R1_PCA_85__HAC_WARD__K2,385,1.0,1.0,1.0,12,53,5
R1_PCA_85__HAC_WARD__K2,386,1.0,1.0,1.0,12,53,4
R1_PCA_85__HAC_WARD__K2,387,1.0,1.0,1.0,11,54,4
R1_PCA_85__HAC_WARD__K2,388,1.0,1.0,1.0,12,53,5
R1_PCA_85__HAC_WARD__K2,389,1.0,1.0,1.0,11,54,5
R1_PCA_85__HAC_WARD__K2,390,1.0,1.0,1.0,11,54,5
R1_PCA_85__HAC_WARD__K2,391,1.0,1.0,1.0,11,54,5
R1_PCA_85__HAC_WARD__K2,392,1.0,1.0,1.0,10,55,5
R1_PCA_85__HAC_WARD__K2,393,1.0,1.0,1.0,10,55,5
R1_PCA_85__HAC_WARD__K2,394,1.0,1.0,1.0,13,52,5
R1_PCA_85__HAC_WARD__K2,395,1.0,1.0,1.0,10,55,5
R1_PCA_85__HAC_WARD__K2,396,1.0,1.0,1.0,11,54,5
R1_PCA_85__HAC_WARD__K2,397,1.0,1.0,1.0,11,54,5
R1_PCA_85__HAC_WARD__K2,398,1.0,1.0,1.0,11,54,5
R1_PCA_85__HAC_WARD__K2,399,1.0,1.0,1.0,12,53,5
R1_PCA_85__HAC_WARD__K2,400,1.0,1.0,1.0,11,54,5
R1_PCA_85__HAC_WARD__K2,401,1.0,1.0,1.0,11,54,5
R1_PCA_85__HAC_WARD__K2,402,1.0,1.0,1.0,13,52,4
R1_PCA_85__HAC_WARD__K2,403,1.0,1.0,1.0,12,53,5
R1_PCA_85__HAC_WARD__K2,404,1.0,1.0,1.0,11,54,5
R1_PCA_85__HAC_WARD__K2,405,1.0,1.0,1.0,12,53,5
R1_PCA_85__HAC_WARD__K2,406,1.0,1.0,1.0,9,56,5
R1_PCA_85__HAC_WARD__K2,407,1.0,1.0,1.0,12,53,5
R1_PCA_85__HAC_WARD__K2,408,1.0,1.0,1.0,11,54,5
R1_PCA_85__HAC_WARD__K2,409,1.0,1.0,1.0,10,55,5
R1_PCA_85__HAC_WARD__K2,410,1.0,1.0,1.0,10,55,5
R1_PCA_85__HAC_WARD__K2,411,1.0,1.0,1.0,13,52,4
R1_PCA_85__HAC_WARD__K2,412,0.8444710305930611,0.8912337662337663,0.8181818181818182,11,54,5
R1_PCA_85__HAC_WARD__K2,413,1.0,1.0,1.0,11,54,5
R1_PCA_85__HAC_WARD__K2,414,0.6559572328375589,0.7767857142857143,0.6428571428571429,14,51,5
R1_PCA_85__HAC_WARD__K2,415,1.0,1.0,1.0,12,53,5
R1_PCA_85__HAC_WARD__K2,416,1.0,1.0,1.0,13,52,5
R1_PCA_85__HAC_WARD__K2,417,1.0,1.0,1.0,12,53,5
R1_PCA_85__HAC_WARD__K2,418,1.0,1.0,1.0,12,53,5
R1_PCA_85__HAC_WARD__K2,419,1.0,1.0,1.0,12,53,4
R1_PCA_85__HAC_WARD__K2,420,1.0,1.0,1.0,9,56,5
R1_PCA_85__HAC_WARD__K2,421,1.0,1.0,1.0,10,55,5
R1_PCA_85__HAC_WARD__K2,422,1.0,1.0,1.0,10,55,5
R1_PCA_85__HAC_WARD__K2,423,1.0,1.0,1.0,9,56,5
R1_PCA_85__HAC_WARD__K2,424,1.0,1.0,1.0,10,55,5
R1_PCA_85__HAC_WARD__K2,425,1.0,1.0,1.0,11,54,5
R1_PCA_85__HAC_WARD__K2,426,1.0,1.0,1.0,10,55,5
R1_PCA_85__HAC_WARD__K2,427,1.0,1.0,1.0,10,55,5
R1_PCA_85__HAC_WARD__K2,428,1.0,1.0,1.0,12,53,5
R1_PCA_85__HAC_WARD__K2,429,1.0,1.0,1.0,10,55,5
R1_PCA_85__HAC_WARD__K2,430,1.0,1.0,1.0,11,54,4
R1_PCA_85__HAC_WARD__K2,431,1.0,1.0,1.0,10,55,5
R1_PCA_85__HAC_WARD__K2,432,1.0,1.0,1.0,10,55,5
R1_PCA_85__HAC_WARD__K2,433,1.0,1.0,1.0,11,54,5
R1_PCA_85__HAC_WARD__K2,434,1.0,1.0,1.0,11,54,5
R1_PCA_85__HAC_WARD__K2,435,1.0,1.0,1.0,9,56,5
R1_PCA_85__HAC_WARD__K2,436,1.0,1.0,1.0,8,57,5
R1_PCA_85__HAC_WARD__K2,437,1.0,1.0,1.0,11,54,5
R1_PCA_85__HAC_WARD__K2,438,1.0,1.0,1.0,8,57,5
R1_PCA_85__HAC_WARD__K2,439,1.0,1.0,1.0,12,53,5
R1_PCA_85__HAC_WARD__K2,440,1.0,1.0,1.0,10,55,5
R1_PCA_85__HAC_WARD__K2,441,1.0,1.0,1.0,9,56,5
R1_PCA_85__HAC_WARD__K2,442,1.0,1.0,1.0,12,53,4
R1_PCA_85__HAC_WARD__K2,443,1.0,1.0,1.0,9,56,5
R1_PCA_85__HAC_WARD__K2,444,1.0,1.0,1.0,11,54,5
R1_PCA_85__HAC_WARD__K2,445,1.0,1.0,1.0,9,56,5
R1_PCA_85__HAC_WARD__K2,446,1.0,1.0,1.0,11,54,5
R1_PCA_85__HAC_WARD__K2,447,1.0,1.0,1.0,9,56,5
R1_PCA_85__HAC_WARD__K2,448,1.0,1.0,1.0,10,55,5
R1_PCA_85__HAC_WARD__K2,449,1.0,1.0,1.0,12,53,5
R1_PCA_85__HAC_WARD__K2,450,1.0,1.0,1.0,11,54,5
R1_PCA_85__HAC_WARD__K2,451,1.0,1.0,1.0,9,56,5
R1_PCA_85__HAC_WARD__K2,452,1.0,1.0,1.0,12,53,5
R1_PCA_85__HAC_WARD__K2,453,1.0,1.0,1.0,11,54,5
R1_PCA_85__HAC_WARD__K2,454,1.0,1.0,1.0,13,52,5
R1_PCA_85__HAC_WARD__K2,455,1.0,1.0,1.0,9,56,5
R1_PCA_85__HAC_WARD__K2,456,1.0,1.0,1.0,11,54,5
R1_PCA_85__HAC_WARD__K2,457,1.0,1.0,1.0,11,54,5
R1_PCA_85__HAC_WARD__K2,458,1.0,1.0,1.0,12,53,5
R1_PCA_85__HAC_WARD__K2,459,1.0,1.0,1.0,11,54,5
R1_PCA_85__HAC_WARD__K2,460,1.0,1.0,1.0,10,55,5
R1_PCA_85__HAC_WARD__K2,461,1.0,1.0,1.0,13,52,5
R1_PCA_85__HAC_WARD__K2,462,1.0,1.0,1.0,12,53,5
R1_PCA_85__HAC_WARD__K2,463,1.0,1.0,1.0,12,53,5
R1_PCA_85__HAC_WARD__K2,464,1.0,1.0,1.0,10,55,5
R1_PCA_85__HAC_WARD__K2,465,1.0,1.0,1.0,10,55,5
R1_PCA_85__HAC_WARD__K2,466,1.0,1.0,1.0,13,52,5
R1_PCA_85__HAC_WARD__K2,467,1.0,1.0,1.0,11,54,5
R1_PCA_85__HAC_WARD__K2,468,1.0,1.0,1.0,11,54,5
R1_PCA_85__HAC_WARD__K2,469,1.0,1.0,1.0,10,55,5
R1_PCA_85__HAC_WARD__K2,470,1.0,1.0,1.0,12,53,5
R1_PCA_85__HAC_WARD__K2,471,0.7335181568059144,0.8296296296296296,0.7333333333333333,15,50,5
R1_PCA_85__HAC_WARD__K2,472,1.0,1.0,1.0,9,56,5
R1_PCA_85__HAC_WARD__K2,473,1.0,1.0,1.0,11,54,5
R1_PCA_85__HAC_WARD__K2,474,1.0,1.0,1.0,10,55,5
R1_PCA_85__HAC_WARD__K2,475,1.0,1.0,1.0,11,54,5
R1_PCA_85__HAC_WARD__K2,476,1.0,1.0,1.0,12,53,5
R1_PCA_85__HAC_WARD__K2,477,1.0,1.0,1.0,10,55,5
R1_PCA_85__HAC_WARD__K2,478,1.0,1.0,1.0,11,54,5
R1_PCA_85__HAC_WARD__K2,479,1.0,1.0,1.0,10,55,4
R1_PCA_85__HAC_WARD__K2,480,1.0,1.0,1.0,10,55,5
R1_PCA_85__HAC_WARD__K2,481,1.0,1.0,1.0,7,58,5
R1_PCA_85__HAC_WARD__K2,482,1.0,1.0,1.0,10,55,4
R1_PCA_85__HAC_WARD__K2,483,1.0,1.0,1.0,9,56,5
R1_PCA_85__HAC_WARD__K2,484,1.0,1.0,1.0,11,54,5
R1_PCA_85__HAC_WARD__K2,485,0.6999281038332009,0.7982456140350878,0.6666666666666666,12,53,5
R1_PCA_85__HAC_WARD__K2,486,1.0,1.0,1.0,11,54,5
R1_PCA_85__HAC_WARD__K2,487,1.0,1.0,1.0,10,55,5
R1_PCA_85__HAC_WARD__K2,488,1.0,1.0,1.0,12,53,5
R1_PCA_85__HAC_WARD__K2,489,1.0,1.0,1.0,9,56,5
R1_PCA_85__HAC_WARD__K2,490,1.0,1.0,1.0,11,54,5
R1_PCA_85__HAC_WARD__K2,491,1.0,1.0,1.0,9,56,5
R1_PCA_85__HAC_WARD__K2,492,1.0,1.0,1.0,11,54,5
R1_PCA_85__HAC_WARD__K2,493,1.0,1.0,1.0,9,56,5
R1_PCA_85__HAC_WARD__K2,494,1.0,1.0,1.0,9,56,5
R1_PCA_85__HAC_WARD__K2,495,1.0,1.0,1.0,11,54,5
R1_PCA_85__HAC_WARD__K2,496,1.0,1.0,1.0,10,55,5
R1_PCA_85__HAC_WARD__K2,497,1.0,1.0,1.0,12,53,5
R1_PCA_85__HAC_WARD__K2,498,1.0,1.0,1.0,10,55,5
R1_PCA_85__HAC_WARD__K2,499,1.0,1.0,1.0,10,55,5
R1_PCA_85__HAC_WARD__K2,500,1.0,1.0,1.0,8,57,5
R1_PCA_85__HAC_WARD__K2,501,1.0,1.0,1.0,12,53,5
R1_PCA_85__HAC_WARD__K2,502,1.0,1.0,1.0,9,56,5
R1_PCA_85__HAC_WARD__K2,503,1.0,1.0,1.0,12,53,5
R1_PCA_85__HAC_WARD__K2,504,1.0,1.0,1.0,11,54,5
R1_PCA_85__HAC_WARD__K2,505,1.0,1.0,1.0,11,54,5
R1_PCA_85__HAC_WARD__K2,506,1.0,1.0,1.0,11,54,5
R1_PCA_85__HAC_WARD__K2,507,1.0,1.0,1.0,9,56,5
R1_PCA_85__HAC_WARD__K2,508,1.0,1.0,1.0,10,55,5
R1_PCA_85__HAC_WARD__K2,509,1.0,1.0,1.0,9,56,5
R1_PCA_85__HAC_WARD__K2,510,1.0,1.0,1.0,8,57,5
R1_PCA_85__HAC_WARD__K2,511,1.0,1.0,1.0,9,56,5
R1_PCA_85__HAC_WARD__K2,512,1.0,1.0,1.0,12,53,4
R1_PCA_85__HAC_WARD__K2,513,1.0,1.0,1.0,12,53,4
R1_PCA_85__HAC_WARD__K2,514,1.0,1.0,1.0,10,55,5
R1_PCA_85__HAC_WARD__K2,515,1.0,1.0,1.0,10,55,5
R1_PCA_85__HAC_WARD__K2,516,1.0,1.0,1.0,9,56,5
R1_PCA_85__HAC_WARD__K2,517,1.0,1.0,1.0,10,55,5
R1_PCA_85__HAC_WARD__K2,518,1.0,1.0,1.0,10,55,5
R1_PCA_85__HAC_WARD__K2,519,0.9261606184048209,0.9490740740740741,0.9166666666666666,12,53,5
R1_PCA_85__HAC_WARD__K2,520,1.0,1.0,1.0,12,53,5
R1_PCA_85__HAC_WARD__K2,521,1.0,1.0,1.0,8,57,5
R1_PCA_85__HAC_WARD__K2,522,1.0,1.0,1.0,9,56,5
R1_PCA_85__HAC_WARD__K2,523,1.0,1.0,1.0,10,55,5
R1_PCA_85__HAC_WARD__K2,524,1.0,1.0,1.0,10,55,5
R1_PCA_85__HAC_WARD__K2,525,1.0,1.0,1.0,11,54,5
R1_PCA_85__HAC_WARD__K2,526,1.0,1.0,1.0,10,55,5
R1_PCA_85__HAC_WARD__K2,527,1.0,1.0,1.0,9,56,5
R1_PCA_85__HAC_WARD__K2,528,1.0,1.0,1.0,12,53,5
R1_PCA_85__HAC_WARD__K2,529,1.0,1.0,1.0,9,56,5
R1_PCA_85__HAC_WARD__K2,530,1.0,1.0,1.0,10,55,5
R1_PCA_85__HAC_WARD__K2,531,1.0,1.0,1.0,10,55,5
R1_PCA_85__HAC_WARD__K2,532,1.0,1.0,1.0,10,55,5
R1_PCA_85__HAC_WARD__K2,533,1.0,1.0,1.0,10,55,5
R1_PCA_85__HAC_WARD__K2,534,1.0,1.0,1.0,12,53,5
R1_PCA_85__HAC_WARD__K2,535,0.6249755525132017,0.7679738562091503,0.6470588235294118,17,48,5
R1_PCA_85__HAC_WARD__K2,536,1.0,1.0,1.0,10,55,5
R1_PCA_85__HAC_WARD__K2,537,1.0,1.0,1.0,11,54,5
R1_PCA_85__HAC_WARD__K2,538,1.0,1.0,1.0,8,57,5
R1_PCA_85__HAC_WARD__K2,539,1.0,1.0,1.0,11,54,5
R1_PCA_85__HAC_WARD__K2,540,1.0,1.0,1.0,10,55,5
R1_PCA_85__HAC_WARD__K2,541,1.0,1.0,1.0,9,56,5
R1_PCA_85__HAC_WARD__K2,542,1.0,1.0,1.0,11,54,4
R1_PCA_85__HAC_WARD__K2,543,1.0,1.0,1.0,12,53,5
R1_PCA_85__HAC_WARD__K2,544,1.0,1.0,1.0,10,55,5
R1_PCA_85__HAC_WARD__K2,545,1.0,1.0,1.0,12,53,5
R1_PCA_85__HAC_WARD__K2,546,1.0,1.0,1.0,8,57,5
R1_PCA_85__HAC_WARD__K2,547,1.0,1.0,1.0,11,54,4
R1_PCA_85__HAC_WARD__K2,548,1.0,1.0,1.0,9,56,5
R1_PCA_85__HAC_WARD__K2,549,1.0,1.0,1.0,11,54,5
R1_PCA_85__HAC_WARD__K2,550,1.0,1.0,1.0,12,53,5
R1_PCA_85__HAC_WARD__K2,551,0.9064306439641018,0.9288793103448276,0.875,7,58,6
R1_PCA_85__HAC_WARD__K2,552,1.0,1.0,1.0,9,56,5
R1_PCA_85__HAC_WARD__K2,553,1.0,1.0,1.0,12,53,5
R1_PCA_85__HAC_WARD__K2,554,1.0,1.0,1.0,12,53,4
R1_PCA_85__HAC_WARD__K2,555,1.0,1.0,1.0,11,54,5
R1_PCA_85__HAC_WARD__K2,556,1.0,1.0,1.0,11,54,5
R1_PCA_85__HAC_WARD__K2,557,0.8517043139740166,0.8984848484848484,0.8333333333333334,12,53,5
R1_PCA_85__HAC_WARD__K2,558,1.0,1.0,1.0,11,54,5
R1_PCA_85__HAC_WARD__K2,559,1.0,1.0,1.0,11,54,5
R1_PCA_85__HAC_WARD__K2,560,1.0,1.0,1.0,9,56,5
R1_PCA_85__HAC_WARD__K2,561,1.0,1.0,1.0,9,56,5
R1_PCA_85__HAC_WARD__K2,562,1.0,1.0,1.0,11,54,5
R1_PCA_85__HAC_WARD__K2,563,1.0,1.0,1.0,9,56,5
R1_PCA_85__HAC_WARD__K2,564,1.0,1.0,1.0,10,55,5
R1_PCA_85__HAC_WARD__K2,565,1.0,1.0,1.0,11,54,5
R1_PCA_85__HAC_WARD__K2,566,1.0,1.0,1.0,11,54,5
R1_PCA_85__HAC_WARD__K2,567,1.0,1.0,1.0,10,55,5
R1_PCA_85__HAC_WARD__K2,568,1.0,1.0,1.0,11,54,5
R1_PCA_85__HAC_WARD__K2,569,1.0,1.0,1.0,8,57,5
R1_PCA_85__HAC_WARD__K2,570,1.0,1.0,1.0,10,55,5
R1_PCA_85__HAC_WARD__K2,571,1.0,1.0,1.0,12,53,5
R1_PCA_85__HAC_WARD__K2,572,1.0,1.0,1.0,12,53,5
R1_PCA_85__HAC_WARD__K2,573,1.0,1.0,1.0,11,54,5
R1_PCA_85__HAC_WARD__K2,574,1.0,1.0,1.0,10,55,5
R1_PCA_85__HAC_WARD__K2,575,1.0,1.0,1.0,11,54,4
R1_PCA_85__HAC_WARD__K2,576,1.0,1.0,1.0,12,53,5
R1_PCA_85__HAC_WARD__K2,577,1.0,1.0,1.0,9,56,5
R1_PCA_85__HAC_WARD__K2,578,1.0,1.0,1.0,12,53,4
R1_PCA_85__HAC_WARD__K2,579,1.0,1.0,1.0,11,54,5
R1_PCA_85__HAC_WARD__K2,580,1.0,1.0,1.0,7,58,5
R1_PCA_85__HAC_WARD__K2,581,1.0,1.0,1.0,8,57,5
R1_PCA_85__HAC_WARD__K2,582,1.0,1.0,1.0,10,55,5
R1_PCA_85__HAC_WARD__K2,583,1.0,1.0,1.0,11,54,5
R1_PCA_85__HAC_WARD__K2,584,1.0,1.0,1.0,12,53,4
R1_PCA_85__HAC_WARD__K2,585,1.0,1.0,1.0,10,55,5
R1_PCA_85__HAC_WARD__K2,586,1.0,1.0,1.0,9,56,5
R1_PCA_85__HAC_WARD__K2,587,1.0,1.0,1.0,8,57,6
R1_PCA_85__HAC_WARD__K2,588,1.0,1.0,1.0,12,53,5
R1_PCA_85__HAC_WARD__K2,589,1.0,1.0,1.0,13,52,5
R1_PCA_85__HAC_WARD__K2,590,1.0,1.0,1.0,9,56,5
R1_PCA_85__HAC_WARD__K2,591,1.0,1.0,1.0,9,56,5
R1_PCA_85__HAC_WARD__K2,592,1.0,1.0,1.0,12,53,5
R1_PCA_85__HAC_WARD__K2,593,1.0,1.0,1.0,11,54,5
R1_PCA_85__HAC_WARD__K2,594,1.0,1.0,1.0,11,54,5
R1_PCA_85__HAC_WARD__K2,595,1.0,1.0,1.0,11,54,5
R1_PCA_85__HAC_WARD__K2,596,1.0,1.0,1.0,10,55,5
R1_PCA_85__HAC_WARD__K2,597,1.0,1.0,1.0,12,53,5
R1_PCA_85__HAC_WARD__K2,598,1.0,1.0,1.0,10,55,5
R1_PCA_85__HAC_WARD__K2,599,1.0,1.0,1.0,12,53,5
R1_PCA_85__HAC_WARD__K2,600,1.0,1.0,1.0,9,56,5
R1_PCA_85__HAC_WARD__K2,601,1.0,1.0,1.0,10,55,5
R1_PCA_85__HAC_WARD__K2,602,1.0,1.0,1.0,11,54,5
R1_PCA_85__HAC_WARD__K2,603,1.0,1.0,1.0,11,54,5
R1_PCA_85__HAC_WARD__K2,604,1.0,1.0,1.0,10,55,5
R1_PCA_85__HAC_WARD__K2,605,1.0,1.0,1.0,11,54,5
R1_PCA_85__HAC_WARD__K2,606,1.0,1.0,1.0,10,55,5
R1_PCA_85__HAC_WARD__K2,607,1.0,1.0,1.0,12,53,5
R1_PCA_85__HAC_WARD__K2,608,1.0,1.0,1.0,10,55,5
R1_PCA_85__HAC_WARD__K2,609,1.0,1.0,1.0,10,55,5
R1_PCA_85__HAC_WARD__K2,610,1.0,1.0,1.0,11,54,5
R1_PCA_85__HAC_WARD__K2,611,1.0,1.0,1.0,12,53,5
R1_PCA_85__HAC_WARD__K2,612,1.0,1.0,1.0,11,54,5
R1_PCA_85__HAC_WARD__K2,613,1.0,1.0,1.0,11,54,5
R1_PCA_85__HAC_WARD__K2,614,1.0,1.0,1.0,10,55,5
R1_PCA_85__HAC_WARD__K2,615,1.0,1.0,1.0,11,54,5
R1_PCA_85__HAC_WARD__K2,616,1.0,1.0,1.0,12,53,4
R1_PCA_85__HAC_WARD__K2,617,1.0,1.0,1.0,9,56,5
R1_PCA_85__HAC_WARD__K2,618,1.0,1.0,1.0,12,53,5
R1_PCA_85__HAC_WARD__K2,619,1.0,1.0,1.0,12,53,5
R1_PCA_85__HAC_WARD__K2,620,1.0,1.0,1.0,13,52,5
R1_PCA_85__HAC_WARD__K2,621,1.0,1.0,1.0,10,55,5
R1_PCA_85__HAC_WARD__K2,622,1.0,1.0,1.0,11,54,5
R1_PCA_85__HAC_WARD__K2,623,1.0,1.0,1.0,9,56,5
R1_PCA_85__HAC_WARD__K2,624,1.0,1.0,1.0,8,57,5
R1_PCA_85__HAC_WARD__K2,625,1.0,1.0,1.0,10,55,5
R1_PCA_85__HAC_WARD__K2,626,1.0,1.0,1.0,9,56,5
R1_PCA_85__HAC_WARD__K2,627,1.0,1.0,1.0,10,55,5
R1_PCA_85__HAC_WARD__K2,628,1.0,1.0,1.0,11,54,4
R1_PCA_85__HAC_WARD__K2,629,1.0,1.0,1.0,10,55,5
R1_PCA_85__HAC_WARD__K2,630,1.0,1.0,1.0,9,56,5
R1_PCA_85__HAC_WARD__K2,631,1.0,1.0,1.0,12,53,4
R1_PCA_85__HAC_WARD__K2,632,1.0,1.0,1.0,11,54,5
R1_PCA_85__HAC_WARD__K2,633,1.0,1.0,1.0,11,54,5
R1_PCA_85__HAC_WARD__K2,634,1.0,1.0,1.0,11,54,5
R1_PCA_85__HAC_WARD__K2,635,1.0,1.0,1.0,10,55,5
R1_PCA_85__HAC_WARD__K2,636,1.0,1.0,1.0,10,55,5
R1_PCA_85__HAC_WARD__K2,637,1.0,1.0,1.0,10,55,5
R1_PCA_85__HAC_WARD__K2,638,1.0,1.0,1.0,11,54,5
R1_PCA_85__HAC_WARD__K2,639,1.0,1.0,1.0,9,56,5
R1_PCA_85__HAC_WARD__K2,640,1.0,1.0,1.0,9,56,5
R1_PCA_85__HAC_WARD__K2,641,1.0,1.0,1.0,10,55,5
R1_PCA_85__HAC_WARD__K2,642,1.0,1.0,1.0,8,57,5
R1_PCA_85__HAC_WARD__K2,643,1.0,1.0,1.0,11,54,5
R1_PCA_85__HAC_WARD__K2,644,1.0,1.0,1.0,10,55,5
R1_PCA_85__HAC_WARD__K2,645,1.0,1.0,1.0,8,57,5
R1_PCA_85__HAC_WARD__K2,646,1.0,1.0,1.0,9,56,5
R1_PCA_85__HAC_WARD__K2,647,1.0,1.0,1.0,10,55,5
R1_PCA_85__HAC_WARD__K2,648,1.0,1.0,1.0,11,54,5
R1_PCA_85__HAC_WARD__K2,649,1.0,1.0,1.0,10,55,5
R1_PCA_85__HAC_WARD__K2,650,1.0,1.0,1.0,9,56,5
R1_PCA_85__HAC_WARD__K2,651,1.0,1.0,1.0,9,56,5
R1_PCA_85__HAC_WARD__K2,652,1.0,1.0,1.0,12,53,5
R1_PCA_85__HAC_WARD__K2,653,1.0,1.0,1.0,10,55,5
R1_PCA_85__HAC_WARD__K2,654,1.0,1.0,1.0,11,54,5
R1_PCA_85__HAC_WARD__K2,655,1.0,1.0,1.0,11,54,5
R1_PCA_85__HAC_WARD__K2,656,0.9228790582346534,0.9454545454545454,0.9090909090909091,10,55,5
R1_PCA_85__HAC_WARD__K2,657,1.0,1.0,1.0,10,55,5
R1_PCA_85__HAC_WARD__K2,658,1.0,1.0,1.0,10,55,5
R1_PCA_85__HAC_WARD__K2,659,1.0,1.0,1.0,10,55,5
R1_PCA_85__HAC_WARD__K2,660,1.0,1.0,1.0,9,56,5
R1_PCA_85__HAC_WARD__K2,661,1.0,1.0,1.0,13,52,4
R1_PCA_85__HAC_WARD__K2,662,1.0,1.0,1.0,9,56,5
R1_PCA_85__HAC_WARD__K2,663,1.0,1.0,1.0,11,54,5
R1_PCA_85__HAC_WARD__K2,664,1.0,1.0,1.0,9,56,5
R1_PCA_85__HAC_WARD__K2,665,1.0,1.0,1.0,13,52,5
R1_PCA_85__HAC_WARD__K2,666,1.0,1.0,1.0,13,52,5
R1_PCA_85__HAC_WARD__K2,667,1.0,1.0,1.0,10,55,5
R1_PCA_85__HAC_WARD__K2,668,0.8620480557871598,0.9097035040431267,0.8571428571428571,14,51,5
R1_PCA_85__HAC_WARD__K2,669,1.0,1.0,1.0,9,56,5
R1_PCA_85__HAC_WARD__K2,670,1.0,1.0,1.0,10,55,5
R1_PCA_85__HAC_WARD__K2,671,1.0,1.0,1.0,9,56,5
R1_PCA_85__HAC_WARD__K2,672,1.0,1.0,1.0,11,54,5
R1_PCA_85__HAC_WARD__K2,673,0.9133982846198684,0.935672514619883,0.8888888888888888,8,57,5
R1_PCA_85__HAC_WARD__K2,674,1.0,1.0,1.0,13,52,5
R1_PCA_85__HAC_WARD__K2,675,1.0,1.0,1.0,10,55,5
R1_PCA_85__HAC_WARD__K2,676,1.0,1.0,1.0,11,54,5
R1_PCA_85__HAC_WARD__K2,677,1.0,1.0,1.0,12,53,5
R1_PCA_85__HAC_WARD__K2,678,1.0,1.0,1.0,9,56,5
R1_PCA_85__HAC_WARD__K2,679,1.0,1.0,1.0,11,54,5
R1_PCA_85__HAC_WARD__K2,680,1.0,1.0,1.0,10,55,5
R1_PCA_85__HAC_WARD__K2,681,1.0,1.0,1.0,12,53,4
R1_PCA_85__HAC_WARD__K2,682,1.0,1.0,1.0,12,53,5
R1_PCA_85__HAC_WARD__K2,683,1.0,1.0,1.0,11,54,5
R1_PCA_85__HAC_WARD__K2,684,1.0,1.0,1.0,10,55,5
R1_PCA_85__HAC_WARD__K2,685,0.7405783826223502,0.8372641509433962,0.75,16,49,5
R1_PCA_85__HAC_WARD__K2,686,1.0,1.0,1.0,10,55,5
R1_PCA_85__HAC_WARD__K2,687,1.0,1.0,1.0,10,55,5
R1_PCA_85__HAC_WARD__K2,688,1.0,1.0,1.0,8,57,5
R1_PCA_85__HAC_WARD__K2,689,1.0,1.0,1.0,11,54,5
R1_PCA_85__HAC_WARD__K2,690,1.0,1.0,1.0,11,54,5
R1_PCA_85__HAC_WARD__K2,691,1.0,1.0,1.0,9,56,5
R1_PCA_85__HAC_WARD__K2,692,1.0,1.0,1.0,10,55,5
R1_PCA_85__HAC_WARD__K2,693,1.0,1.0,1.0,7,58,5
R1_PCA_85__HAC_WARD__K2,694,1.0,1.0,1.0,11,54,5
R1_PCA_85__HAC_WARD__K2,695,1.0,1.0,1.0,10,55,5
R1_PCA_85__HAC_WARD__K2,696,1.0,1.0,1.0,11,54,5
R1_PCA_85__HAC_WARD__K2,697,1.0,1.0,1.0,10,55,5
R1_PCA_85__HAC_WARD__K2,698,1.0,1.0,1.0,12,53,5
R1_PCA_85__HAC_WARD__K2,699,1.0,1.0,1.0,11,54,5
R1_PCA_85__HAC_WARD__K2,700,1.0,1.0,1.0,10,55,5
R1_PCA_85__HAC_WARD__K2,701,1.0,1.0,1.0,9,56,5
R1_PCA_85__HAC_WARD__K2,702,1.0,1.0,1.0,11,54,5
R1_PCA_85__HAC_WARD__K2,703,1.0,1.0,1.0,8,57,5
R1_PCA_85__HAC_WARD__K2,704,1.0,1.0,1.0,8,57,5
R1_PCA_85__HAC_WARD__K2,705,1.0,1.0,1.0,11,54,5
R1_PCA_85__HAC_WARD__K2,706,1.0,1.0,1.0,11,54,5
R1_PCA_85__HAC_WARD__K2,707,1.0,1.0,1.0,12,53,4
R1_PCA_85__HAC_WARD__K2,708,1.0,1.0,1.0,10,55,5
R1_PCA_85__HAC_WARD__K2,709,1.0,1.0,1.0,10,55,5
R1_PCA_85__HAC_WARD__K2,710,1.0,1.0,1.0,12,53,5
R1_PCA_85__HAC_WARD__K2,711,1.0,1.0,1.0,10,55,5
R1_PCA_85__HAC_WARD__K2,712,1.0,1.0,1.0,10,55,5
R1_PCA_85__HAC_WARD__K2,713,1.0,1.0,1.0,11,54,5
R1_PCA_85__HAC_WARD__K2,714,1.0,1.0,1.0,10,55,5
R1_PCA_85__HAC_WARD__K2,715,1.0,1.0,1.0,11,54,5
R1_PCA_85__HAC_WARD__K2,716,1.0,1.0,1.0,10,55,5
R1_PCA_85__HAC_WARD__K2,717,1.0,1.0,1.0,10,55,5
R1_PCA_85__HAC_WARD__K2,718,1.0,1.0,1.0,11,54,4
R1_PCA_85__HAC_WARD__K2,719,1.0,1.0,1.0,12,53,5
R1_PCA_85__HAC_WARD__K2,720,1.0,1.0,1.0,10,55,5
R1_PCA_85__HAC_WARD__K2,721,1.0,1.0,1.0,11,54,5
R1_PCA_85__HAC_WARD__K2,722,1.0,1.0,1.0,9,56,5
R1_PCA_85__HAC_WARD__K2,723,1.0,1.0,1.0,10,55,5
R1_PCA_85__HAC_WARD__K2,724,1.0,1.0,1.0,13,52,5
R1_PCA_85__HAC_WARD__K2,725,1.0,1.0,1.0,12,53,5
R1_PCA_85__HAC_WARD__K2,726,1.0,1.0,1.0,11,54,5
R1_PCA_85__HAC_WARD__K2,727,1.0,1.0,1.0,11,54,5
R1_PCA_85__HAC_WARD__K2,728,1.0,1.0,1.0,8,57,5
R1_PCA_85__HAC_WARD__K2,729,1.0,1.0,1.0,8,57,5
R1_PCA_85__HAC_WARD__K2,730,1.0,1.0,1.0,10,55,5
R1_PCA_85__HAC_WARD__K2,731,1.0,1.0,1.0,12,53,5
R1_PCA_85__HAC_WARD__K2,732,1.0,1.0,1.0,11,54,5
R1_PCA_85__HAC_WARD__K2,733,1.0,1.0,1.0,10,55,5
R1_PCA_85__HAC_WARD__K2,734,1.0,1.0,1.0,7,58,5
R1_PCA_85__HAC_WARD__K2,735,1.0,1.0,1.0,11,54,5
R1_PCA_85__HAC_WARD__K2,736,1.0,1.0,1.0,11,54,5
R1_PCA_85__HAC_WARD__K2,737,1.0,1.0,1.0,11,54,5
R1_PCA_85__HAC_WARD__K2,738,0.47174014748145343,0.6643678160919539,0.4666666666666667,15,50,5
R1_PCA_85__HAC_WARD__K2,739,1.0,1.0,1.0,10,55,5
R1_PCA_85__HAC_WARD__K2,740,1.0,1.0,1.0,8,57,5
R1_PCA_85__HAC_WARD__K2,741,1.0,1.0,1.0,10,55,5
R1_PCA_85__HAC_WARD__K2,742,1.0,1.0,1.0,10,55,4
R1_PCA_85__HAC_WARD__K2,743,1.0,1.0,1.0,8,57,5
R1_PCA_85__HAC_WARD__K2,744,1.0,1.0,1.0,9,56,5
R1_PCA_85__HAC_WARD__K2,745,1.0,1.0,1.0,11,54,4
R1_PCA_85__HAC_WARD__K2,746,1.0,1.0,1.0,10,55,5
R1_PCA_85__HAC_WARD__K2,747,1.0,1.0,1.0,8,57,5
R1_PCA_85__HAC_WARD__K2,748,1.0,1.0,1.0,10,55,5
R1_PCA_85__HAC_WARD__K2,749,1.0,1.0,1.0,11,54,5
R1_PCA_85__HAC_WARD__K2,750,1.0,1.0,1.0,12,53,4
R1_PCA_85__HAC_WARD__K2,751,1.0,1.0,1.0,11,54,5
R1_PCA_85__HAC_WARD__K2,752,1.0,1.0,1.0,9,56,5
R1_PCA_85__HAC_WARD__K2,753,1.0,1.0,1.0,11,54,5
R1_PCA_85__HAC_WARD__K2,754,1.0,1.0,1.0,13,52,5
R1_PCA_85__HAC_WARD__K2,755,1.0,1.0,1.0,9,56,5
R1_PCA_85__HAC_WARD__K2,756,1.0,1.0,1.0,10,55,5
R1_PCA_85__HAC_WARD__K2,757,1.0,1.0,1.0,9,56,5
R1_PCA_85__HAC_WARD__K2,758,1.0,1.0,1.0,12,53,5
R1_PCA_85__HAC_WARD__K2,759,1.0,1.0,1.0,11,54,5
R1_PCA_85__HAC_WARD__K2,760,1.0,1.0,1.0,12,53,5
R1_PCA_85__HAC_WARD__K2,761,0.6851995350639287,0.8057713651498335,0.7058823529411765,17,48,5
R1_PCA_85__HAC_WARD__K2,762,1.0,1.0,1.0,11,54,5
R1_PCA_85__HAC_WARD__K2,763,1.0,1.0,1.0,9,56,5
R1_PCA_85__HAC_WARD__K2,764,1.0,1.0,1.0,12,53,5
R1_PCA_85__HAC_WARD__K2,765,1.0,1.0,1.0,8,57,5
R1_PCA_85__HAC_WARD__K2,766,1.0,1.0,1.0,10,55,5
R1_PCA_85__HAC_WARD__K2,767,1.0,1.0,1.0,11,54,4
R1_PCA_85__HAC_WARD__K2,768,1.0,1.0,1.0,13,52,5
R1_PCA_85__HAC_WARD__K2,769,1.0,1.0,1.0,9,56,5
R1_PCA_85__HAC_WARD__K2,770,1.0,1.0,1.0,9,56,5
R1_PCA_85__HAC_WARD__K2,771,1.0,1.0,1.0,10,55,5
R1_PCA_85__HAC_WARD__K2,772,1.0,1.0,1.0,11,54,5
R1_PCA_85__HAC_WARD__K2,773,1.0,1.0,1.0,9,56,5
R1_PCA_85__HAC_WARD__K2,774,1.0,1.0,1.0,10,55,5
R1_PCA_85__HAC_WARD__K2,775,1.0,1.0,1.0,11,54,5
R1_PCA_85__HAC_WARD__K2,776,1.0,1.0,1.0,11,54,5
R1_PCA_85__HAC_WARD__K2,777,1.0,1.0,1.0,12,53,5
R1_PCA_85__HAC_WARD__K2,778,1.0,1.0,1.0,11,54,5
R1_PCA_85__HAC_WARD__K2,779,1.0,1.0,1.0,11,54,5
R1_PCA_85__HAC_WARD__K2,780,1.0,1.0,1.0,9,56,5
R1_PCA_85__HAC_WARD__K2,781,1.0,1.0,1.0,13,52,5
R1_PCA_85__HAC_WARD__K2,782,1.0,1.0,1.0,8,57,5
R1_PCA_85__HAC_WARD__K2,783,1.0,1.0,1.0,12,53,5
R1_PCA_85__HAC_WARD__K2,784,1.0,1.0,1.0,10,55,5
R1_PCA_85__HAC_WARD__K2,785,1.0,1.0,1.0,7,58,6
R1_PCA_85__HAC_WARD__K2,786,1.0,1.0,1.0,12,53,5
R1_PCA_85__HAC_WARD__K2,787,1.0,1.0,1.0,11,54,5
R1_PCA_85__HAC_WARD__K2,788,1.0,1.0,1.0,12,53,5
R1_PCA_85__HAC_WARD__K2,789,1.0,1.0,1.0,9,56,5
R1_PCA_85__HAC_WARD__K2,790,1.0,1.0,1.0,12,53,5
R1_PCA_85__HAC_WARD__K2,791,1.0,1.0,1.0,9,56,5
R1_PCA_85__HAC_WARD__K2,792,1.0,1.0,1.0,11,54,5
R1_PCA_85__HAC_WARD__K2,793,1.0,1.0,1.0,10,55,5
R1_PCA_85__HAC_WARD__K2,794,1.0,1.0,1.0,8,57,5
R1_PCA_85__HAC_WARD__K2,795,1.0,1.0,1.0,11,54,5
R1_PCA_85__HAC_WARD__K2,796,1.0,1.0,1.0,10,55,5
R1_PCA_85__HAC_WARD__K2,797,1.0,1.0,1.0,9,56,5
R1_PCA_85__HAC_WARD__K2,798,1.0,1.0,1.0,12,53,5
R1_PCA_85__HAC_WARD__K2,799,1.0,1.0,1.0,9,56,5
R1_PCA_85__HAC_WARD__K2,800,1.0,1.0,1.0,13,52,5
R1_PCA_85__HAC_WARD__K2,801,1.0,1.0,1.0,9,56,5
R1_PCA_85__HAC_WARD__K2,802,1.0,1.0,1.0,10,55,5
R1_PCA_85__HAC_WARD__K2,803,1.0,1.0,1.0,13,52,5
R1_PCA_85__HAC_WARD__K2,804,1.0,1.0,1.0,11,54,5
R1_PCA_85__HAC_WARD__K2,805,1.0,1.0,1.0,8,57,5
R1_PCA_85__HAC_WARD__K2,806,1.0,1.0,1.0,12,53,5
R1_PCA_85__HAC_WARD__K2,807,1.0,1.0,1.0,10,55,5
R1_PCA_85__HAC_WARD__K2,808,1.0,1.0,1.0,8,57,5
R1_PCA_85__HAC_WARD__K2,809,1.0,1.0,1.0,11,54,5
R1_PCA_85__HAC_WARD__K2,810,1.0,1.0,1.0,12,53,5
R1_PCA_85__HAC_WARD__K2,811,1.0,1.0,1.0,12,53,5
R1_PCA_85__HAC_WARD__K2,812,1.0,1.0,1.0,11,54,5
R1_PCA_85__HAC_WARD__K2,813,1.0,1.0,1.0,9,56,5
R1_PCA_85__HAC_WARD__K2,814,1.0,1.0,1.0,11,54,5
R1_PCA_85__HAC_WARD__K2,815,1.0,1.0,1.0,11,54,5
R1_PCA_85__HAC_WARD__K2,816,1.0,1.0,1.0,13,52,4
R1_PCA_85__HAC_WARD__K2,817,0.6679084619478446,0.7878787878787878,0.6666666666666666,15,50,5
R1_PCA_85__HAC_WARD__K2,818,1.0,1.0,1.0,10,55,5
R1_PCA_85__HAC_WARD__K2,819,1.0,1.0,1.0,10,55,5
R1_PCA_85__HAC_WARD__K2,820,1.0,1.0,1.0,10,55,5
R1_PCA_85__HAC_WARD__K2,821,1.0,1.0,1.0,9,56,5
R1_PCA_85__HAC_WARD__K2,822,1.0,1.0,1.0,10,55,5
R1_PCA_85__HAC_WARD__K2,823,1.0,1.0,1.0,10,55,5
R1_PCA_85__HAC_WARD__K2,824,1.0,1.0,1.0,11,54,5
R1_PCA_85__HAC_WARD__K2,825,1.0,1.0,1.0,11,54,5
R1_PCA_85__HAC_WARD__K2,826,1.0,1.0,1.0,10,55,5
R1_PCA_85__HAC_WARD__K2,827,1.0,1.0,1.0,11,54,5
R1_PCA_85__HAC_WARD__K2,828,1.0,1.0,1.0,12,53,5
R1_PCA_85__HAC_WARD__K2,829,1.0,1.0,1.0,9,56,5
R1_PCA_85__HAC_WARD__K2,830,1.0,1.0,1.0,12,53,5
R1_PCA_85__HAC_WARD__K2,831,1.0,1.0,1.0,13,52,5
R1_PCA_85__HAC_WARD__K2,832,1.0,1.0,1.0,10,55,5
R1_PCA_85__HAC_WARD__K2,833,1.0,1.0,1.0,8,57,5
R1_PCA_85__HAC_WARD__K2,834,1.0,1.0,1.0,9,56,5
R1_PCA_85__HAC_WARD__K2,835,1.0,1.0,1.0,11,54,4
R1_PCA_85__HAC_WARD__K2,836,1.0,1.0,1.0,12,53,4
R1_PCA_85__HAC_WARD__K2,837,1.0,1.0,1.0,11,54,5
R1_PCA_85__HAC_WARD__K2,838,1.0,1.0,1.0,12,53,5
R1_PCA_85__HAC_WARD__K2,839,1.0,1.0,1.0,10,55,5
R1_PCA_85__HAC_WARD__K2,840,1.0,1.0,1.0,8,57,5
R1_PCA_85__HAC_WARD__K2,841,1.0,1.0,1.0,11,54,5
R1_PCA_85__HAC_WARD__K2,842,1.0,1.0,1.0,9,56,5
R1_PCA_85__HAC_WARD__K2,843,1.0,1.0,1.0,11,54,5
R1_PCA_85__HAC_WARD__K2,844,1.0,1.0,1.0,10,55,5
R1_PCA_85__HAC_WARD__K2,845,1.0,1.0,1.0,11,54,5
R1_PCA_85__HAC_WARD__K2,846,1.0,1.0,1.0,12,53,5
R1_PCA_85__HAC_WARD__K2,847,1.0,1.0,1.0,12,53,5
R1_PCA_85__HAC_WARD__K2,848,1.0,1.0,1.0,11,54,5
R1_PCA_85__HAC_WARD__K2,849,1.0,1.0,1.0,12,53,4
R1_PCA_85__HAC_WARD__K2,850,1.0,1.0,1.0,10,55,5
R1_PCA_85__HAC_WARD__K2,851,1.0,1.0,1.0,11,54,5
R1_PCA_85__HAC_WARD__K2,852,1.0,1.0,1.0,12,53,4
R1_PCA_85__HAC_WARD__K2,853,1.0,1.0,1.0,10,55,4
R1_PCA_85__HAC_WARD__K2,854,1.0,1.0,1.0,10,55,5
R1_PCA_85__HAC_WARD__K2,855,1.0,1.0,1.0,11,54,4
R1_PCA_85__HAC_WARD__K2,856,1.0,1.0,1.0,10,55,5
R1_PCA_85__HAC_WARD__K2,857,1.0,1.0,1.0,10,55,5
R1_PCA_85__HAC_WARD__K2,858,1.0,1.0,1.0,12,53,5
R1_PCA_85__HAC_WARD__K2,859,1.0,1.0,1.0,8,57,5
R1_PCA_85__HAC_WARD__K2,860,1.0,1.0,1.0,8,57,5
R1_PCA_85__HAC_WARD__K2,861,1.0,1.0,1.0,10,55,5
R1_PCA_85__HAC_WARD__K2,862,1.0,1.0,1.0,12,53,5
R1_PCA_85__HAC_WARD__K2,863,1.0,1.0,1.0,11,54,5
R1_PCA_85__HAC_WARD__K2,864,1.0,1.0,1.0,9,56,5
R1_PCA_85__HAC_WARD__K2,865,1.0,1.0,1.0,9,56,5
R1_PCA_85__HAC_WARD__K2,866,0.8517043139740166,0.8984848484848484,0.8333333333333334,12,53,5
R1_PCA_85__HAC_WARD__K2,867,1.0,1.0,1.0,10,55,5
R1_PCA_85__HAC_WARD__K2,868,1.0,1.0,1.0,9,56,5
R1_PCA_85__HAC_WARD__K2,869,1.0,1.0,1.0,10,55,5
R1_PCA_85__HAC_WARD__K2,870,0.5655251893315772,0.7304812834224599,0.5882352941176471,17,48,5
R1_PCA_85__HAC_WARD__K2,871,1.0,1.0,1.0,11,54,5
R1_PCA_85__HAC_WARD__K2,872,1.0,1.0,1.0,10,55,5
R1_PCA_85__HAC_WARD__K2,873,1.0,1.0,1.0,10,55,5
R1_PCA_85__HAC_WARD__K2,874,1.0,1.0,1.0,11,54,4
R1_PCA_85__HAC_WARD__K2,875,1.0,1.0,1.0,10,55,5
R1_PCA_85__HAC_WARD__K2,876,1.0,1.0,1.0,9,56,4
R1_PCA_85__HAC_WARD__K2,877,1.0,1.0,1.0,9,56,5
R1_PCA_85__HAC_WARD__K2,878,1.0,1.0,1.0,11,54,5
R1_PCA_85__HAC_WARD__K2,879,1.0,1.0,1.0,12,53,5
R1_PCA_85__HAC_WARD__K2,880,1.0,1.0,1.0,10,55,5
R1_PCA_85__HAC_WARD__K2,881,1.0,1.0,1.0,11,54,5
R1_PCA_85__HAC_WARD__K2,882,1.0,1.0,1.0,8,57,5
R1_PCA_85__HAC_WARD__K2,883,1.0,1.0,1.0,11,54,5
R1_PCA_85__HAC_WARD__K2,884,1.0,1.0,1.0,10,55,5
R1_PCA_85__HAC_WARD__K2,885,1.0,1.0,1.0,12,53,5
R1_PCA_85__HAC_WARD__K2,886,1.0,1.0,1.0,8,57,5
R1_PCA_85__HAC_WARD__K2,887,1.0,1.0,1.0,11,54,5
R1_PCA_85__HAC_WARD__K2,888,1.0,1.0,1.0,10,55,4
R1_PCA_85__HAC_WARD__K2,889,0.7994276471320144,0.8716981132075472,0.8,15,50,5
R1_PCA_85__HAC_WARD__K2,890,0.9261606184048209,0.9490740740740741,0.9166666666666666,11,54,4
R1_PCA_85__HAC_WARD__K2,891,1.0,1.0,1.0,10,55,5
R1_PCA_85__HAC_WARD__K2,892,1.0,1.0,1.0,10,55,5
R1_PCA_85__HAC_WARD__K2,893,1.0,1.0,1.0,10,55,5
R1_PCA_85__HAC_WARD__K2,894,1.0,1.0,1.0,9,56,5
R1_PCA_85__HAC_WARD__K2,895,1.0,1.0,1.0,10,55,4
R1_PCA_85__HAC_WARD__K2,896,1.0,1.0,1.0,11,54,5
R1_PCA_85__HAC_WARD__K2,897,1.0,1.0,1.0,9,56,5
R1_PCA_85__HAC_WARD__K2,898,1.0,1.0,1.0,12,53,5
R1_PCA_85__HAC_WARD__K2,899,1.0,1.0,1.0,8,57,5
R1_PCA_85__HAC_WARD__K2,900,1.0,1.0,1.0,10,55,5
R1_PCA_85__HAC_WARD__K2,901,1.0,1.0,1.0,10,55,5
R1_PCA_85__HAC_WARD__K2,902,1.0,1.0,1.0,10,55,5
R1_PCA_85__HAC_WARD__K2,903,1.0,1.0,1.0,11,54,4
R1_PCA_85__HAC_WARD__K2,904,1.0,1.0,1.0,11,54,5
R1_PCA_85__HAC_WARD__K2,905,1.0,1.0,1.0,10,55,4
R1_PCA_85__HAC_WARD__K2,906,1.0,1.0,1.0,10,55,5
R1_PCA_85__HAC_WARD__K2,907,1.0,1.0,1.0,12,53,5
R1_PCA_85__HAC_WARD__K2,908,1.0,1.0,1.0,13,52,4
R1_PCA_85__HAC_WARD__K2,909,1.0,1.0,1.0,12,53,5
R1_PCA_85__HAC_WARD__K2,910,1.0,1.0,1.0,8,57,5
R1_PCA_85__HAC_WARD__K2,911,1.0,1.0,1.0,12,53,4
R1_PCA_85__HAC_WARD__K2,912,1.0,1.0,1.0,11,54,5
R1_PCA_85__HAC_WARD__K2,913,1.0,1.0,1.0,10,55,5
R1_PCA_85__HAC_WARD__K2,914,1.0,1.0,1.0,11,54,5
R1_PCA_85__HAC_WARD__K2,915,1.0,1.0,1.0,12,53,5
R1_PCA_85__HAC_WARD__K2,916,1.0,1.0,1.0,10,55,5
R1_PCA_85__HAC_WARD__K2,917,1.0,1.0,1.0,11,54,5
R1_PCA_85__HAC_WARD__K2,918,1.0,1.0,1.0,10,55,5
R1_PCA_85__HAC_WARD__K2,919,1.0,1.0,1.0,12,53,5
R1_PCA_85__HAC_WARD__K2,920,1.0,1.0,1.0,10,55,5
R1_PCA_85__HAC_WARD__K2,921,1.0,1.0,1.0,7,58,5
R1_PCA_85__HAC_WARD__K2,922,1.0,1.0,1.0,10,55,4
R1_PCA_85__HAC_WARD__K2,923,1.0,1.0,1.0,8,57,5
R1_PCA_85__HAC_WARD__K2,924,1.0,1.0,1.0,9,56,5
R1_PCA_85__HAC_WARD__K2,925,1.0,1.0,1.0,10,55,5
R1_PCA_85__HAC_WARD__K2,926,1.0,1.0,1.0,12,53,5
R1_PCA_85__HAC_WARD__K2,927,1.0,1.0,1.0,9,56,5
R1_PCA_85__HAC_WARD__K2,928,1.0,1.0,1.0,10,55,5
R1_PCA_85__HAC_WARD__K2,929,1.0,1.0,1.0,10,55,5
R1_PCA_85__HAC_WARD__K2,930,1.0,1.0,1.0,10,55,5
R1_PCA_85__HAC_WARD__K2,931,1.0,1.0,1.0,10,55,5
R1_PCA_85__HAC_WARD__K2,932,1.0,1.0,1.0,8,57,5
R1_PCA_85__HAC_WARD__K2,933,1.0,1.0,1.0,11,54,5
R1_PCA_85__HAC_WARD__K2,934,1.0,1.0,1.0,10,55,5
R1_PCA_85__HAC_WARD__K2,935,1.0,1.0,1.0,12,53,5
R1_PCA_85__HAC_WARD__K2,936,1.0,1.0,1.0,9,56,5
R1_PCA_85__HAC_WARD__K2,937,1.0,1.0,1.0,11,54,5
R1_PCA_85__HAC_WARD__K2,938,1.0,1.0,1.0,13,52,4
R1_PCA_85__HAC_WARD__K2,939,1.0,1.0,1.0,9,56,5
R1_PCA_85__HAC_WARD__K2,940,1.0,1.0,1.0,11,54,5
R1_PCA_85__HAC_WARD__K2,941,1.0,1.0,1.0,11,54,5
R1_PCA_85__HAC_WARD__K2,942,1.0,1.0,1.0,8,57,5
R1_PCA_85__HAC_WARD__K2,943,1.0,1.0,1.0,8,57,5
R1_PCA_85__HAC_WARD__K2,944,1.0,1.0,1.0,12,53,5
R1_PCA_85__HAC_WARD__K2,945,1.0,1.0,1.0,9,56,5
R1_PCA_85__HAC_WARD__K2,946,1.0,1.0,1.0,10,55,4
R1_PCA_85__HAC_WARD__K2,947,1.0,1.0,1.0,12,53,5
R1_PCA_85__HAC_WARD__K2,948,1.0,1.0,1.0,12,53,5
R1_PCA_85__HAC_WARD__K2,949,1.0,1.0,1.0,11,54,5
R1_PCA_85__HAC_WARD__K2,950,0.9261606184048209,0.9490740740740741,0.9166666666666666,12,53,5
R1_PCA_85__HAC_WARD__K2,951,1.0,1.0,1.0,11,54,5
R1_PCA_85__HAC_WARD__K2,952,1.0,1.0,1.0,10,55,5
R1_PCA_85__HAC_WARD__K2,953,1.0,1.0,1.0,11,54,5
R1_PCA_85__HAC_WARD__K2,954,1.0,1.0,1.0,10,55,5
R1_PCA_85__HAC_WARD__K2,955,1.0,1.0,1.0,10,55,5
R1_PCA_85__HAC_WARD__K2,956,1.0,1.0,1.0,12,53,5
R1_PCA_85__HAC_WARD__K2,957,1.0,1.0,1.0,12,53,5
R1_PCA_85__HAC_WARD__K2,958,1.0,1.0,1.0,12,53,5
R1_PCA_85__HAC_WARD__K2,959,1.0,1.0,1.0,11,54,5
R1_PCA_85__HAC_WARD__K2,960,1.0,1.0,1.0,10,55,5
R1_PCA_85__HAC_WARD__K2,961,1.0,1.0,1.0,9,56,5
R1_PCA_85__HAC_WARD__K2,962,1.0,1.0,1.0,12,53,4
R1_PCA_85__HAC_WARD__K2,963,1.0,1.0,1.0,11,54,5
R1_PCA_85__HAC_WARD__K2,964,1.0,1.0,1.0,12,53,5
R1_PCA_85__HAC_WARD__K2,965,1.0,1.0,1.0,9,56,5
R1_PCA_85__HAC_WARD__K2,966,1.0,1.0,1.0,10,55,5
R1_PCA_85__HAC_WARD__K2,967,1.0,1.0,1.0,12,53,5
R1_PCA_85__HAC_WARD__K2,968,1.0,1.0,1.0,10,55,5
R1_PCA_85__HAC_WARD__K2,969,1.0,1.0,1.0,11,54,5
R1_PCA_85__HAC_WARD__K2,970,1.0,1.0,1.0,9,56,5
R1_PCA_85__HAC_WARD__K2,971,1.0,1.0,1.0,8,57,5
R1_PCA_85__HAC_WARD__K2,972,1.0,1.0,1.0,10,55,5
R1_PCA_85__HAC_WARD__K2,973,1.0,1.0,1.0,10,55,5
R1_PCA_85__HAC_WARD__K2,974,1.0,1.0,1.0,11,54,5
R1_PCA_85__HAC_WARD__K2,975,1.0,1.0,1.0,10,55,5
R1_PCA_85__HAC_WARD__K2,976,1.0,1.0,1.0,11,54,5
R1_PCA_85__HAC_WARD__K2,977,1.0,1.0,1.0,12,53,5
R1_PCA_85__HAC_WARD__K2,978,1.0,1.0,1.0,11,54,5
R1_PCA_85__HAC_WARD__K2,979,1.0,1.0,1.0,11,54,5
R1_PCA_85__HAC_WARD__K2,980,1.0,1.0,1.0,10,55,5
R1_PCA_85__HAC_WARD__K2,981,1.0,1.0,1.0,10,55,5
R1_PCA_85__HAC_WARD__K2,982,0.8574499377757665,0.9045584045584045,0.8461538461538461,13,52,5
R1_PCA_85__HAC_WARD__K2,983,1.0,1.0,1.0,12,53,5
R1_PCA_85__HAC_WARD__K2,984,1.0,1.0,1.0,12,53,5
R1_PCA_85__HAC_WARD__K2,985,1.0,1.0,1.0,12,53,5
R1_PCA_85__HAC_WARD__K2,986,1.0,1.0,1.0,9,56,5
R1_PCA_85__HAC_WARD__K2,987,1.0,1.0,1.0,11,54,5
R1_PCA_85__HAC_WARD__K2,988,1.0,1.0,1.0,12,53,5
R1_PCA_85__HAC_WARD__K2,989,1.0,1.0,1.0,8,57,5
R1_PCA_85__HAC_WARD__K2,990,0.9287780992655241,0.9521044992743106,0.9230769230769231,13,52,5
R1_PCA_85__HAC_WARD__K2,991,1.0,1.0,1.0,12,53,5
R1_PCA_85__HAC_WARD__K2,992,1.0,1.0,1.0,9,56,5
R1_PCA_85__HAC_WARD__K2,993,1.0,1.0,1.0,10,55,5
R1_PCA_85__HAC_WARD__K2,994,1.0,1.0,1.0,13,52,5
R1_PCA_85__HAC_WARD__K2,995,1.0,1.0,1.0,13,52,5
R1_PCA_85__HAC_WARD__K2,996,1.0,1.0,1.0,10,55,5
R1_PCA_85__HAC_WARD__K2,997,1.0,1.0,1.0,11,54,5
R1_PCA_85__HAC_WARD__K2,998,1.0,1.0,1.0,10,55,6
R1_PCA_85__HAC_WARD__K2,999,1.0,1.0,1.0,10,55,5
R1_PCA_85__HAC_WARD__K2,1000,1.0,1.0,1.0,10,55,5
R1_PCA_85__HAC_WARD__K3,1,1.0,1.0,1.0,10,36,5
R1_PCA_85__HAC_WARD__K3,2,0.8940768075172272,0.9478182636077372,0.8947368421052632,9,39,5
R1_PCA_85__HAC_WARD__K3,3,0.3748844090993157,0.6854928017718716,0.42857142857142855,10,34,5
R1_PCA_85__HAC_WARD__K3,4,0.6336996336996337,0.8168168168168167,0.6666666666666666,12,30,5
R1_PCA_85__HAC_WARD__K3,5,1.0,1.0,1.0,10,38,5
R1_PCA_85__HAC_WARD__K3,6,1.0,1.0,1.0,9,38,5
R1_PCA_85__HAC_WARD__K3,7,0.48016097288055687,0.7469767441860465,0.52,9,35,5
R1_PCA_85__HAC_WARD__K3,8,0.6855846401811362,0.8023148148148148,0.5625,9,45,5
R1_PCA_85__HAC_WARD__K3,9,0.5915548539857932,0.7922077922077921,0.5909090909090909,10,38,5
R1_PCA_85__HAC_WARD__K3,10,0.39326142357612753,0.6805678793256433,0.34782608695652173,8,40,5
R1_PCA_85__HAC_WARD__K3,11,0.6312710512320511,0.8060606060606061,0.6,9,44,5
R1_PCA_85__HAC_WARD__K3,12,0.9490542767897279,0.9701576576576576,0.9375,13,37,5
R1_PCA_85__HAC_WARD__K3,13,0.7559382110646351,0.8716302952503209,0.7368421052631579,10,41,5
R1_PCA_85__HAC_WARD__K3,14,1.0,1.0,1.0,9,36,5
R1_PCA_85__HAC_WARD__K3,15,1.0,1.0,1.0,11,35,5
R1_PCA_85__HAC_WARD__K3,16,0.9490542767897279,0.9701576576576576,0.9375,13,37,5
R1_PCA_85__HAC_WARD__K3,17,0.6366272046388016,0.8046511627906977,0.6,10,43,5
R1_PCA_85__HAC_WARD__K3,18,0.6752571721152504,0.8325358851674641,0.6818181818181818,12,37,5
R1_PCA_85__HAC_WARD__K3,19,0.9461801047041599,0.972934472934473,0.9444444444444444,9,39,5
R1_PCA_85__HAC_WARD__K3,20,0.8940768075172272,0.9478182636077372,0.8947368421052632,9,39,5
R1_PCA_85__HAC_WARD__K3,21,1.0,1.0,1.0,11,37,5
R1_PCA_85__HAC_WARD__K3,22,0.8961520772945004,0.9468942626837364,0.8947368421052632,11,37,5
R1_PCA_85__HAC_WARD__K3,23,0.7652582159624414,0.8613103778096605,0.7058823529411765,12,41,4
R1_PCA_85__HAC_WARD__K3,24,1.0,1.0,1.0,10,35,5
R1_PCA_85__HAC_WARD__K3,25,0.6246455797878235,0.8250440917107583,0.7037037037037037,11,27,5
R1_PCA_85__HAC_WARD__K3,26,0.44346861421836,0.6751633986928104,0.3,6,51,5
R1_PCA_85__HAC_WARD__K3,27,0.3626677190213102,0.6588628762541807,0.34615384615384615,10,37,5
R1_PCA_85__HAC_WARD__K3,28,0.8509422897857248,0.913109756097561,0.8125,11,41,5
R1_PCA_85__HAC_WARD__K3,29,1.0,1.0,1.0,11,35,5
R1_PCA_85__HAC_WARD__K3,30,0.6156492443474341,0.7583120204603581,0.47058823529411764,8,46,4
R1_PCA_85__HAC_WARD__K3,31,0.420012746972594,0.7144522144522144,0.46153846153846156,9,36,5
R1_PCA_85__HAC_WARD__K3,32,0.9477281865701649,0.9722222222222223,0.9444444444444444,12,36,5
R1_PCA_85__HAC_WARD__K3,33,0.9469620888777304,0.973529411764706,0.95,12,33,5
R1_PCA_85__HAC_WARD__K3,34,0.39621892029444256,0.6736596736596736,0.38461538461538464,11,33,5
R1_PCA_85__HAC_WARD__K3,35,0.8001537279016141,0.8863636363636364,0.75,9,44,5
R1_PCA_85__HAC_WARD__K3,36,0.7634984043722475,0.8657407407407408,0.7222222222222222,12,40,5
R1_PCA_85__HAC_WARD__K3,37,0.4184234725968864,0.6863636363636364,0.4,11,35,5
R1_PCA_85__HAC_WARD__K3,38,1.0,1.0,1.0,9,37,5
R1_PCA_85__HAC_WARD__K3,39,0.7218060685881045,0.8358413132694938,0.6470588235294118,11,43,5
R1_PCA_85__HAC_WARD__K3,40,0.6423815864561537,0.7851662404092071,0.5294117647058824,9,46,5
R1_PCA_85__HAC_WARD__K3,41,0.38866824191845556,0.678438128050531,0.4074074074074074,11,34,4
R1_PCA_85__HAC_WARD__K3,42,0.720044416030149,0.8412698412698413,0.6666666666666666,11,42,5
R1_PCA_85__HAC_WARD__K3,43,0.7105104202330947,0.8482252141982864,0.6842105263157895,9,43,5
R1_PCA_85__HAC_WARD__K3,44,0.33046202036021927,0.6501182033096927,0.3333333333333333,9,36,5
R1_PCA_85__HAC_WARD__K3,45,1.0,1.0,1.0,10,39,5
R1_PCA_85__HAC_WARD__K3,46,0.6772381993911271,0.8173400673400674,0.6111111111111112,10,44,5
R1_PCA_85__HAC_WARD__K3,47,0.3799682034976153,0.6812570145903479,0.4074074074074074,10,34,5
R1_PCA_85__HAC_WARD__K3,48,0.6388502018907167,0.799043062200957,0.5789473684210527,10,44,5
R1_PCA_85__HAC_WARD__K3,49,0.7959092996045558,0.8912655971479501,0.7647058823529411,8,43,5
R1_PCA_85__HAC_WARD__K3,50,1.0,1.0,1.0,10,43,5
R1_PCA_85__HAC_WARD__K3,51,0.7528231473852566,0.8725981620718463,0.7368421052631579,9,42,5
R1_PCA_85__HAC_WARD__K3,52,0.5224049848834071,0.767706302794022,0.5925925925925926,11,28,5
R1_PCA_85__HAC_WARD__K3,53,0.8453148239960337,0.9236842105263158,0.85,10,38,5
R1_PCA_85__HAC_WARD__K3,54,0.6407995296884186,0.7925925925925926,0.5555555555555556,10,45,5
R1_PCA_85__HAC_WARD__K3,55,0.7540335894401389,0.8686477174849268,0.7222222222222222,9,43,5
R1_PCA_85__HAC_WARD__K3,56,0.6345694918231995,0.7938808373590982,0.5555555555555556,9,46,5
R1_PCA_85__HAC_WARD__K3,57,0.8940768075172272,0.9478182636077372,0.8947368421052632,9,39,5
R1_PCA_85__HAC_WARD__K3,58,1.0,1.0,1.0,11,33,5
R1_PCA_85__HAC_WARD__K3,59,0.6816439522998297,0.8250000000000001,0.65,12,40,5
R1_PCA_85__HAC_WARD__K3,60,0.673109419272542,0.8120204603580562,0.5882352941176471,9,46,5
R1_PCA_85__HAC_WARD__K3,61,0.7634665334850811,0.8570736434108527,0.6875,11,43,5
R1_PCA_85__HAC_WARD__K3,62,0.7975303419015413,0.8973042362002568,0.7894736842105263,9,41,5
R1_PCA_85__HAC_WARD__K3,63,0.6156492443474341,0.7583120204603581,0.47058823529411764,8,46,4
R1_PCA_85__HAC_WARD__K3,64,1.0,1.0,1.0,10,37,5
R1_PCA_85__HAC_WARD__K3,65,0.8022489336952308,0.8898225957049486,0.7647058823529411,10,42,5
R1_PCA_85__HAC_WARD__K3,66,0.7187017001545595,0.8305555555555556,0.625,10,45,5
R1_PCA_85__HAC_WARD__K3,67,0.8032122702937347,0.8856589147286821,0.75,10,43,5
R1_PCA_85__HAC_WARD__K3,68,0.750326864977064,0.8695286195286195,0.7222222222222222,8,44,5
R1_PCA_85__HAC_WARD__K3,69,0.8021231802229729,0.8956365272154745,0.7894736842105263,11,39,5
R1_PCA_85__HAC_WARD__K3,70,0.48072383949645947,0.7509157509157509,0.5384615384615384,9,32,5
R1_PCA_85__HAC_WARD__K3,71,0.8035088779979066,0.8925925925925925,0.7777777777777778,11,40,5
R1_PCA_85__HAC_WARD__K3,72,0.3626677190213102,0.6588628762541807,0.34615384615384615,10,38,5
R1_PCA_85__HAC_WARD__K3,73,0.8035088779979066,0.8925925925925925,0.7777777777777778,11,40,5
R1_PCA_85__HAC_WARD__K3,74,0.7540335894401389,0.8686477174849268,0.7222222222222222,9,43,5
R1_PCA_85__HAC_WARD__K3,75,0.682050576780474,0.8161068044788976,0.6111111111111112,11,43,5
R1_PCA_85__HAC_WARD__K3,76,0.7597939401554318,0.8579545454545454,0.6875,10,44,5
R1_PCA_85__HAC_WARD__K3,77,0.4963854588219017,0.7380952380952381,0.5,11,36,5
R1_PCA_85__HAC_WARD__K3,78,0.6388502018907167,0.799043062200957,0.5789473684210527,10,44,5
R1_PCA_85__HAC_WARD__K3,79,1.0,1.0,1.0,12,37,5
R1_PCA_85__HAC_WARD__K3,80,0.804819274847304,0.8890483022477284,0.7647058823529411,11,41,5
R1_PCA_85__HAC_WARD__K3,81,1.0,1.0,1.0,10,38,5
R1_PCA_85__HAC_WARD__K3,82,0.8240142142365424,0.8165684481473955,0.7142857142857143,14,36,5
R1_PCA_85__HAC_WARD__K3,83,0.5570339500447541,0.7079248366013072,0.35294117647058826,6,48,5
R1_PCA_85__HAC_WARD__K3,84,0.6349006789036963,0.79996723996724,0.68,10,30,5
R1_PCA_85__HAC_WARD__K3,85,0.8057756586895956,0.8917378917378916,0.7777777777777778,12,39,5
R1_PCA_85__HAC_WARD__K3,86,0.7963978073610023,0.9,0.8,9,40,5
R1_PCA_85__HAC_WARD__K3,87,0.7557705200651279,0.8587962962962963,0.6875,9,45,5
R1_PCA_85__HAC_WARD__K3,88,0.6715009610344225,0.8341103341103341,0.6818181818181818,11,38,5
R1_PCA_85__HAC_WARD__K3,89,0.7963978073610023,0.9,0.8,9,40,5
R1_PCA_85__HAC_WARD__K3,90,0.8022489336952308,0.8898225957049486,0.7647058823529411,10,42,5
R1_PCA_85__HAC_WARD__K3,91,0.7620883933123309,0.8622782446311859,0.7058823529411765,11,42,5
R1_PCA_85__HAC_WARD__K3,92,0.9460446169513671,0.9740740740740742,0.95,10,35,5
R1_PCA_85__HAC_WARD__K3,93,0.682050576780474,0.8161068044788976,0.6111111111111112,11,43,5
R1_PCA_85__HAC_WARD__K3,94,0.8472661545413466,0.9194444444444444,0.8333333333333334,10,40,5
R1_PCA_85__HAC_WARD__K3,95,0.804819274847304,0.8890483022477284,0.7647058823529411,11,41,4
R1_PCA_85__HAC_WARD__K3,96,0.6290660072284573,0.7714407502131287,0.5882352941176471,9,46,5
R1_PCA_85__HAC_WARD__K3,97,0.8461761718183137,0.9173669467787114,0.8235294117647058,9,42,5
R1_PCA_85__HAC_WARD__K3,98,1.0,1.0,1.0,13,34,5
R1_PCA_85__HAC_WARD__K3,99,0.6519553342678978,0.789836347975883,0.5555555555555556,10,43,5
R1_PCA_85__HAC_WARD__K3,100,0.8035088779979066,0.8925925925925925,0.7777777777777778,11,40,5
R1_PCA_85__HAC_WARD__K3,101,0.8940768075172272,0.9478182636077372,0.8947368421052632,9,39,5
R1_PCA_85__HAC_WARD__K3,102,1.0,1.0,1.0,10,36,5
R1_PCA_85__HAC_WARD__K3,103,0.7559382110646351,0.8716302952503209,0.7368421052631579,10,41,5
R1_PCA_85__HAC_WARD__K3,104,0.6181330586889235,0.7092307692307692,0.3076923076923077,4,50,5
R1_PCA_85__HAC_WARD__K3,105,0.683974663294843,0.8097147950089126,0.5882352941176471,10,44,5
R1_PCA_85__HAC_WARD__K3,106,0.41759506200257696,0.6863636363636364,0.4,11,36,5
R1_PCA_85__HAC_WARD__K3,107,0.804453620409969,0.8751322751322751,0.7142857142857143,10,45,5
R1_PCA_85__HAC_WARD__K3,108,0.6388502018907167,0.799043062200957,0.5789473684210527,10,44,4
R1_PCA_85__HAC_WARD__K3,109,0.683974663294843,0.8097147950089126,0.5882352941176471,10,44,5
R1_PCA_85__HAC_WARD__K3,110,0.6855846401811362,0.8023148148148148,0.5625,9,45,5
R1_PCA_85__HAC_WARD__K3,111,0.7559382110646351,0.8716302952503209,0.7368421052631579,10,41,5
R1_PCA_85__HAC_WARD__K3,112,0.5292748375416249,0.6944444444444445,0.3333333333333333,6,48,5
R1_PCA_85__HAC_WARD__K3,113,0.3698920883400689,0.6839506172839506,0.4074074074074074,9,35,5
R1_PCA_85__HAC_WARD__K3,114,0.723766897237669,0.8401084010840107,0.6666666666666666,12,41,5
R1_PCA_85__HAC_WARD__K3,115,0.9495236104059018,0.9662288930581614,0.9230769230769231,12,41,5
R1_PCA_85__HAC_WARD__K3,116,0.7972972972972973,0.901420217209691,0.8095238095238095,10,38,5
R1_PCA_85__HAC_WARD__K3,117,0.7144394136369749,0.8471177944862155,0.6842105263157895,10,42,5
R1_PCA_85__HAC_WARD__K3,118,0.808611002613947,0.8841463414634146,0.75,12,41,5
R1_PCA_85__HAC_WARD__K3,119,0.6787068449411295,0.7526395173453997,0.5882352941176471,14,34,5
R1_PCA_85__HAC_WARD__K3,120,0.9481245011971269,0.9713831478537361,0.9411764705882353,12,36,5
R1_PCA_85__HAC_WARD__K3,121,0.9472351081814301,0.9724724724724725,0.9444444444444444,11,36,5
R1_PCA_85__HAC_WARD__K3,122,0.750326864977064,0.8695286195286195,0.7222222222222222,8,44,5
R1_PCA_85__HAC_WARD__K3,123,0.846093133385951,0.921727395411606,0.8421052631578947,10,38,5
R1_PCA_85__HAC_WARD__K3,124,0.7118538877560068,0.8434343434343434,0.6666666666666666,9,44,5
R1_PCA_85__HAC_WARD__K3,125,0.7605321674470361,0.8667570009033424,0.7222222222222222,11,41,4
R1_PCA_85__HAC_WARD__K3,126,0.7175521183591123,0.8368983957219251,0.6470588235294118,10,44,5
R1_PCA_85__HAC_WARD__K3,127,0.721621067498918,0.8447368421052631,0.6842105263157895,12,40,4
R1_PCA_85__HAC_WARD__K3,128,0.8452253479996106,0.9200542005420055,0.8333333333333334,9,40,5
R1_PCA_85__HAC_WARD__K3,129,0.3635492097415319,0.6588628762541807,0.34615384615384615,10,36,5
R1_PCA_85__HAC_WARD__K3,130,0.6023862733871415,0.7818181818181819,0.55,10,44,5
R1_PCA_85__HAC_WARD__K3,131,0.8472661545413466,0.9194444444444444,0.8333333333333334,10,40,5
R1_PCA_85__HAC_WARD__K3,132,0.7494245289663021,0.8735210118319053,0.7368421052631579,8,43,5
R1_PCA_85__HAC_WARD__K3,133,0.6465499089407949,0.7912457912457912,0.5555555555555556,10,44,5
R1_PCA_85__HAC_WARD__K3,134,0.6738456962997844,0.8305555555555556,0.6666666666666666,11,39,5
R1_PCA_85__HAC_WARD__K3,135,0.7245283955931165,0.8222222222222223,0.6,9,45,5
R1_PCA_85__HAC_WARD__K3,136,0.9470536327090892,0.9718451483157367,0.9411764705882353,10,38,5
R1_PCA_85__HAC_WARD__K3,137,0.5903051090931745,0.7407407407407408,0.4444444444444444,8,45,5
R1_PCA_85__HAC_WARD__K3,138,0.4598169820717131,0.6440781440781441,0.5,14,30,5
R1_PCA_85__HAC_WARD__K3,139,0.8993849233665864,0.9365079365079364,0.8571428571428571,11,42,5
R1_PCA_85__HAC_WARD__K3,140,0.7225981435414222,0.7603174603174603,0.6,9,41,4
R1_PCA_85__HAC_WARD__K3,141,0.6865863291442519,0.8148148148148149,0.6111111111111112,11,42,5
R1_PCA_85__HAC_WARD__K3,142,0.7536850271528317,0.8529100529100528,0.7777777777777778,9,42,5
R1_PCA_85__HAC_WARD__K3,143,0.8444115754174806,0.9223684210526315,0.8421052631578947,9,39,5
R1_PCA_85__HAC_WARD__K3,144,0.8954300940123674,0.9481481481481482,0.9,11,34,5
R1_PCA_85__HAC_WARD__K3,145,0.7126189146961517,0.831328320802005,0.7368421052631579,10,41,5
R1_PCA_85__HAC_WARD__K3,146,0.3940578577013292,0.6183574879227053,0.34782608695652173,12,36,5
R1_PCA_85__HAC_WARD__K3,147,0.9465038229579349,0.9738095238095239,0.95,11,35,5
R1_PCA_85__HAC_WARD__K3,148,0.8496023138105567,0.9100775193798448,0.8,10,43,5
R1_PCA_85__HAC_WARD__K3,149,0.567506581421587,0.725,0.375,6,50,5
R1_PCA_85__HAC_WARD__K3,150,0.5951241064121042,0.7207446808510638,0.375,6,47,5
R1_PCA_85__HAC_WARD__K3,151,0.7257876312718786,0.834733893557423,0.6470588235294118,11,42,5
R1_PCA_85__HAC_WARD__K3,152,0.7701184021912119,0.8551829268292682,0.6875,11,41,5
R1_PCA_85__HAC_WARD__K3,153,0.4318043372319688,0.7072727272727272,0.44,10,37,5
R1_PCA_85__HAC_WARD__K3,154,0.644208770766961,0.7976336189310486,0.5789473684210527,11,43,5
R1_PCA_85__HAC_WARD__K3,155,0.7574047533739401,0.8677248677248678,0.7222222222222222,10,42,5
R1_PCA_85__HAC_WARD__K3,156,1.0,1.0,1.0,12,37,5
R1_PCA_85__HAC_WARD__K3,157,0.7644820870510439,0.8613103778096605,0.7058823529411765,12,40,5
R1_PCA_85__HAC_WARD__K3,158,0.526305204254262,0.7624831309041835,0.5769230769230769,12,31,5
R1_PCA_85__HAC_WARD__K3,159,0.895071881091618,0.9473684210526315,0.8947368421052632,10,37,5
R1_PCA_85__HAC_WARD__K3,160,0.7644146610424362,0.8684210526315789,0.7368421052631579,13,38,5
R1_PCA_85__HAC_WARD__K3,161,0.6705991859168039,0.8241626794258373,0.631578947368421,9,44,5
R1_PCA_85__HAC_WARD__K3,162,0.804819274847304,0.8890483022477284,0.7647058823529411,11,41,5
R1_PCA_85__HAC_WARD__K3,163,0.8060070658195642,0.8849206349206349,0.75,11,42,5
R1_PCA_85__HAC_WARD__K3,164,0.720044416030149,0.8412698412698413,0.6666666666666666,11,42,5
R1_PCA_85__HAC_WARD__K3,165,0.4498248583941385,0.6933977455716587,0.391304347826087,11,36,5
R1_PCA_85__HAC_WARD__K3,166,0.8022489336952308,0.8898225957049486,0.7647058823529411,10,42,5
R1_PCA_85__HAC_WARD__K3,167,0.7634984043722475,0.8657407407407408,0.7222222222222222,12,40,4
R1_PCA_85__HAC_WARD__K3,168,0.6407995296884186,0.7925925925925926,0.5555555555555556,10,45,5
R1_PCA_85__HAC_WARD__K3,169,0.9488860408231162,0.9692307692307693,0.9333333333333333,12,38,5
R1_PCA_85__HAC_WARD__K3,170,0.8110894146496526,0.8833333333333333,0.75,12,40,5
R1_PCA_85__HAC_WARD__K3,171,1.0,1.0,1.0,10,37,5
R1_PCA_85__HAC_WARD__K3,172,0.94686522159092,0.973196881091618,0.9473684210526315,11,36,5
R1_PCA_85__HAC_WARD__K3,173,0.7291786711581933,0.8212121212121213,0.6,9,44,5
R1_PCA_85__HAC_WARD__K3,174,0.6053497040122781,0.7857142857142856,0.5714285714285714,11,42,5
R1_PCA_85__HAC_WARD__K3,175,0.848160404905587,0.9167862266857961,0.8235294117647058,10,41,5
R1_PCA_85__HAC_WARD__K3,176,0.8022489336952308,0.8898225957049486,0.7647058823529411,10,42,5
R1_PCA_85__HAC_WARD__K3,177,0.6597825349903144,0.8141339869281046,0.5882352941176471,7,48,6
R1_PCA_85__HAC_WARD__K3,178,1.0,1.0,1.0,10,35,5
R1_PCA_85__HAC_WARD__K3,179,0.5140449655151108,0.7673076923076924,0.5769230769230769,10,33,5
R1_PCA_85__HAC_WARD__K3,180,0.6754093609621794,0.8229294165646674,0.631578947368421,10,43,5
R1_PCA_85__HAC_WARD__K3,181,0.7170527843169855,0.8459563543003851,0.6842105263157895,11,40,5
R1_PCA_85__HAC_WARD__K3,182,0.682050576780474,0.8161068044788976,0.6111111111111112,11,43,5
R1_PCA_85__HAC_WARD__K3,183,0.7975303419015413,0.8973042362002568,0.7894736842105263,9,41,5
R1_PCA_85__HAC_WARD__K3,184,0.688828759180518,0.8084815321477429,0.5882352941176471,10,43,5
R1_PCA_85__HAC_WARD__K3,185,0.6407995296884186,0.7925925925925926,0.5555555555555556,10,45,5
R1_PCA_85__HAC_WARD__K3,186,0.688324142891393,0.818859649122807,0.631578947368421,12,40,5
R1_PCA_85__HAC_WARD__K3,187,0.7540335894401389,0.8686477174849268,0.7222222222222222,9,43,5
R1_PCA_85__HAC_WARD__K3,188,0.8489520489788622,0.9136904761904763,0.8125,10,42,5
R1_PCA_85__HAC_WARD__K3,189,0.8444115754174806,0.9223684210526315,0.8421052631578947,9,39,5
R1_PCA_85__HAC_WARD__K3,190,0.683974663294843,0.8097147950089126,0.5882352941176471,10,44,5
R1_PCA_85__HAC_WARD__K3,191,0.9452623198058535,0.974867724867725,0.9523809523809523,9,35,5
R1_PCA_85__HAC_WARD__K3,192,0.8979128332653266,0.944944944944945,0.8888888888888888,12,37,5
R1_PCA_85__HAC_WARD__K3,193,0.5294997382786211,0.75,0.5,10,42,5
R1_PCA_85__HAC_WARD__K3,194,0.6865863291442519,0.8148148148148149,0.6111111111111112,11,42,5
R1_PCA_85__HAC_WARD__K3,195,0.9490542767897279,0.9701576576576576,0.9375,13,36,5
R1_PCA_85__HAC_WARD__K3,196,0.8035088779979066,0.8925925925925925,0.7777777777777778,11,40,5
R1_PCA_85__HAC_WARD__K3,197,0.8546625375920937,0.9047619047619048,0.7857142857142857,11,42,5
R1_PCA_85__HAC_WARD__K3,198,0.7543693906471421,0.875,0.75,10,40,5
R1_PCA_85__HAC_WARD__K3,199,0.8529555817181427,0.9003496503496503,0.7692307692307693,10,44,5
R1_PCA_85__HAC_WARD__K3,200,0.7985667247724192,0.8941798941798941,0.7777777777777778,9,42,5
R1_PCA_85__HAC_WARD__K3,201,0.7079764546656845,0.8523809523809524,0.7,9,41,5
R1_PCA_85__HAC_WARD__K3,202,0.7627520759193357,0.8657407407407408,0.7222222222222222,12,39,4
R1_PCA_85__HAC_WARD__K3,203,0.7998981381925189,0.8964912280701753,0.7894736842105263,10,40,5
R1_PCA_85__HAC_WARD__K3,204,0.8011278421021057,0.8934056007226738,0.7777777777777778,10,41,5
R1_PCA_85__HAC_WARD__K3,205,0.801692478424523,0.8956365272154745,0.7894736842105263,11,38,4
R1_PCA_85__HAC_WARD__K3,206,0.43696829079659705,0.7018518518518518,0.4166666666666667,10,36,5
R1_PCA_85__HAC_WARD__K3,207,0.7182700461697917,0.8535353535353535,0.7272727272727273,13,30,4
R1_PCA_85__HAC_WARD__K3,208,0.9461801047041599,0.972934472934473,0.9444444444444444,9,38,5
R1_PCA_85__HAC_WARD__K3,209,0.7574047533739401,0.8677248677248678,0.7222222222222222,10,42,5
R1_PCA_85__HAC_WARD__K3,210,1.0,1.0,1.0,10,38,5
R1_PCA_85__HAC_WARD__K3,211,0.9476022715822174,0.9716202270381838,0.9411764705882353,11,37,5
R1_PCA_85__HAC_WARD__K3,212,0.6388502018907167,0.799043062200957,0.5789473684210527,10,44,5
R1_PCA_85__HAC_WARD__K3,213,0.7605321674470361,0.8667570009033424,0.7222222222222222,11,41,5
R1_PCA_85__HAC_WARD__K3,214,0.8472661545413466,0.9194444444444444,0.8333333333333334,10,40,5
R1_PCA_85__HAC_WARD__K3,215,0.6668326401499619,0.8130997079682937,0.5882352941176471,8,47,5
R1_PCA_85__HAC_WARD__K3,216,0.7528231473852566,0.8725981620718463,0.7368421052631579,9,42,5
R1_PCA_85__HAC_WARD__K3,217,0.8057756586895956,0.8917378917378916,0.7777777777777778,12,39,5
R1_PCA_85__HAC_WARD__K3,218,0.853794592649242,0.9089430894308942,0.8,12,41,4
R1_PCA_85__HAC_WARD__K3,219,0.644208770766961,0.7976336189310486,0.5789473684210527,11,43,5
R1_PCA_85__HAC_WARD__K3,220,0.6366272046388016,0.8046511627906977,0.6,10,43,5
R1_PCA_85__HAC_WARD__K3,221,1.0,1.0,1.0,9,36,5
R1_PCA_85__HAC_WARD__K3,222,0.7144394136369749,0.8471177944862155,0.6842105263157895,10,42,5
R1_PCA_85__HAC_WARD__K3,223,0.688828759180518,0.8084815321477429,0.5882352941176471,10,43,5
R1_PCA_85__HAC_WARD__K3,224,0.6207766011094301,0.8253638253638252,0.6923076923076923,10,30,5
R1_PCA_85__HAC_WARD__K3,225,0.6787762906309751,0.8108932461873639,0.5882352941176471,10,45,5
R1_PCA_85__HAC_WARD__K3,226,0.8011278421021057,0.8934056007226738,0.7777777777777778,10,41,4
R1_PCA_85__HAC_WARD__K3,227,0.2998464708115141,0.562716049382716,0.14814814814814814,11,39,5
R1_PCA_85__HAC_WARD__K3,228,1.0,1.0,1.0,9,37,5
R1_PCA_85__HAC_WARD__K3,229,0.7652582159624414,0.8613103778096605,0.7058823529411765,12,41,4
R1_PCA_85__HAC_WARD__K3,230,0.5474097624836357,0.709483793517407,0.35294117647058826,6,49,5
R1_PCA_85__HAC_WARD__K3,231,0.683974663294843,0.8097147950089126,0.5882352941176471,10,44,5
R1_PCA_85__HAC_WARD__K3,232,0.6640430024956806,0.8303030303030302,0.65,8,44,5
R1_PCA_85__HAC_WARD__K3,233,0.8039657753220113,0.8808080808080808,0.7333333333333333,10,44,5
R1_PCA_85__HAC_WARD__K3,234,1.0,1.0,1.0,10,35,5
R1_PCA_85__HAC_WARD__K3,235,0.8951429419329311,0.9473684210526315,0.8947368421052632,10,38,5
R1_PCA_85__HAC_WARD__K3,236,0.8982628685807595,0.9416666666666668,0.875,11,40,4
R1_PCA_85__HAC_WARD__K3,237,1.0,1.0,1.0,10,37,5
R1_PCA_85__HAC_WARD__K3,238,0.7550377973353433,0.8640819964349377,0.7058823529411765,9,44,5
R1_PCA_85__HAC_WARD__K3,239,0.4029416047764672,0.6913043478260869,0.4,9,35,5
R1_PCA_85__HAC_WARD__K3,240,0.644208770766961,0.7976336189310486,0.5789473684210527,11,43,5
R1_PCA_85__HAC_WARD__K3,241,0.6423815864561537,0.7851662404092071,0.5294117647058824,9,46,5
R1_PCA_85__HAC_WARD__K3,242,0.9490542767897279,0.9701576576576576,0.9375,13,37,5
R1_PCA_85__HAC_WARD__K3,243,0.531323348083796,0.6830732292917167,0.29411764705882354,5,49,5
R1_PCA_85__HAC_WARD__K3,244,1.0,1.0,1.0,9,36,5
R1_PCA_85__HAC_WARD__K3,245,0.9020818896688861,0.9357142857142856,0.8571428571428571,12,40,4
R1_PCA_85__HAC_WARD__K3,246,0.849991232519246,0.9161764705882353,0.8235294117647058,11,40,5
R1_PCA_85__HAC_WARD__K3,247,0.7652582159624414,0.8613103778096605,0.7058823529411765,12,41,5
R1_PCA_85__HAC_WARD__K3,248,0.8968048231532729,0.94541910331384,0.8888888888888888,11,37,5
R1_PCA_85__HAC_WARD__K3,249,0.5875016526376097,0.7904761904761904,0.5714285714285714,8,45,5
R1_PCA_85__HAC_WARD__K3,250,0.7139984359289465,0.8534798534798536,0.7142857142857143,11,39,5
R1_PCA_85__HAC_WARD__K3,251,0.6798946204408652,0.8216374269005847,0.631578947368421,11,42,5
R1_PCA_85__HAC_WARD__K3,252,1.0,1.0,1.0,10,36,5
R1_PCA_85__HAC_WARD__K3,253,0.7985667247724192,0.8941798941798941,0.7777777777777778,9,42,5
R1_PCA_85__HAC_WARD__K3,254,0.853794592649242,0.9089430894308942,0.8,12,41,5
R1_PCA_85__HAC_WARD__K3,255,0.682050576780474,0.8161068044788976,0.6111111111111112,11,43,5
R1_PCA_85__HAC_WARD__K3,256,0.8489520489788622,0.9136904761904763,0.8125,10,42,4
R1_PCA_85__HAC_WARD__K3,257,0.7557705200651279,0.8587962962962963,0.6875,9,45,5
R1_PCA_85__HAC_WARD__K3,258,0.6521375982181525,0.7251461988304094,0.5555555555555556,14,33,5
R1_PCA_85__HAC_WARD__K3,259,0.9455690131624023,0.9743243243243244,0.95,9,37,5
R1_PCA_85__HAC_WARD__K3,260,0.32886322235572263,0.6604651162790698,0.4,10,33,5
R1_PCA_85__HAC_WARD__K3,261,0.4840317518921913,0.7485928705440901,0.5384615384615384,10,33,5
R1_PCA_85__HAC_WARD__K3,262,0.7175521183591123,0.8368983957219251,0.6470588235294118,10,44,5
R1_PCA_85__HAC_WARD__K3,263,0.7597939401554318,0.8579545454545454,0.6875,10,44,5
R1_PCA_85__HAC_WARD__K3,264,0.644208770766961,0.7976336189310486,0.5789473684210527,11,43,4
R1_PCA_85__HAC_WARD__K3,265,0.9464615983646452,0.9720588235294118,0.9411764705882353,9,39,5
R1_PCA_85__HAC_WARD__K3,266,0.94672454617206,0.9727095516569202,0.9444444444444444,10,37,5
R1_PCA_85__HAC_WARD__K3,267,0.5892364742797376,0.7847826086956523,0.55,8,46,5
R1_PCA_85__HAC_WARD__K3,268,0.8072383949645948,0.888235294117647,0.7647058823529411,12,40,4
R1_PCA_85__HAC_WARD__K3,269,0.6867934407501726,0.793719806763285,0.5333333333333333,8,46,5
R1_PCA_85__HAC_WARD__K3,270,0.31240334055057223,0.644949494949495,0.36666666666666664,10,34,5
R1_PCA_85__HAC_WARD__K3,271,0.3291531142757719,0.6501182033096927,0.3333333333333333,9,37,5
R1_PCA_85__HAC_WARD__K3,272,0.7150573795210811,0.85,0.7,11,39,5
R1_PCA_85__HAC_WARD__K3,273,0.6865863291442519,0.8148148148148149,0.6111111111111112,11,42,5
R1_PCA_85__HAC_WARD__K3,274,0.7010394073458623,0.7699300699300698,0.6,9,43,4
R1_PCA_85__HAC_WARD__K3,275,0.945716053201361,0.9746031746031747,0.9523809523809523,10,34,5
R1_PCA_85__HAC_WARD__K3,276,0.7574047533739401,0.8677248677248678,0.7222222222222222,10,42,5
R1_PCA_85__HAC_WARD__K3,277,0.8509422897857248,0.913109756097561,0.8125,11,41,4
R1_PCA_85__HAC_WARD__K3,278,0.5916460001279742,0.8010526315789473,0.64,11,30,5
R1_PCA_85__HAC_WARD__K3,279,0.7072838474160763,0.8559814169570267,0.7142857142857143,9,41,5
R1_PCA_85__HAC_WARD__K3,280,0.8431797092483762,0.9267676767676768,0.8636363636363636,10,35,5
R1_PCA_85__HAC_WARD__K3,281,0.6733717191355717,0.8277777777777778,0.65,10,42,5
R1_PCA_85__HAC_WARD__K3,282,0.5867851082942409,0.8030769230769231,0.64,10,31,5
R1_PCA_85__HAC_WARD__K3,283,0.7634665334850811,0.8570736434108527,0.6875,11,43,5
R1_PCA_85__HAC_WARD__K3,284,0.7187017001545595,0.8305555555555556,0.625,10,45,5
R1_PCA_85__HAC_WARD__K3,285,0.848160404905587,0.9167862266857961,0.8235294117647058,10,41,4
R1_PCA_85__HAC_WARD__K3,286,0.6464829586656998,0.8016260162601626,0.6,12,41,5
R1_PCA_85__HAC_WARD__K3,287,0.7150058162078325,0.8423772609819121,0.6666666666666666,10,42,5
R1_PCA_85__HAC_WARD__K3,288,0.94672454617206,0.9727095516569202,0.9444444444444444,10,37,5
R1_PCA_85__HAC_WARD__K3,289,0.9007767251829569,0.9361207897793263,0.8571428571428571,12,41,5
R1_PCA_85__HAC_WARD__K3,290,0.808611002613947,0.8841463414634146,0.75,12,41,4
R1_PCA_85__HAC_WARD__K3,291,0.8011278421021057,0.8934056007226738,0.7777777777777778,10,41,5
R1_PCA_85__HAC_WARD__K3,292,0.6178602562724657,0.8137566137566138,0.6190476190476191,7,45,5
R1_PCA_85__HAC_WARD__K3,293,1.0,1.0,1.0,10,36,5
R1_PCA_85__HAC_WARD__K3,294,1.0,1.0,1.0,11,38,5
R1_PCA_85__HAC_WARD__K3,295,0.6816439522998297,0.8250000000000001,0.65,12,40,4
R1_PCA_85__HAC_WARD__K3,296,0.48124501197126895,0.7108190091001011,0.43478260869565216,12,37,5
R1_PCA_85__HAC_WARD__K3,297,0.8947355103176913,0.9492063492063493,0.9047619047619048,11,33,5
R1_PCA_85__HAC_WARD__K3,298,0.8489637615541014,0.9188034188034188,0.8333333333333334,11,39,5
R1_PCA_85__HAC_WARD__K3,299,0.7616583081559457,0.8695456590193432,0.7368421052631579,12,39,5
R1_PCA_85__HAC_WARD__K3,300,0.8521801684728378,0.9174174174174174,0.8333333333333334,13,37,5
R1_PCA_85__HAC_WARD__K3,301,0.7963978073610023,0.9,0.8,9,40,5
R1_PCA_85__HAC_WARD__K3,302,0.688828759180518,0.8084815321477429,0.5882352941176471,10,43,5
R1_PCA_85__HAC_WARD__K3,303,0.666301187014349,0.819645732689211,0.6111111111111112,8,46,5
R1_PCA_85__HAC_WARD__K3,304,0.6277071773760515,0.7951142631993696,0.5555555555555556,8,47,5
R1_PCA_85__HAC_WARD__K3,305,1.0,1.0,1.0,11,36,5
R1_PCA_85__HAC_WARD__K3,306,0.8494553257354569,0.9059379217273955,0.8947368421052632,9,39,5
R1_PCA_85__HAC_WARD__K3,307,0.7994584116312637,0.8905608755129958,0.7647058823529411,9,43,5
R1_PCA_85__HAC_WARD__K3,308,0.7574047533739401,0.8677248677248678,0.7222222222222222,10,42,5
R1_PCA_85__HAC_WARD__K3,309,0.7957527541140331,0.8949181739879414,0.7777777777777778,8,43,5
R1_PCA_85__HAC_WARD__K3,310,0.7250551010497217,0.8434547908232118,0.6842105263157895,13,39,5
R1_PCA_85__HAC_WARD__K3,311,0.804819274847304,0.8890483022477284,0.7647058823529411,11,41,4
R1_PCA_85__HAC_WARD__K3,312,0.7218060685881045,0.8358413132694938,0.6470588235294118,11,43,5
R1_PCA_85__HAC_WARD__K3,313,0.5781584418174704,0.8076923076923076,0.6538461538461539,9,32,5
R1_PCA_85__HAC_WARD__K3,314,0.8517798158984591,0.9095238095238095,0.8,11,42,5
R1_PCA_85__HAC_WARD__K3,315,0.804819274847304,0.8890483022477284,0.7647058823529411,11,41,5
R1_PCA_85__HAC_WARD__K3,316,0.683974663294843,0.8097147950089126,0.5882352941176471,10,44,5
R1_PCA_85__HAC_WARD__K3,317,0.9476022715822174,0.9716202270381838,0.9411764705882353,11,38,5
R1_PCA_85__HAC_WARD__K3,318,0.6465499089407949,0.7912457912457912,0.5555555555555556,10,44,5
R1_PCA_85__HAC_WARD__K3,319,0.5132856458865077,0.6797312430011199,0.3157894736842105,6,47,5
R1_PCA_85__HAC_WARD__K3,320,0.4913749353496167,0.7492877492877493,0.5555555555555556,11,29,5
R1_PCA_85__HAC_WARD__K3,321,0.808611002613947,0.8841463414634146,0.75,12,41,5
R1_PCA_85__HAC_WARD__K3,322,0.5977245022348638,0.7960526315789473,0.625,12,31,5
R1_PCA_85__HAC_WARD__K3,323,0.9463843827330217,0.9734471313418682,0.9473684210526315,10,37,5
R1_PCA_85__HAC_WARD__K3,324,0.6754093609621794,0.8229294165646674,0.631578947368421,10,43,4
R1_PCA_85__HAC_WARD__K3,325,0.6485915473559434,0.7838779956427016,0.5294117647058824,9,45,5
R1_PCA_85__HAC_WARD__K3,326,0.7605321674470361,0.8667570009033424,0.7222222222222222,11,41,5
R1_PCA_85__HAC_WARD__K3,327,0.6865863291442519,0.8148148148148149,0.6111111111111112,11,42,5
R1_PCA_85__HAC_WARD__K3,328,0.5966898263385353,0.7083333333333334,0.3333333333333333,5,48,5
R1_PCA_85__HAC_WARD__K3,329,0.7528231473852566,0.8725981620718463,0.7368421052631579,9,42,5
R1_PCA_85__HAC_WARD__K3,330,1.0,1.0,1.0,11,35,5
R1_PCA_85__HAC_WARD__K3,331,0.682050576780474,0.8161068044788976,0.6111111111111112,11,43,5
R1_PCA_85__HAC_WARD__K3,332,1.0,1.0,1.0,11,37,5
R1_PCA_85__HAC_WARD__K3,333,1.0,1.0,1.0,9,37,5
R1_PCA_85__HAC_WARD__K3,334,1.0,1.0,1.0,12,36,5
R1_PCA_85__HAC_WARD__K3,335,0.7189397557801177,0.8412698412698413,0.6666666666666666,11,41,5
R1_PCA_85__HAC_WARD__K3,336,0.6082888023792828,0.780232558139535,0.55,11,43,5
R1_PCA_85__HAC_WARD__K3,337,0.7994584116312637,0.8905608755129958,0.7647058823529411,9,43,5
R1_PCA_85__HAC_WARD__K3,338,0.758856898415156,0.8706140350877193,0.7368421052631579,11,40,5
R1_PCA_85__HAC_WARD__K3,339,0.4498572975100876,0.736331569664903,0.5185185185185185,9,31,5
R1_PCA_85__HAC_WARD__K3,340,0.5743460552776588,0.7046035805626598,0.35294117647058826,6,46,4
R1_PCA_85__HAC_WARD__K3,341,1.0,1.0,1.0,11,35,5
R1_PCA_85__HAC_WARD__K3,342,0.7105104202330947,0.8482252141982864,0.6842105263157895,9,43,5
R1_PCA_85__HAC_WARD__K3,343,0.8035088779979066,0.8925925925925925,0.7777777777777778,11,40,5
R1_PCA_85__HAC_WARD__K3,344,0.5519987746975035,0.779810298102981,0.5833333333333334,10,35,5
R1_PCA_85__HAC_WARD__K3,345,0.6787762906309751,0.8108932461873639,0.5882352941176471,10,45,5
R1_PCA_85__HAC_WARD__K3,346,0.945716053201361,0.9746031746031747,0.9523809523809523,10,34,5
R1_PCA_85__HAC_WARD__K3,347,0.4249737993958449,0.7160493827160493,0.48148148148148145,10,34,5
R1_PCA_85__HAC_WARD__K3,348,0.6865863291442519,0.8148148148148149,0.6111111111111112,11,42,5
R1_PCA_85__HAC_WARD__K3,349,0.6416573348264277,0.8031746031746031,0.6,11,42,5
R1_PCA_85__HAC_WARD__K3,350,0.8443551009548586,0.9147727272727272,0.8125,8,44,5
R1_PCA_85__HAC_WARD__K3,351,0.8079881838882392,0.8908382066276803,0.7777777777777778,13,38,4
R1_PCA_85__HAC_WARD__K3,352,0.89563200618477,0.9424603174603176,0.875,9,42,6
R1_PCA_85__HAC_WARD__K3,353,0.8446203459396071,0.9223684210526315,0.8421052631578947,9,40,5
R1_PCA_85__HAC_WARD__K3,354,0.94672454617206,0.9727095516569202,0.9444444444444444,10,38,5
R1_PCA_85__HAC_WARD__K3,355,0.8022489336952308,0.8898225957049486,0.7647058823529411,10,42,5
R1_PCA_85__HAC_WARD__K3,356,0.8947355103176913,0.9492063492063493,0.9047619047619048,11,33,5
R1_PCA_85__HAC_WARD__K3,357,1.0,1.0,1.0,10,35,5
R1_PCA_85__HAC_WARD__K3,358,0.8053237981724275,0.8917378917378916,0.7777777777777778,12,38,5
R1_PCA_85__HAC_WARD__K3,359,1.0,1.0,1.0,11,35,5
R1_PCA_85__HAC_WARD__K3,360,0.7175521183591123,0.8368983957219251,0.6470588235294118,10,44,5
R1_PCA_85__HAC_WARD__K3,361,0.7187017001545595,0.8305555555555556,0.625,10,45,5
R1_PCA_85__HAC_WARD__K3,362,0.8070227035933671,0.8801033591731265,0.7333333333333333,11,43,5
R1_PCA_85__HAC_WARD__K3,363,0.8011278421021057,0.8934056007226738,0.7777777777777778,10,41,5
R1_PCA_85__HAC_WARD__K3,364,0.9479549270028195,0.9706196581196581,0.9375,11,39,5
R1_PCA_85__HAC_WARD__K3,365,0.6772381993911271,0.8173400673400674,0.6111111111111112,10,44,5
R1_PCA_85__HAC_WARD__K3,366,0.7543693906471421,0.875,0.75,10,40,5
R1_PCA_85__HAC_WARD__K3,367,0.6543778801843319,0.7825311942959002,0.5294117647058824,9,44,5
R1_PCA_85__HAC_WARD__K3,368,0.7605321674470361,0.8667570009033424,0.7222222222222222,11,41,5
R1_PCA_85__HAC_WARD__K3,369,0.6023862733871415,0.7818181818181819,0.55,10,44,5
R1_PCA_85__HAC_WARD__K3,370,1.0,1.0,1.0,11,33,5
R1_PCA_85__HAC_WARD__K3,371,0.6492950305555452,0.7961570593149542,0.5789473684210527,11,42,5
R1_PCA_85__HAC_WARD__K3,372,0.7456452360164869,0.8744019138755981,0.7368421052631579,7,44,5
R1_PCA_85__HAC_WARD__K3,373,0.9472351081814301,0.9724724724724725,0.9444444444444444,11,37,5
R1_PCA_85__HAC_WARD__K3,374,0.6331034380852817,0.7794612794612794,0.6111111111111112,10,44,5
R1_PCA_85__HAC_WARD__K3,375,0.6977558649754773,0.7914141414141413,0.5333333333333333,8,44,4
R1_PCA_85__HAC_WARD__K3,376,0.7512062448704689,0.8534278959810875,0.6666666666666666,8,47,5
R1_PCA_85__HAC_WARD__K3,377,1.0,1.0,1.0,11,37,5
R1_PCA_85__HAC_WARD__K3,378,0.7965398485860774,0.8763931104356636,0.7142857142857143,8,47,5
R1_PCA_85__HAC_WARD__K3,379,1.0,1.0,1.0,13,32,5
R1_PCA_85__HAC_WARD__K3,380,0.7543693906471421,0.875,0.75,10,40,5
R1_PCA_85__HAC_WARD__K3,381,0.7150058162078325,0.8423772609819121,0.6666666666666666,10,42,5
R1_PCA_85__HAC_WARD__K3,382,0.6139308855291576,0.7785714285714285,0.55,11,42,5
R1_PCA_85__HAC_WARD__K3,383,0.9463010477650592,0.9744318181818182,0.9545454545454546,12,31,5
R1_PCA_85__HAC_WARD__K3,384,0.5191811457078961,0.6961451247165532,0.3333333333333333,6,49,5
R1_PCA_85__HAC_WARD__K3,385,1.0,1.0,1.0,11,36,4
R1_PCA_85__HAC_WARD__K3,386,0.6772381993911271,0.8173400673400674,0.6111111111111112,10,44,5
R1_PCA_85__HAC_WARD__K3,387,0.6653402864098735,0.8253411306042885,0.631578947368421,8,45,5
R1_PCA_85__HAC_WARD__K3,388,0.7161066048667439,0.8423772609819121,0.6666666666666666,10,43,5
R1_PCA_85__HAC_WARD__K3,389,1.0,1.0,1.0,9,40,5
R1_PCA_85__HAC_WARD__K3,390,0.453533401596748,0.6970284237726098,0.4166666666666667,12,35,5
R1_PCA_85__HAC_WARD__K3,391,1.0,1.0,1.0,10,36,5
R1_PCA_85__HAC_WARD__K3,392,0.7967491666420838,0.887037037037037,0.75,8,45,5
R1_PCA_85__HAC_WARD__K3,393,0.5867037091897008,0.7222222222222222,0.375,6,48,5
R1_PCA_85__HAC_WARD__K3,394,0.7652582159624414,0.8613103778096605,0.7058823529411765,12,41,4
R1_PCA_85__HAC_WARD__K3,395,0.7675223821536331,0.8602941176470589,0.7058823529411765,13,39,5
R1_PCA_85__HAC_WARD__K3,396,0.683974663294843,0.8097147950089126,0.5882352941176471,10,44,5
R1_PCA_85__HAC_WARD__K3,397,0.7118538877560068,0.8434343434343434,0.6666666666666666,9,44,5
R1_PCA_85__HAC_WARD__K3,398,0.5979866434187584,0.7768878718535469,0.5263157894736842,9,46,5
R1_PCA_85__HAC_WARD__K3,399,0.6855846401811362,0.8023148148148148,0.5625,9,45,5
R1_PCA_85__HAC_WARD__K3,400,0.8022489336952308,0.8898225957049486,0.7647058823529411,10,42,5
R1_PCA_85__HAC_WARD__K3,401,0.723766897237669,0.8401084010840107,0.6666666666666666,12,41,5
R1_PCA_85__HAC_WARD__K3,402,0.7550377973353433,0.8640819964349377,0.7058823529411765,9,44,5
R1_PCA_85__HAC_WARD__K3,403,0.6388502018907167,0.799043062200957,0.5789473684210527,10,44,5
R1_PCA_85__HAC_WARD__K3,404,0.9474337272500228,0.9732323232323233,0.95,13,32,5
R1_PCA_85__HAC_WARD__K3,405,0.8005971392990112,0.8814814814814814,0.7333333333333333,9,45,5
R1_PCA_85__HAC_WARD__K3,406,0.9556786703601108,0.9601731601731602,0.9090909090909091,11,34,5
R1_PCA_85__HAC_WARD__K3,407,0.8032122702937347,0.8856589147286821,0.75,10,43,5
R1_PCA_85__HAC_WARD__K3,408,0.945716053201361,0.9746031746031747,0.9523809523809523,10,34,5
R1_PCA_85__HAC_WARD__K3,409,0.8975915649383666,0.943690296631473,0.8823529411764706,11,39,5
R1_PCA_85__HAC_WARD__K3,410,0.6775853198422226,0.8264227642276422,0.65,11,41,5
R1_PCA_85__HAC_WARD__K3,411,0.8979128332653266,0.944944944944945,0.8888888888888888,12,37,5
R1_PCA_85__HAC_WARD__K3,412,0.8567176265061144,0.9041811846689894,0.7857142857142857,11,41,5
R1_PCA_85__HAC_WARD__K3,413,0.6733717191355717,0.8277777777777778,0.65,10,42,5
R1_PCA_85__HAC_WARD__K3,414,0.4004957439040793,0.6985357450473729,0.4444444444444444,10,36,5
R1_PCA_85__HAC_WARD__K3,415,0.644208770766961,0.7976336189310486,0.5789473684210527,11,43,4
R1_PCA_85__HAC_WARD__K3,416,0.8472661545413466,0.9194444444444444,0.8333333333333334,10,40,5
R1_PCA_85__HAC_WARD__K3,417,0.6705991859168039,0.8241626794258373,0.631578947368421,9,44,4
R1_PCA_85__HAC_WARD__K3,418,0.6787762906309751,0.8108932461873639,0.5882352941176471,10,45,5
R1_PCA_85__HAC_WARD__K3,419,1.0,1.0,1.0,12,38,5
R1_PCA_85__HAC_WARD__K3,420,0.673109419272542,0.8120204603580562,0.5882352941176471,9,46,5
R1_PCA_85__HAC_WARD__K3,421,0.31300693833675364,0.6334876543209876,0.2962962962962963,9,37,5
R1_PCA_85__HAC_WARD__K3,422,0.9542659610266451,0.9606879606879607,0.9090909090909091,11,36,5
R1_PCA_85__HAC_WARD__K3,423,0.9477281865701649,0.9722222222222223,0.9444444444444444,12,36,5
R1_PCA_85__HAC_WARD__K3,424,0.6407995296884186,0.7925925925925926,0.5555555555555556,10,45,5
R1_PCA_85__HAC_WARD__K3,425,1.0,1.0,1.0,10,37,5
R1_PCA_85__HAC_WARD__K3,426,0.7571191355423926,0.8739316239316239,0.75,11,39,5
R1_PCA_85__HAC_WARD__K3,427,0.7587105491747901,0.8632010943912448,0.7058823529411765,10,43,5
R1_PCA_85__HAC_WARD__K3,428,0.7587105491747901,0.8632010943912448,0.7058823529411765,10,43,5
R1_PCA_85__HAC_WARD__K3,429,0.6366272046388016,0.8046511627906977,0.6,10,43,5
R1_PCA_85__HAC_WARD__K3,430,0.808611002613947,0.8841463414634146,0.75,12,41,5
R1_PCA_85__HAC_WARD__K3,431,0.688324142891393,0.818859649122807,0.631578947368421,12,40,5
R1_PCA_85__HAC_WARD__K3,432,0.7550377973353433,0.8640819964349377,0.7058823529411765,9,44,5
R1_PCA_85__HAC_WARD__K3,433,0.8070227035933671,0.8801033591731265,0.7333333333333333,11,43,5
R1_PCA_85__HAC_WARD__K3,434,0.617002756419556,0.7723378212974296,0.5263157894736842,10,43,5
R1_PCA_85__HAC_WARD__K3,435,0.713631156930126,0.8315217391304347,0.625,9,46,5
R1_PCA_85__HAC_WARD__K3,436,1.0,1.0,1.0,11,37,5
R1_PCA_85__HAC_WARD__K3,437,0.7998981381925189,0.8964912280701753,0.7894736842105263,10,40,5
R1_PCA_85__HAC_WARD__K3,438,0.7587105491747901,0.8632010943912448,0.7058823529411765,10,43,5
R1_PCA_85__HAC_WARD__K3,439,0.6407995296884186,0.7925925925925926,0.5555555555555556,10,45,5
R1_PCA_85__HAC_WARD__K3,440,0.683974663294843,0.8097147950089126,0.5882352941176471,10,44,5
R1_PCA_85__HAC_WARD__K3,441,0.9473595410831787,0.9708333333333333,0.9375,10,39,5
R1_PCA_85__HAC_WARD__K3,442,0.7175521183591123,0.8368983957219251,0.6470588235294118,10,44,5
R1_PCA_85__HAC_WARD__K3,443,0.7118538877560068,0.8434343434343434,0.6666666666666666,9,44,5
R1_PCA_85__HAC_WARD__K3,444,0.7703146394970479,0.8347578347578347,0.6153846153846154,8,45,5
R1_PCA_85__HAC_WARD__K3,445,0.7150573795210811,0.85,0.7,11,39,5
R1_PCA_85__HAC_WARD__K3,446,1.0,1.0,1.0,11,35,5
R1_PCA_85__HAC_WARD__K3,447,0.8953599854494654,0.9481481481481482,0.9,11,35,5
R1_PCA_85__HAC_WARD__K3,448,0.5012165450121655,0.7399999999999999,0.52,12,32,5
R1_PCA_85__HAC_WARD__K3,449,0.7105104202330947,0.8482252141982864,0.6842105263157895,9,43,5
R1_PCA_85__HAC_WARD__K3,450,0.723766897237669,0.8401084010840107,0.6666666666666666,12,41,5
R1_PCA_85__HAC_WARD__K3,451,0.8975915649383666,0.943690296631473,0.8823529411764706,11,39,5
R1_PCA_85__HAC_WARD__K3,452,0.680625879686329,0.7947990543735224,0.5333333333333333,8,47,5
R1_PCA_85__HAC_WARD__K3,453,0.6110494462164123,0.7739234449760765,0.5263157894736842,10,44,5
R1_PCA_85__HAC_WARD__K3,454,0.7175521183591123,0.8368983957219251,0.6470588235294118,10,44,5
R1_PCA_85__HAC_WARD__K3,455,0.8975915649383666,0.943690296631473,0.8823529411764706,11,39,4
R1_PCA_85__HAC_WARD__K3,456,0.9477281865701649,0.9722222222222223,0.9444444444444444,12,35,5
R1_PCA_85__HAC_WARD__K3,457,0.6407995296884186,0.7925925925925926,0.5555555555555556,10,45,5
R1_PCA_85__HAC_WARD__K3,458,0.41048653755314124,0.6888888888888888,0.4,10,35,5
R1_PCA_85__HAC_WARD__K3,459,0.7597939401554318,0.8579545454545454,0.6875,10,44,4
R1_PCA_85__HAC_WARD__K3,460,1.0,1.0,1.0,10,36,5
R1_PCA_85__HAC_WARD__K3,461,1.0,1.0,1.0,11,34,5
R1_PCA_85__HAC_WARD__K3,462,0.7652582159624414,0.8613103778096605,0.7058823529411765,12,41,5
R1_PCA_85__HAC_WARD__K3,463,0.9476022715822174,0.9716202270381838,0.9411764705882353,11,37,5
R1_PCA_85__HAC_WARD__K3,464,0.7233255617178349,0.8295454545454546,0.625,10,44,5
R1_PCA_85__HAC_WARD__K3,465,0.8472134076111228,0.9238095238095237,0.8571428571428571,12,32,5
R1_PCA_85__HAC_WARD__K3,466,1.0,1.0,1.0,10,38,5
R1_PCA_85__HAC_WARD__K3,467,1.0,1.0,1.0,11,37,5
R1_PCA_85__HAC_WARD__K3,468,0.6787762906309751,0.8108932461873639,0.5882352941176471,10,45,5
R1_PCA_85__HAC_WARD__K3,469,0.8951429419329311,0.9473684210526315,0.8947368421052632,10,38,5
R1_PCA_85__HAC_WARD__K3,470,0.7963707294006384,0.8912655971479501,0.7647058823529411,8,44,5
R1_PCA_85__HAC_WARD__K3,471,0.900410614696329,0.8770308770308771,0.7692307692307693,13,36,5
R1_PCA_85__HAC_WARD__K3,472,0.7668806085013861,0.8561507936507936,0.6875,11,42,5
R1_PCA_85__HAC_WARD__K3,473,0.8035088779979066,0.8925925925925925,0.7777777777777778,11,40,5
R1_PCA_85__HAC_WARD__K3,474,0.5805093814653635,0.7919254658385094,0.5714285714285714,7,46,5
R1_PCA_85__HAC_WARD__K3,475,0.8007074884161227,0.8982456140350878,0.8,11,38,5
R1_PCA_85__HAC_WARD__K3,476,0.5292748375416249,0.6944444444444445,0.3333333333333333,6,48,5
R1_PCA_85__HAC_WARD__K3,477,1.0,1.0,1.0,9,35,5
R1_PCA_85__HAC_WARD__K3,478,0.8057756586895956,0.8917378917378916,0.7777777777777778,12,39,5
R1_PCA_85__HAC_WARD__K3,479,0.6407995296884186,0.7925925925925926,0.5555555555555556,10,45,5
R1_PCA_85__HAC_WARD__K3,480,0.808611002613947,0.8841463414634146,0.75,12,41,5
R1_PCA_85__HAC_WARD__K3,481,1.0,1.0,1.0,11,38,5
R1_PCA_85__HAC_WARD__K3,482,0.8964338055691256,0.9441176470588234,0.8823529411764706,10,40,5
R1_PCA_85__HAC_WARD__K3,483,0.6720322745543676,0.8185185185185185,0.6111111111111112,9,45,5
R1_PCA_85__HAC_WARD__K3,484,0.7587105491747901,0.8632010943912448,0.7058823529411765,10,43,5
R1_PCA_85__HAC_WARD__K3,485,0.6389812010251756,0.807975222609369,0.6190476190476191,11,41,5
R1_PCA_85__HAC_WARD__K3,486,0.9461614648144856,0.9743230625583568,0.9523809523809523,11,33,5
R1_PCA_85__HAC_WARD__K3,487,0.9470536327090892,0.9718451483157367,0.9411764705882353,10,38,5
R1_PCA_85__HAC_WARD__K3,488,0.7046036386772302,0.8372053872053872,0.7727272727272727,8,38,5
R1_PCA_85__HAC_WARD__K3,489,0.7634665334850811,0.8570736434108527,0.6875,11,43,5
R1_PCA_85__HAC_WARD__K3,490,0.48196383728744285,0.7183333333333334,0.48,13,32,5
R1_PCA_85__HAC_WARD__K3,491,0.7597930524759793,0.8728070175438596,0.75,12,38,5
R1_PCA_85__HAC_WARD__K3,492,0.7550377973353433,0.8640819964349377,0.7058823529411765,9,44,5
R1_PCA_85__HAC_WARD__K3,493,0.35039857404565034,0.6386428386428387,0.38461538461538464,11,34,5
R1_PCA_85__HAC_WARD__K3,494,0.7652582159624414,0.8613103778096605,0.7058823529411765,12,41,5
R1_PCA_85__HAC_WARD__K3,495,0.9472351081814301,0.9724724724724725,0.9444444444444444,11,37,5
R1_PCA_85__HAC_WARD__K3,496,0.8137646988599057,0.873015873015873,0.7142857142857143,10,42,4
R1_PCA_85__HAC_WARD__K3,497,0.7571191355423926,0.8739316239316239,0.75,11,39,5
R1_PCA_85__HAC_WARD__K3,498,1.0,1.0,1.0,11,37,5
R1_PCA_85__HAC_WARD__K3,499,0.4249737993958449,0.7160493827160493,0.48148148148148145,10,34,4
R1_PCA_85__HAC_WARD__K3,500,0.6543778801843319,0.7825311942959002,0.5294117647058824,9,44,5
R1_PCA_85__HAC_WARD__K3,501,0.6705991859168039,0.8241626794258373,0.631578947368421,9,44,5
R1_PCA_85__HAC_WARD__K3,502,0.7173236658868144,0.8200757575757575,0.6875,11,43,5
R1_PCA_85__HAC_WARD__K3,503,0.804819274847304,0.8890483022477284,0.7647058823529411,11,41,5
R1_PCA_85__HAC_WARD__K3,504,0.9445005139881548,0.9747863247863249,0.95,7,38,5
R1_PCA_85__HAC_WARD__K3,505,0.47161020099630724,0.7186692506459949,0.4583333333333333,11,34,5
R1_PCA_85__HAC_WARD__K3,506,0.7144394136369749,0.8471177944862155,0.6842105263157895,10,42,5
R1_PCA_85__HAC_WARD__K3,507,0.808611002613947,0.8841463414634146,0.75,12,41,5
R1_PCA_85__HAC_WARD__K3,508,0.9461801047041599,0.972934472934473,0.9444444444444444,9,38,5
R1_PCA_85__HAC_WARD__K3,509,0.6492950305555452,0.7961570593149542,0.5789473684210527,11,42,5
R1_PCA_85__HAC_WARD__K3,510,0.7849458304456123,0.7819444444444444,0.6875,11,39,5
R1_PCA_85__HAC_WARD__K3,511,0.7161066048667439,0.8423772609819121,0.6666666666666666,10,43,5
R1_PCA_85__HAC_WARD__K3,512,0.721621067498918,0.8447368421052631,0.6842105263157895,12,40,4
R1_PCA_85__HAC_WARD__K3,513,0.8505867344006804,0.9181286549707602,0.8333333333333334,12,38,5
R1_PCA_85__HAC_WARD__K3,514,0.6799366907739992,0.8034420289855072,0.5625,9,46,5
R1_PCA_85__HAC_WARD__K3,515,0.8468200135158812,0.922972972972973,0.85,11,37,5
R1_PCA_85__HAC_WARD__K3,516,0.38946528332003194,0.6474074074074074,0.32,12,36,5
R1_PCA_85__HAC_WARD__K3,517,1.0,1.0,1.0,11,36,5
R1_PCA_85__HAC_WARD__K3,518,0.897005075003924,0.9420731707317073,0.875,10,39,5
R1_PCA_85__HAC_WARD__K3,519,0.6720322745543676,0.8185185185185185,0.6111111111111112,9,45,5
R1_PCA_85__HAC_WARD__K3,520,0.6834866374046812,0.8148148148148149,0.6111111111111112,12,38,5
R1_PCA_85__HAC_WARD__K3,521,1.0,1.0,1.0,10,36,5
R1_PCA_85__HAC_WARD__K3,522,0.4977482694852234,0.7435897435897436,0.5384615384615384,12,31,5
R1_PCA_85__HAC_WARD__K3,523,1.0,1.0,1.0,12,36,5
R1_PCA_85__HAC_WARD__K3,524,0.7144394136369749,0.8471177944862155,0.6842105263157895,10,42,5
R1_PCA_85__HAC_WARD__K3,525,0.6571360067134209,0.7883597883597884,0.5555555555555556,10,42,5
R1_PCA_85__HAC_WARD__K3,526,1.0,1.0,1.0,11,35,5
R1_PCA_85__HAC_WARD__K3,527,0.8960795391219797,0.9468942626837364,0.8947368421052632,11,36,5
R1_PCA_85__HAC_WARD__K3,528,0.9490542767897279,0.9701576576576576,0.9375,13,37,5
R1_PCA_85__HAC_WARD__K3,529,0.7543693906471421,0.875,0.75,10,40,5
R1_PCA_85__HAC_WARD__K3,530,0.7985667247724192,0.8941798941798941,0.7777777777777778,9,42,5
R1_PCA_85__HAC_WARD__K3,531,1.0,1.0,1.0,12,33,5
R1_PCA_85__HAC_WARD__K3,532,0.7574047533739401,0.8677248677248678,0.7222222222222222,10,42,5
R1_PCA_85__HAC_WARD__K3,533,0.7986064966871073,0.8991452991452992,0.8,10,39,5
R1_PCA_85__HAC_WARD__K3,534,0.5606434039382712,0.7737716507599859,0.5652173913043478,11,35,5
R1_PCA_85__HAC_WARD__K3,535,0.6772381993911271,0.8173400673400674,0.6111111111111112,10,44,4
R1_PCA_85__HAC_WARD__K3,536,0.94686522159092,0.973196881091618,0.9473684210526315,11,36,5
R1_PCA_85__HAC_WARD__K3,537,0.8444327075430931,0.906832298136646,0.7857142857142857,8,46,5
R1_PCA_85__HAC_WARD__K3,538,0.8505867344006804,0.9181286549707602,0.8333333333333334,12,38,4
R1_PCA_85__HAC_WARD__K3,539,0.3940539178634417,0.6794425087108014,0.42857142857142855,12,33,5
R1_PCA_85__HAC_WARD__K3,540,1.0,1.0,1.0,11,35,5
R1_PCA_85__HAC_WARD__K3,541,0.5946678716674197,0.7873754152823921,0.5714285714285714,10,40,5
R1_PCA_85__HAC_WARD__K3,542,0.7276151840046363,0.8284883720930232,0.625,10,43,5
R1_PCA_85__HAC_WARD__K3,543,0.7605321674470361,0.8667570009033424,0.7222222222222222,11,41,5
R1_PCA_85__HAC_WARD__K3,544,1.0,1.0,1.0,11,35,4
R1_PCA_85__HAC_WARD__K3,545,0.682050576780474,0.8161068044788976,0.6111111111111112,11,43,5
R1_PCA_85__HAC_WARD__K3,546,0.682050576780474,0.8161068044788976,0.6111111111111112,11,43,5
R1_PCA_85__HAC_WARD__K3,547,0.6688967929249802,0.8290697674418605,0.65,9,43,4
R1_PCA_85__HAC_WARD__K3,548,0.2756149525469688,0.5846042120551924,0.18518518518518517,9,42,5
R1_PCA_85__HAC_WARD__K3,549,0.758856898415156,0.8706140350877193,0.7368421052631579,11,40,5
R1_PCA_85__HAC_WARD__K3,550,1.0,1.0,1.0,12,33,4
R1_PCA_85__HAC_WARD__K3,551,0.6589023214320855,0.7066293183940243,0.5294117647058824,9,41,5
R1_PCA_85__HAC_WARD__K3,552,1.0,1.0,1.0,10,36,5
R1_PCA_85__HAC_WARD__K3,553,0.9476022715822174,0.9716202270381838,0.9411764705882353,11,37,5
R1_PCA_85__HAC_WARD__K3,554,0.6465499089407949,0.7912457912457912,0.5555555555555556,10,44,5
R1_PCA_85__HAC_WARD__K3,555,0.7175521183591123,0.8368983957219251,0.6470588235294118,10,44,5
R1_PCA_85__HAC_WARD__K3,556,0.9472351081814301,0.9724724724724725,0.9444444444444444,11,36,5
R1_PCA_85__HAC_WARD__K3,557,0.8509422897857248,0.913109756097561,0.8125,11,41,5
R1_PCA_85__HAC_WARD__K3,558,0.6703290426862586,0.7557644110275689,0.631578947368421,12,39,5
R1_PCA_85__HAC_WARD__K3,559,0.7652582159624414,0.8613103778096605,0.7058823529411765,12,41,5
R1_PCA_85__HAC_WARD__K3,560,1.0,1.0,1.0,9,39,5
R1_PCA_85__HAC_WARD__K3,561,0.7683062219433315,0.8501291989664083,0.6666666666666666,10,43,5
R1_PCA_85__HAC_WARD__K3,562,0.49282973569698396,0.6834944504117436,0.3157894736842105,6,49,5
R1_PCA_85__HAC_WARD__K3,563,0.803060701804551,0.8925925925925925,0.7777777777777778,11,39,5
R1_PCA_85__HAC_WARD__K3,564,0.897005075003924,0.9420731707317073,0.875,10,41,5
R1_PCA_85__HAC_WARD__K3,565,0.8022489336952308,0.8898225957049486,0.7647058823529411,10,42,5
R1_PCA_85__HAC_WARD__K3,566,0.6407995296884186,0.7925925925925926,0.5555555555555556,10,45,5
R1_PCA_85__HAC_WARD__K3,567,0.758856898415156,0.8706140350877193,0.7368421052631579,11,40,4
R1_PCA_85__HAC_WARD__K3,568,1.0,1.0,1.0,11,37,5
R1_PCA_85__HAC_WARD__K3,569,0.6465499089407949,0.7912457912457912,0.5555555555555556,10,44,5
R1_PCA_85__HAC_WARD__K3,570,0.7957527541140331,0.8949181739879414,0.7777777777777778,8,43,5
R1_PCA_85__HAC_WARD__K3,571,0.7597939401554318,0.8579545454545454,0.6875,10,44,5
R1_PCA_85__HAC_WARD__K3,572,0.9470536327090892,0.9718451483157367,0.9411764705882353,10,38,5
R1_PCA_85__HAC_WARD__K3,573,0.9473595410831787,0.9708333333333333,0.9375,10,40,5
R1_PCA_85__HAC_WARD__K3,574,0.6772381993911271,0.8173400673400674,0.6111111111111112,10,44,5
R1_PCA_85__HAC_WARD__K3,575,1.0,1.0,1.0,11,36,5
R1_PCA_85__HAC_WARD__K3,576,0.7160743333169024,0.85,0.7,11,40,4
R1_PCA_85__HAC_WARD__K3,577,0.6705991859168039,0.8241626794258373,0.631578947368421,9,44,5
R1_PCA_85__HAC_WARD__K3,578,1.0,1.0,1.0,10,39,5
R1_PCA_85__HAC_WARD__K3,579,0.8095686780148527,0.8873805932629462,0.7647058823529411,13,39,5
R1_PCA_85__HAC_WARD__K3,580,0.8978365384615384,0.944944944944945,0.8888888888888888,12,36,5
R1_PCA_85__HAC_WARD__K3,581,0.8944708224843008,0.9486486486486486,0.9,10,37,5
R1_PCA_85__HAC_WARD__K3,582,0.5892364742797376,0.7847826086956523,0.55,8,46,5
R1_PCA_85__HAC_WARD__K3,583,0.7605321674470361,0.8667570009033424,0.7222222222222222,11,41,5
R1_PCA_85__HAC_WARD__K3,584,0.3611672499630305,0.6387959866220736,0.3076923076923077,11,34,5
R1_PCA_85__HAC_WARD__K3,585,0.6254538505637302,0.8074074074074074,0.6,8,45,5
R1_PCA_85__HAC_WARD__K3,586,0.7682981862033136,0.8602941176470589,0.7058823529411765,12,40,4
R1_PCA_85__HAC_WARD__K3,587,0.9470536327090892,0.9718451483157367,0.9411764705882353,10,39,5
R1_PCA_85__HAC_WARD__K3,588,0.6254538505637302,0.8074074074074074,0.6,8,45,5
R1_PCA_85__HAC_WARD__K3,589,0.6787762906309751,0.8108932461873639,0.5882352941176471,10,45,5
R1_PCA_85__HAC_WARD__K3,590,0.8005971392990112,0.8814814814814814,0.7333333333333333,9,45,5
R1_PCA_85__HAC_WARD__K3,591,0.6312710512320511,0.8060606060606061,0.6,9,44,5
R1_PCA_85__HAC_WARD__K3,592,0.2881088542693749,0.6512077294685991,0.36666666666666664,8,36,5
R1_PCA_85__HAC_WARD__K3,593,0.42712903512603545,0.6468253968253969,0.4166666666666667,14,32,5
R1_PCA_85__HAC_WARD__K3,594,0.8466109227058636,0.922972972972973,0.85,11,35,5
R1_PCA_85__HAC_WARD__K3,595,0.7118538877560068,0.8434343434343434,0.6666666666666666,9,44,5
R1_PCA_85__HAC_WARD__K3,596,0.7118538877560068,0.8434343434343434,0.6666666666666666,9,44,5
R1_PCA_85__HAC_WARD__K3,597,1.0,1.0,1.0,10,39,5
R1_PCA_85__HAC_WARD__K3,598,0.8072383949645948,0.888235294117647,0.7647058823529411,12,40,4
R1_PCA_85__HAC_WARD__K3,599,0.37026005556528924,0.6613355780022446,0.37037037037037035,11,34,5
R1_PCA_85__HAC_WARD__K3,600,0.7194759440713421,0.8231884057971014,0.6,9,46,5
R1_PCA_85__HAC_WARD__K3,601,0.8960795391219797,0.9468942626837364,0.8947368421052632,11,36,5
R1_PCA_85__HAC_WARD__K3,602,0.6388502018907167,0.799043062200957,0.5789473684210527,10,44,5
R1_PCA_85__HAC_WARD__K3,603,0.7646045855913617,0.8510101010101009,0.6666666666666666,10,44,5
R1_PCA_85__HAC_WARD__K3,604,0.4438858476396182,0.7048062015503875,0.44,11,33,5
R1_PCA_85__HAC_WARD__K3,605,0.6342193486590039,0.8095238095238096,0.6190476190476191,10,42,5
R1_PCA_85__HAC_WARD__K3,606,0.7291786711581933,0.8212121212121213,0.6,9,44,4
R1_PCA_85__HAC_WARD__K3,607,0.8509422897857248,0.913109756097561,0.8125,11,41,5
R1_PCA_85__HAC_WARD__K3,608,1.0,1.0,1.0,12,34,5
R1_PCA_85__HAC_WARD__K3,609,1.0,1.0,1.0,11,37,5
R1_PCA_85__HAC_WARD__K3,610,0.6705991859168039,0.8241626794258373,0.631578947368421,9,44,5
R1_PCA_85__HAC_WARD__K3,611,0.6388502018907167,0.799043062200957,0.5789473684210527,10,44,5
R1_PCA_85__HAC_WARD__K3,612,0.7975303419015413,0.8973042362002568,0.7894736842105263,9,41,5
R1_PCA_85__HAC_WARD__K3,613,0.683974663294843,0.8097147950089126,0.5882352941176471,10,44,5
R1_PCA_85__HAC_WARD__K3,614,0.720044416030149,0.8412698412698413,0.6666666666666666,11,42,5
R1_PCA_85__HAC_WARD__K3,615,1.0,1.0,1.0,12,35,5
R1_PCA_85__HAC_WARD__K3,616,0.6366041698587749,0.784874448277141,0.631578947368421,11,42,5
R1_PCA_85__HAC_WARD__K3,617,1.0,1.0,1.0,10,38,5
R1_PCA_85__HAC_WARD__K3,618,0.6668319286068418,0.8356060606060606,0.6818181818181818,10,38,5
R1_PCA_85__HAC_WARD__K3,619,0.750326864977064,0.8695286195286195,0.7222222222222222,8,44,5
R1_PCA_85__HAC_WARD__K3,620,0.720044416030149,0.8412698412698413,0.6666666666666666,11,42,5
R1_PCA_85__HAC_WARD__K3,621,0.853794592649242,0.9089430894308942,0.8,12,41,5
R1_PCA_85__HAC_WARD__K3,622,1.0,1.0,1.0,10,34,5
R1_PCA_85__HAC_WARD__K3,623,0.5204460966542751,0.6847058823529412,0.29411764705882354,5,50,5
R1_PCA_85__HAC_WARD__K3,624,0.7257876312718786,0.834733893557423,0.6470588235294118,11,42,5
R1_PCA_85__HAC_WARD__K3,625,0.7040321710631554,0.8534883720930232,0.7,8,42,5
R1_PCA_85__HAC_WARD__K3,626,0.9476022715822174,0.9716202270381838,0.9411764705882353,11,37,5
R1_PCA_85__HAC_WARD__K3,627,0.6855846401811362,0.8023148148148148,0.5625,9,45,5
R1_PCA_85__HAC_WARD__K3,628,0.9453307750939627,0.9739091318038686,0.9473684210526315,8,38,5
R1_PCA_85__HAC_WARD__K3,629,0.6465499089407949,0.7912457912457912,0.5555555555555556,10,44,5
R1_PCA_85__HAC_WARD__K3,630,0.6023862733871415,0.7818181818181819,0.55,10,44,5
R1_PCA_85__HAC_WARD__K3,631,0.2906692721055203,0.5817283950617284,0.18518518518518517,10,40,5
R1_PCA_85__HAC_WARD__K3,632,0.9472351081814301,0.9724724724724725,0.9444444444444444,11,37,5
R1_PCA_85__HAC_WARD__K3,633,0.6237948293936127,0.8124098124098125,0.6190476190476191,8,44,5
R1_PCA_85__HAC_WARD__K3,634,0.7890295358649789,0.8962962962962963,0.7777777777777778,6,45,5
R1_PCA_85__HAC_WARD__K3,635,0.6519553342678978,0.789836347975883,0.5555555555555556,10,43,4
R1_PCA_85__HAC_WARD__K3,636,0.6754093609621794,0.8229294165646674,0.631578947368421,10,43,5
R1_PCA_85__HAC_WARD__K3,637,0.94686522159092,0.973196881091618,0.9473684210526315,11,35,5
R1_PCA_85__HAC_WARD__K3,638,0.9477281865701649,0.9722222222222223,0.9444444444444444,12,35,4
R1_PCA_85__HAC_WARD__K3,639,1.0,1.0,1.0,11,33,5
R1_PCA_85__HAC_WARD__K3,640,0.5444781303798046,0.7853658536585365,0.6,9,34,5
R1_PCA_85__HAC_WARD__K3,641,0.8072383949645948,0.888235294117647,0.7647058823529411,12,40,5
R1_PCA_85__HAC_WARD__K3,642,0.6722971943826728,0.8161255411255411,0.7142857142857143,11,39,5
R1_PCA_85__HAC_WARD__K3,643,0.8978365384615384,0.944944944944945,0.8888888888888888,12,36,5
R1_PCA_85__HAC_WARD__K3,644,0.7634665334850811,0.8570736434108527,0.6875,11,43,5
R1_PCA_85__HAC_WARD__K3,645,0.6292001192175097,0.811000369139904,0.6190476190476191,9,43,5
R1_PCA_85__HAC_WARD__K3,646,1.0,1.0,1.0,12,35,5
R1_PCA_85__HAC_WARD__K3,647,0.6366272046388016,0.8046511627906977,0.6,10,43,5
R1_PCA_85__HAC_WARD__K3,648,0.7320216444056442,0.7660818713450293,0.6666666666666666,14,36,5
R1_PCA_85__HAC_WARD__K3,649,0.8472661545413466,0.9194444444444444,0.8333333333333334,10,40,5
R1_PCA_85__HAC_WARD__K3,650,0.9482189020532806,0.971957671957672,0.9444444444444444,13,34,5
R1_PCA_85__HAC_WARD__K3,651,0.8478151860461215,0.8988553701326487,0.875,7,41,5
R1_PCA_85__HAC_WARD__K3,652,0.5325306081149449,0.7593162393162394,0.56,12,30,5
R1_PCA_85__HAC_WARD__K3,653,0.7175521183591123,0.8368983957219251,0.6470588235294118,10,44,5
R1_PCA_85__HAC_WARD__K3,654,0.4226000023213616,0.7195121951219513,0.5,10,32,5
R1_PCA_85__HAC_WARD__K3,655,0.8051719655610099,0.8917378917378916,0.7777777777777778,12,37,5
R1_PCA_85__HAC_WARD__K3,656,0.77178159760352,0.8492063492063492,0.6666666666666666,10,42,4
R1_PCA_85__HAC_WARD__K3,657,0.8060070658195642,0.8849206349206349,0.75,11,42,5
R1_PCA_85__HAC_WARD__K3,658,0.6330919190369397,0.8003898635477583,0.5789473684210527,9,45,6
R1_PCA_85__HAC_WARD__K3,659,0.7574047533739401,0.8677248677248678,0.7222222222222222,10,42,5
R1_PCA_85__HAC_WARD__K3,660,0.7963707294006384,0.8912655971479501,0.7647058823529411,8,44,5
R1_PCA_85__HAC_WARD__K3,661,0.8958049783746181,0.9458689458689458,0.8888888888888888,10,39,5
R1_PCA_85__HAC_WARD__K3,662,0.6465499089407949,0.7912457912457912,0.5555555555555556,10,44,5
R1_PCA_85__HAC_WARD__K3,663,0.8944708224843008,0.9486486486486486,0.9,10,35,5
R1_PCA_85__HAC_WARD__K3,664,0.9001453389862417,0.9388888888888888,0.8666666666666667,12,40,4
R1_PCA_85__HAC_WARD__K3,665,1.0,1.0,1.0,9,35,5
R1_PCA_85__HAC_WARD__K3,666,0.5667043445497493,0.7453703703703702,0.4444444444444444,8,48,5
R1_PCA_85__HAC_WARD__K3,667,1.0,1.0,1.0,9,38,5
R1_PCA_85__HAC_WARD__K3,668,0.5201239296145345,0.7649572649572649,0.5769230769230769,11,32,5
R1_PCA_85__HAC_WARD__K3,669,0.947814588301967,0.9726522187822497,0.9473684210526315,13,34,5
R1_PCA_85__HAC_WARD__K3,670,0.6688967929249802,0.8290697674418605,0.65,9,43,5
R1_PCA_85__HAC_WARD__K3,671,0.6542236419673209,0.7946084724005136,0.5789473684210527,11,41,5
R1_PCA_85__HAC_WARD__K3,672,0.9461801047041599,0.972934472934473,0.9444444444444444,9,39,5
R1_PCA_85__HAC_WARD__K3,673,0.7218060685881045,0.8358413132694938,0.6470588235294118,11,43,5
R1_PCA_85__HAC_WARD__K3,674,0.8022489336952308,0.8898225957049486,0.7647058823529411,10,42,5
R1_PCA_85__HAC_WARD__K3,675,1.0,1.0,1.0,10,37,5
R1_PCA_85__HAC_WARD__K3,676,0.9482189020532806,0.971957671957672,0.9444444444444444,13,34,5
R1_PCA_85__HAC_WARD__K3,677,0.515834142157416,0.7660317460317461,0.56,9,32,5
R1_PCA_85__HAC_WARD__K3,678,0.4291071243980424,0.6769230769230768,0.3,6,52,5
R1_PCA_85__HAC_WARD__K3,679,0.36606428431239335,0.6041666666666666,0.20833333333333334,12,40,5
R1_PCA_85__HAC_WARD__K3,680,0.6110494462164123,0.7739234449760765,0.5263157894736842,10,44,5
R1_PCA_85__HAC_WARD__K3,681,0.8060070658195642,0.8849206349206349,0.75,11,42,5
R1_PCA_85__HAC_WARD__K3,682,0.8060070658195642,0.8849206349206349,0.75,11,42,5
R1_PCA_85__HAC_WARD__K3,683,0.8528013044069025,0.9125,0.8125,12,40,5
R1_PCA_85__HAC_WARD__K3,684,0.94686522159092,0.973196881091618,0.9473684210526315,11,35,5
R1_PCA_85__HAC_WARD__K3,685,1.0,1.0,1.0,11,35,5
R1_PCA_85__HAC_WARD__K3,686,0.7050033741444134,0.8534883720930232,0.7,8,43,5
R1_PCA_85__HAC_WARD__K3,687,0.7218060685881045,0.8358413132694938,0.6470588235294118,11,43,5
R1_PCA_85__HAC_WARD__K3,688,0.8960795391219797,0.9468942626837364,0.8947368421052632,11,36,5
R1_PCA_85__HAC_WARD__K3,689,0.6754093609621794,0.8229294165646674,0.631578947368421,10,43,5
R1_PCA_85__HAC_WARD__K3,690,1.0,1.0,1.0,11,35,5
R1_PCA_85__HAC_WARD__K3,691,0.7998981381925189,0.8964912280701753,0.7894736842105263,10,40,5
R1_PCA_85__HAC_WARD__K3,692,0.7072838474160763,0.8559814169570267,0.7142857142857143,9,41,5
R1_PCA_85__HAC_WARD__K3,693,0.9472351081814301,0.9724724724724725,0.9444444444444444,11,37,5
R1_PCA_85__HAC_WARD__K3,694,0.8964338055691256,0.9441176470588234,0.8823529411764706,10,40,5
R1_PCA_85__HAC_WARD__K3,695,0.6256700873028028,0.8173913043478261,0.6521739130434783,10,35,5
R1_PCA_85__HAC_WARD__K3,696,1.0,1.0,1.0,10,37,5
R1_PCA_85__HAC_WARD__K3,697,0.7574047533739401,0.8677248677248678,0.7222222222222222,10,42,5
R1_PCA_85__HAC_WARD__K3,698,0.6787762906309751,0.8108932461873639,0.5882352941176471,10,45,5
R1_PCA_85__HAC_WARD__K3,699,0.6135361442798395,0.7666666666666666,0.5,9,45,5
R1_PCA_85__HAC_WARD__K3,700,0.683974663294843,0.8097147950089126,0.5882352941176471,10,44,5
R1_PCA_85__HAC_WARD__K3,701,0.3594447198810114,0.6641975308641975,0.37037037037037035,10,35,5
R1_PCA_85__HAC_WARD__K3,702,0.6407995296884186,0.7925925925925926,0.5555555555555556,10,45,5
R1_PCA_85__HAC_WARD__K3,703,0.4113842173350582,0.7252593215587329,0.5172413793103449,9,32,4
R1_PCA_85__HAC_WARD__K3,704,0.7226593233674272,0.8401084010840107,0.6666666666666666,12,40,5
R1_PCA_85__HAC_WARD__K3,705,0.6388502018907167,0.799043062200957,0.5789473684210527,10,44,5
R1_PCA_85__HAC_WARD__K3,706,0.7218060685881045,0.8358413132694938,0.6470588235294118,11,43,5
R1_PCA_85__HAC_WARD__K3,707,0.7014472191475678,0.8502923976608187,0.6842105263157895,7,45,5
R1_PCA_85__HAC_WARD__K3,708,1.0,1.0,1.0,10,35,5
R1_PCA_85__HAC_WARD__K3,709,0.36345077097033474,0.6696770662287904,0.41379310344827586,11,31,5
R1_PCA_85__HAC_WARD__K3,710,0.8986889153754469,0.9432404540763674,0.8823529411764706,12,38,5
R1_PCA_85__HAC_WARD__K3,711,1.0,1.0,1.0,8,39,5
R1_PCA_85__HAC_WARD__K3,712,0.6381203372455905,0.8148148148148148,0.6666666666666666,13,29,5
R1_PCA_85__HAC_WARD__K3,713,0.7543693906471421,0.875,0.75,10,40,5
R1_PCA_85__HAC_WARD__K3,714,0.7077922077922078,0.8388746803069053,0.6470588235294118,8,46,5
R1_PCA_85__HAC_WARD__K3,715,0.6581483767526287,0.7642512077294686,0.4666666666666667,7,46,5
R1_PCA_85__HAC_WARD__K3,716,0.6953224818743338,0.7888263498019595,0.6666666666666666,12,40,5
R1_PCA_85__HAC_WARD__K3,717,0.8964338055691256,0.9441176470588234,0.8823529411764706,10,40,5
R1_PCA_85__HAC_WARD__K3,718,0.8553659242117443,0.8998211091234346,0.7692307692307693,10,43,5
R1_PCA_85__HAC_WARD__K3,719,0.4564382626503968,0.6733333333333333,0.3,6,50,5
R1_PCA_85__HAC_WARD__K3,720,0.8042687540569295,0.8947368421052632,0.7894736842105263,12,38,5
R1_PCA_85__HAC_WARD__K3,721,0.35553337296290893,0.6552777777777778,0.32,9,38,5
R1_PCA_85__HAC_WARD__K3,722,0.8971359419120614,0.9463937621832358,0.8947368421052632,12,34,5
R1_PCA_85__HAC_WARD__K3,723,0.6526386105544422,0.8217592592592592,0.6111111111111112,6,48,5
R1_PCA_85__HAC_WARD__K3,724,0.8439815089195757,0.9179206566347468,0.8235294117647058,8,43,6
R1_PCA_85__HAC_WARD__K3,725,0.7276151840046363,0.8284883720930232,0.625,10,43,5
R1_PCA_85__HAC_WARD__K3,726,0.5571808317475996,0.7290780141843971,0.5,9,47,5
R1_PCA_85__HAC_WARD__K3,727,1.0,1.0,1.0,12,35,5
R1_PCA_85__HAC_WARD__K3,728,0.8946547015216543,0.9462962962962962,0.8888888888888888,9,38,5
R1_PCA_85__HAC_WARD__K3,729,0.9469620888777304,0.973529411764706,0.95,12,34,5
R1_PCA_85__HAC_WARD__K3,730,0.750326864977064,0.8695286195286195,0.7222222222222222,8,44,5
R1_PCA_85__HAC_WARD__K3,731,0.6571209654247677,0.7916244511989192,0.6666666666666666,7,46,6
R1_PCA_85__HAC_WARD__K3,732,1.0,1.0,1.0,11,35,5
R1_PCA_85__HAC_WARD__K3,733,0.6737372776562351,0.8045212765957447,0.5625,9,47,5
R1_PCA_85__HAC_WARD__K3,734,0.7129205093452655,0.8379084967320262,0.6470588235294118,9,45,5
R1_PCA_85__HAC_WARD__K3,735,1.0,1.0,1.0,11,36,5
R1_PCA_85__HAC_WARD__K3,736,0.7634665334850811,0.8570736434108527,0.6875,11,43,5
R1_PCA_85__HAC_WARD__K3,737,0.6712031795736481,0.8319783197831977,0.6666666666666666,10,41,5
R1_PCA_85__HAC_WARD__K3,738,0.6485915473559434,0.7838779956427016,0.5294117647058824,9,45,5
R1_PCA_85__HAC_WARD__K3,739,0.688324142891393,0.818859649122807,0.631578947368421,12,40,5
R1_PCA_85__HAC_WARD__K3,740,1.0,1.0,1.0,9,38,5
R1_PCA_85__HAC_WARD__K3,741,0.6272563372939157,0.7232142857142857,0.35714285714285715,5,48,5
R1_PCA_85__HAC_WARD__K3,742,0.7483302681250605,0.876984126984127,0.75,8,42,5
R1_PCA_85__HAC_WARD__K3,743,0.7528231473852566,0.8725981620718463,0.7368421052631579,9,42,5
R1_PCA_85__HAC_WARD__K3,744,0.8518685629835828,0.9082934609250399,0.8947368421052632,11,37,5
R1_PCA_85__HAC_WARD__K3,745,0.4404282875798908,0.7048062015503875,0.44,11,36,5
R1_PCA_85__HAC_WARD__K3,746,0.9479549270028195,0.9706196581196581,0.9375,11,38,5
R1_PCA_85__HAC_WARD__K3,747,0.6311729763276887,0.8003898635477583,0.5789473684210527,9,44,5
R1_PCA_85__HAC_WARD__K3,748,0.3735317149569303,0.6789297658862877,0.38461538461538464,9,36,5
R1_PCA_85__HAC_WARD__K3,749,0.7138997934026393,0.824113475177305,0.6,9,47,5
R1_PCA_85__HAC_WARD__K3,750,0.945583926329008,0.9731481481481481,0.9444444444444444,8,40,5
R1_PCA_85__HAC_WARD__K3,751,0.7233255617178349,0.8295454545454546,0.625,10,44,5
R1_PCA_85__HAC_WARD__K3,752,1.0,1.0,1.0,11,34,5
R1_PCA_85__HAC_WARD__K3,753,0.6485915473559434,0.7838779956427016,0.5294117647058824,9,45,5
R1_PCA_85__HAC_WARD__K3,754,0.8487075235928233,0.9136904761904763,0.8125,10,41,5
R1_PCA_85__HAC_WARD__K3,755,0.6924614107396061,0.7925925925925926,0.5333333333333333,8,45,4
R1_PCA_85__HAC_WARD__K3,756,0.6485915473559434,0.7838779956427016,0.5294117647058824,9,45,5
R1_PCA_85__HAC_WARD__K3,757,0.7257876312718786,0.834733893557423,0.6470588235294118,11,42,4
R1_PCA_85__HAC_WARD__K3,758,0.6772381993911271,0.8173400673400674,0.6111111111111112,10,44,5
R1_PCA_85__HAC_WARD__K3,759,0.6278336059827062,0.7789115646258503,0.5,8,49,5
R1_PCA_85__HAC_WARD__K3,760,0.6423815864561537,0.7851662404092071,0.5294117647058824,9,46,5
R1_PCA_85__HAC_WARD__K3,761,0.94672454617206,0.9727095516569202,0.9444444444444444,10,37,5
R1_PCA_85__HAC_WARD__K3,762,0.6388502018907167,0.799043062200957,0.5789473684210527,10,44,5
R1_PCA_85__HAC_WARD__K3,763,0.36443914810401196,0.6920609462710505,0.4482758620689655,9,32,5
R1_PCA_85__HAC_WARD__K3,764,0.7181112929592761,0.8459563543003851,0.6842105263157895,11,41,5
R1_PCA_85__HAC_WARD__K3,765,0.5913912777753525,0.7708333333333334,0.5,8,48,5
R1_PCA_85__HAC_WARD__K3,766,0.6366272046388016,0.8046511627906977,0.6,10,43,5
R1_PCA_85__HAC_WARD__K3,767,0.804819274847304,0.8890483022477284,0.7647058823529411,11,41,5
R1_PCA_85__HAC_WARD__K3,768,0.6082888023792828,0.780232558139535,0.55,11,43,5
R1_PCA_85__HAC_WARD__K3,769,0.8505867344006804,0.9181286549707602,0.8333333333333334,12,38,4
R1_PCA_85__HAC_WARD__K3,770,0.3948247868261796,0.6965811965811964,0.4230769230769231,9,37,5
R1_PCA_85__HAC_WARD__K3,771,0.8439815089195757,0.9179206566347468,0.8235294117647058,8,43,5
R1_PCA_85__HAC_WARD__K3,772,0.6416573348264277,0.8031746031746031,0.6,11,42,5
R1_PCA_85__HAC_WARD__K3,773,0.7616583081559457,0.8695456590193432,0.7368421052631579,12,39,5
R1_PCA_85__HAC_WARD__K3,774,0.7528231473852566,0.8725981620718463,0.7368421052631579,9,42,5
R1_PCA_85__HAC_WARD__K3,775,0.6767320154841681,0.7452091767881242,0.6,15,35,5
R1_PCA_85__HAC_WARD__K3,776,0.6772381993911271,0.8173400673400674,0.6111111111111112,10,44,5
R1_PCA_85__HAC_WARD__K3,777,0.8463060011140542,0.921727395411606,0.8421052631578947,10,39,5
R1_PCA_85__HAC_WARD__K3,778,0.2947107070600513,0.6695652173913044,0.4,7,36,5
R1_PCA_85__HAC_WARD__K3,779,0.3614089738213622,0.6813966175668303,0.38461538461538464,8,38,5
R1_PCA_85__HAC_WARD__K3,780,0.7949503930241469,0.8980785296574769,0.7894736842105263,8,42,5
R1_PCA_85__HAC_WARD__K3,781,0.9463843827330217,0.9734471313418682,0.9473684210526315,10,36,5
R1_PCA_85__HAC_WARD__K3,782,0.682050576780474,0.8161068044788976,0.6111111111111112,11,43,5
R1_PCA_85__HAC_WARD__K3,783,0.4795516136979552,0.7162698412698413,0.4583333333333333,12,33,4
R1_PCA_85__HAC_WARD__K3,784,1.0,1.0,1.0,9,38,5
R1_PCA_85__HAC_WARD__K3,785,0.804819274847304,0.8890483022477284,0.7647058823529411,11,41,5
R1_PCA_85__HAC_WARD__K3,786,0.56784469003014,0.7655122655122656,0.5238095238095238,10,44,5
R1_PCA_85__HAC_WARD__K3,787,0.7986064966871073,0.8991452991452992,0.8,10,39,5
R1_PCA_85__HAC_WARD__K3,788,0.8489520489788622,0.9136904761904763,0.8125,10,42,5
R1_PCA_85__HAC_WARD__K3,789,1.0,1.0,1.0,8,37,5
R1_PCA_85__HAC_WARD__K3,790,0.9455690131624023,0.9743243243243244,0.95,9,36,5
R1_PCA_85__HAC_WARD__K3,791,0.6200371925132713,0.7962962962962964,0.5555555555555556,7,48,5
R1_PCA_85__HAC_WARD__K3,792,0.6389975238932729,0.8104118104118103,0.6363636363636364,12,32,5
R1_PCA_85__HAC_WARD__K3,793,0.6388502018907167,0.799043062200957,0.5789473684210527,10,44,5
R1_PCA_85__HAC_WARD__K3,794,0.7363235768280013,0.8017094017094016,0.5384615384615384,7,45,4
R1_PCA_85__HAC_WARD__K3,795,0.5979866434187584,0.7768878718535469,0.5263157894736842,9,46,5
R1_PCA_85__HAC_WARD__K3,796,0.8476787085237509,0.9210526315789473,0.8421052631578947,11,36,5
R1_PCA_85__HAC_WARD__K3,797,0.5632524097108347,0.7165861513687601,0.3888888888888889,7,46,4
R1_PCA_85__HAC_WARD__K3,798,0.8492159227985525,0.9203413940256046,0.8421052631578947,12,35,5
R1_PCA_85__HAC_WARD__K3,799,1.0,1.0,1.0,10,35,5
R1_PCA_85__HAC_WARD__K3,800,0.6772381993911271,0.8173400673400674,0.6111111111111112,10,44,5
R1_PCA_85__HAC_WARD__K3,801,0.5474097624836357,0.709483793517407,0.35294117647058826,6,49,5
R1_PCA_85__HAC_WARD__K3,802,0.7144394136369749,0.8471177944862155,0.6842105263157895,10,42,5
R1_PCA_85__HAC_WARD__K3,803,0.6792595231801273,0.8250000000000001,0.65,12,38,5
R1_PCA_85__HAC_WARD__K3,804,0.5386829094135085,0.6926713947990545,0.3333333333333333,6,47,4
R1_PCA_85__HAC_WARD__K3,805,0.7993311036789298,0.8964912280701753,0.7894736842105263,10,38,5
R1_PCA_85__HAC_WARD__K3,806,0.7985667247724192,0.8941798941798941,0.7777777777777778,9,42,5
R1_PCA_85__HAC_WARD__K3,807,0.8022489336952308,0.8898225957049486,0.7647058823529411,10,42,5
R1_PCA_85__HAC_WARD__K3,808,1.0,1.0,1.0,9,37,5
R1_PCA_85__HAC_WARD__K3,809,0.5889358432577795,0.762962962962963,0.6,9,44,5
R1_PCA_85__HAC_WARD__K3,810,0.5951241064121042,0.7207446808510638,0.375,6,47,4
R1_PCA_85__HAC_WARD__K3,811,0.9476022715822174,0.9716202270381838,0.9411764705882353,11,37,5
R1_PCA_85__HAC_WARD__K3,812,0.7129205093452655,0.8379084967320262,0.6470588235294118,9,45,5
R1_PCA_85__HAC_WARD__K3,813,0.7187017001545595,0.8305555555555556,0.625,10,45,5
R1_PCA_85__HAC_WARD__K3,814,0.617002756419556,0.7723378212974296,0.5263157894736842,10,43,5
R1_PCA_85__HAC_WARD__K3,815,0.6841660504911798,0.8202824133504493,0.631578947368421,12,41,5
R1_PCA_85__HAC_WARD__K3,816,0.6698724610297591,0.8319783197831977,0.6666666666666666,10,40,5
R1_PCA_85__HAC_WARD__K3,817,0.7129205093452655,0.8379084967320262,0.6470588235294118,9,45,5
R1_PCA_85__HAC_WARD__K3,818,0.46564458694264876,0.7234920634920634,0.48,11,36,5
R1_PCA_85__HAC_WARD__K3,819,0.6345694918231995,0.7938808373590982,0.5555555555555556,9,46,5
R1_PCA_85__HAC_WARD__K3,820,0.827105031591358,0.8151358789129687,0.7333333333333333,11,37,4
R1_PCA_85__HAC_WARD__K3,821,0.688828759180518,0.8084815321477429,0.5882352941176471,10,43,5
R1_PCA_85__HAC_WARD__K3,822,0.9007767251829569,0.9361207897793263,0.8571428571428571,12,41,4
R1_PCA_85__HAC_WARD__K3,823,0.4270205066344994,0.6837209302325582,0.4,12,36,5
R1_PCA_85__HAC_WARD__K3,824,0.750326864977064,0.8695286195286195,0.7222222222222222,8,44,5
R1_PCA_85__HAC_WARD__K3,825,0.94672454617206,0.9727095516569202,0.9444444444444444,10,37,5
R1_PCA_85__HAC_WARD__K3,826,0.5570339500447541,0.7079248366013072,0.35294117647058826,6,48,5
R1_PCA_85__HAC_WARD__K3,827,1.0,1.0,1.0,12,33,4
R1_PCA_85__HAC_WARD__K3,828,0.8937971600023765,0.9449112978524742,0.8823529411764706,8,42,5
R1_PCA_85__HAC_WARD__K3,829,0.8517200474495848,0.9155354449472096,0.8235294117647058,12,39,5
R1_PCA_85__HAC_WARD__K3,830,0.7597939401554318,0.8579545454545454,0.6875,10,44,5
R1_PCA_85__HAC_WARD__K3,831,1.0,1.0,1.0,11,39,5
R1_PCA_85__HAC_WARD__K3,832,0.5478854952392729,0.7888239116309292,0.6296296296296297,10,29,5
R1_PCA_85__HAC_WARD__K3,833,1.0,1.0,1.0,9,40,5
R1_PCA_85__HAC_WARD__K3,834,0.7985667247724192,0.8941798941798941,0.7777777777777778,9,42,5
R1_PCA_85__HAC_WARD__K3,835,0.5195611666582732,0.7416666666666667,0.5833333333333334,12,32,5
R1_PCA_85__HAC_WARD__K3,836,0.853794592649242,0.9089430894308942,0.8,12,41,5
R1_PCA_85__HAC_WARD__K3,837,0.9482189020532806,0.971957671957672,0.9444444444444444,13,35,4
R1_PCA_85__HAC_WARD__K3,838,1.0,1.0,1.0,10,38,5
R1_PCA_85__HAC_WARD__K3,839,0.688828759180518,0.8084815321477429,0.5882352941176471,10,43,5
R1_PCA_85__HAC_WARD__K3,840,0.896880088780752,0.94541910331384,0.8888888888888888,11,36,5
R1_PCA_85__HAC_WARD__K3,841,0.6262098619720762,0.811000369139904,0.6190476190476191,9,41,5
R1_PCA_85__HAC_WARD__K3,842,0.8509422897857248,0.913109756097561,0.8125,11,41,5
R1_PCA_85__HAC_WARD__K3,843,0.949226759600724,0.9678571428571429,0.9285714285714286,12,40,5
R1_PCA_85__HAC_WARD__K3,844,0.5946271280356153,0.7601626016260162,0.6666666666666666,12,38,5
R1_PCA_85__HAC_WARD__K3,845,0.7295909667707016,0.8335724533715925,0.6470588235294118,11,41,4
R1_PCA_85__HAC_WARD__K3,846,0.6571360067134209,0.7883597883597884,0.5555555555555556,10,42,5
R1_PCA_85__HAC_WARD__K3,847,0.3981957162374248,0.6913043478260869,0.4,9,38,5
R1_PCA_85__HAC_WARD__K3,848,0.5901392086533952,0.8010526315789473,0.64,11,31,5
R1_PCA_85__HAC_WARD__K3,849,0.7559382110646351,0.8716302952503209,0.7368421052631579,10,41,5
R1_PCA_85__HAC_WARD__K3,850,0.8954300940123674,0.9481481481481482,0.9,11,36,5
R1_PCA_85__HAC_WARD__K3,851,0.721621067498918,0.8447368421052631,0.6842105263157895,12,40,5
R1_PCA_85__HAC_WARD__K3,852,0.3446549344768987,0.6716931216931217,0.39285714285714285,9,35,5
R1_PCA_85__HAC_WARD__K3,853,0.6330919190369397,0.8003898635477583,0.5789473684210527,9,45,5
R1_PCA_85__HAC_WARD__K3,854,0.4627151533479499,0.7276422764227642,0.5,11,33,5
R1_PCA_85__HAC_WARD__K3,855,0.8524647619612766,0.9053156146179401,0.7857142857142857,11,43,5
R1_PCA_85__HAC_WARD__K3,856,0.897005075003924,0.9420731707317073,0.875,10,41,5
R1_PCA_85__HAC_WARD__K3,857,1.0,1.0,1.0,9,37,5
R1_PCA_85__HAC_WARD__K3,858,0.7652582159624414,0.8613103778096605,0.7058823529411765,12,41,5
R1_PCA_85__HAC_WARD__K3,859,1.0,1.0,1.0,10,39,5
R1_PCA_85__HAC_WARD__K3,860,1.0,1.0,1.0,10,35,5
R1_PCA_85__HAC_WARD__K3,861,0.6312710512320511,0.8060606060606061,0.6,9,44,5
R1_PCA_85__HAC_WARD__K3,862,1.0,1.0,1.0,12,35,5
R1_PCA_85__HAC_WARD__K3,863,0.8463060011140542,0.921727395411606,0.8421052631578947,10,39,5
R1_PCA_85__HAC_WARD__K3,864,0.891155547207824,0.9500000000000001,0.9,7,39,5
R1_PCA_85__HAC_WARD__K3,865,0.7574047533739401,0.8677248677248678,0.7222222222222222,10,42,5
R1_PCA_85__HAC_WARD__K3,866,0.5915892220468759,0.7533011272141706,0.5555555555555556,9,46,5
R1_PCA_85__HAC_WARD__K3,867,0.8228789757344197,0.870940170940171,0.8461538461538461,13,35,4
R1_PCA_85__HAC_WARD__K3,868,0.8489637615541014,0.9188034188034188,0.8333333333333334,11,39,5
R1_PCA_85__HAC_WARD__K3,869,0.683974663294843,0.8097147950089126,0.5882352941176471,10,44,4
R1_PCA_85__HAC_WARD__K3,870,0.7514675783270731,0.8760162601626016,0.75,9,41,5
R1_PCA_85__HAC_WARD__K3,871,0.6388502018907167,0.799043062200957,0.5789473684210527,10,44,5
R1_PCA_85__HAC_WARD__K3,872,0.48768823420748353,0.7492877492877493,0.5555555555555556,11,31,5
R1_PCA_85__HAC_WARD__K3,873,0.3287743823967297,0.637669801462905,0.3448275862068966,11,34,5
R1_PCA_85__HAC_WARD__K3,874,0.8509422897857248,0.913109756097561,0.8125,11,41,5
R1_PCA_85__HAC_WARD__K3,875,0.6376316913203739,0.8031746031746031,0.6,11,39,5
R1_PCA_85__HAC_WARD__K3,876,0.8070227035933671,0.8801033591731265,0.7333333333333333,11,43,5
R1_PCA_85__HAC_WARD__K3,877,0.6312710512320511,0.8060606060606061,0.6,9,44,5
R1_PCA_85__HAC_WARD__K3,878,0.6772381993911271,0.8173400673400674,0.6111111111111112,10,44,5
R1_PCA_85__HAC_WARD__K3,879,0.2834458118300913,0.6581439393939394,0.40625,8,32,4
R1_PCA_85__HAC_WARD__K3,880,0.9467105900591029,0.9710365853658537,0.9375,9,40,5
R1_PCA_85__HAC_WARD__K3,881,0.8011278421021057,0.8934056007226738,0.7777777777777778,10,41,5
R1_PCA_85__HAC_WARD__K3,882,1.0,1.0,1.0,11,37,5
R1_PCA_85__HAC_WARD__K3,883,0.3698778970123618,0.616681455190772,0.21739130434782608,11,41,5
R1_PCA_85__HAC_WARD__K3,884,0.8035088779979066,0.8925925925925925,0.7777777777777778,11,40,5
R1_PCA_85__HAC_WARD__K3,885,0.3819287746492691,0.7037037037037036,0.4444444444444444,8,37,5
R1_PCA_85__HAC_WARD__K3,886,0.7574047533739401,0.8677248677248678,0.7222222222222222,10,42,5
R1_PCA_85__HAC_WARD__K3,887,0.6389812010251756,0.807975222609369,0.6190476190476191,11,41,5
R1_PCA_85__HAC_WARD__K3,888,0.6772381993911271,0.8173400673400674,0.6111111111111112,10,44,5
R1_PCA_85__HAC_WARD__K3,889,0.7500245074012352,0.878968253968254,0.7619047619047619,9,40,5
R1_PCA_85__HAC_WARD__K3,890,0.6139308855291576,0.7785714285714285,0.55,11,42,5
R1_PCA_85__HAC_WARD__K3,891,0.89563200618477,0.9424603174603176,0.875,9,42,6
R1_PCA_85__HAC_WARD__K3,892,0.7540335894401389,0.8686477174849268,0.7222222222222222,9,43,5
R1_PCA_85__HAC_WARD__K3,893,0.688828759180518,0.8084815321477429,0.5882352941176471,10,43,5
R1_PCA_85__HAC_WARD__K3,894,0.721621067498918,0.8447368421052631,0.6842105263157895,12,40,4
R1_PCA_85__HAC_WARD__K3,895,0.567506581421587,0.725,0.375,6,50,5
R1_PCA_85__HAC_WARD__K3,896,0.6345694918231995,0.7938808373590982,0.5555555555555556,9,46,5
R1_PCA_85__HAC_WARD__K3,897,0.6373772894045363,0.7805770887166236,0.6111111111111112,11,43,4
R1_PCA_85__HAC_WARD__K3,898,0.7668806085013861,0.8561507936507936,0.6875,11,42,5
R1_PCA_85__HAC_WARD__K3,899,1.0,1.0,1.0,13,35,5
R1_PCA_85__HAC_WARD__K3,900,0.758856898415156,0.8706140350877193,0.7368421052631579,11,40,5
R1_PCA_85__HAC_WARD__K3,901,0.7615894039735099,0.8638146167557933,0.8,10,30,5
R1_PCA_85__HAC_WARD__K3,902,1.0,1.0,1.0,10,37,5
R1_PCA_85__HAC_WARD__K3,903,0.6798946204408652,0.8216374269005847,0.631578947368421,11,42,5
R1_PCA_85__HAC_WARD__K3,904,0.4481483025633057,0.6933977455716587,0.391304347826087,11,38,5
R1_PCA_85__HAC_WARD__K3,905,0.758856898415156,0.8706140350877193,0.7368421052631579,11,40,5
R1_PCA_85__HAC_WARD__K3,906,0.8934717290357825,0.9491228070175438,0.9,9,36,5
R1_PCA_85__HAC_WARD__K3,907,0.3702437348264227,0.7139498432601882,0.4827586206896552,7,33,5
R1_PCA_85__HAC_WARD__K3,908,0.8011278421021057,0.8934056007226738,0.7777777777777778,10,41,5
R1_PCA_85__HAC_WARD__K3,909,0.7483302681250605,0.876984126984127,0.75,8,42,5
R1_PCA_85__HAC_WARD__K3,910,0.683974663294843,0.8097147950089126,0.5882352941176471,10,44,5
R1_PCA_85__HAC_WARD__K3,911,0.8489520489788622,0.9136904761904763,0.8125,10,42,5
R1_PCA_85__HAC_WARD__K3,912,0.5191811457078961,0.6961451247165532,0.3333333333333333,6,49,5
R1_PCA_85__HAC_WARD__K3,913,0.750972533301898,0.8649237472766885,0.7058823529411765,8,45,5
R1_PCA_85__HAC_WARD__K3,914,0.8063928746993069,0.8937885253674728,0.7894736842105263,13,37,5
R1_PCA_85__HAC_WARD__K3,915,0.8472661545413466,0.9194444444444444,0.8333333333333334,10,40,5
R1_PCA_85__HAC_WARD__K3,916,1.0,1.0,1.0,11,38,5
R1_PCA_85__HAC_WARD__K3,917,1.0,1.0,1.0,12,34,5
R1_PCA_85__HAC_WARD__K3,918,0.5140449655151108,0.7673076923076924,0.5769230769230769,10,33,5
R1_PCA_85__HAC_WARD__K3,919,0.8986889153754469,0.9432404540763674,0.8823529411764706,12,38,4
R1_PCA_85__HAC_WARD__K3,920,0.8496023138105567,0.9100775193798448,0.8,10,43,5
R1_PCA_85__HAC_WARD__K3,921,0.6110494462164123,0.7739234449760765,0.5263157894736842,10,44,5
R1_PCA_85__HAC_WARD__K3,922,0.7605893186003683,0.8518518518518517,0.6666666666666666,10,45,5
R1_PCA_85__HAC_WARD__K3,923,0.32727876800175215,0.6664050235478807,0.34615384615384615,7,39,6
R1_PCA_85__HAC_WARD__K3,924,0.6416573348264277,0.8031746031746031,0.6,11,42,5
R1_PCA_85__HAC_WARD__K3,925,0.7620883933123309,0.8622782446311859,0.7058823529411765,11,42,5
R1_PCA_85__HAC_WARD__K3,926,0.720554774237071,0.8447368421052631,0.6842105263157895,12,39,5
R1_PCA_85__HAC_WARD__K3,927,0.9464615983646452,0.9720588235294118,0.9411764705882353,9,40,5
R1_PCA_85__HAC_WARD__K3,928,0.8938104925713581,0.9497354497354498,0.9047619047619048,10,34,5
R1_PCA_85__HAC_WARD__K3,929,0.896880088780752,0.94541910331384,0.8888888888888888,11,38,5
R1_PCA_85__HAC_WARD__K3,930,0.6407995296884186,0.7925925925925926,0.5555555555555556,10,45,5
R1_PCA_85__HAC_WARD__K3,931,0.9481245011971269,0.9713831478537361,0.9411764705882353,12,37,5
R1_PCA_85__HAC_WARD__K3,932,0.7540335894401389,0.8686477174849268,0.7222222222222222,9,43,5
R1_PCA_85__HAC_WARD__K3,933,0.6080736821477563,0.7668109668109668,0.5909090909090909,9,40,5
R1_PCA_85__HAC_WARD__K3,934,0.3168264800188882,0.5595867976820358,0.14814814814814814,12,38,5
R1_PCA_85__HAC_WARD__K3,935,0.8070227035933671,0.8801033591731265,0.7333333333333333,11,43,5
R1_PCA_85__HAC_WARD__K3,936,1.0,1.0,1.0,10,36,5
R1_PCA_85__HAC_WARD__K3,937,0.9476022715822174,0.9716202270381838,0.9411764705882353,11,38,5
R1_PCA_85__HAC_WARD__K3,938,1.0,1.0,1.0,10,36,5
R1_PCA_85__HAC_WARD__K3,939,0.8509422897857248,0.913109756097561,0.8125,11,41,5
R1_PCA_85__HAC_WARD__K3,940,0.6082888023792828,0.780232558139535,0.55,11,43,5
R1_PCA_85__HAC_WARD__K3,941,0.6543778801843319,0.7825311942959002,0.5294117647058824,9,44,5
R1_PCA_85__HAC_WARD__K3,942,0.5553873805694826,0.7624113475177304,0.5,8,47,5
R1_PCA_85__HAC_WARD__K3,943,0.531323348083796,0.6830732292917167,0.29411764705882354,5,49,5
R1_PCA_85__HAC_WARD__K3,944,0.8011278421021057,0.8934056007226738,0.7777777777777778,10,41,5
R1_PCA_85__HAC_WARD__K3,945,1.0,1.0,1.0,9,39,5
R1_PCA_85__HAC_WARD__K3,946,0.9482807477147635,0.9694444444444444,0.9333333333333333,11,40,5
R1_PCA_85__HAC_WARD__K3,947,0.7579359759276638,0.8632010943912448,0.7058823529411765,10,42,5
R1_PCA_85__HAC_WARD__K3,948,0.5775654773510106,0.723639455782313,0.375,6,49,5
R1_PCA_85__HAC_WARD__K3,949,0.947337054536531,0.9729323308270676,0.9473684210526315,12,34,5
R1_PCA_85__HAC_WARD__K3,950,0.7589780670040974,0.8579545454545454,0.6875,10,43,5
R1_PCA_85__HAC_WARD__K3,951,0.673109419272542,0.8120204603580562,0.5882352941176471,9,46,5
R1_PCA_85__HAC_WARD__K3,952,0.7129205093452655,0.8379084967320262,0.6470588235294118,9,45,5
R1_PCA_85__HAC_WARD__K3,953,0.4606029585487892,0.7398446833930704,0.5806451612903226,11,31,5
R1_PCA_85__HAC_WARD__K3,954,0.5439406513994542,0.7290033594624861,0.42105263157894735,8,47,4
R1_PCA_85__HAC_WARD__K3,955,1.0,1.0,1.0,9,37,5
R1_PCA_85__HAC_WARD__K3,956,0.7634665334850811,0.8570736434108527,0.6875,11,43,5
R1_PCA_85__HAC_WARD__K3,957,0.947814588301967,0.9726522187822497,0.9473684210526315,13,33,5
R1_PCA_85__HAC_WARD__K3,958,0.7668806085013861,0.8561507936507936,0.6875,11,42,5
R1_PCA_85__HAC_WARD__K3,959,1.0,1.0,1.0,13,36,5
R1_PCA_85__HAC_WARD__K3,960,0.43319120940295297,0.7133393556157784,0.48148148148148145,11,33,5
R1_PCA_85__HAC_WARD__K3,961,0.7233255617178349,0.8295454545454546,0.625,10,44,5
R1_PCA_85__HAC_WARD__K3,962,0.7605321674470361,0.8667570009033424,0.7222222222222222,11,41,5
R1_PCA_85__HAC_WARD__K3,963,0.7609387750410886,0.8695456590193432,0.7368421052631579,12,38,5
R1_PCA_85__HAC_WARD__K3,964,0.5165661896691053,0.6689814814814814,0.2777777777777778,5,48,5
R1_PCA_85__HAC_WARD__K3,965,0.9470536327090892,0.9718451483157367,0.9411764705882353,10,38,5
R1_PCA_85__HAC_WARD__K3,966,0.8035088779979066,0.8925925925925925,0.7777777777777778,11,40,5
R1_PCA_85__HAC_WARD__K3,967,0.46410720949432804,0.7276422764227642,0.5,11,32,5
R1_PCA_85__HAC_WARD__K3,968,0.6598676747001497,0.7811217510259918,0.5294117647058824,9,43,4
R1_PCA_85__HAC_WARD__K3,969,0.9500096135358584,0.9590909090909091,0.9,9,44,4
R1_PCA_85__HAC_WARD__K3,970,0.7257876312718786,0.834733893557423,0.6470588235294118,11,42,5
R1_PCA_85__HAC_WARD__K3,971,0.8928619462459234,0.9502359502359502,0.9047619047619048,9,35,5
R1_PCA_85__HAC_WARD__K3,972,0.7316701067935026,0.8273809523809524,0.625,10,42,5
R1_PCA_85__HAC_WARD__K3,973,0.5081896737027642,0.6977777777777777,0.3333333333333333,6,50,5
R1_PCA_85__HAC_WARD__K3,974,1.0,1.0,1.0,12,33,4
R1_PCA_85__HAC_WARD__K3,975,0.8988692921130951,0.9392953929539295,0.8666666666666667,11,41,5
R1_PCA_85__HAC_WARD__K3,976,0.8078138455340742,0.8744588744588745,0.7142857142857143,10,44,4
R1_PCA_85__HAC_WARD__K3,977,0.7634665334850811,0.8570736434108527,0.6875,11,43,5
R1_PCA_85__HAC_WARD__K3,978,0.3585983563987413,0.6641975308641975,0.37037037037037035,10,36,5
R1_PCA_85__HAC_WARD__K3,979,0.7668806085013861,0.8561507936507936,0.6875,11,42,4
R1_PCA_85__HAC_WARD__K3,980,0.617002756419556,0.7723378212974296,0.5263157894736842,10,43,5
R1_PCA_85__HAC_WARD__K3,981,0.9455690131624023,0.9743243243243244,0.95,9,37,5
R1_PCA_85__HAC_WARD__K3,982,0.8079881838882392,0.8908382066276803,0.7777777777777778,13,38,5
R1_PCA_85__HAC_WARD__K3,983,0.6802248967758939,0.8250000000000001,0.65,12,39,5
R1_PCA_85__HAC_WARD__K3,984,0.7701184021912119,0.8551829268292682,0.6875,11,41,4
R1_PCA_85__HAC_WARD__K3,985,0.6237948293936127,0.8124098124098125,0.6190476190476191,8,44,5
R1_PCA_85__HAC_WARD__K3,986,0.4852349674708487,0.7137533875338754,0.4583333333333333,13,34,5
R1_PCA_85__HAC_WARD__K3,987,0.9465038229579349,0.9738095238095239,0.95,11,34,5
R1_PCA_85__HAC_WARD__K3,988,0.9485144593637423,0.9703947368421053,0.9375,12,38,5
R1_PCA_85__HAC_WARD__K3,989,0.3787716342472048,0.6812570145903479,0.4074074074074074,10,35,5
R1_PCA_85__HAC_WARD__K3,990,0.6280542091205856,0.8137472283813748,0.6363636363636364,10,38,5
R1_PCA_85__HAC_WARD__K3,991,0.8937971600023765,0.9449112978524742,0.8823529411764706,8,42,5
R1_PCA_85__HAC_WARD__K3,992,0.8517200474495848,0.9155354449472096,0.8235294117647058,12,39,5
R1_PCA_85__HAC_WARD__K3,993,0.9490542767897279,0.9701576576576576,0.9375,13,37,5
R1_PCA_85__HAC_WARD__K3,994,0.7620883933123309,0.8622782446311859,0.7058823529411765,11,42,5
R1_PCA_85__HAC_WARD__K3,995,0.8489637615541014,0.9188034188034188,0.8333333333333334,11,39,5
R1_PCA_85__HAC_WARD__K3,996,0.6772381993911271,0.8173400673400674,0.6111111111111112,10,44,5
R1_PCA_85__HAC_WARD__K3,997,0.6668326401499619,0.8130997079682937,0.5882352941176471,8,47,5
R1_PCA_85__HAC_WARD__K3,998,0.5960864679050704,0.7833333333333333,0.55,9,45,5
R1_PCA_85__HAC_WARD__K3,999,1.0,1.0,1.0,12,35,5
R1_PCA_85__HAC_WARD__K3,1000,0.6200371925132713,0.7962962962962964,0.5555555555555556,7,48,5
R1_PCA_85__KMEANS__K2,1,0.7405783826223502,0.8372641509433962,0.75,16,49,5
R1_PCA_85__KMEANS__K2,2,0.8620480557871598,0.9097035040431267,0.8571428571428571,12,53,5
R1_PCA_85__KMEANS__K2,3,0.8444710305930611,0.8912337662337663,0.8181818181818182,9,56,4
R1_PCA_85__KMEANS__K2,4,0.8113406284744572,0.8866666666666667,0.8333333333333334,18,47,5
R1_PCA_85__KMEANS__K2,5,0.7462562396006656,0.8438914027149321,0.7647058823529411,17,48,5
R1_PCA_85__KMEANS__K2,6,0.8657432072456047,0.9141025641025642,0.8666666666666667,15,50,5
R1_PCA_85__KMEANS__K2,7,0.8657432072456047,0.9141025641025642,0.8666666666666667,15,50,5
R1_PCA_85__KMEANS__K2,8,0.8687163375224417,0.9178921568627452,0.875,16,49,5
R1_PCA_85__KMEANS__K2,9,0.7994276471320144,0.8716981132075472,0.8,15,50,5
R1_PCA_85__KMEANS__K2,10,0.9350162459385154,0.9603841536614646,0.9411764705882353,17,48,5
R1_PCA_85__KMEANS__K2,11,0.8082048353321911,0.8823529411764706,0.8235294117647058,17,48,5
R1_PCA_85__KMEANS__K2,12,0.7933783662535089,0.8650793650793651,0.7857142857142857,11,54,5
R1_PCA_85__KMEANS__K2,13,0.9308780645858084,0.9546703296703296,0.9285714285714286,13,52,5
R1_PCA_85__KMEANS__K2,14,0.7933783662535089,0.8650793650793651,0.7857142857142857,11,54,4
R1_PCA_85__KMEANS__K2,15,0.42374957687905995,0.6475563909774436,0.47368421052631576,19,46,5
R1_PCA_85__KMEANS__K2,16,1.0,1.0,1.0,15,50,5
R1_PCA_85__KMEANS__K2,17,0.8574499377757665,0.9045584045584045,0.8461538461538461,11,54,5
R1_PCA_85__KMEANS__K2,18,0.8657432072456047,0.9141025641025642,0.8666666666666667,13,52,5
R1_PCA_85__KMEANS__K2,19,1.0,1.0,1.0,12,53,5
R1_PCA_85__KMEANS__K2,20,1.0,1.0,1.0,14,51,5
R1_PCA_85__KMEANS__K2,21,0.8620480557871598,0.9097035040431267,0.8571428571428571,12,53,5
R1_PCA_85__KMEANS__K2,22,0.8657432072456047,0.9141025641025642,0.8666666666666667,13,52,5
R1_PCA_85__KMEANS__K2,23,1.0,1.0,1.0,16,49,5
R1_PCA_85__KMEANS__K2,24,0.8042929292929293,0.8774038461538461,0.8125,13,52,5
R1_PCA_85__KMEANS__K2,25,0.7933783662535089,0.8650793650793651,0.7857142857142857,11,54,5
R1_PCA_85__KMEANS__K2,26,1.0,1.0,1.0,14,51,5
R1_PCA_85__KMEANS__K2,27,0.9261606184048209,0.9490740740740741,0.9166666666666666,11,54,5
R1_PCA_85__KMEANS__K2,28,0.7335181568059144,0.8296296296296296,0.7333333333333333,15,50,5
R1_PCA_85__KMEANS__K2,29,0.7335181568059144,0.8296296296296296,0.7333333333333333,15,50,5
R1_PCA_85__KMEANS__K2,30,0.8444710305930611,0.8912337662337663,0.8181818181818182,9,56,5
R1_PCA_85__KMEANS__K2,31,0.750814057166649,0.8496732026143791,0.7777777777777778,18,47,5
R1_PCA_85__KMEANS__K2,32,0.8620480557871598,0.9097035040431267,0.8571428571428571,12,53,5
R1_PCA_85__KMEANS__K2,33,0.9339263024142312,0.95875,0.9375,16,49,5
R1_PCA_85__KMEANS__K2,34,0.8574499377757665,0.9045584045584045,0.8461538461538461,13,52,5
R1_PCA_85__KMEANS__K2,35,0.9261606184048209,0.9490740740740741,0.9166666666666666,12,53,5
R1_PCA_85__KMEANS__K2,36,0.8042929292929293,0.8774038461538461,0.8125,16,49,5
R1_PCA_85__KMEANS__K2,37,0.7405783826223502,0.8372641509433962,0.75,16,49,5
R1_PCA_85__KMEANS__K2,38,0.8620480557871598,0.9097035040431267,0.8571428571428571,12,53,4
R1_PCA_85__KMEANS__K2,39,1.0,1.0,1.0,16,49,5
R1_PCA_85__KMEANS__K2,40,0.8113406284744572,0.8866666666666667,0.8333333333333334,18,47,4
R1_PCA_85__KMEANS__K2,41,1.0,1.0,1.0,11,54,5
R1_PCA_85__KMEANS__K2,42,1.0,1.0,1.0,14,51,5
R1_PCA_85__KMEANS__K2,43,0.8620480557871598,0.9097035040431267,0.8571428571428571,12,53,5
R1_PCA_85__KMEANS__K2,44,1.0,1.0,1.0,13,52,5
R1_PCA_85__KMEANS__K2,45,0.8082048353321911,0.8823529411764706,0.8235294117647058,17,48,5
R1_PCA_85__KMEANS__K2,46,0.9339263024142312,0.95875,0.9375,16,49,5
R1_PCA_85__KMEANS__K2,47,0.8574499377757665,0.9045584045584045,0.8461538461538461,13,52,5
R1_PCA_85__KMEANS__K2,48,0.8444710305930611,0.8912337662337663,0.8181818181818182,9,56,5
R1_PCA_85__KMEANS__K2,49,0.8233428959685943,0.8716475095785441,0.7777777777777778,7,58,5
R1_PCA_85__KMEANS__K2,50,1.0,1.0,1.0,15,50,5
R1_PCA_85__KMEANS__K2,51,0.8574499377757665,0.9045584045584045,0.8461538461538461,11,54,5
R1_PCA_85__KMEANS__K2,52,0.9261606184048209,0.9490740740740741,0.9166666666666666,11,54,5
R1_PCA_85__KMEANS__K2,53,1.0,1.0,1.0,14,51,5
R1_PCA_85__KMEANS__K2,54,0.8620480557871598,0.9097035040431267,0.8571428571428571,12,53,5
R1_PCA_85__KMEANS__K2,55,1.0,1.0,1.0,13,52,5
R1_PCA_85__KMEANS__K2,56,0.9261606184048209,0.9490740740740741,0.9166666666666666,11,54,5
R1_PCA_85__KMEANS__K2,57,0.7994276471320144,0.8716981132075472,0.8,15,50,5
R1_PCA_85__KMEANS__K2,58,0.7335181568059144,0.8296296296296296,0.7333333333333333,15,50,5
R1_PCA_85__KMEANS__K2,59,0.8574499377757665,0.9045584045584045,0.8461538461538461,11,54,5
R1_PCA_85__KMEANS__K2,60,0.9187261893132753,0.9410714285714286,0.9,9,56,5
R1_PCA_85__KMEANS__K2,61,1.0,1.0,1.0,13,52,5
R1_PCA_85__KMEANS__K2,62,0.9261606184048209,0.9490740740740741,0.9166666666666666,11,54,5
R1_PCA_85__KMEANS__K2,63,0.6913897747145356,0.813034188034188,0.7222222222222222,18,47,5
R1_PCA_85__KMEANS__K2,64,0.8574499377757665,0.9045584045584045,0.8461538461538461,11,54,5
R1_PCA_85__KMEANS__K2,65,0.7247304362918447,0.8207792207792208,0.7142857142857143,14,51,5
R1_PCA_85__KMEANS__K2,66,0.7994276471320144,0.8716981132075472,0.8,15,50,5
R1_PCA_85__KMEANS__K2,67,0.9308780645858084,0.9546703296703296,0.9285714285714286,13,52,5
R1_PCA_85__KMEANS__K2,68,0.8574499377757665,0.9045584045584045,0.8461538461538461,11,54,5
R1_PCA_85__KMEANS__K2,69,0.8574499377757665,0.9045584045584045,0.8461538461538461,11,54,5
R1_PCA_85__KMEANS__K2,70,0.8517043139740166,0.8984848484848484,0.8333333333333334,10,55,5
R1_PCA_85__KMEANS__K2,71,0.7933783662535089,0.8650793650793651,0.7857142857142857,14,51,5
R1_PCA_85__KMEANS__K2,72,0.9325674224464572,0.9568627450980391,0.9333333333333333,15,50,5
R1_PCA_85__KMEANS__K2,73,0.8687163375224417,0.9178921568627452,0.875,16,49,5
R1_PCA_85__KMEANS__K2,74,0.8517043139740166,0.8984848484848484,0.8333333333333334,10,55,5
R1_PCA_85__KMEANS__K2,75,0.8687163375224417,0.9178921568627452,0.875,16,49,5
R1_PCA_85__KMEANS__K2,76,1.0,1.0,1.0,14,51,5
R1_PCA_85__KMEANS__K2,77,0.7858376511226253,0.8573426573426574,0.7692307692307693,10,55,5
R1_PCA_85__KMEANS__K2,78,0.8620480557871598,0.9097035040431267,0.8571428571428571,14,51,5
R1_PCA_85__KMEANS__K2,79,0.7933783662535089,0.8650793650793651,0.7857142857142857,14,51,5
R1_PCA_85__KMEANS__K2,80,0.7335181568059144,0.8296296296296296,0.7333333333333333,15,50,5
R1_PCA_85__KMEANS__K2,81,0.8687163375224417,0.9178921568627452,0.875,16,49,5
R1_PCA_85__KMEANS__K2,82,0.7994276471320144,0.8716981132075472,0.8,12,53,5
R1_PCA_85__KMEANS__K2,83,0.7858376511226253,0.8573426573426574,0.7692307692307693,10,55,5
R1_PCA_85__KMEANS__K2,84,0.9228790582346534,0.9454545454545454,0.9090909090909091,10,55,5
R1_PCA_85__KMEANS__K2,85,0.9325674224464572,0.9568627450980391,0.9333333333333333,15,50,5
R1_PCA_85__KMEANS__K2,86,0.7994276471320144,0.8716981132075472,0.8,15,50,5
R1_PCA_85__KMEANS__K2,87,0.8620480557871598,0.9097035040431267,0.8571428571428571,12,53,5
R1_PCA_85__KMEANS__K2,88,0.8042929292929293,0.8774038461538461,0.8125,16,49,5
R1_PCA_85__KMEANS__K2,89,1.0,1.0,1.0,14,51,5
R1_PCA_85__KMEANS__K2,90,1.0,1.0,1.0,13,52,5
R1_PCA_85__KMEANS__K2,91,0.8620480557871598,0.9097035040431267,0.8571428571428571,14,51,5
R1_PCA_85__KMEANS__K2,92,0.8687163375224417,0.9178921568627452,0.875,16,49,5
R1_PCA_85__KMEANS__K2,93,0.8574499377757665,0.9045584045584045,0.8461538461538461,11,54,5
R1_PCA_85__KMEANS__K2,94,0.7933783662535089,0.8650793650793651,0.7857142857142857,11,54,5
R1_PCA_85__KMEANS__K2,95,0.8444710305930611,0.8912337662337663,0.8181818181818182,9,56,5
R1_PCA_85__KMEANS__K2,96,0.9287780992655241,0.9521044992743106,0.9230769230769231,12,53,5
R1_PCA_85__KMEANS__K2,97,0.9308780645858084,0.9546703296703296,0.9285714285714286,14,51,5
R1_PCA_85__KMEANS__K2,98,1.0,1.0,1.0,15,50,5
R1_PCA_85__KMEANS__K2,99,0.8687163375224417,0.9178921568627452,0.875,16,49,4
R1_PCA_85__KMEANS__K2,100,1.0,1.0,1.0,14,51,5
R1_PCA_85__KMEANS__K2,101,0.9308780645858084,0.9546703296703296,0.9285714285714286,14,51,5
R1_PCA_85__KMEANS__K2,102,0.9287780992655241,0.9521044992743106,0.9230769230769231,12,53,5
R1_PCA_85__KMEANS__K2,103,0.9187261893132753,0.9410714285714286,0.9,9,56,5
R1_PCA_85__KMEANS__K2,104,0.7994276471320144,0.8716981132075472,0.8,15,50,5
R1_PCA_85__KMEANS__K2,105,0.9308780645858084,0.9546703296703296,0.9285714285714286,14,51,4
R1_PCA_85__KMEANS__K2,106,0.7933783662535089,0.8650793650793651,0.7857142857142857,14,51,5
R1_PCA_85__KMEANS__K2,107,0.8517043139740166,0.8984848484848484,0.8333333333333334,10,55,5
R1_PCA_85__KMEANS__K2,108,0.9261606184048209,0.9490740740740741,0.9166666666666666,11,54,5
R1_PCA_85__KMEANS__K2,109,0.8517043139740166,0.8984848484848484,0.8333333333333334,10,55,5
R1_PCA_85__KMEANS__K2,110,0.8574499377757665,0.9045584045584045,0.8461538461538461,11,54,5
R1_PCA_85__KMEANS__K2,111,0.7405783826223502,0.8372641509433962,0.75,16,49,5
R1_PCA_85__KMEANS__K2,112,1.0,1.0,1.0,9,56,4
R1_PCA_85__KMEANS__K2,113,0.9228790582346534,0.9454545454545454,0.9090909090909091,10,55,4
R1_PCA_85__KMEANS__K2,114,0.8517043139740166,0.8984848484848484,0.8333333333333334,10,55,5
R1_PCA_85__KMEANS__K2,115,1.0,1.0,1.0,13,52,5
R1_PCA_85__KMEANS__K2,116,0.7462562396006656,0.8438914027149321,0.7647058823529411,17,48,5
R1_PCA_85__KMEANS__K2,117,1.0,1.0,1.0,14,51,5
R1_PCA_85__KMEANS__K2,118,0.7405783826223502,0.8372641509433962,0.75,16,49,5
R1_PCA_85__KMEANS__K2,119,0.9308780645858084,0.9546703296703296,0.9285714285714286,13,52,4
R1_PCA_85__KMEANS__K2,120,1.0,1.0,1.0,13,52,5
R1_PCA_85__KMEANS__K2,121,0.9339263024142312,0.95875,0.9375,16,49,5
R1_PCA_85__KMEANS__K2,122,0.8352609876294881,0.8824561403508773,0.8,8,57,5
R1_PCA_85__KMEANS__K2,123,0.7933783662535089,0.8650793650793651,0.7857142857142857,14,51,5
R1_PCA_85__KMEANS__K2,124,0.8574499377757665,0.9045584045584045,0.8461538461538461,11,54,5
R1_PCA_85__KMEANS__K2,125,1.0,1.0,1.0,14,51,5
R1_PCA_85__KMEANS__K2,126,0.8082048353321911,0.8823529411764706,0.8235294117647058,17,48,5
R1_PCA_85__KMEANS__K2,127,0.8574499377757665,0.9045584045584045,0.8461538461538461,13,52,5
R1_PCA_85__KMEANS__K2,128,0.8620480557871598,0.9097035040431267,0.8571428571428571,12,53,5
R1_PCA_85__KMEANS__K2,129,1.0,1.0,1.0,11,54,5
R1_PCA_85__KMEANS__K2,130,0.9261606184048209,0.9490740740740741,0.9166666666666666,11,54,5
R1_PCA_85__KMEANS__K2,131,1.0,1.0,1.0,13,52,5
R1_PCA_85__KMEANS__K2,132,0.5293202218419872,0.7153996101364523,0.5789473684210527,19,46,5
R1_PCA_85__KMEANS__K2,133,0.8042929292929293,0.8774038461538461,0.8125,16,49,5
R1_PCA_85__KMEANS__K2,134,1.0,1.0,1.0,14,51,5
R1_PCA_85__KMEANS__K2,135,0.41787534300274404,0.6650641025641025,0.5416666666666666,24,41,5
R1_PCA_85__KMEANS__K2,136,0.9339263024142312,0.95875,0.9375,16,49,4
R1_PCA_85__KMEANS__K2,137,0.8620480557871598,0.9097035040431267,0.8571428571428571,12,53,4
R1_PCA_85__KMEANS__K2,138,0.7933783662535089,0.8650793650793651,0.7857142857142857,11,54,5
R1_PCA_85__KMEANS__K2,139,0.7462562396006656,0.8438914027149321,0.7647058823529411,17,48,5
R1_PCA_85__KMEANS__K2,140,0.8620480557871598,0.9097035040431267,0.8571428571428571,12,53,5
R1_PCA_85__KMEANS__K2,141,0.9261606184048209,0.9490740740740741,0.9166666666666666,11,54,5
R1_PCA_85__KMEANS__K2,142,0.8517043139740166,0.8984848484848484,0.8333333333333334,10,55,5
R1_PCA_85__KMEANS__K2,143,1.0,1.0,1.0,14,51,5
R1_PCA_85__KMEANS__K2,144,0.8042929292929293,0.8774038461538461,0.8125,16,49,5
R1_PCA_85__KMEANS__K2,145,1.0,1.0,1.0,11,54,5
R1_PCA_85__KMEANS__K2,146,0.9261606184048209,0.9490740740740741,0.9166666666666666,11,54,5
R1_PCA_85__KMEANS__K2,147,0.8574499377757665,0.9045584045584045,0.8461538461538461,11,54,5
R1_PCA_85__KMEANS__K2,148,0.9261606184048209,0.9490740740740741,0.9166666666666666,11,54,5
R1_PCA_85__KMEANS__K2,149,0.8042929292929293,0.8774038461538461,0.8125,16,49,5
R1_PCA_85__KMEANS__K2,150,0.8042929292929293,0.8774038461538461,0.8125,16,49,5
R1_PCA_85__KMEANS__K2,151,1.0,1.0,1.0,15,50,5
R1_PCA_85__KMEANS__K2,152,0.8042929292929293,0.8774038461538461,0.8125,13,52,5
R1_PCA_85__KMEANS__K2,153,0.8574499377757665,0.9045584045584045,0.8461538461538461,11,54,5
R1_PCA_85__KMEANS__K2,154,0.8517043139740166,0.8984848484848484,0.8333333333333334,10,55,5
R1_PCA_85__KMEANS__K2,155,1.0,1.0,1.0,15,50,5
R1_PCA_85__KMEANS__K2,156,0.8620480557871598,0.9097035040431267,0.8571428571428571,14,51,5
R1_PCA_85__KMEANS__K2,157,0.7405783826223502,0.8372641509433962,0.75,16,49,5
R1_PCA_85__KMEANS__K2,158,0.8042929292929293,0.8774038461538461,0.8125,16,49,5
R1_PCA_85__KMEANS__K2,159,0.9325674224464572,0.9568627450980391,0.9333333333333333,15,50,5
R1_PCA_85__KMEANS__K2,160,0.9228790582346534,0.9454545454545454,0.9090909090909091,11,54,5
R1_PCA_85__KMEANS__K2,161,1.0,1.0,1.0,12,53,5
R1_PCA_85__KMEANS__K2,162,0.7933783662535089,0.8650793650793651,0.7857142857142857,14,51,5
R1_PCA_85__KMEANS__K2,163,0.9287780992655241,0.9521044992743106,0.9230769230769231,13,52,5
R1_PCA_85__KMEANS__K2,164,0.8082048353321911,0.8823529411764706,0.8235294117647058,17,48,5
R1_PCA_85__KMEANS__K2,165,0.7994276471320144,0.8716981132075472,0.8,12,53,5
R1_PCA_85__KMEANS__K2,166,0.8082048353321911,0.8823529411764706,0.8235294117647058,17,48,5
R1_PCA_85__KMEANS__K2,167,0.8517043139740166,0.8984848484848484,0.8333333333333334,10,55,5
R1_PCA_85__KMEANS__K2,168,0.7247304362918447,0.8207792207792208,0.7142857142857143,14,51,5
R1_PCA_85__KMEANS__K2,169,0.7462562396006656,0.8438914027149321,0.7647058823529411,17,48,5
R1_PCA_85__KMEANS__K2,170,0.8711048158640227,0.9211764705882353,0.8823529411764706,17,48,5
R1_PCA_85__KMEANS__K2,171,0.7933783662535089,0.8650793650793651,0.7857142857142857,11,54,5
R1_PCA_85__KMEANS__K2,172,0.7763844190433914,0.8482142857142857,0.75,9,56,5
R1_PCA_85__KMEANS__K2,173,0.8711048158640227,0.9211764705882353,0.8823529411764706,17,48,5
R1_PCA_85__KMEANS__K2,174,0.8687163375224417,0.9178921568627452,0.875,16,49,5
R1_PCA_85__KMEANS__K2,175,1.0,1.0,1.0,12,53,5
R1_PCA_85__KMEANS__K2,176,1.0,1.0,1.0,14,51,5
R1_PCA_85__KMEANS__K2,177,0.8444710305930611,0.8912337662337663,0.8181818181818182,9,56,5
R1_PCA_85__KMEANS__K2,178,1.0,1.0,1.0,15,50,5
R1_PCA_85__KMEANS__K2,179,0.8082048353321911,0.8823529411764706,0.8235294117647058,17,48,5
R1_PCA_85__KMEANS__K2,180,0.7858376511226253,0.8573426573426574,0.7692307692307693,10,55,5
R1_PCA_85__KMEANS__K2,181,0.8657432072456047,0.9141025641025642,0.8666666666666667,15,50,5
R1_PCA_85__KMEANS__K2,182,1.0,1.0,1.0,14,51,5
R1_PCA_85__KMEANS__K2,183,0.7994276471320144,0.8716981132075472,0.8,12,53,5
R1_PCA_85__KMEANS__K2,184,0.8042929292929293,0.8774038461538461,0.8125,16,49,5
R1_PCA_85__KMEANS__K2,185,0.8711048158640227,0.9211764705882353,0.8823529411764706,17,48,5
R1_PCA_85__KMEANS__K2,186,0.7994276471320144,0.8716981132075472,0.8,15,50,5
R1_PCA_85__KMEANS__K2,187,0.8517043139740166,0.8984848484848484,0.8333333333333334,10,55,5
R1_PCA_85__KMEANS__K2,188,0.7858376511226253,0.8573426573426574,0.7692307692307693,10,55,5
R1_PCA_85__KMEANS__K2,189,0.8517043139740166,0.8984848484848484,0.8333333333333334,10,55,5
R1_PCA_85__KMEANS__K2,190,0.8657432072456047,0.9141025641025642,0.8666666666666667,15,50,5
R1_PCA_85__KMEANS__K2,191,0.8620480557871598,0.9097035040431267,0.8571428571428571,14,51,5
R1_PCA_85__KMEANS__K2,192,0.9287780992655241,0.9521044992743106,0.9230769230769231,12,53,5
R1_PCA_85__KMEANS__K2,193,0.8517043139740166,0.8984848484848484,0.8333333333333334,10,55,5
R1_PCA_85__KMEANS__K2,194,0.8657432072456047,0.9141025641025642,0.8666666666666667,15,50,5
R1_PCA_85__KMEANS__K2,195,0.8113406284744572,0.8866666666666667,0.8333333333333334,18,47,5
R1_PCA_85__KMEANS__K2,196,0.9261606184048209,0.9490740740740741,0.9166666666666666,11,54,5
R1_PCA_85__KMEANS__K2,197,0.8574499377757665,0.9045584045584045,0.8461538461538461,11,54,5
R1_PCA_85__KMEANS__K2,198,0.9308780645858084,0.9546703296703296,0.9285714285714286,13,52,5
R1_PCA_85__KMEANS__K2,199,0.8082048353321911,0.8823529411764706,0.8235294117647058,17,48,5
R1_PCA_85__KMEANS__K2,200,1.0,1.0,1.0,13,52,5
R1_PCA_85__KMEANS__K2,201,0.7858376511226253,0.8573426573426574,0.7692307692307693,10,55,4
R1_PCA_85__KMEANS__K2,202,1.0,1.0,1.0,14,51,5
R1_PCA_85__KMEANS__K2,203,1.0,1.0,1.0,13,52,5
R1_PCA_85__KMEANS__K2,204,0.7933783662535089,0.8650793650793651,0.7857142857142857,11,54,5
R1_PCA_85__KMEANS__K2,205,0.9308780645858084,0.9546703296703296,0.9285714285714286,13,52,4
R1_PCA_85__KMEANS__K2,206,0.8687163375224417,0.9178921568627452,0.875,16,49,5
R1_PCA_85__KMEANS__K2,207,0.9261606184048209,0.9490740740740741,0.9166666666666666,11,54,5
R1_PCA_85__KMEANS__K2,208,1.0,1.0,1.0,13,52,5
R1_PCA_85__KMEANS__K2,209,1.0,1.0,1.0,14,51,5
R1_PCA_85__KMEANS__K2,210,0.9228790582346534,0.9454545454545454,0.9090909090909091,10,55,5
R1_PCA_85__KMEANS__K2,211,0.8574499377757665,0.9045584045584045,0.8461538461538461,11,54,5
R1_PCA_85__KMEANS__K2,212,0.9261606184048209,0.9490740740740741,0.9166666666666666,11,54,5
R1_PCA_85__KMEANS__K2,213,0.9308780645858084,0.9546703296703296,0.9285714285714286,14,51,5
R1_PCA_85__KMEANS__K2,214,1.0,1.0,1.0,13,52,5
R1_PCA_85__KMEANS__K2,215,0.8574499377757665,0.9045584045584045,0.8461538461538461,11,54,5
R1_PCA_85__KMEANS__K2,216,1.0,1.0,1.0,14,51,5
R1_PCA_85__KMEANS__K2,217,0.8620480557871598,0.9097035040431267,0.8571428571428571,12,53,5
R1_PCA_85__KMEANS__K2,218,0.7335181568059144,0.8296296296296296,0.7333333333333333,15,50,5
R1_PCA_85__KMEANS__K2,219,0.7858376511226253,0.8573426573426574,0.7692307692307693,10,55,5
R1_PCA_85__KMEANS__K2,220,0.8620480557871598,0.9097035040431267,0.8571428571428571,14,51,5
R1_PCA_85__KMEANS__K2,221,0.7335181568059144,0.8296296296296296,0.7333333333333333,15,50,5
R1_PCA_85__KMEANS__K2,222,1.0,1.0,1.0,15,50,5
R1_PCA_85__KMEANS__K2,223,0.7462562396006656,0.8438914027149321,0.7647058823529411,17,48,5
R1_PCA_85__KMEANS__K2,224,0.7462562396006656,0.8438914027149321,0.7647058823529411,17,48,5
R1_PCA_85__KMEANS__K2,225,0.9350162459385154,0.9603841536614646,0.9411764705882353,17,48,4
R1_PCA_85__KMEANS__K2,226,1.0,1.0,1.0,14,51,5
R1_PCA_85__KMEANS__K2,227,0.7462562396006656,0.8438914027149321,0.7647058823529411,17,48,5
R1_PCA_85__KMEANS__K2,228,0.9287780992655241,0.9521044992743106,0.9230769230769231,12,53,4
R1_PCA_85__KMEANS__K2,229,0.7247304362918447,0.8207792207792208,0.7142857142857143,14,51,5
R1_PCA_85__KMEANS__K2,230,0.9261606184048209,0.9490740740740741,0.9166666666666666,11,54,5
R1_PCA_85__KMEANS__K2,231,1.0,1.0,1.0,14,51,5
R1_PCA_85__KMEANS__K2,232,0.7994276471320144,0.8716981132075472,0.8,15,50,5
R1_PCA_85__KMEANS__K2,233,0.9308780645858084,0.9546703296703296,0.9285714285714286,13,52,5
R1_PCA_85__KMEANS__K2,234,0.7462562396006656,0.8438914027149321,0.7647058823529411,17,48,5
R1_PCA_85__KMEANS__K2,235,0.7858376511226253,0.8573426573426574,0.7692307692307693,10,55,5
R1_PCA_85__KMEANS__K2,236,0.7994276471320144,0.8716981132075472,0.8,15,50,6
R1_PCA_85__KMEANS__K2,237,0.9261606184048209,0.9490740740740741,0.9166666666666666,11,54,5
R1_PCA_85__KMEANS__K2,238,1.0,1.0,1.0,11,54,5
R1_PCA_85__KMEANS__K2,239,1.0,1.0,1.0,13,52,5
R1_PCA_85__KMEANS__K2,240,0.6851995350639287,0.8057713651498335,0.7058823529411765,17,48,5
R1_PCA_85__KMEANS__K2,241,0.9261606184048209,0.9490740740740741,0.9166666666666666,11,54,5
R1_PCA_85__KMEANS__K2,242,0.7405783826223502,0.8372641509433962,0.75,16,49,5
R1_PCA_85__KMEANS__K2,243,0.7858376511226253,0.8573426573426574,0.7692307692307693,10,55,5
R1_PCA_85__KMEANS__K2,244,0.8082048353321911,0.8823529411764706,0.8235294117647058,17,48,5
R1_PCA_85__KMEANS__K2,245,0.8620480557871598,0.9097035040431267,0.8571428571428571,12,53,5
R1_PCA_85__KMEANS__K2,246,1.0,1.0,1.0,14,51,5
R1_PCA_85__KMEANS__K2,247,0.8082048353321911,0.8823529411764706,0.8235294117647058,17,48,5
R1_PCA_85__KMEANS__K2,248,1.0,1.0,1.0,14,51,5
R1_PCA_85__KMEANS__K2,249,0.7405783826223502,0.8372641509433962,0.75,16,49,5
R1_PCA_85__KMEANS__K2,250,0.7644239200327352,0.8373205741626795,0.7272727272727273,8,57,5
R1_PCA_85__KMEANS__K2,251,0.813839615668884,0.8904403866809882,0.8421052631578947,19,46,5
R1_PCA_85__KMEANS__K2,252,0.8444710305930611,0.8912337662337663,0.8181818181818182,9,56,5
R1_PCA_85__KMEANS__K2,253,1.0,1.0,1.0,13,52,5
R1_PCA_85__KMEANS__K2,254,0.8620480557871598,0.9097035040431267,0.8571428571428571,12,53,5
R1_PCA_85__KMEANS__K2,255,0.8711048158640227,0.9211764705882353,0.8823529411764706,17,48,5
R1_PCA_85__KMEANS__K2,256,0.7933783662535089,0.8650793650793651,0.7857142857142857,11,54,5
R1_PCA_85__KMEANS__K2,257,0.7335181568059144,0.8296296296296296,0.7333333333333333,15,50,5
R1_PCA_85__KMEANS__K2,258,1.0,1.0,1.0,15,50,5
R1_PCA_85__KMEANS__K2,259,1.0,1.0,1.0,16,49,5
R1_PCA_85__KMEANS__K2,260,1.0,1.0,1.0,13,52,5
R1_PCA_85__KMEANS__K2,261,0.7858376511226253,0.8573426573426574,0.7692307692307693,10,55,5
R1_PCA_85__KMEANS__K2,262,0.7858376511226253,0.8573426573426574,0.7692307692307693,10,55,5
R1_PCA_85__KMEANS__K2,263,1.0,1.0,1.0,14,51,5
R1_PCA_85__KMEANS__K2,264,0.7462562396006656,0.8438914027149321,0.7647058823529411,17,48,5
R1_PCA_85__KMEANS__K2,265,1.0,1.0,1.0,13,52,5
R1_PCA_85__KMEANS__K2,266,0.9325674224464572,0.9568627450980391,0.9333333333333333,15,50,5
R1_PCA_85__KMEANS__K2,267,0.9261606184048209,0.9490740740740741,0.9166666666666666,11,54,5
R1_PCA_85__KMEANS__K2,268,0.8620480557871598,0.9097035040431267,0.8571428571428571,12,53,4
R1_PCA_85__KMEANS__K2,269,0.8352609876294881,0.8824561403508773,0.8,8,57,5
R1_PCA_85__KMEANS__K2,270,0.9308780645858084,0.9546703296703296,0.9285714285714286,14,51,5
R1_PCA_85__KMEANS__K2,271,0.7405783826223502,0.8372641509433962,0.75,16,49,5
R1_PCA_85__KMEANS__K2,272,0.8517043139740166,0.8984848484848484,0.8333333333333334,10,55,5
R1_PCA_85__KMEANS__K2,273,0.7994276471320144,0.8716981132075472,0.8,12,53,5
R1_PCA_85__KMEANS__K2,274,0.9308780645858084,0.9546703296703296,0.9285714285714286,14,51,5
R1_PCA_85__KMEANS__K2,275,1.0,1.0,1.0,14,51,5
R1_PCA_85__KMEANS__K2,276,0.8574499377757665,0.9045584045584045,0.8461538461538461,11,54,5
R1_PCA_85__KMEANS__K2,277,0.7858376511226253,0.8573426573426574,0.7692307692307693,10,55,5
R1_PCA_85__KMEANS__K2,278,0.8657432072456047,0.9141025641025642,0.8666666666666667,15,50,5
R1_PCA_85__KMEANS__K2,279,0.8687163375224417,0.9178921568627452,0.875,16,49,4
R1_PCA_85__KMEANS__K2,280,0.7994276471320144,0.8716981132075472,0.8,15,50,5
R1_PCA_85__KMEANS__K2,281,0.7933783662535089,0.8650793650793651,0.7857142857142857,14,51,5
R1_PCA_85__KMEANS__K2,282,0.8620480557871598,0.9097035040431267,0.8571428571428571,12,53,4
R1_PCA_85__KMEANS__K2,283,0.9287780992655241,0.9521044992743106,0.9230769230769231,12,53,4
R1_PCA_85__KMEANS__K2,284,0.7405783826223502,0.8372641509433962,0.75,16,49,5
R1_PCA_85__KMEANS__K2,285,0.8517043139740166,0.8984848484848484,0.8333333333333334,10,55,5
R1_PCA_85__KMEANS__K2,286,0.8657432072456047,0.9141025641025642,0.8666666666666667,15,50,5
R1_PCA_85__KMEANS__K2,287,0.8620480557871598,0.9097035040431267,0.8571428571428571,14,51,5
R1_PCA_85__KMEANS__K2,288,0.9308780645858084,0.9546703296703296,0.9285714285714286,13,52,5
R1_PCA_85__KMEANS__K2,289,0.8657432072456047,0.9141025641025642,0.8666666666666667,15,50,5
R1_PCA_85__KMEANS__K2,290,0.8730153807988092,0.9240362811791383,0.8888888888888888,18,47,4
R1_PCA_85__KMEANS__K2,291,0.8657432072456047,0.9141025641025642,0.8666666666666667,15,50,5
R1_PCA_85__KMEANS__K2,292,0.8620480557871598,0.9097035040431267,0.8571428571428571,12,53,5
R1_PCA_85__KMEANS__K2,293,0.9261606184048209,0.9490740740740741,0.9166666666666666,12,53,5
R1_PCA_85__KMEANS__K2,294,0.8687163375224417,0.9178921568627452,0.875,16,49,5
R1_PCA_85__KMEANS__K2,295,0.9228790582346534,0.9454545454545454,0.9090909090909091,10,55,5
R1_PCA_85__KMEANS__K2,296,0.8620480557871598,0.9097035040431267,0.8571428571428571,12,53,4
R1_PCA_85__KMEANS__K2,297,0.8574499377757665,0.9045584045584045,0.8461538461538461,11,54,5
R1_PCA_85__KMEANS__K2,298,0.7933783662535089,0.8650793650793651,0.7857142857142857,11,54,5
R1_PCA_85__KMEANS__K2,299,0.8444710305930611,0.8912337662337663,0.8181818181818182,9,56,5
R1_PCA_85__KMEANS__K2,300,1.0,1.0,1.0,14,51,4
R1_PCA_85__KMEANS__K2,301,0.9287780992655241,0.9521044992743106,0.9230769230769231,13,52,5
R1_PCA_85__KMEANS__K2,302,0.8657432072456047,0.9141025641025642,0.8666666666666667,15,50,5
R1_PCA_85__KMEANS__K2,303,0.9287780992655241,0.9521044992743106,0.9230769230769231,12,53,5
R1_PCA_85__KMEANS__K2,304,0.7462562396006656,0.8438914027149321,0.7647058823529411,17,48,5
R1_PCA_85__KMEANS__K2,305,0.8657432072456047,0.9141025641025642,0.8666666666666667,15,50,5
R1_PCA_85__KMEANS__K2,306,0.8042929292929293,0.8774038461538461,0.8125,16,49,5
R1_PCA_85__KMEANS__K2,307,1.0,1.0,1.0,13,52,5
R1_PCA_85__KMEANS__K2,308,0.8687163375224417,0.9178921568627452,0.875,16,49,5
R1_PCA_85__KMEANS__K2,309,0.8657432072456047,0.9141025641025642,0.8666666666666667,15,50,5
R1_PCA_85__KMEANS__K2,310,0.9261606184048209,0.9490740740740741,0.9166666666666666,11,54,4
R1_PCA_85__KMEANS__K2,311,0.8113406284744572,0.8866666666666667,0.8333333333333334,18,47,5
R1_PCA_85__KMEANS__K2,312,0.9261606184048209,0.9490740740740741,0.9166666666666666,11,54,5
R1_PCA_85__KMEANS__K2,313,0.8574499377757665,0.9045584045584045,0.8461538461538461,13,52,5
R1_PCA_85__KMEANS__K2,314,0.9339263024142312,0.95875,0.9375,16,49,5
R1_PCA_85__KMEANS__K2,315,0.7247304362918447,0.8207792207792208,0.7142857142857143,14,51,6
R1_PCA_85__KMEANS__K2,316,0.8444710305930611,0.8912337662337663,0.8181818181818182,9,56,5
R1_PCA_85__KMEANS__K2,317,0.9325674224464572,0.9568627450980391,0.9333333333333333,15,50,5
R1_PCA_85__KMEANS__K2,318,1.0,1.0,1.0,13,52,5
R1_PCA_85__KMEANS__K2,319,0.7335181568059144,0.8296296296296296,0.7333333333333333,15,50,5
R1_PCA_85__KMEANS__K2,320,0.7405783826223502,0.8372641509433962,0.75,16,49,5
R1_PCA_85__KMEANS__K2,321,0.6851995350639287,0.8057713651498335,0.7058823529411765,17,48,5
R1_PCA_85__KMEANS__K2,322,0.8620480557871598,0.9097035040431267,0.8571428571428571,14,51,5
R1_PCA_85__KMEANS__K2,323,0.9308780645858084,0.9546703296703296,0.9285714285714286,14,51,5
R1_PCA_85__KMEANS__K2,324,0.8444710305930611,0.8912337662337663,0.8181818181818182,9,56,5
R1_PCA_85__KMEANS__K2,325,0.7994276471320144,0.8716981132075472,0.8,15,50,5
R1_PCA_85__KMEANS__K2,326,0.8620480557871598,0.9097035040431267,0.8571428571428571,14,51,5
R1_PCA_85__KMEANS__K2,327,0.9287780992655241,0.9521044992743106,0.9230769230769231,12,53,5
R1_PCA_85__KMEANS__K2,328,0.8657432072456047,0.9141025641025642,0.8666666666666667,15,50,5
R1_PCA_85__KMEANS__K2,329,0.9325674224464572,0.9568627450980391,0.9333333333333333,15,50,5
R1_PCA_85__KMEANS__K2,330,0.8711048158640227,0.9211764705882353,0.8823529411764706,17,48,5
R1_PCA_85__KMEANS__K2,331,0.8082048353321911,0.8823529411764706,0.8235294117647058,17,48,5
R1_PCA_85__KMEANS__K2,332,0.8711048158640227,0.9211764705882353,0.8823529411764706,17,48,5
R1_PCA_85__KMEANS__K2,333,0.8657432072456047,0.9141025641025642,0.8666666666666667,15,50,5
R1_PCA_85__KMEANS__K2,334,0.7462562396006656,0.8438914027149321,0.7647058823529411,17,48,5
R1_PCA_85__KMEANS__K2,335,0.7462562396006656,0.8438914027149321,0.7647058823529411,17,48,5
R1_PCA_85__KMEANS__K2,336,0.7994276471320144,0.8716981132075472,0.8,15,50,5
R1_PCA_85__KMEANS__K2,337,1.0,1.0,1.0,15,50,5
R1_PCA_85__KMEANS__K2,338,0.7405783826223502,0.8372641509433962,0.75,16,49,5
R1_PCA_85__KMEANS__K2,339,0.7858376511226253,0.8573426573426574,0.7692307692307693,10,55,5
R1_PCA_85__KMEANS__K2,340,1.0,1.0,1.0,11,54,5
R1_PCA_85__KMEANS__K2,341,0.8687163375224417,0.9178921568627452,0.875,16,49,5
R1_PCA_85__KMEANS__K2,342,0.7933783662535089,0.8650793650793651,0.7857142857142857,11,54,5
R1_PCA_85__KMEANS__K2,343,0.8574499377757665,0.9045584045584045,0.8461538461538461,11,54,5
R1_PCA_85__KMEANS__K2,344,0.8687163375224417,0.9178921568627452,0.875,16,49,5
R1_PCA_85__KMEANS__K2,345,0.8574499377757665,0.9045584045584045,0.8461538461538461,11,54,5
R1_PCA_85__KMEANS__K2,346,0.9308780645858084,0.9546703296703296,0.9285714285714286,13,52,5
R1_PCA_85__KMEANS__K2,347,0.8082048353321911,0.8823529411764706,0.8235294117647058,17,48,5
R1_PCA_85__KMEANS__K2,348,0.7858376511226253,0.8573426573426574,0.7692307692307693,13,52,5
R1_PCA_85__KMEANS__K2,349,0.8657432072456047,0.9141025641025642,0.8666666666666667,15,50,5
R1_PCA_85__KMEANS__K2,350,1.0,1.0,1.0,15,50,5
R1_PCA_85__KMEANS__K2,351,0.6249755525132017,0.7679738562091503,0.6470588235294118,17,48,5
R1_PCA_85__KMEANS__K2,352,1.0,1.0,1.0,15,50,5
R1_PCA_85__KMEANS__K2,353,0.7405783826223502,0.8372641509433962,0.75,16,49,5
R1_PCA_85__KMEANS__K2,354,0.7994276471320144,0.8716981132075472,0.8,15,50,5
R1_PCA_85__KMEANS__K2,355,0.750814057166649,0.8496732026143791,0.7777777777777778,18,47,5
R1_PCA_85__KMEANS__K2,356,0.7137494134209291,0.8104395604395604,0.6923076923076923,13,52,5
R1_PCA_85__KMEANS__K2,357,0.8620480557871598,0.9097035040431267,0.8571428571428571,12,53,5
R1_PCA_85__KMEANS__K2,358,0.9339263024142312,0.95875,0.9375,16,49,5
R1_PCA_85__KMEANS__K2,359,1.0,1.0,1.0,15,50,4
R1_PCA_85__KMEANS__K2,360,0.8082048353321911,0.8823529411764706,0.8235294117647058,17,48,5
R1_PCA_85__KMEANS__K2,361,1.0,1.0,1.0,12,53,5
R1_PCA_85__KMEANS__K2,362,0.7933783662535089,0.8650793650793651,0.7857142857142857,11,54,5
R1_PCA_85__KMEANS__K2,363,0.7933783662535089,0.8650793650793651,0.7857142857142857,11,54,5
R1_PCA_85__KMEANS__K2,364,0.7858376511226253,0.8573426573426574,0.7692307692307693,10,55,5
R1_PCA_85__KMEANS__K2,365,1.0,1.0,1.0,13,52,5
R1_PCA_85__KMEANS__K2,366,0.9261606184048209,0.9490740740740741,0.9166666666666666,11,54,5
R1_PCA_85__KMEANS__K2,367,0.8620480557871598,0.9097035040431267,0.8571428571428571,14,51,5
R1_PCA_85__KMEANS__K2,368,0.7137494134209291,0.8104395604395604,0.6923076923076923,13,52,5
R1_PCA_85__KMEANS__K2,369,0.7933783662535089,0.8650793650793651,0.7857142857142857,14,51,5
R1_PCA_85__KMEANS__K2,370,0.7462562396006656,0.8438914027149321,0.7647058823529411,17,48,5
R1_PCA_85__KMEANS__K2,371,0.7858376511226253,0.8573426573426574,0.7692307692307693,10,55,5
R1_PCA_85__KMEANS__K2,372,0.8574499377757665,0.9045584045584045,0.8461538461538461,13,52,5
R1_PCA_85__KMEANS__K2,373,0.6963456365257269,0.8194014447884417,0.7368421052631579,19,46,5
R1_PCA_85__KMEANS__K2,374,1.0,1.0,1.0,13,52,5
R1_PCA_85__KMEANS__K2,375,0.9187261893132753,0.9410714285714286,0.9,9,56,5
R1_PCA_85__KMEANS__K2,376,0.9308780645858084,0.9546703296703296,0.9285714285714286,14,51,5
R1_PCA_85__KMEANS__K2,377,0.8657432072456047,0.9141025641025642,0.8666666666666667,13,52,5
R1_PCA_85__KMEANS__K2,378,0.8687163375224417,0.9178921568627452,0.875,16,49,5
R1_PCA_85__KMEANS__K2,379,0.7462562396006656,0.8438914027149321,0.7647058823529411,17,48,5
R1_PCA_85__KMEANS__K2,380,0.9325674224464572,0.9568627450980391,0.9333333333333333,15,50,4
R1_PCA_85__KMEANS__K2,381,0.7994276471320144,0.8716981132075472,0.8,15,50,5
R1_PCA_85__KMEANS__K2,382,0.8517043139740166,0.8984848484848484,0.8333333333333334,10,55,5
R1_PCA_85__KMEANS__K2,383,0.7933783662535089,0.8650793650793651,0.7857142857142857,14,51,5
R1_PCA_85__KMEANS__K2,384,0.8711048158640227,0.9211764705882353,0.8823529411764706,17,48,5
R1_PCA_85__KMEANS__K2,385,1.0,1.0,1.0,12,53,5
R1_PCA_85__KMEANS__K2,386,0.8657432072456047,0.9141025641025642,0.8666666666666667,13,52,5
R1_PCA_85__KMEANS__K2,387,0.7933783662535089,0.8650793650793651,0.7857142857142857,14,51,5
R1_PCA_85__KMEANS__K2,388,1.0,1.0,1.0,15,50,5
R1_PCA_85__KMEANS__K2,389,0.7858376511226253,0.8573426573426574,0.7692307692307693,10,55,5
R1_PCA_85__KMEANS__K2,390,0.8517043139740166,0.8984848484848484,0.8333333333333334,12,53,5
R1_PCA_85__KMEANS__K2,391,0.9287780992655241,0.9521044992743106,0.9230769230769231,12,53,5
R1_PCA_85__KMEANS__K2,392,1.0,1.0,1.0,12,53,5
R1_PCA_85__KMEANS__K2,393,0.7247304362918447,0.8207792207792208,0.7142857142857143,14,51,5
R1_PCA_85__KMEANS__K2,394,1.0,1.0,1.0,12,53,5
R1_PCA_85__KMEANS__K2,395,1.0,1.0,1.0,15,50,5
R1_PCA_85__KMEANS__K2,396,0.9228790582346534,0.9454545454545454,0.9090909090909091,10,55,5
R1_PCA_85__KMEANS__K2,397,1.0,1.0,1.0,12,53,5
R1_PCA_85__KMEANS__K2,398,0.8042929292929293,0.8774038461538461,0.8125,16,49,5
R1_PCA_85__KMEANS__K2,399,1.0,1.0,1.0,13,52,5
R1_PCA_85__KMEANS__K2,400,0.7933783662535089,0.8650793650793651,0.7857142857142857,11,54,5
R1_PCA_85__KMEANS__K2,401,0.7858376511226253,0.8573426573426574,0.7692307692307693,10,55,5
R1_PCA_85__KMEANS__K2,402,0.8620480557871598,0.9097035040431267,0.8571428571428571,12,53,5
R1_PCA_85__KMEANS__K2,403,0.9287780992655241,0.9521044992743106,0.9230769230769231,12,53,5
R1_PCA_85__KMEANS__K2,404,0.9228790582346534,0.9454545454545454,0.9090909090909091,10,55,5
R1_PCA_85__KMEANS__K2,405,0.8517043139740166,0.8984848484848484,0.8333333333333334,10,55,5
R1_PCA_85__KMEANS__K2,406,1.0,1.0,1.0,12,53,5
R1_PCA_85__KMEANS__K2,407,0.8657432072456047,0.9141025641025642,0.8666666666666667,15,50,5
R1_PCA_85__KMEANS__K2,408,1.0,1.0,1.0,15,50,5
R1_PCA_85__KMEANS__K2,409,0.7858376511226253,0.8573426573426574,0.7692307692307693,10,55,5
R1_PCA_85__KMEANS__K2,410,0.8620480557871598,0.9097035040431267,0.8571428571428571,12,53,5
R1_PCA_85__KMEANS__K2,411,0.7994276471320144,0.8716981132075472,0.8,15,50,5
R1_PCA_85__KMEANS__K2,412,0.7405783826223502,0.8372641509433962,0.75,16,49,5
R1_PCA_85__KMEANS__K2,413,0.9308780645858084,0.9546703296703296,0.9285714285714286,13,52,4
R1_PCA_85__KMEANS__K2,414,0.9287780992655241,0.9521044992743106,0.9230769230769231,12,53,5
R1_PCA_85__KMEANS__K2,415,0.8082048353321911,0.8823529411764706,0.8235294117647058,17,48,5
R1_PCA_85__KMEANS__K2,416,0.7994276471320144,0.8716981132075472,0.8,12,53,5
R1_PCA_85__KMEANS__K2,417,0.8517043139740166,0.8984848484848484,0.8333333333333334,10,55,5
R1_PCA_85__KMEANS__K2,418,0.7335181568059144,0.8296296296296296,0.7333333333333333,15,50,5
R1_PCA_85__KMEANS__K2,419,0.8574499377757665,0.9045584045584045,0.8461538461538461,13,52,5
R1_PCA_85__KMEANS__K2,420,1.0,1.0,1.0,15,50,5
R1_PCA_85__KMEANS__K2,421,0.8082048353321911,0.8823529411764706,0.8235294117647058,17,48,5
R1_PCA_85__KMEANS__K2,422,1.0,1.0,1.0,13,52,5
R1_PCA_85__KMEANS__K2,423,0.8517043139740166,0.8984848484848484,0.8333333333333334,10,55,5
R1_PCA_85__KMEANS__K2,424,0.8574499377757665,0.9045584045584045,0.8461538461538461,11,54,5
R1_PCA_85__KMEANS__K2,425,0.8687163375224417,0.9178921568627452,0.875,16,49,5
R1_PCA_85__KMEANS__K2,426,0.8042929292929293,0.8774038461538461,0.8125,16,49,5
R1_PCA_85__KMEANS__K2,427,0.7858376511226253,0.8573426573426574,0.7692307692307693,10,55,5
R1_PCA_85__KMEANS__K2,428,0.9287780992655241,0.9521044992743106,0.9230769230769231,12,53,5
R1_PCA_85__KMEANS__K2,429,0.8657432072456047,0.9141025641025642,0.8666666666666667,13,52,5
R1_PCA_85__KMEANS__K2,430,0.8620480557871598,0.9097035040431267,0.8571428571428571,12,53,5
R1_PCA_85__KMEANS__K2,431,0.7405783826223502,0.8372641509433962,0.75,16,49,5
R1_PCA_85__KMEANS__K2,432,0.8657432072456047,0.9141025641025642,0.8666666666666667,15,50,5
R1_PCA_85__KMEANS__K2,433,1.0,1.0,1.0,13,52,5
R1_PCA_85__KMEANS__K2,434,0.7933783662535089,0.8650793650793651,0.7857142857142857,14,51,5
R1_PCA_85__KMEANS__K2,435,0.9287780992655241,0.9521044992743106,0.9230769230769231,12,53,4
R1_PCA_85__KMEANS__K2,436,0.8657432072456047,0.9141025641025642,0.8666666666666667,15,50,5
R1_PCA_85__KMEANS__K2,437,0.9339263024142312,0.95875,0.9375,16,49,5
R1_PCA_85__KMEANS__K2,438,0.7994276471320144,0.8716981132075472,0.8,15,50,5
R1_PCA_85__KMEANS__K2,439,0.7335181568059144,0.8296296296296296,0.7333333333333333,15,50,5
R1_PCA_85__KMEANS__K2,440,0.7994276471320144,0.8716981132075472,0.8,12,53,5
R1_PCA_85__KMEANS__K2,441,0.9287780992655241,0.9521044992743106,0.9230769230769231,12,53,5
R1_PCA_85__KMEANS__K2,442,1.0,1.0,1.0,14,51,5
R1_PCA_85__KMEANS__K2,443,0.8711048158640227,0.9211764705882353,0.8823529411764706,17,48,5
R1_PCA_85__KMEANS__K2,444,0.7462562396006656,0.8438914027149321,0.7647058823529411,17,48,5
R1_PCA_85__KMEANS__K2,445,0.7994276471320144,0.8716981132075472,0.8,15,50,5
R1_PCA_85__KMEANS__K2,446,1.0,1.0,1.0,12,53,5
R1_PCA_85__KMEANS__K2,447,1.0,1.0,1.0,15,50,4
R1_PCA_85__KMEANS__K2,448,0.9261606184048209,0.9490740740740741,0.9166666666666666,11,54,5
R1_PCA_85__KMEANS__K2,449,0.8517043139740166,0.8984848484848484,0.8333333333333334,10,55,5
R1_PCA_85__KMEANS__K2,450,0.8687163375224417,0.9178921568627452,0.875,16,49,5
R1_PCA_85__KMEANS__K2,451,0.750814057166649,0.8496732026143791,0.7777777777777778,18,47,5
R1_PCA_85__KMEANS__K2,452,0.9325674224464572,0.9568627450980391,0.9333333333333333,15,50,5
R1_PCA_85__KMEANS__K2,453,0.7858376511226253,0.8573426573426574,0.7692307692307693,10,55,5
R1_PCA_85__KMEANS__K2,454,0.7933783662535089,0.8650793650793651,0.7857142857142857,11,54,5
R1_PCA_85__KMEANS__K2,455,1.0,1.0,1.0,14,51,5
R1_PCA_85__KMEANS__K2,456,1.0,1.0,1.0,15,50,5
R1_PCA_85__KMEANS__K2,457,0.8574499377757665,0.9045584045584045,0.8461538461538461,13,52,5
R1_PCA_85__KMEANS__K2,458,1.0,1.0,1.0,10,55,5
R1_PCA_85__KMEANS__K2,459,0.7994276471320144,0.8716981132075472,0.8,15,50,5
R1_PCA_85__KMEANS__K2,460,0.7933783662535089,0.8650793650793651,0.7857142857142857,11,54,5
R1_PCA_85__KMEANS__K2,461,0.7933783662535089,0.8650793650793651,0.7857142857142857,14,51,5
R1_PCA_85__KMEANS__K2,462,0.9287780992655241,0.9521044992743106,0.9230769230769231,12,53,4
R1_PCA_85__KMEANS__K2,463,0.8042929292929293,0.8774038461538461,0.8125,16,49,4
R1_PCA_85__KMEANS__K2,464,0.8082048353321911,0.8823529411764706,0.8235294117647058,17,48,5
R1_PCA_85__KMEANS__K2,465,0.8620480557871598,0.9097035040431267,0.8571428571428571,12,53,5
R1_PCA_85__KMEANS__K2,466,0.8687163375224417,0.9178921568627452,0.875,16,49,5
R1_PCA_85__KMEANS__K2,467,0.8687163375224417,0.9178921568627452,0.875,16,49,5
R1_PCA_85__KMEANS__K2,468,0.5655251893315772,0.7304812834224599,0.5882352941176471,17,48,5
R1_PCA_85__KMEANS__K2,469,0.8687163375224417,0.9178921568627452,0.875,16,49,5
R1_PCA_85__KMEANS__K2,470,0.8082048353321911,0.8823529411764706,0.8235294117647058,17,48,5
R1_PCA_85__KMEANS__K2,471,0.9308780645858084,0.9546703296703296,0.9285714285714286,14,51,5
R1_PCA_85__KMEANS__K2,472,0.8657432072456047,0.9141025641025642,0.8666666666666667,15,50,5
R1_PCA_85__KMEANS__K2,473,0.9308780645858084,0.9546703296703296,0.9285714285714286,13,52,5
R1_PCA_85__KMEANS__K2,474,0.7335181568059144,0.8296296296296296,0.7333333333333333,15,50,5
R1_PCA_85__KMEANS__K2,475,0.8711048158640227,0.9211764705882353,0.8823529411764706,17,48,5
R1_PCA_85__KMEANS__K2,476,0.7994276471320144,0.8716981132075472,0.8,15,50,5
R1_PCA_85__KMEANS__K2,477,0.9261606184048209,0.9490740740740741,0.9166666666666666,11,54,5
R1_PCA_85__KMEANS__K2,478,1.0,1.0,1.0,15,50,5
R1_PCA_85__KMEANS__K2,479,0.8687163375224417,0.9178921568627452,0.875,16,49,4
R1_PCA_85__KMEANS__K2,480,0.8711048158640227,0.9211764705882353,0.8823529411764706,17,48,5
R1_PCA_85__KMEANS__K2,481,0.9287780992655241,0.9521044992743106,0.9230769230769231,12,53,5
R1_PCA_85__KMEANS__K2,482,0.6851995350639287,0.8057713651498335,0.7058823529411765,17,48,5
R1_PCA_85__KMEANS__K2,483,0.7858376511226253,0.8573426573426574,0.7692307692307693,10,55,5
R1_PCA_85__KMEANS__K2,484,0.9308780645858084,0.9546703296703296,0.9285714285714286,13,52,5
R1_PCA_85__KMEANS__K2,485,0.9228790582346534,0.9454545454545454,0.9090909090909091,10,55,5
R1_PCA_85__KMEANS__K2,486,1.0,1.0,1.0,14,51,4
R1_PCA_85__KMEANS__K2,487,0.9287780992655241,0.9521044992743106,0.9230769230769231,12,53,5
R1_PCA_85__KMEANS__K2,488,1.0,1.0,1.0,15,50,4
R1_PCA_85__KMEANS__K2,489,0.6913897747145356,0.813034188034188,0.7222222222222222,18,47,5
R1_PCA_85__KMEANS__K2,490,0.7858376511226253,0.8573426573426574,0.7692307692307693,10,55,5
R1_PCA_85__KMEANS__K2,491,1.0,1.0,1.0,12,53,5
R1_PCA_85__KMEANS__K2,492,0.7462562396006656,0.8438914027149321,0.7647058823529411,17,48,5
R1_PCA_85__KMEANS__K2,493,1.0,1.0,1.0,14,51,5
R1_PCA_85__KMEANS__K2,494,0.8444710305930611,0.8912337662337663,0.8181818181818182,9,56,5
R1_PCA_85__KMEANS__K2,495,0.8042929292929293,0.8774038461538461,0.8125,16,49,5
R1_PCA_85__KMEANS__K2,496,1.0,1.0,1.0,15,50,5
R1_PCA_85__KMEANS__K2,497,1.0,1.0,1.0,14,51,5
R1_PCA_85__KMEANS__K2,498,0.8657432072456047,0.9141025641025642,0.8666666666666667,15,50,5
R1_PCA_85__KMEANS__K2,499,0.8711048158640227,0.9211764705882353,0.8823529411764706,17,48,5
R1_PCA_85__KMEANS__K2,500,0.9287780992655241,0.9521044992743106,0.9230769230769231,12,53,4
R1_PCA_85__KMEANS__K2,501,1.0,1.0,1.0,14,51,5
R1_PCA_85__KMEANS__K2,502,0.9228790582346534,0.9454545454545454,0.9090909090909091,11,54,5
R1_PCA_85__KMEANS__K2,503,0.9228790582346534,0.9454545454545454,0.9090909090909091,10,55,5
R1_PCA_85__KMEANS__K2,504,0.9325674224464572,0.9568627450980391,0.9333333333333333,15,50,5
R1_PCA_85__KMEANS__K2,505,0.7994276471320144,0.8716981132075472,0.8,15,50,5
R1_PCA_85__KMEANS__K2,506,0.8620480557871598,0.9097035040431267,0.8571428571428571,12,53,5
R1_PCA_85__KMEANS__K2,507,0.9308780645858084,0.9546703296703296,0.9285714285714286,14,51,5
R1_PCA_85__KMEANS__K2,508,0.9287780992655241,0.9521044992743106,0.9230769230769231,13,52,5
R1_PCA_85__KMEANS__K2,509,0.7335181568059144,0.8296296296296296,0.7333333333333333,15,50,5
R1_PCA_85__KMEANS__K2,510,0.7763844190433914,0.8482142857142857,0.75,9,56,5
R1_PCA_85__KMEANS__K2,511,0.8620480557871598,0.9097035040431267,0.8571428571428571,12,53,5
R1_PCA_85__KMEANS__K2,512,0.7335181568059144,0.8296296296296296,0.7333333333333333,15,50,5
R1_PCA_85__KMEANS__K2,513,0.8082048353321911,0.8823529411764706,0.8235294117647058,17,48,5
R1_PCA_85__KMEANS__K2,514,0.9339263024142312,0.95875,0.9375,16,49,5
R1_PCA_85__KMEANS__K2,515,0.8687163375224417,0.9178921568627452,0.875,14,51,5
R1_PCA_85__KMEANS__K2,516,0.7405783826223502,0.8372641509433962,0.75,16,49,5
R1_PCA_85__KMEANS__K2,517,0.7933783662535089,0.8650793650793651,0.7857142857142857,11,54,5
R1_PCA_85__KMEANS__K2,518,0.9287780992655241,0.9521044992743106,0.9230769230769231,12,53,5
R1_PCA_85__KMEANS__K2,519,0.7933783662535089,0.8650793650793651,0.7857142857142857,11,54,5
R1_PCA_85__KMEANS__K2,520,0.7335181568059144,0.8296296296296296,0.7333333333333333,15,50,5
R1_PCA_85__KMEANS__K2,521,0.7933783662535089,0.8650793650793651,0.7857142857142857,11,54,5
R1_PCA_85__KMEANS__K2,522,0.9287780992655241,0.9521044992743106,0.9230769230769231,12,53,4
R1_PCA_85__KMEANS__K2,523,0.9308780645858084,0.9546703296703296,0.9285714285714286,14,51,5
R1_PCA_85__KMEANS__K2,524,0.9325674224464572,0.9568627450980391,0.9333333333333333,14,51,4
R1_PCA_85__KMEANS__K2,525,0.7763844190433914,0.8482142857142857,0.75,9,56,5
R1_PCA_85__KMEANS__K2,526,0.6851995350639287,0.8057713651498335,0.7058823529411765,17,48,5
R1_PCA_85__KMEANS__K2,527,0.8113406284744572,0.8866666666666667,0.8333333333333334,18,47,5
R1_PCA_85__KMEANS__K2,528,0.9287780992655241,0.9521044992743106,0.9230769230769231,12,53,5
R1_PCA_85__KMEANS__K2,529,0.8042929292929293,0.8774038461538461,0.8125,16,49,5
R1_PCA_85__KMEANS__K2,530,0.750814057166649,0.8496732026143791,0.7777777777777778,18,47,5
R1_PCA_85__KMEANS__K2,531,1.0,1.0,1.0,13,52,5
R1_PCA_85__KMEANS__K2,532,0.9308780645858084,0.9546703296703296,0.9285714285714286,13,52,4
R1_PCA_85__KMEANS__K2,533,0.7462562396006656,0.8438914027149321,0.7647058823529411,17,48,5
R1_PCA_85__KMEANS__K2,534,0.9287780992655241,0.9521044992743106,0.9230769230769231,12,53,5
R1_PCA_85__KMEANS__K2,535,0.9228790582346534,0.9454545454545454,0.9090909090909091,10,55,5
R1_PCA_85__KMEANS__K2,536,0.7462562396006656,0.8438914027149321,0.7647058823529411,17,48,5
R1_PCA_85__KMEANS__K2,537,0.8042929292929293,0.8774038461538461,0.8125,16,49,5
R1_PCA_85__KMEANS__K2,538,0.7994276471320144,0.8716981132075472,0.8,12,53,5
R1_PCA_85__KMEANS__K2,539,0.8517043139740166,0.8984848484848484,0.8333333333333334,12,53,5
R1_PCA_85__KMEANS__K2,540,1.0,1.0,1.0,12,53,5
R1_PCA_85__KMEANS__K2,541,0.8657432072456047,0.9141025641025642,0.8666666666666667,15,50,5
R1_PCA_85__KMEANS__K2,542,0.7335181568059144,0.8296296296296296,0.7333333333333333,15,50,5
R1_PCA_85__KMEANS__K2,543,0.9308780645858084,0.9546703296703296,0.9285714285714286,14,51,5
R1_PCA_85__KMEANS__K2,544,0.9325674224464572,0.9568627450980391,0.9333333333333333,14,51,5
R1_PCA_85__KMEANS__K2,545,1.0,1.0,1.0,13,52,5
R1_PCA_85__KMEANS__K2,546,0.7335181568059144,0.8296296296296296,0.7333333333333333,15,50,5
R1_PCA_85__KMEANS__K2,547,0.8620480557871598,0.9097035040431267,0.8571428571428571,12,53,5
R1_PCA_85__KMEANS__K2,548,0.8042929292929293,0.8774038461538461,0.8125,16,49,5
R1_PCA_85__KMEANS__K2,549,0.7933783662535089,0.8650793650793651,0.7857142857142857,11,54,5
R1_PCA_85__KMEANS__K2,550,0.8657432072456047,0.9141025641025642,0.8666666666666667,15,50,5
R1_PCA_85__KMEANS__K2,551,0.8042929292929293,0.8774038461538461,0.8125,13,52,5
R1_PCA_85__KMEANS__K2,552,0.8711048158640227,0.9211764705882353,0.8823529411764706,17,48,5
R1_PCA_85__KMEANS__K2,553,0.9325674224464572,0.9568627450980391,0.9333333333333333,14,51,5
R1_PCA_85__KMEANS__K2,554,0.9325674224464572,0.9568627450980391,0.9333333333333333,15,50,5
R1_PCA_85__KMEANS__K2,555,1.0,1.0,1.0,12,53,5
R1_PCA_85__KMEANS__K2,556,0.7763844190433914,0.8482142857142857,0.75,9,56,5
R1_PCA_85__KMEANS__K2,557,1.0,1.0,1.0,13,52,5
R1_PCA_85__KMEANS__K2,558,0.8042929292929293,0.8774038461538461,0.8125,16,49,5
R1_PCA_85__KMEANS__K2,559,0.8687163375224417,0.9178921568627452,0.875,16,49,5
R1_PCA_85__KMEANS__K2,560,0.9187261893132753,0.9410714285714286,0.9,9,56,5
R1_PCA_85__KMEANS__K2,561,0.7405783826223502,0.8372641509433962,0.75,16,49,5
R1_PCA_85__KMEANS__K2,562,0.6149598393574297,0.7579545454545454,0.625,16,49,5
R1_PCA_85__KMEANS__K2,563,0.8574499377757665,0.9045584045584045,0.8461538461538461,11,54,5
R1_PCA_85__KMEANS__K2,564,1.0,1.0,1.0,13,52,5
R1_PCA_85__KMEANS__K2,565,0.8574499377757665,0.9045584045584045,0.8461538461538461,13,52,5
R1_PCA_85__KMEANS__K2,566,1.0,1.0,1.0,13,52,5
R1_PCA_85__KMEANS__K2,567,1.0,1.0,1.0,16,49,4
R1_PCA_85__KMEANS__K2,568,0.7933783662535089,0.8650793650793651,0.7857142857142857,11,54,5
R1_PCA_85__KMEANS__K2,569,0.7994276471320144,0.8716981132075472,0.8,15,50,5
R1_PCA_85__KMEANS__K2,570,0.9325674224464572,0.9568627450980391,0.9333333333333333,15,50,5
R1_PCA_85__KMEANS__K2,571,0.9308780645858084,0.9546703296703296,0.9285714285714286,13,52,5
R1_PCA_85__KMEANS__K2,572,0.8574499377757665,0.9045584045584045,0.8461538461538461,13,52,5
R1_PCA_85__KMEANS__K2,573,0.8620480557871598,0.9097035040431267,0.8571428571428571,12,53,5
R1_PCA_85__KMEANS__K2,574,1.0,1.0,1.0,14,51,5
R1_PCA_85__KMEANS__K2,575,0.7858376511226253,0.8573426573426574,0.7692307692307693,10,55,5
R1_PCA_85__KMEANS__K2,576,0.8711048158640227,0.9211764705882353,0.8823529411764706,17,48,5
R1_PCA_85__KMEANS__K2,577,1.0,1.0,1.0,15,50,5
R1_PCA_85__KMEANS__K2,578,0.750814057166649,0.8496732026143791,0.7777777777777778,18,47,5
R1_PCA_85__KMEANS__K2,579,1.0,1.0,1.0,15,50,5
R1_PCA_85__KMEANS__K2,580,0.8574499377757665,0.9045584045584045,0.8461538461538461,13,52,5
R1_PCA_85__KMEANS__K2,581,0.8517043139740166,0.8984848484848484,0.8333333333333334,10,55,5
R1_PCA_85__KMEANS__K2,582,0.9308780645858084,0.9546703296703296,0.9285714285714286,14,51,5
R1_PCA_85__KMEANS__K2,583,0.8620480557871598,0.9097035040431267,0.8571428571428571,14,51,5
R1_PCA_85__KMEANS__K2,584,0.9287780992655241,0.9521044992743106,0.9230769230769231,12,53,5
R1_PCA_85__KMEANS__K2,585,0.9339263024142312,0.95875,0.9375,16,49,4
R1_PCA_85__KMEANS__K2,586,0.7335181568059144,0.8296296296296296,0.7333333333333333,15,50,5
R1_PCA_85__KMEANS__K2,587,0.7933783662535089,0.8650793650793651,0.7857142857142857,11,54,5
R1_PCA_85__KMEANS__K2,588,0.8574499377757665,0.9045584045584045,0.8461538461538461,11,54,5
R1_PCA_85__KMEANS__K2,589,0.9287780992655241,0.9521044992743106,0.9230769230769231,12,53,5
R1_PCA_85__KMEANS__K2,590,0.9228790582346534,0.9454545454545454,0.9090909090909091,10,55,4
R1_PCA_85__KMEANS__K2,591,0.9261606184048209,0.9490740740740741,0.9166666666666666,11,54,5
R1_PCA_85__KMEANS__K2,592,0.7933783662535089,0.8650793650793651,0.7857142857142857,14,51,5
R1_PCA_85__KMEANS__K2,593,0.8620480557871598,0.9097035040431267,0.8571428571428571,12,53,5
R1_PCA_85__KMEANS__K2,594,0.8082048353321911,0.8823529411764706,0.8235294117647058,17,48,5
R1_PCA_85__KMEANS__K2,595,1.0,1.0,1.0,15,50,4
R1_PCA_85__KMEANS__K2,596,0.8620480557871598,0.9097035040431267,0.8571428571428571,12,53,5
R1_PCA_85__KMEANS__K2,597,0.7994276471320144,0.8716981132075472,0.8,15,50,5
R1_PCA_85__KMEANS__K2,598,1.0,1.0,1.0,13,52,4
R1_PCA_85__KMEANS__K2,599,0.8657432072456047,0.9141025641025642,0.8666666666666667,15,50,5
R1_PCA_85__KMEANS__K2,600,0.8082048353321911,0.8823529411764706,0.8235294117647058,17,48,5
R1_PCA_85__KMEANS__K2,601,0.8657432072456047,0.9141025641025642,0.8666666666666667,15,50,5
R1_PCA_85__KMEANS__K2,602,0.8444710305930611,0.8912337662337663,0.8181818181818182,9,56,5
R1_PCA_85__KMEANS__K2,603,0.7462562396006656,0.8438914027149321,0.7647058823529411,17,48,5
R1_PCA_85__KMEANS__K2,604,0.7462562396006656,0.8438914027149321,0.7647058823529411,17,48,5
R1_PCA_85__KMEANS__K2,605,0.7137494134209291,0.8104395604395604,0.6923076923076923,13,52,6
R1_PCA_85__KMEANS__K2,606,0.8711048158640227,0.9211764705882353,0.8823529411764706,17,48,5
R1_PCA_85__KMEANS__K2,607,0.7335181568059144,0.8296296296296296,0.7333333333333333,15,50,5
R1_PCA_85__KMEANS__K2,608,0.7933783662535089,0.8650793650793651,0.7857142857142857,14,51,5
R1_PCA_85__KMEANS__K2,609,0.7933783662535089,0.8650793650793651,0.7857142857142857,11,54,5
R1_PCA_85__KMEANS__K2,610,0.7994276471320144,0.8716981132075472,0.8,15,50,5
R1_PCA_85__KMEANS__K2,611,0.7933783662535089,0.8650793650793651,0.7857142857142857,11,54,5
R1_PCA_85__KMEANS__K2,612,0.9308780645858084,0.9546703296703296,0.9285714285714286,14,51,4
R1_PCA_85__KMEANS__K2,613,1.0,1.0,1.0,13,52,5
R1_PCA_85__KMEANS__K2,614,1.0,1.0,1.0,15,50,5
R1_PCA_85__KMEANS__K2,615,0.9228790582346534,0.9454545454545454,0.9090909090909091,10,55,5
R1_PCA_85__KMEANS__K2,616,0.8042929292929293,0.8774038461538461,0.8125,16,49,5
R1_PCA_85__KMEANS__K2,617,0.7405783826223502,0.8372641509433962,0.75,16,49,5
R1_PCA_85__KMEANS__K2,618,1.0,1.0,1.0,10,55,5
R1_PCA_85__KMEANS__K2,619,0.7405783826223502,0.8372641509433962,0.75,16,49,5
R1_PCA_85__KMEANS__K2,620,0.9228790582346534,0.9454545454545454,0.9090909090909091,10,55,5
R1_PCA_85__KMEANS__K2,621,1.0,1.0,1.0,13,52,5
R1_PCA_85__KMEANS__K2,622,0.9308780645858084,0.9546703296703296,0.9285714285714286,13,52,4
R1_PCA_85__KMEANS__K2,623,0.7994276471320144,0.8716981132075472,0.8,12,53,5
R1_PCA_85__KMEANS__K2,624,0.9287780992655241,0.9521044992743106,0.9230769230769231,12,53,5
R1_PCA_85__KMEANS__K2,625,0.7335181568059144,0.8296296296296296,0.7333333333333333,15,50,5
R1_PCA_85__KMEANS__K2,626,0.9261606184048209,0.9490740740740741,0.9166666666666666,11,54,5
R1_PCA_85__KMEANS__K2,627,0.8517043139740166,0.8984848484848484,0.8333333333333334,10,55,5
R1_PCA_85__KMEANS__K2,628,0.8042929292929293,0.8774038461538461,0.8125,13,52,5
R1_PCA_85__KMEANS__K2,629,0.7462562396006656,0.8438914027149321,0.7647058823529411,17,48,5
R1_PCA_85__KMEANS__K2,630,0.8574499377757665,0.9045584045584045,0.8461538461538461,11,54,5
R1_PCA_85__KMEANS__K2,631,0.8711048158640227,0.9211764705882353,0.8823529411764706,17,48,5
R1_PCA_85__KMEANS__K2,632,0.8113406284744572,0.8866666666666667,0.8333333333333334,18,47,5
R1_PCA_85__KMEANS__K2,633,0.8113406284744572,0.8866666666666667,0.8333333333333334,18,47,5
R1_PCA_85__KMEANS__K2,634,0.9339263024142312,0.95875,0.9375,16,49,5
R1_PCA_85__KMEANS__K2,635,0.9228790582346534,0.9454545454545454,0.9090909090909091,10,55,5
R1_PCA_85__KMEANS__K2,636,1.0,1.0,1.0,13,52,5
R1_PCA_85__KMEANS__K2,637,0.7994276471320144,0.8716981132075472,0.8,12,53,5
R1_PCA_85__KMEANS__K2,638,0.9287780992655241,0.9521044992743106,0.9230769230769231,12,53,5
R1_PCA_85__KMEANS__K2,639,0.8657432072456047,0.9141025641025642,0.8666666666666667,15,50,4
R1_PCA_85__KMEANS__K2,640,0.9308780645858084,0.9546703296703296,0.9285714285714286,13,52,5
R1_PCA_85__KMEANS__K2,641,0.7933783662535089,0.8650793650793651,0.7857142857142857,14,51,5
R1_PCA_85__KMEANS__K2,642,0.9261606184048209,0.9490740740740741,0.9166666666666666,11,54,4
R1_PCA_85__KMEANS__K2,643,0.7994276471320144,0.8716981132075472,0.8,12,53,5
R1_PCA_85__KMEANS__K2,644,1.0,1.0,1.0,11,54,5
R1_PCA_85__KMEANS__K2,645,0.9287780992655241,0.9521044992743106,0.9230769230769231,12,53,5
R1_PCA_85__KMEANS__K2,646,0.7994276471320144,0.8716981132075472,0.8,12,53,5
R1_PCA_85__KMEANS__K2,647,1.0,1.0,1.0,14,51,5
R1_PCA_85__KMEANS__K2,648,0.7763844190433914,0.8482142857142857,0.75,9,56,5
R1_PCA_85__KMEANS__K2,649,1.0,1.0,1.0,14,51,5
R1_PCA_85__KMEANS__K2,650,0.8687163375224417,0.9178921568627452,0.875,16,49,5
R1_PCA_85__KMEANS__K2,651,0.7335181568059144,0.8296296296296296,0.7333333333333333,15,50,5
R1_PCA_85__KMEANS__K2,652,0.8620480557871598,0.9097035040431267,0.8571428571428571,12,53,5
R1_PCA_85__KMEANS__K2,653,1.0,1.0,1.0,16,49,5
R1_PCA_85__KMEANS__K2,654,0.8657432072456047,0.9141025641025642,0.8666666666666667,15,50,5
R1_PCA_85__KMEANS__K2,655,0.7994276471320144,0.8716981132075472,0.8,12,53,5
R1_PCA_85__KMEANS__K2,656,1.0,1.0,1.0,13,52,5
R1_PCA_85__KMEANS__K2,657,0.9261606184048209,0.9490740740740741,0.9166666666666666,11,54,5
R1_PCA_85__KMEANS__K2,658,0.7994276471320144,0.8716981132075472,0.8,15,50,5
R1_PCA_85__KMEANS__K2,659,0.7462562396006656,0.8438914027149321,0.7647058823529411,17,48,5
R1_PCA_85__KMEANS__K2,660,0.8082048353321911,0.8823529411764706,0.8235294117647058,17,48,4
R1_PCA_85__KMEANS__K2,661,0.8574499377757665,0.9045584045584045,0.8461538461538461,11,54,5
R1_PCA_85__KMEANS__K2,662,0.9287780992655241,0.9521044992743106,0.9230769230769231,12,53,4
R1_PCA_85__KMEANS__K2,663,1.0,1.0,1.0,12,53,5
R1_PCA_85__KMEANS__K2,664,1.0,1.0,1.0,14,51,5
R1_PCA_85__KMEANS__K2,665,0.6851995350639287,0.8057713651498335,0.7058823529411765,17,48,5
R1_PCA_85__KMEANS__K2,666,0.7335181568059144,0.8296296296296296,0.7333333333333333,15,50,5
R1_PCA_85__KMEANS__K2,667,0.8574499377757665,0.9045584045584045,0.8461538461538461,13,52,5
R1_PCA_85__KMEANS__K2,668,0.9261606184048209,0.9490740740740741,0.9166666666666666,12,53,5
R1_PCA_85__KMEANS__K2,669,0.8657432072456047,0.9141025641025642,0.8666666666666667,15,50,5
R1_PCA_85__KMEANS__K2,670,0.7763844190433914,0.8482142857142857,0.75,9,56,5
R1_PCA_85__KMEANS__K2,671,0.7405783826223502,0.8372641509433962,0.75,16,49,5
R1_PCA_85__KMEANS__K2,672,0.9261606184048209,0.9490740740740741,0.9166666666666666,11,54,5
R1_PCA_85__KMEANS__K2,673,0.8574499377757665,0.9045584045584045,0.8461538461538461,11,54,5
R1_PCA_85__KMEANS__K2,674,0.7933783662535089,0.8650793650793651,0.7857142857142857,11,54,5
R1_PCA_85__KMEANS__K2,675,0.7994276471320144,0.8716981132075472,0.8,15,50,5
R1_PCA_85__KMEANS__K2,676,1.0,1.0,1.0,14,51,5
R1_PCA_85__KMEANS__K2,677,0.7335181568059144,0.8296296296296296,0.7333333333333333,15,50,5
R1_PCA_85__KMEANS__K2,678,0.9308780645858084,0.9546703296703296,0.9285714285714286,13,52,5
R1_PCA_85__KMEANS__K2,679,0.8517043139740166,0.8984848484848484,0.8333333333333334,10,55,5
R1_PCA_85__KMEANS__K2,680,0.8517043139740166,0.8984848484848484,0.8333333333333334,10,55,5
R1_PCA_85__KMEANS__K2,681,0.9261606184048209,0.9490740740740741,0.9166666666666666,11,54,5
R1_PCA_85__KMEANS__K2,682,0.7933783662535089,0.8650793650793651,0.7857142857142857,11,54,5
R1_PCA_85__KMEANS__K2,683,0.9261606184048209,0.9490740740740741,0.9166666666666666,11,54,5
R1_PCA_85__KMEANS__K2,684,0.8687163375224417,0.9178921568627452,0.875,16,49,5
R1_PCA_85__KMEANS__K2,685,0.7405783826223502,0.8372641509433962,0.75,16,49,5
R1_PCA_85__KMEANS__K2,686,0.8620480557871598,0.9097035040431267,0.8571428571428571,14,51,5
R1_PCA_85__KMEANS__K2,687,1.0,1.0,1.0,13,52,5
R1_PCA_85__KMEANS__K2,688,0.9261606184048209,0.9490740740740741,0.9166666666666666,11,54,5
R1_PCA_85__KMEANS__K2,689,0.7462562396006656,0.8438914027149321,0.7647058823529411,17,48,5
R1_PCA_85__KMEANS__K2,690,0.7335181568059144,0.8296296296296296,0.7333333333333333,15,50,5
R1_PCA_85__KMEANS__K2,691,0.7858376511226253,0.8573426573426574,0.7692307692307693,13,52,5
R1_PCA_85__KMEANS__K2,692,0.8042929292929293,0.8774038461538461,0.8125,16,49,5
R1_PCA_85__KMEANS__K2,693,0.7462562396006656,0.8438914027149321,0.7647058823529411,17,48,5
R1_PCA_85__KMEANS__K2,694,0.9308780645858084,0.9546703296703296,0.9285714285714286,14,51,5
R1_PCA_85__KMEANS__K2,695,0.9133982846198684,0.935672514619883,0.8888888888888888,8,57,5
R1_PCA_85__KMEANS__K2,696,0.9261606184048209,0.9490740740740741,0.9166666666666666,11,54,5
R1_PCA_85__KMEANS__K2,697,0.8517043139740166,0.8984848484848484,0.8333333333333334,10,55,5
R1_PCA_85__KMEANS__K2,698,0.7933783662535089,0.8650793650793651,0.7857142857142857,14,51,5
R1_PCA_85__KMEANS__K2,699,0.8082048353321911,0.8823529411764706,0.8235294117647058,17,48,5
R1_PCA_85__KMEANS__K2,700,0.8574499377757665,0.9045584045584045,0.8461538461538461,11,54,5
R1_PCA_85__KMEANS__K2,701,0.9261606184048209,0.9490740740740741,0.9166666666666666,11,54,5
R1_PCA_85__KMEANS__K2,702,0.9261606184048209,0.9490740740740741,0.9166666666666666,11,54,5
R1_PCA_85__KMEANS__K2,703,0.9261606184048209,0.9490740740740741,0.9166666666666666,11,54,5
R1_PCA_85__KMEANS__K2,704,0.9287780992655241,0.9521044992743106,0.9230769230769231,13,52,5
R1_PCA_85__KMEANS__K2,705,1.0,1.0,1.0,15,50,5
R1_PCA_85__KMEANS__K2,706,0.8574499377757665,0.9045584045584045,0.8461538461538461,13,52,5
R1_PCA_85__KMEANS__K2,707,0.9187261893132753,0.9410714285714286,0.9,9,56,5
R1_PCA_85__KMEANS__K2,708,0.8517043139740166,0.8984848484848484,0.8333333333333334,10,55,5
R1_PCA_85__KMEANS__K2,709,0.8687163375224417,0.9178921568627452,0.875,16,49,5
R1_PCA_85__KMEANS__K2,710,0.7933783662535089,0.8650793650793651,0.7857142857142857,11,54,5
R1_PCA_85__KMEANS__K2,711,0.8517043139740166,0.8984848484848484,0.8333333333333334,10,55,5
R1_PCA_85__KMEANS__K2,712,0.8657432072456047,0.9141025641025642,0.8666666666666667,15,50,5
R1_PCA_85__KMEANS__K2,713,0.8042929292929293,0.8774038461538461,0.8125,16,49,5
R1_PCA_85__KMEANS__K2,714,0.7933783662535089,0.8650793650793651,0.7857142857142857,11,54,5
R1_PCA_85__KMEANS__K2,715,0.8517043139740166,0.8984848484848484,0.8333333333333334,12,53,5
R1_PCA_85__KMEANS__K2,716,1.0,1.0,1.0,12,53,5
R1_PCA_85__KMEANS__K2,717,1.0,1.0,1.0,13,52,5
R1_PCA_85__KMEANS__K2,718,0.8517043139740166,0.8984848484848484,0.8333333333333334,10,55,5
R1_PCA_85__KMEANS__K2,719,0.7462562396006656,0.8438914027149321,0.7647058823529411,17,48,5
R1_PCA_85__KMEANS__K2,720,0.7462562396006656,0.8438914027149321,0.7647058823529411,17,48,5
R1_PCA_85__KMEANS__K2,721,0.7405783826223502,0.8372641509433962,0.75,16,49,5
R1_PCA_85__KMEANS__K2,722,0.9350162459385154,0.9603841536614646,0.9411764705882353,17,48,5
R1_PCA_85__KMEANS__K2,723,0.8620480557871598,0.9097035040431267,0.8571428571428571,12,53,5
R1_PCA_85__KMEANS__K2,724,0.9308780645858084,0.9546703296703296,0.9285714285714286,14,51,5
R1_PCA_85__KMEANS__K2,725,0.7462562396006656,0.8438914027149321,0.7647058823529411,17,48,5
R1_PCA_85__KMEANS__K2,726,0.9308780645858084,0.9546703296703296,0.9285714285714286,14,51,5
R1_PCA_85__KMEANS__K2,727,0.7405783826223502,0.8372641509433962,0.75,16,49,5
R1_PCA_85__KMEANS__K2,728,0.8042929292929293,0.8774038461538461,0.8125,16,49,5
R1_PCA_85__KMEANS__K2,729,0.8620480557871598,0.9097035040431267,0.8571428571428571,12,53,5
R1_PCA_85__KMEANS__K2,730,0.8620480557871598,0.9097035040431267,0.8571428571428571,12,53,5
R1_PCA_85__KMEANS__K2,731,0.8687163375224417,0.9178921568627452,0.875,16,49,5
R1_PCA_85__KMEANS__K2,732,1.0,1.0,1.0,13,52,5
R1_PCA_85__KMEANS__K2,733,0.8687163375224417,0.9178921568627452,0.875,16,49,5
R1_PCA_85__KMEANS__K2,734,0.8042929292929293,0.8774038461538461,0.8125,16,49,5
R1_PCA_85__KMEANS__K2,735,0.7405783826223502,0.8372641509433962,0.75,16,49,5
R1_PCA_85__KMEANS__K2,736,0.8082048353321911,0.8823529411764706,0.8235294117647058,17,48,5
R1_PCA_85__KMEANS__K2,737,0.7994276471320144,0.8716981132075472,0.8,15,50,5
R1_PCA_85__KMEANS__K2,738,0.9308780645858084,0.9546703296703296,0.9285714285714286,14,51,5
R1_PCA_85__KMEANS__K2,739,0.9325674224464572,0.9568627450980391,0.9333333333333333,15,50,5
R1_PCA_85__KMEANS__K2,740,0.9187261893132753,0.9410714285714286,0.9,9,56,5
R1_PCA_85__KMEANS__K2,741,0.7933783662535089,0.8650793650793651,0.7857142857142857,14,51,5
R1_PCA_85__KMEANS__K2,742,0.8574499377757665,0.9045584045584045,0.8461538461538461,11,54,5
R1_PCA_85__KMEANS__K2,743,1.0,1.0,1.0,14,51,5
R1_PCA_85__KMEANS__K2,744,0.9339263024142312,0.95875,0.9375,16,49,4
R1_PCA_85__KMEANS__K2,745,0.9325674224464572,0.9568627450980391,0.9333333333333333,15,50,5
R1_PCA_85__KMEANS__K2,746,0.8620480557871598,0.9097035040431267,0.8571428571428571,14,51,5
R1_PCA_85__KMEANS__K2,747,0.7763844190433914,0.8482142857142857,0.75,9,56,5
R1_PCA_85__KMEANS__K2,748,0.9261606184048209,0.9490740740740741,0.9166666666666666,11,54,5
R1_PCA_85__KMEANS__K2,749,0.9261606184048209,0.9490740740740741,0.9166666666666666,11,54,5
R1_PCA_85__KMEANS__K2,750,0.9308780645858084,0.9546703296703296,0.9285714285714286,13,52,5
R1_PCA_85__KMEANS__K2,751,0.7994276471320144,0.8716981132075472,0.8,15,50,5
R1_PCA_85__KMEANS__K2,752,0.8082048353321911,0.8823529411764706,0.8235294117647058,17,48,4
R1_PCA_85__KMEANS__K2,753,0.8574499377757665,0.9045584045584045,0.8461538461538461,11,54,5
R1_PCA_85__KMEANS__K2,754,0.7933783662535089,0.8650793650793651,0.7857142857142857,11,54,5
R1_PCA_85__KMEANS__K2,755,0.8574499377757665,0.9045584045584045,0.8461538461538461,11,54,5
R1_PCA_85__KMEANS__K2,756,0.7247304362918447,0.8207792207792208,0.7142857142857143,14,51,5
R1_PCA_85__KMEANS__K2,757,0.8574499377757665,0.9045584045584045,0.8461538461538461,13,52,5
R1_PCA_85__KMEANS__K2,758,0.9261606184048209,0.9490740740740741,0.9166666666666666,11,54,5
R1_PCA_85__KMEANS__K2,759,0.8574499377757665,0.9045584045584045,0.8461538461538461,11,54,5
R1_PCA_85__KMEANS__K2,760,0.9261606184048209,0.9490740740740741,0.9166666666666666,11,54,5
R1_PCA_85__KMEANS__K2,761,0.9325674224464572,0.9568627450980391,0.9333333333333333,15,50,5
R1_PCA_85__KMEANS__K2,762,1.0,1.0,1.0,13,52,5
R1_PCA_85__KMEANS__K2,763,0.7858376511226253,0.8573426573426574,0.7692307692307693,10,55,5
R1_PCA_85__KMEANS__K2,764,0.7933783662535089,0.8650793650793651,0.7857142857142857,11,54,5
R1_PCA_85__KMEANS__K2,765,0.8082048353321911,0.8823529411764706,0.8235294117647058,17,48,5
R1_PCA_85__KMEANS__K2,766,0.7763844190433914,0.8482142857142857,0.75,9,56,5
R1_PCA_85__KMEANS__K2,767,0.7335181568059144,0.8296296296296296,0.7333333333333333,15,50,5
R1_PCA_85__KMEANS__K2,768,0.8082048353321911,0.8823529411764706,0.8235294117647058,17,48,5
R1_PCA_85__KMEANS__K2,769,0.8574499377757665,0.9045584045584045,0.8461538461538461,11,54,5
R1_PCA_85__KMEANS__K2,770,1.0,1.0,1.0,14,51,5
R1_PCA_85__KMEANS__K2,771,1.0,1.0,1.0,14,51,5
R1_PCA_85__KMEANS__K2,772,0.9187261893132753,0.9410714285714286,0.9,9,56,5
R1_PCA_85__KMEANS__K2,773,0.8082048353321911,0.8823529411764706,0.8235294117647058,17,48,5
R1_PCA_85__KMEANS__K2,774,0.7405783826223502,0.8372641509433962,0.75,16,49,5
R1_PCA_85__KMEANS__K2,775,0.8517043139740166,0.8984848484848484,0.8333333333333334,10,55,5
R1_PCA_85__KMEANS__K2,776,0.7994276471320144,0.8716981132075472,0.8,15,50,5
R1_PCA_85__KMEANS__K2,777,0.9287780992655241,0.9521044992743106,0.9230769230769231,13,52,5
R1_PCA_85__KMEANS__K2,778,0.7858376511226253,0.8573426573426574,0.7692307692307693,10,55,5
R1_PCA_85__KMEANS__K2,779,0.8711048158640227,0.9211764705882353,0.8823529411764706,17,48,5
R1_PCA_85__KMEANS__K2,780,0.8042929292929293,0.8774038461538461,0.8125,16,49,5
R1_PCA_85__KMEANS__K2,781,0.8444710305930611,0.8912337662337663,0.8181818181818182,9,56,5
R1_PCA_85__KMEANS__K2,782,1.0,1.0,1.0,14,51,5
R1_PCA_85__KMEANS__K2,783,0.9308780645858084,0.9546703296703296,0.9285714285714286,14,51,5
R1_PCA_85__KMEANS__K2,784,0.7933783662535089,0.8650793650793651,0.7857142857142857,11,54,5
R1_PCA_85__KMEANS__K2,785,0.8042929292929293,0.8774038461538461,0.8125,16,49,5
R1_PCA_85__KMEANS__K2,786,0.9308780645858084,0.9546703296703296,0.9285714285714286,13,52,5
R1_PCA_85__KMEANS__K2,787,0.7994276471320144,0.8716981132075472,0.8,12,53,5
R1_PCA_85__KMEANS__K2,788,0.9261606184048209,0.9490740740740741,0.9166666666666666,11,54,5
R1_PCA_85__KMEANS__K2,789,0.7994276471320144,0.8716981132075472,0.8,15,50,5
R1_PCA_85__KMEANS__K2,790,0.7994276471320144,0.8716981132075472,0.8,15,50,5
R1_PCA_85__KMEANS__K2,791,0.7994276471320144,0.8716981132075472,0.8,15,50,5
R1_PCA_85__KMEANS__K2,792,0.7335181568059144,0.8296296296296296,0.7333333333333333,15,50,5
R1_PCA_85__KMEANS__K2,793,0.8574499377757665,0.9045584045584045,0.8461538461538461,11,54,5
R1_PCA_85__KMEANS__K2,794,1.0,1.0,1.0,15,50,5
R1_PCA_85__KMEANS__K2,795,0.9287780992655241,0.9521044992743106,0.9230769230769231,12,53,5
R1_PCA_85__KMEANS__K2,796,1.0,1.0,1.0,13,52,5
R1_PCA_85__KMEANS__K2,797,0.8657432072456047,0.9141025641025642,0.8666666666666667,15,50,5
R1_PCA_85__KMEANS__K2,798,0.7933783662535089,0.8650793650793651,0.7857142857142857,14,51,5
R1_PCA_85__KMEANS__K2,799,0.7462562396006656,0.8438914027149321,0.7647058823529411,17,48,5
R1_PCA_85__KMEANS__K2,800,0.8517043139740166,0.8984848484848484,0.8333333333333334,10,55,5
R1_PCA_85__KMEANS__K2,801,0.8620480557871598,0.9097035040431267,0.8571428571428571,12,53,5
R1_PCA_85__KMEANS__K2,802,0.8574499377757665,0.9045584045584045,0.8461538461538461,11,54,5
R1_PCA_85__KMEANS__K2,803,0.8517043139740166,0.8984848484848484,0.8333333333333334,10,55,5
R1_PCA_85__KMEANS__K2,804,0.9287780992655241,0.9521044992743106,0.9230769230769231,13,52,5
R1_PCA_85__KMEANS__K2,805,0.7644239200327352,0.8373205741626795,0.7272727272727273,8,57,5
R1_PCA_85__KMEANS__K2,806,0.8657432072456047,0.9141025641025642,0.8666666666666667,15,50,5
R1_PCA_85__KMEANS__K2,807,0.8042929292929293,0.8774038461538461,0.8125,16,49,5
R1_PCA_85__KMEANS__K2,808,0.8574499377757665,0.9045584045584045,0.8461538461538461,11,54,5
R1_PCA_85__KMEANS__K2,809,0.8620480557871598,0.9097035040431267,0.8571428571428571,12,53,5
R1_PCA_85__KMEANS__K2,810,0.8517043139740166,0.8984848484848484,0.8333333333333334,12,53,5
R1_PCA_85__KMEANS__K2,811,1.0,1.0,1.0,12,53,4
R1_PCA_85__KMEANS__K2,812,0.9339263024142312,0.95875,0.9375,16,49,5
R1_PCA_85__KMEANS__K2,813,0.8657432072456047,0.9141025641025642,0.8666666666666667,15,50,5
R1_PCA_85__KMEANS__K2,814,0.7933783662535089,0.8650793650793651,0.7857142857142857,11,54,5
R1_PCA_85__KMEANS__K2,815,1.0,1.0,1.0,10,55,5
R1_PCA_85__KMEANS__K2,816,0.7405783826223502,0.8372641509433962,0.75,16,49,5
R1_PCA_85__KMEANS__K2,817,0.7994276471320144,0.8716981132075472,0.8,12,53,5
R1_PCA_85__KMEANS__K2,818,0.8620480557871598,0.9097035040431267,0.8571428571428571,14,51,5
R1_PCA_85__KMEANS__K2,819,0.8113406284744572,0.8866666666666667,0.8333333333333334,18,47,4
R1_PCA_85__KMEANS__K2,820,0.7858376511226253,0.8573426573426574,0.7692307692307693,10,55,5
R1_PCA_85__KMEANS__K2,821,0.8620480557871598,0.9097035040431267,0.8571428571428571,12,53,5
R1_PCA_85__KMEANS__K2,822,0.9287780992655241,0.9521044992743106,0.9230769230769231,12,53,5
R1_PCA_85__KMEANS__K2,823,0.9339263024142312,0.95875,0.9375,16,49,5
R1_PCA_85__KMEANS__K2,824,0.8657432072456047,0.9141025641025642,0.8666666666666667,15,50,5
R1_PCA_85__KMEANS__K2,825,0.7994276471320144,0.8716981132075472,0.8,15,50,5
R1_PCA_85__KMEANS__K2,826,0.6913897747145356,0.813034188034188,0.7222222222222222,18,47,4
R1_PCA_85__KMEANS__K2,827,0.8042929292929293,0.8774038461538461,0.8125,16,49,5
R1_PCA_85__KMEANS__K2,828,0.7335181568059144,0.8296296296296296,0.7333333333333333,15,50,5
R1_PCA_85__KMEANS__K2,829,0.7994276471320144,0.8716981132075472,0.8,12,53,5
R1_PCA_85__KMEANS__K2,830,0.9308780645858084,0.9546703296703296,0.9285714285714286,13,52,5
R1_PCA_85__KMEANS__K2,831,1.0,1.0,1.0,12,53,5
R1_PCA_85__KMEANS__K2,832,0.8517043139740166,0.8984848484848484,0.8333333333333334,10,55,5
R1_PCA_85__KMEANS__K2,833,0.8082048353321911,0.8823529411764706,0.8235294117647058,17,48,5
R1_PCA_85__KMEANS__K2,834,1.0,1.0,1.0,14,51,5
R1_PCA_85__KMEANS__K2,835,0.9287780992655241,0.9521044992743106,0.9230769230769231,12,53,5
R1_PCA_85__KMEANS__K2,836,0.9287780992655241,0.9521044992743106,0.9230769230769231,12,53,5
R1_PCA_85__KMEANS__K2,837,0.9261606184048209,0.9490740740740741,0.9166666666666666,11,54,5
R1_PCA_85__KMEANS__K2,838,0.7994276471320144,0.8716981132075472,0.8,15,50,5
R1_PCA_85__KMEANS__K2,839,1.0,1.0,1.0,10,55,5
R1_PCA_85__KMEANS__K2,840,0.7858376511226253,0.8573426573426574,0.7692307692307693,10,55,5
R1_PCA_85__KMEANS__K2,841,0.7994276471320144,0.8716981132075472,0.8,12,53,5
R1_PCA_85__KMEANS__K2,842,0.7462562396006656,0.8438914027149321,0.7647058823529411,17,48,5
R1_PCA_85__KMEANS__K2,843,0.8620480557871598,0.9097035040431267,0.8571428571428571,14,51,5
R1_PCA_85__KMEANS__K2,844,0.8574499377757665,0.9045584045584045,0.8461538461538461,13,52,5
R1_PCA_85__KMEANS__K2,845,1.0,1.0,1.0,14,51,5
R1_PCA_85__KMEANS__K2,846,0.7858376511226253,0.8573426573426574,0.7692307692307693,10,55,5
R1_PCA_85__KMEANS__K2,847,0.9287780992655241,0.9521044992743106,0.9230769230769231,12,53,5
R1_PCA_85__KMEANS__K2,848,0.8657432072456047,0.9141025641025642,0.8666666666666667,15,50,5
R1_PCA_85__KMEANS__K2,849,0.7405783826223502,0.8372641509433962,0.75,16,49,5
R1_PCA_85__KMEANS__K2,850,0.7405783826223502,0.8372641509433962,0.75,16,49,5
R1_PCA_85__KMEANS__K2,851,1.0,1.0,1.0,12,53,5
R1_PCA_85__KMEANS__K2,852,0.7933783662535089,0.8650793650793651,0.7857142857142857,14,51,5
R1_PCA_85__KMEANS__K2,853,0.8082048353321911,0.8823529411764706,0.8235294117647058,17,48,4
R1_PCA_85__KMEANS__K2,854,0.7405783826223502,0.8372641509433962,0.75,16,49,5
R1_PCA_85__KMEANS__K2,855,0.9308780645858084,0.9546703296703296,0.9285714285714286,13,52,5
R1_PCA_85__KMEANS__K2,856,0.8574499377757665,0.9045584045584045,0.8461538461538461,13,52,5
R1_PCA_85__KMEANS__K2,857,0.9325674224464572,0.9568627450980391,0.9333333333333333,15,50,5
R1_PCA_85__KMEANS__K2,858,0.8113406284744572,0.8866666666666667,0.8333333333333334,18,47,5
R1_PCA_85__KMEANS__K2,859,0.7858376511226253,0.8573426573426574,0.7692307692307693,10,55,5
R1_PCA_85__KMEANS__K2,860,1.0,1.0,1.0,14,51,5
R1_PCA_85__KMEANS__K2,861,1.0,1.0,1.0,12,53,4
R1_PCA_85__KMEANS__K2,862,0.8574499377757665,0.9045584045584045,0.8461538461538461,11,54,5
R1_PCA_85__KMEANS__K2,863,0.8657432072456047,0.9141025641025642,0.8666666666666667,15,50,5
R1_PCA_85__KMEANS__K2,864,0.9308780645858084,0.9546703296703296,0.9285714285714286,13,52,5
R1_PCA_85__KMEANS__K2,865,0.7335181568059144,0.8296296296296296,0.7333333333333333,15,50,5
R1_PCA_85__KMEANS__K2,866,0.750814057166649,0.8496732026143791,0.7777777777777778,18,47,5
R1_PCA_85__KMEANS__K2,867,0.9308780645858084,0.9546703296703296,0.9285714285714286,14,51,5
R1_PCA_85__KMEANS__K2,868,0.8620480557871598,0.9097035040431267,0.8571428571428571,14,51,5
R1_PCA_85__KMEANS__K2,869,0.8517043139740166,0.8984848484848484,0.8333333333333334,10,55,5
R1_PCA_85__KMEANS__K2,870,0.7405783826223502,0.8372641509433962,0.75,16,49,5
R1_PCA_85__KMEANS__K2,871,0.8517043139740166,0.8984848484848484,0.8333333333333334,10,55,5
R1_PCA_85__KMEANS__K2,872,0.8657432072456047,0.9141025641025642,0.8666666666666667,13,52,5
R1_PCA_85__KMEANS__K2,873,1.0,1.0,1.0,14,51,5
R1_PCA_85__KMEANS__K2,874,0.9308780645858084,0.9546703296703296,0.9285714285714286,13,52,5
R1_PCA_85__KMEANS__K2,875,0.7405783826223502,0.8372641509433962,0.75,16,49,5
R1_PCA_85__KMEANS__K2,876,1.0,1.0,1.0,13,52,4
R1_PCA_85__KMEANS__K2,877,0.8711048158640227,0.9211764705882353,0.8823529411764706,17,48,5
R1_PCA_85__KMEANS__K2,878,0.7462562396006656,0.8438914027149321,0.7647058823529411,17,48,5
R1_PCA_85__KMEANS__K2,879,0.8657432072456047,0.9141025641025642,0.8666666666666667,13,52,5
R1_PCA_85__KMEANS__K2,880,0.9261606184048209,0.9490740740740741,0.9166666666666666,11,54,5
R1_PCA_85__KMEANS__K2,881,0.7994276471320144,0.8716981132075472,0.8,15,50,5
R1_PCA_85__KMEANS__K2,882,0.7994276471320144,0.8716981132075472,0.8,12,53,5
R1_PCA_85__KMEANS__K2,883,1.0,1.0,1.0,13,52,5
R1_PCA_85__KMEANS__K2,884,0.7933783662535089,0.8650793650793651,0.7857142857142857,11,54,5
R1_PCA_85__KMEANS__K2,885,0.7933783662535089,0.8650793650793651,0.7857142857142857,14,51,5
R1_PCA_85__KMEANS__K2,886,0.8620480557871598,0.9097035040431267,0.8571428571428571,14,51,5
R1_PCA_85__KMEANS__K2,887,1.0,1.0,1.0,14,51,5
R1_PCA_85__KMEANS__K2,888,0.750814057166649,0.8496732026143791,0.7777777777777778,18,47,5
R1_PCA_85__KMEANS__K2,889,0.7858376511226253,0.8573426573426574,0.7692307692307693,10,55,5
R1_PCA_85__KMEANS__K2,890,0.8517043139740166,0.8984848484848484,0.8333333333333334,10,55,5
R1_PCA_85__KMEANS__K2,891,0.7933783662535089,0.8650793650793651,0.7857142857142857,14,51,5
R1_PCA_85__KMEANS__K2,892,0.7462562396006656,0.8438914027149321,0.7647058823529411,17,48,5
R1_PCA_85__KMEANS__K2,893,0.7247304362918447,0.8207792207792208,0.7142857142857143,14,51,5
R1_PCA_85__KMEANS__K2,894,0.9308780645858084,0.9546703296703296,0.9285714285714286,14,51,5
R1_PCA_85__KMEANS__K2,895,0.8517043139740166,0.8984848484848484,0.8333333333333334,10,55,5
R1_PCA_85__KMEANS__K2,896,1.0,1.0,1.0,14,51,5
R1_PCA_85__KMEANS__K2,897,0.8711048158640227,0.9211764705882353,0.8823529411764706,17,48,5
R1_PCA_85__KMEANS__K2,898,0.8687163375224417,0.9178921568627452,0.875,16,49,5
R1_PCA_85__KMEANS__K2,899,0.7462562396006656,0.8438914027149321,0.7647058823529411,17,48,5
R1_PCA_85__KMEANS__K2,900,0.8517043139740166,0.8984848484848484,0.8333333333333334,10,55,5
R1_PCA_85__KMEANS__K2,901,0.7763844190433914,0.8482142857142857,0.75,9,56,5
R1_PCA_85__KMEANS__K2,902,1.0,1.0,1.0,14,51,5
R1_PCA_85__KMEANS__K2,903,0.8444710305930611,0.8912337662337663,0.8181818181818182,9,56,5
R1_PCA_85__KMEANS__K2,904,0.7763844190433914,0.8482142857142857,0.75,9,56,5
R1_PCA_85__KMEANS__K2,905,0.8620480557871598,0.9097035040431267,0.8571428571428571,14,51,5
R1_PCA_85__KMEANS__K2,906,0.8620480557871598,0.9097035040431267,0.8571428571428571,12,53,4
R1_PCA_85__KMEANS__K2,907,0.7933783662535089,0.8650793650793651,0.7857142857142857,11,54,5
R1_PCA_85__KMEANS__K2,908,0.7763844190433914,0.8482142857142857,0.75,12,53,5
R1_PCA_85__KMEANS__K2,909,0.8517043139740166,0.8984848484848484,0.8333333333333334,10,55,5
R1_PCA_85__KMEANS__K2,910,0.8620480557871598,0.9097035040431267,0.8571428571428571,12,53,5
R1_PCA_85__KMEANS__K2,911,1.0,1.0,1.0,12,53,5
R1_PCA_85__KMEANS__K2,912,0.8042929292929293,0.8774038461538461,0.8125,16,49,5
R1_PCA_85__KMEANS__K2,913,0.8082048353321911,0.8823529411764706,0.8235294117647058,17,48,5
R1_PCA_85__KMEANS__K2,914,0.8657432072456047,0.9141025641025642,0.8666666666666667,13,52,5
R1_PCA_85__KMEANS__K2,915,0.9064306439641018,0.9288793103448276,0.875,7,58,5
R1_PCA_85__KMEANS__K2,916,1.0,1.0,1.0,14,51,5
R1_PCA_85__KMEANS__K2,917,0.8620480557871598,0.9097035040431267,0.8571428571428571,12,53,5
R1_PCA_85__KMEANS__K2,918,1.0,1.0,1.0,14,51,4
R1_PCA_85__KMEANS__K2,919,0.9261606184048209,0.9490740740740741,0.9166666666666666,11,54,5
R1_PCA_85__KMEANS__K2,920,0.8042929292929293,0.8774038461538461,0.8125,16,49,5
R1_PCA_85__KMEANS__K2,921,0.8574499377757665,0.9045584045584045,0.8461538461538461,11,54,5
R1_PCA_85__KMEANS__K2,922,0.8113406284744572,0.8866666666666667,0.8333333333333334,18,47,5
R1_PCA_85__KMEANS__K2,923,0.7994276471320144,0.8716981132075472,0.8,15,50,5
R1_PCA_85__KMEANS__K2,924,0.7405783826223502,0.8372641509433962,0.75,16,49,5
R1_PCA_85__KMEANS__K2,925,0.9261606184048209,0.9490740740740741,0.9166666666666666,11,54,5
R1_PCA_85__KMEANS__K2,926,0.9325674224464572,0.9568627450980391,0.9333333333333333,15,50,5
R1_PCA_85__KMEANS__K2,927,0.8657432072456047,0.9141025641025642,0.8666666666666667,15,50,5
R1_PCA_85__KMEANS__K2,928,0.7933783662535089,0.8650793650793651,0.7857142857142857,11,54,5
R1_PCA_85__KMEANS__K2,929,0.9308780645858084,0.9546703296703296,0.9285714285714286,14,51,5
R1_PCA_85__KMEANS__K2,930,0.7994276471320144,0.8716981132075472,0.8,15,50,5
R1_PCA_85__KMEANS__K2,931,0.9287780992655241,0.9521044992743106,0.9230769230769231,12,53,5
R1_PCA_85__KMEANS__K2,932,1.0,1.0,1.0,15,50,5
R1_PCA_85__KMEANS__K2,933,1.0,1.0,1.0,15,50,5
R1_PCA_85__KMEANS__K2,934,0.8657432072456047,0.9141025641025642,0.8666666666666667,15,50,5
R1_PCA_85__KMEANS__K2,935,0.8657432072456047,0.9141025641025642,0.8666666666666667,15,50,5
R1_PCA_85__KMEANS__K2,936,0.8657432072456047,0.9141025641025642,0.8666666666666667,15,50,5
R1_PCA_85__KMEANS__K2,937,1.0,1.0,1.0,12,53,5
R1_PCA_85__KMEANS__K2,938,0.9287780992655241,0.9521044992743106,0.9230769230769231,12,53,5
R1_PCA_85__KMEANS__K2,939,1.0,1.0,1.0,14,51,5
R1_PCA_85__KMEANS__K2,940,0.9325674224464572,0.9568627450980391,0.9333333333333333,15,50,5
R1_PCA_85__KMEANS__K2,941,0.7994276471320144,0.8716981132075472,0.8,15,50,5
R1_PCA_85__KMEANS__K2,942,0.8574499377757665,0.9045584045584045,0.8461538461538461,11,54,5
R1_PCA_85__KMEANS__K2,943,0.8574499377757665,0.9045584045584045,0.8461538461538461,13,52,5
R1_PCA_85__KMEANS__K2,944,0.8657432072456047,0.9141025641025642,0.8666666666666667,15,50,5
R1_PCA_85__KMEANS__K2,945,0.9287780992655241,0.9521044992743106,0.9230769230769231,12,53,5
R1_PCA_85__KMEANS__K2,946,0.9287780992655241,0.9521044992743106,0.9230769230769231,12,53,5
R1_PCA_85__KMEANS__K2,947,0.7462562396006656,0.8438914027149321,0.7647058823529411,17,48,5
R1_PCA_85__KMEANS__K2,948,0.7335181568059144,0.8296296296296296,0.7333333333333333,15,50,5
R1_PCA_85__KMEANS__K2,949,0.8620480557871598,0.9097035040431267,0.8571428571428571,12,53,5
R1_PCA_85__KMEANS__K2,950,0.8574499377757665,0.9045584045584045,0.8461538461538461,11,54,5
R1_PCA_85__KMEANS__K2,951,0.8730153807988092,0.9240362811791383,0.8888888888888888,18,47,5
R1_PCA_85__KMEANS__K2,952,1.0,1.0,1.0,11,54,5
R1_PCA_85__KMEANS__K2,953,0.8042929292929293,0.8774038461538461,0.8125,16,49,5
R1_PCA_85__KMEANS__K2,954,0.8574499377757665,0.9045584045584045,0.8461538461538461,11,54,5
R1_PCA_85__KMEANS__K2,955,0.7462562396006656,0.8438914027149321,0.7647058823529411,17,48,5
R1_PCA_85__KMEANS__K2,956,0.7994276471320144,0.8716981132075472,0.8,12,53,5
R1_PCA_85__KMEANS__K2,957,0.7994276471320144,0.8716981132075472,0.8,15,50,5
R1_PCA_85__KMEANS__K2,958,0.8574499377757665,0.9045584045584045,0.8461538461538461,13,52,5
R1_PCA_85__KMEANS__K2,959,0.8444710305930611,0.8912337662337663,0.8181818181818182,9,56,5
R1_PCA_85__KMEANS__K2,960,0.9287780992655241,0.9521044992743106,0.9230769230769231,12,53,5
R1_PCA_85__KMEANS__K2,961,0.7858376511226253,0.8573426573426574,0.7692307692307693,13,52,5
R1_PCA_85__KMEANS__K2,962,0.9287780992655241,0.9521044992743106,0.9230769230769231,12,53,5
R1_PCA_85__KMEANS__K2,963,0.7763844190433914,0.8482142857142857,0.75,12,53,5
R1_PCA_85__KMEANS__K2,964,0.5192896385346768,0.705050505050505,0.5555555555555556,18,47,5
R1_PCA_85__KMEANS__K2,965,0.7335181568059144,0.8296296296296296,0.7333333333333333,15,50,5
R1_PCA_85__KMEANS__K2,966,0.8687163375224417,0.9178921568627452,0.875,16,49,5
R1_PCA_85__KMEANS__K2,967,0.9287780992655241,0.9521044992743106,0.9230769230769231,12,53,4
R1_PCA_85__KMEANS__K2,968,0.9308780645858084,0.9546703296703296,0.9285714285714286,14,51,5
R1_PCA_85__KMEANS__K2,969,0.8574499377757665,0.9045584045584045,0.8461538461538461,11,54,5
R1_PCA_85__KMEANS__K2,970,0.7933783662535089,0.8650793650793651,0.7857142857142857,14,51,5
R1_PCA_85__KMEANS__K2,971,0.8042929292929293,0.8774038461538461,0.8125,16,49,5
R1_PCA_85__KMEANS__K2,972,0.7335181568059144,0.8296296296296296,0.7333333333333333,15,50,5
R1_PCA_85__KMEANS__K2,973,1.0,1.0,1.0,12,53,5
R1_PCA_85__KMEANS__K2,974,1.0,1.0,1.0,13,52,5
R1_PCA_85__KMEANS__K2,975,0.9228790582346534,0.9454545454545454,0.9090909090909091,10,55,5
R1_PCA_85__KMEANS__K2,976,0.8113406284744572,0.8866666666666667,0.8333333333333334,18,47,5
R1_PCA_85__KMEANS__K2,977,0.9308780645858084,0.9546703296703296,0.9285714285714286,13,52,5
R1_PCA_85__KMEANS__K2,978,1.0,1.0,1.0,13,52,5
R1_PCA_85__KMEANS__K2,979,1.0,1.0,1.0,12,53,5
R1_PCA_85__KMEANS__K2,980,0.7933783662535089,0.8650793650793651,0.7857142857142857,11,54,5
R1_PCA_85__KMEANS__K2,981,0.8620480557871598,0.9097035040431267,0.8571428571428571,14,51,5
R1_PCA_85__KMEANS__K2,982,0.6559572328375589,0.7767857142857143,0.6428571428571429,14,51,5
R1_PCA_85__KMEANS__K2,983,0.8574499377757665,0.9045584045584045,0.8461538461538461,11,54,5
R1_PCA_85__KMEANS__K2,984,0.8657432072456047,0.9141025641025642,0.8666666666666667,15,50,5
R1_PCA_85__KMEANS__K2,985,1.0,1.0,1.0,16,49,5
R1_PCA_85__KMEANS__K2,986,0.9261606184048209,0.9490740740740741,0.9166666666666666,11,54,5
R1_PCA_85__KMEANS__K2,987,0.8517043139740166,0.8984848484848484,0.8333333333333334,10,55,5
R1_PCA_85__KMEANS__K2,988,0.8042929292929293,0.8774038461538461,0.8125,16,49,5
R1_PCA_85__KMEANS__K2,989,1.0,1.0,1.0,11,54,4
R1_PCA_85__KMEANS__K2,990,0.9339263024142312,0.95875,0.9375,16,49,4
R1_PCA_85__KMEANS__K2,991,0.8687163375224417,0.9178921568627452,0.875,16,49,5
R1_PCA_85__KMEANS__K2,992,0.7335181568059144,0.8296296296296296,0.7333333333333333,15,50,5
R1_PCA_85__KMEANS__K2,993,0.9287780992655241,0.9521044992743106,0.9230769230769231,13,52,5
R1_PCA_85__KMEANS__K2,994,0.8574499377757665,0.9045584045584045,0.8461538461538461,11,54,5
R1_PCA_85__KMEANS__K2,995,0.7462562396006656,0.8438914027149321,0.7647058823529411,17,48,5
R1_PCA_85__KMEANS__K2,996,0.8517043139740166,0.8984848484848484,0.8333333333333334,10,55,5
R1_PCA_85__KMEANS__K2,997,0.750814057166649,0.8496732026143791,0.7777777777777778,18,47,5
R1_PCA_85__KMEANS__K2,998,0.8082048353321911,0.8823529411764706,0.8235294117647058,17,48,5
R1_PCA_85__KMEANS__K2,999,0.7405783826223502,0.8372641509433962,0.75,16,49,5
R1_PCA_85__KMEANS__K2,1000,1.0,1.0,1.0,13,52,4
R1_PCA_85__KMEANS__K5,1,1.0,1.0,1.0,11,16,5
R1_PCA_85__KMEANS__K5,2,1.0,1.0,1.0,10,17,5
R1_PCA_85__KMEANS__K5,3,0.7237728099617472,0.8192156862745097,0.5294117647058824,11,18,5
R1_PCA_85__KMEANS__K5,4,1.0,1.0,1.0,11,17,5
R1_PCA_85__KMEANS__K5,5,0.7796545331489274,0.865,0.625,10,18,5
R1_PCA_85__KMEANS__K5,6,0.7852422907488987,0.865,0.625,8,20,5
R1_PCA_85__KMEANS__K5,7,1.0,1.0,1.0,11,16,5
R1_PCA_85__KMEANS__K5,8,0.6564143471293741,0.8054545454545454,0.55,9,20,5
R1_PCA_85__KMEANS__K5,9,1.0,1.0,1.0,10,16,5
R1_PCA_85__KMEANS__K5,10,0.7507301045615307,0.8787878787878789,0.6666666666666666,9,20,5
R1_PCA_85__KMEANS__K5,11,1.0,1.0,1.0,10,17,5
R1_PCA_85__KMEANS__K5,12,0.8146385079588105,0.8823529411764707,0.7058823529411765,11,17,4
R1_PCA_85__KMEANS__K5,13,0.9167483222919116,0.947008547008547,0.8461538461538461,11,18,5
R1_PCA_85__KMEANS__K5,14,1.0,1.0,1.0,10,16,5
R1_PCA_85__KMEANS__K5,15,0.7342481525429703,0.826640129736105,0.7058823529411765,10,18,5
R1_PCA_85__KMEANS__K5,16,0.8735808602125341,0.9220959595959595,0.8125,10,18,5
R1_PCA_85__KMEANS__K5,17,0.7190397620320235,0.8512820512820513,0.6666666666666666,10,19,5
R1_PCA_85__KMEANS__K5,18,0.7750527760794583,0.8678571428571429,0.625,8,19,5
R1_PCA_85__KMEANS__K5,19,0.752474616322905,0.8623832308042834,0.6842105263157895,10,19,5
R1_PCA_85__KMEANS__K5,20,0.7393806457699474,0.8414673046251993,0.631578947368421,10,17,5
R1_PCA_85__KMEANS__K5,21,0.7724567274820973,0.8563636363636362,0.6,11,20,5
R1_PCA_85__KMEANS__K5,22,1.0,1.0,1.0,11,15,5
R1_PCA_85__KMEANS__K5,23,0.7796545331489274,0.865,0.625,10,18,5
R1_PCA_85__KMEANS__K5,24,0.7224857685009488,0.8215966386554623,0.5294117647058824,10,16,5
R1_PCA_85__KMEANS__K5,25,0.764352849073403,0.8733333333333334,0.6666666666666666,10,19,5
R1_PCA_85__KMEANS__K5,26,1.0,1.0,1.0,10,15,5
R1_PCA_85__KMEANS__K5,27,0.9119011146485575,0.9478362573099416,0.8947368421052632,9,18,5
R1_PCA_85__KMEANS__K5,28,1.0,1.0,1.0,8,17,5
R1_PCA_85__KMEANS__K5,29,0.916109613187043,0.9478991596638655,0.8571428571428571,11,17,5
R1_PCA_85__KMEANS__K5,30,0.7411525603452085,0.840882509303562,0.6111111111111112,10,16,5
R1_PCA_85__KMEANS__K5,31,1.0,1.0,1.0,11,16,5
R1_PCA_85__KMEANS__K5,32,1.0,1.0,1.0,9,17,5
R1_PCA_85__KMEANS__K5,33,0.9615654112353172,0.9693181818181819,0.9090909090909091,10,15,5
R1_PCA_85__KMEANS__K5,34,0.9617090714155273,0.97,0.9166666666666666,10,17,5
R1_PCA_85__KMEANS__K5,35,0.943815752061416,0.9269841269841269,0.7777777777777778,7,18,5
R1_PCA_85__KMEANS__K5,36,0.7617434811076212,0.8761904761904761,0.6666666666666666,8,21,5
R1_PCA_85__KMEANS__K5,37,0.7552497639323751,0.8458333333333332,0.5625,10,19,5
R1_PCA_85__KMEANS__K5,38,0.7494205924872072,0.8673015873015872,0.7142857142857143,9,20,5
R1_PCA_85__KMEANS__K5,39,0.9088657288404917,0.9527777777777778,0.875,9,18,5
R1_PCA_85__KMEANS__K5,40,0.7197859654130827,0.85,0.6666666666666666,10,19,5
R1_PCA_85__KMEANS__K5,41,0.8726433986348063,0.9246616541353383,0.8,8,19,5
R1_PCA_85__KMEANS__K5,42,1.0,1.0,1.0,10,18,5
R1_PCA_85__KMEANS__K5,43,0.7334544016637132,0.8563157894736844,0.631578947368421,10,17,5
R1_PCA_85__KMEANS__K5,44,0.7540675685586042,0.8194444444444444,0.625,11,16,5
R1_PCA_85__KMEANS__K5,45,0.7753819846818855,0.8569838056680161,0.625,11,17,5
R1_PCA_85__KMEANS__K5,46,0.8329234310283388,0.9017543859649123,0.75,10,19,5
R1_PCA_85__KMEANS__K5,47,0.7559432266283372,0.8772378516624041,0.6470588235294118,10,23,5
R1_PCA_85__KMEANS__K5,48,0.7273779014424837,0.846078431372549,0.6470588235294118,10,19,5
R1_PCA_85__KMEANS__K5,49,0.9578572007456033,0.9722222222222221,0.9166666666666666,8,18,5
R1_PCA_85__KMEANS__K5,50,0.915948275862069,0.9478991596638655,0.8571428571428571,12,15,5
R1_PCA_85__KMEANS__K5,51,0.7999502835024089,0.8885448916408668,0.7058823529411765,10,17,5
R1_PCA_85__KMEANS__K5,52,0.8012110600423141,0.8751518218623481,0.6875,10,19,5
R1_PCA_85__KMEANS__K5,53,0.6713094994953659,0.7396078431372548,0.5333333333333333,9,17,5
R1_PCA_85__KMEANS__K5,54,1.0,1.0,1.0,9,19,5
R1_PCA_85__KMEANS__K5,55,0.7652217792506337,0.8626339604667779,0.6842105263157895,9,17,5
R1_PCA_85__KMEANS__K5,56,0.7446359835053333,0.8429487179487181,0.625,9,20,5
R1_PCA_85__KMEANS__K5,57,1.0,1.0,1.0,9,20,5
R1_PCA_85__KMEANS__K5,58,0.8730237140282974,0.923391812865497,0.8333333333333334,8,17,5
R1_PCA_85__KMEANS__K5,59,0.7539979683645335,0.8675438596491227,0.6842105263157895,9,18,5
R1_PCA_85__KMEANS__K5,60,0.8650275784995854,0.9324999999999999,0.8125,9,19,5
R1_PCA_85__KMEANS__K5,61,0.9091253740051779,0.9523809523809523,0.8571428571428571,8,21,5
R1_PCA_85__KMEANS__K5,62,0.673928713896801,0.8382125603864734,0.65,8,21,5
R1_PCA_85__KMEANS__K5,63,0.9608221324814659,0.97,0.9166666666666666,12,14,5
R1_PCA_85__KMEANS__K5,64,1.0,1.0,1.0,11,15,5
R1_PCA_85__KMEANS__K5,65,1.0,1.0,1.0,10,17,5
R1_PCA_85__KMEANS__K5,66,1.0,1.0,1.0,10,19,5
R1_PCA_85__KMEANS__K5,67,0.9599734296555833,0.9715686274509803,0.9166666666666666,7,17,5
R1_PCA_85__KMEANS__K5,68,0.7260682369116104,0.86,0.65,9,18,5
R1_PCA_85__KMEANS__K5,69,0.867979864302911,0.930921052631579,0.8125,10,19,5
R1_PCA_85__KMEANS__K5,70,0.723073636838463,0.7992156862745098,0.5294117647058824,9,19,5
R1_PCA_85__KMEANS__K5,71,0.7800709893721538,0.8662538699690403,0.6470588235294118,11,19,5
R1_PCA_85__KMEANS__K5,72,0.7596008466888419,0.86579185520362,0.7,8,16,5
R1_PCA_85__KMEANS__K5,73,0.8374492028758987,0.8984210526315788,0.75,10,19,5
R1_PCA_85__KMEANS__K5,74,0.7375992634365289,0.8423976608187134,0.6111111111111112,11,17,5
R1_PCA_85__KMEANS__K5,75,0.8399637787842514,0.9055555555555556,0.75,11,18,5
R1_PCA_85__KMEANS__K5,76,0.8135755258126195,0.8807017543859649,0.6666666666666666,12,17,5
R1_PCA_85__KMEANS__K5,77,1.0,1.0,1.0,10,18,5
R1_PCA_85__KMEANS__K5,78,0.8376560627729891,0.9,0.75,11,16,5
R1_PCA_85__KMEANS__K5,79,1.0,1.0,1.0,7,17,5
R1_PCA_85__KMEANS__K5,80,1.0,1.0,1.0,12,15,5
R1_PCA_85__KMEANS__K5,81,0.733651523529583,0.8164935064935065,0.7142857142857143,11,19,5
R1_PCA_85__KMEANS__K5,82,1.0,1.0,1.0,9,16,5
R1_PCA_85__KMEANS__K5,83,0.7200736861450656,0.85,0.6666666666666666,10,20,5
R1_PCA_85__KMEANS__K5,84,0.762200894222507,0.8603571428571428,0.6875,9,19,5
R1_PCA_85__KMEANS__K5,85,1.0,1.0,1.0,10,16,4
R1_PCA_85__KMEANS__K5,86,0.6764864634527428,0.8406060606060606,0.6363636363636364,9,20,5
R1_PCA_85__KMEANS__K5,87,1.0,1.0,1.0,10,15,5
R1_PCA_85__KMEANS__K5,88,0.7652135783656121,0.8704545454545455,0.625,11,20,5
R1_PCA_85__KMEANS__K5,89,1.0,1.0,1.0,10,17,5
R1_PCA_85__KMEANS__K5,90,0.815712842806599,0.8807017543859649,0.6666666666666666,10,19,5
R1_PCA_85__KMEANS__K5,91,1.0,1.0,1.0,11,17,5
R1_PCA_85__KMEANS__K5,92,0.7914284560329904,0.8845355731225297,0.6875,9,22,5
R1_PCA_85__KMEANS__K5,93,0.8696133885357746,0.9243018419489009,0.8235294117647058,10,18,5
R1_PCA_85__KMEANS__K5,94,0.8278887076129078,0.9040404040404042,0.7777777777777778,11,17,5
R1_PCA_85__KMEANS__K5,95,0.73520050922979,0.8567774936061381,0.5882352941176471,9,23,5
R1_PCA_85__KMEANS__K5,96,0.9585683047531361,0.9721153846153847,0.9230769230769231,10,16,5
R1_PCA_85__KMEANS__K5,97,0.9628077302702162,0.9682352941176472,0.9,9,18,5
R1_PCA_85__KMEANS__K5,98,0.9009529705180326,0.9071794871794872,0.7692307692307693,11,16,5
R1_PCA_85__KMEANS__K5,99,0.8025438543965393,0.8857142857142858,0.6666666666666666,11,19,5
R1_PCA_85__KMEANS__K5,100,1.0,1.0,1.0,10,16,5
R1_PCA_85__KMEANS__K5,101,0.7200736861450656,0.849108734402852,0.6470588235294118,10,20,5
R1_PCA_85__KMEANS__K5,102,0.7665354708649323,0.8623931623931625,0.6666666666666666,9,16,5
R1_PCA_85__KMEANS__K5,103,0.8353590965858121,0.9078947368421053,0.75,10,19,5
R1_PCA_85__KMEANS__K5,104,1.0,1.0,1.0,10,17,5
R1_PCA_85__KMEANS__K5,105,0.7966413965116178,0.8911764705882353,0.7058823529411765,10,20,4
R1_PCA_85__KMEANS__K5,106,1.0,1.0,1.0,9,15,5
R1_PCA_85__KMEANS__K5,107,0.7356113022302965,0.8429824561403508,0.631578947368421,11,17,5
R1_PCA_85__KMEANS__K5,108,0.7490214104617506,0.8509803921568627,0.5882352941176471,10,21,5
R1_PCA_85__KMEANS__K5,109,0.9120652280079247,0.9486111111111111,0.8888888888888888,9,17,5
R1_PCA_85__KMEANS__K5,110,0.791933418693982,0.8935574229691877,0.7058823529411765,10,21,5
R1_PCA_85__KMEANS__K5,111,0.8004715806739796,0.8681005398110659,0.7692307692307693,10,18,5
R1_PCA_85__KMEANS__K5,112,0.6867857520913999,0.798329156223893,0.5555555555555556,11,16,5
R1_PCA_85__KMEANS__K5,113,1.0,1.0,1.0,10,16,5
R1_PCA_85__KMEANS__K5,114,0.806732258764692,0.8856209150326798,0.7058823529411765,11,17,5
R1_PCA_85__KMEANS__K5,115,0.8060817468707016,0.8770562770562771,0.6666666666666666,9,19,5
R1_PCA_85__KMEANS__K5,116,0.8345059117101995,0.9012121212121211,0.7333333333333333,9,21,5
R1_PCA_85__KMEANS__K5,117,0.9497280966767372,0.9777777777777779,0.9444444444444444,9,18,5
R1_PCA_85__KMEANS__K5,118,0.8514231568205839,0.8902797202797202,0.6923076923076923,11,18,5
R1_PCA_85__KMEANS__K5,119,0.9173695988982613,0.9439705882352941,0.8823529411764706,9,16,5
R1_PCA_85__KMEANS__K5,120,0.8726461922873391,0.9257918552036198,0.8235294117647058,8,16,5
R1_PCA_85__KMEANS__K5,121,0.7704711080507259,0.8694117647058824,0.6470588235294118,10,18,4
R1_PCA_85__KMEANS__K5,122,1.0,1.0,1.0,11,16,5
R1_PCA_85__KMEANS__K5,123,0.6785372224640835,0.7666917293233083,0.45,10,18,5
R1_PCA_85__KMEANS__K5,124,0.867488759684246,0.930921052631579,0.8125,10,17,5
R1_PCA_85__KMEANS__K5,125,1.0,1.0,1.0,11,16,5
R1_PCA_85__KMEANS__K5,126,0.7266055715798313,0.847948717948718,0.65,10,19,5
R1_PCA_85__KMEANS__K5,127,0.7953333176680687,0.8824045407636738,0.7058823529411765,10,18,5
R1_PCA_85__KMEANS__K5,128,1.0,1.0,1.0,12,15,4
R1_PCA_85__KMEANS__K5,129,0.6344783857371974,0.7381578947368421,0.3157894736842105,10,22,5
R1_PCA_85__KMEANS__K5,130,1.0,1.0,1.0,9,16,5
R1_PCA_85__KMEANS__K5,131,0.8484227539034316,0.8917948717948718,0.6923076923076923,9,20,5
R1_PCA_85__KMEANS__K5,132,0.773000109134563,0.8694117647058824,0.6470588235294118,8,18,5
R1_PCA_85__KMEANS__K5,133,1.0,1.0,1.0,9,18,5
R1_PCA_85__KMEANS__K5,134,1.0,1.0,1.0,9,19,5
R1_PCA_85__KMEANS__K5,135,0.9539214745128156,0.9749019607843138,0.9333333333333333,10,16,5
R1_PCA_85__KMEANS__K5,136,0.7639286656574873,0.8608333333333335,0.6875,11,19,5
R1_PCA_85__KMEANS__K5,137,0.8631716503958797,0.8794041252864784,0.7272727272727273,10,17,5
R1_PCA_85__KMEANS__K5,138,0.9182808716707022,0.9424836601307188,0.8823529411764706,9,16,5
R1_PCA_85__KMEANS__K5,139,0.6968664370541636,0.8359558316080055,0.5555555555555556,8,21,5
R1_PCA_85__KMEANS__K5,140,0.8957508752533628,0.9052049910873441,0.8181818181818182,9,16,4
R1_PCA_85__KMEANS__K5,141,0.9217412858980866,0.9421356421356422,0.8571428571428571,11,17,5
R1_PCA_85__KMEANS__K5,142,0.748226138704509,0.8275375939849624,0.5625,10,18,5
R1_PCA_85__KMEANS__K5,143,0.6730462858720819,0.7481643356643357,0.5625,9,22,5
R1_PCA_85__KMEANS__K5,144,0.7648167341939132,0.860805860805861,0.6666666666666666,9,20,5
R1_PCA_85__KMEANS__K5,145,0.7263519969424804,0.847948717948718,0.65,10,18,5
R1_PCA_85__KMEANS__K5,146,1.0,1.0,1.0,10,16,5
R1_PCA_85__KMEANS__K5,147,0.6901620462761286,0.8351515151515152,0.6,8,18,5
R1_PCA_85__KMEANS__K5,148,1.0,1.0,1.0,10,17,5
R1_PCA_85__KMEANS__K5,149,0.7218334701997479,0.8475935828877006,0.6470588235294118,10,20,5
R1_PCA_85__KMEANS__K5,150,0.9539214745128156,0.9749019607843138,0.9333333333333333,10,17,5
R1_PCA_85__KMEANS__K5,151,0.9563329909351967,0.9732142857142858,0.9285714285714286,11,15,5
R1_PCA_85__KMEANS__K5,152,0.7392288624933733,0.8516304347826086,0.5625,10,21,5
R1_PCA_85__KMEANS__K5,153,0.8336997202398274,0.9023809523809524,0.7333333333333333,10,20,5
R1_PCA_85__KMEANS__K5,154,0.9136617271212472,0.95,0.875,10,16,5
R1_PCA_85__KMEANS__K5,155,1.0,1.0,1.0,10,17,5
R1_PCA_85__KMEANS__K5,156,0.7422908338749262,0.8403429387949511,0.631578947368421,11,18,5
R1_PCA_85__KMEANS__K5,157,0.8146396091985094,0.8807017543859649,0.6666666666666666,11,17,5
R1_PCA_85__KMEANS__K5,158,0.7812764714473492,0.8666666666666666,0.6666666666666666,10,18,5
R1_PCA_85__KMEANS__K5,159,0.9490023229161705,0.9783625730994151,0.9444444444444444,9,18,5
R1_PCA_85__KMEANS__K5,160,0.8341170632576385,0.9078947368421053,0.75,10,17,5
R1_PCA_85__KMEANS__K5,161,0.8303186376103502,0.90251012145749,0.7894736842105263,10,19,5
R1_PCA_85__KMEANS__K5,162,1.0,1.0,1.0,10,16,5
R1_PCA_85__KMEANS__K5,163,0.9238038277511962,0.9407467532467532,0.8571428571428571,11,15,5
R1_PCA_85__KMEANS__K5,164,1.0,1.0,1.0,12,16,5
R1_PCA_85__KMEANS__K5,165,1.0,1.0,1.0,11,17,5
R1_PCA_85__KMEANS__K5,166,0.8783567362656478,0.9208333333333332,0.8125,12,15,4
R1_PCA_85__KMEANS__K5,167,1.0,1.0,1.0,10,16,5
R1_PCA_85__KMEANS__K5,168,0.9536596269897026,0.975,0.9375,11,16,5
R1_PCA_85__KMEANS__K5,169,0.7738919303815939,0.8392543859649123,0.6875,11,19,5
R1_PCA_85__KMEANS__K5,170,0.96271493807483,0.9690476190476192,0.9166666666666666,11,16,4
R1_PCA_85__KMEANS__K5,171,0.7217692621280065,0.8626794258373206,0.631578947368421,8,20,5
R1_PCA_85__KMEANS__K5,172,1.0,1.0,1.0,10,17,5
R1_PCA_85__KMEANS__K5,173,0.7006367930070259,0.7988888888888889,0.55,11,18,5
R1_PCA_85__KMEANS__K5,174,0.9514839808210112,0.9764705882352942,0.9411764705882353,10,17,4
R1_PCA_85__KMEANS__K5,175,0.7263519969424804,0.8180116959064329,0.5789473684210527,9,17,5
R1_PCA_85__KMEANS__K5,176,0.7100982815104316,0.8139682539682539,0.5555555555555556,10,19,5
R1_PCA_85__KMEANS__K5,177,0.7808844507845935,0.8628571428571428,0.6,10,19,5
R1_PCA_85__KMEANS__K5,178,0.7915649663082519,0.8935574229691877,0.7058823529411765,10,21,5
R1_PCA_85__KMEANS__K5,179,0.7808934269491136,0.865,0.625,10,19,5
R1_PCA_85__KMEANS__K5,180,0.6504608780637372,0.7592156862745097,0.5294117647058824,11,18,5
R1_PCA_85__KMEANS__K5,181,1.0,1.0,1.0,11,18,4
R1_PCA_85__KMEANS__K5,182,0.6798094965725142,0.7679831932773109,0.6428571428571429,11,19,5
R1_PCA_85__KMEANS__K5,183,0.7217621729049354,0.8633333333333333,0.65,7,19,5
R1_PCA_85__KMEANS__K5,184,0.8007002026902524,0.888888888888889,0.7222222222222222,10,17,5
R1_PCA_85__KMEANS__K5,185,0.9550762631077216,0.9741666666666667,0.9333333333333333,10,16,4
R1_PCA_85__KMEANS__K5,186,0.8771244764498426,0.921524064171123,0.8235294117647058,10,16,5
R1_PCA_85__KMEANS__K5,187,0.8420662223805714,0.9028571428571428,0.7142857142857143,10,20,5
R1_PCA_85__KMEANS__K5,188,0.6439428197275079,0.7761052246985751,0.47058823529411764,10,21,5
R1_PCA_85__KMEANS__K5,189,0.656886332792596,0.8215151515151515,0.5909090909090909,9,19,5
R1_PCA_85__KMEANS__K5,190,0.8365638837030969,0.9066666666666666,0.7333333333333333,9,19,5
R1_PCA_85__KMEANS__K5,191,0.7461938753796452,0.8368181818181817,0.625,10,17,5
R1_PCA_85__KMEANS__K5,192,0.7696083933434548,0.8595959595959595,0.6666666666666666,10,16,5
R1_PCA_85__KMEANS__K5,193,0.7901010138870669,0.8836630036630038,0.7333333333333333,10,21,5
R1_PCA_85__KMEANS__K5,194,0.8263463055406813,0.9062745098039215,0.7647058823529411,10,19,5
R1_PCA_85__KMEANS__K5,195,0.6957708186053582,0.8280818414322251,0.5882352941176471,9,21,5
R1_PCA_85__KMEANS__K5,196,0.7786452300421628,0.8366666666666667,0.5333333333333333,8,20,5
R1_PCA_85__KMEANS__K5,197,1.0,1.0,1.0,10,18,6
R1_PCA_85__KMEANS__K5,198,0.8445033062103398,0.897008547008547,0.75,9,16,5
R1_PCA_85__KMEANS__K5,199,0.9150511871052058,0.9471776589423648,0.8823529411764706,8,17,5
R1_PCA_85__KMEANS__K5,200,0.766945083088385,0.8607142857142858,0.625,10,19,5
R1_PCA_85__KMEANS__K5,201,0.77178539344045,0.8585983675766957,0.6470588235294118,10,17,5
R1_PCA_85__KMEANS__K5,202,1.0,1.0,1.0,10,18,5
R1_PCA_85__KMEANS__K5,203,1.0,1.0,1.0,10,16,5
R1_PCA_85__KMEANS__K5,204,0.7145535782644684,0.8519936204146731,0.6666666666666666,10,19,5
R1_PCA_85__KMEANS__K5,205,0.8421430920489702,0.896524064171123,0.75,11,16,5
R1_PCA_85__KMEANS__K5,206,0.7617323748191771,0.8733333333333334,0.6666666666666666,11,18,5
R1_PCA_85__KMEANS__K5,207,1.0,1.0,1.0,11,17,5
R1_PCA_85__KMEANS__K5,208,0.842943992727338,0.8980392156862745,0.75,12,15,5
R1_PCA_85__KMEANS__K5,209,1.0,1.0,1.0,9,17,4
R1_PCA_85__KMEANS__K5,210,0.7357279820781045,0.844027149321267,0.6470588235294118,9,19,5
R1_PCA_85__KMEANS__K5,211,0.7904288148864631,0.8935574229691877,0.7058823529411765,10,20,5
R1_PCA_85__KMEANS__K5,212,0.7017593913456966,0.8267379679144385,0.5882352941176471,10,19,5
R1_PCA_85__KMEANS__K5,213,0.8311365231056499,0.9099999999999999,0.75,10,20,5
R1_PCA_85__KMEANS__K5,214,0.9570088662086267,0.9728070175438596,0.9166666666666666,9,19,5
R1_PCA_85__KMEANS__K5,215,0.9571546068361355,0.9722222222222221,0.9166666666666666,11,18,5
R1_PCA_85__KMEANS__K5,216,0.8014529765165277,0.8787280701754387,0.6875,11,19,5
R1_PCA_85__KMEANS__K5,217,0.8387411792945821,0.9055555555555556,0.75,11,17,5
R1_PCA_85__KMEANS__K5,218,0.7779119600594984,0.8571895424836601,0.6470588235294118,9,16,5
R1_PCA_85__KMEANS__K5,219,0.7543890851255826,0.8660287081339713,0.6842105263157895,10,18,5
R1_PCA_85__KMEANS__K5,220,0.8752194779351515,0.9243212669683258,0.8235294117647058,8,16,5
R1_PCA_85__KMEANS__K5,221,0.77882797731569,0.8662538699690403,0.6470588235294118,10,18,5
R1_PCA_85__KMEANS__K5,222,1.0,1.0,1.0,11,17,5
R1_PCA_85__KMEANS__K5,223,0.8341192681280672,0.8958333333333334,0.8125,11,18,5
R1_PCA_85__KMEANS__K5,224,1.0,1.0,1.0,7,19,5
R1_PCA_85__KMEANS__K5,225,0.867488759684246,0.9313725490196079,0.8235294117647058,10,17,5
R1_PCA_85__KMEANS__K5,226,1.0,1.0,1.0,10,19,5
R1_PCA_85__KMEANS__K5,227,0.7105534985862759,0.8574752097635393,0.631578947368421,7,21,5
R1_PCA_85__KMEANS__K5,228,0.960581653850359,0.9688888888888888,0.9,10,17,5
R1_PCA_85__KMEANS__K5,229,0.9657221141086747,0.9666666666666666,0.9,10,19,5
R1_PCA_85__KMEANS__K5,230,0.8396577309256297,0.8958333333333334,0.8125,11,16,5
R1_PCA_85__KMEANS__K5,231,0.8645400222003853,0.9324999999999999,0.8125,10,19,5
R1_PCA_85__KMEANS__K5,232,0.7687371119119659,0.8701754385964913,0.6666666666666666,11,17,5
R1_PCA_85__KMEANS__K5,233,0.8862503231524911,0.8682615629984051,0.6666666666666666,8,19,5
R1_PCA_85__KMEANS__K5,234,0.9598384030418251,0.9712820512820514,0.9230769230769231,10,16,5
R1_PCA_85__KMEANS__K5,235,0.8914362514190274,0.9092560217560217,0.8181818181818182,9,18,5
R1_PCA_85__KMEANS__K5,236,1.0,1.0,1.0,10,16,5
R1_PCA_85__KMEANS__K5,237,1.0,1.0,1.0,10,17,5
R1_PCA_85__KMEANS__K5,238,1.0,1.0,1.0,10,17,5
R1_PCA_85__KMEANS__K5,239,1.0,1.0,1.0,8,18,5
R1_PCA_85__KMEANS__K5,240,0.9632753772881162,0.9675,0.9,10,16,5
R1_PCA_85__KMEANS__K5,241,0.7660518510080218,0.8722689075630253,0.6470588235294118,9,19,5
R1_PCA_85__KMEANS__K5,242,0.9163842931110597,0.9447058823529412,0.8823529411764706,9,17,5
R1_PCA_85__KMEANS__K5,243,1.0,1.0,1.0,9,17,5
R1_PCA_85__KMEANS__K5,244,0.8389954155171382,0.897008547008547,0.75,9,18,5
R1_PCA_85__KMEANS__K5,245,0.6414129854276341,0.7747773279352227,0.55,10,17,5
R1_PCA_85__KMEANS__K5,246,0.7763200344123024,0.8678571428571429,0.625,9,21,5
R1_PCA_85__KMEANS__K5,247,1.0,1.0,1.0,9,18,5
R1_PCA_85__KMEANS__K5,248,0.7821229050279329,0.8628571428571428,0.6,10,20,5
R1_PCA_85__KMEANS__K5,249,0.7647973000400123,0.8722689075630253,0.6470588235294118,10,20,5
R1_PCA_85__KMEANS__K5,250,0.7784222051251701,0.8547908232118759,0.6666666666666666,10,18,5
R1_PCA_85__KMEANS__K5,251,0.7260718048464219,0.8596491228070174,0.631578947368421,10,19,5
R1_PCA_85__KMEANS__K5,252,0.8382734955140149,0.8996529786003471,0.7857142857142857,11,18,4
R1_PCA_85__KMEANS__K5,253,0.6842932311135449,0.7924426450742239,0.5263157894736842,12,16,5
R1_PCA_85__KMEANS__K5,254,0.7786697198895051,0.8678571428571429,0.625,9,21,5
R1_PCA_85__KMEANS__K5,255,0.7893784535695385,0.8502450980392157,0.6470588235294118,11,17,5
R1_PCA_85__KMEANS__K5,256,0.9365558912386707,0.935064935064935,0.8181818181818182,10,18,5
R1_PCA_85__KMEANS__K5,257,1.0,1.0,1.0,11,16,4
R1_PCA_85__KMEANS__K5,258,0.6811504055633594,0.7989226459814696,0.5294117647058824,11,19,5
R1_PCA_85__KMEANS__K5,259,0.6561103185924869,0.7476648351648352,0.5625,10,19,5
R1_PCA_85__KMEANS__K5,260,0.7943785075746037,0.891812865497076,0.7222222222222222,9,16,5
R1_PCA_85__KMEANS__K5,261,0.8016757629333539,0.8800101214574898,0.6875,10,17,5
R1_PCA_85__KMEANS__K5,262,1.0,1.0,1.0,10,15,5
R1_PCA_85__KMEANS__K5,263,0.7643473726562193,0.8736842105263157,0.6842105263157895,9,18,5
R1_PCA_85__KMEANS__K5,264,0.6331061627610336,0.7707792207792208,0.6,9,17,5
R1_PCA_85__KMEANS__K5,265,1.0,1.0,1.0,9,17,5
R1_PCA_85__KMEANS__K5,266,0.9198298162519549,0.9425000000000001,0.875,9,16,5
R1_PCA_85__KMEANS__K5,267,0.8071039175710525,0.8848684210526315,0.6875,11,18,5
R1_PCA_85__KMEANS__K5,268,1.0,1.0,1.0,10,17,5
R1_PCA_85__KMEANS__K5,269,0.802542412487732,0.8875,0.6875,10,18,5
R1_PCA_85__KMEANS__K5,270,0.8365600785768853,0.8984210526315788,0.75,10,19,5
R1_PCA_85__KMEANS__K5,271,0.8399654850075502,0.8976190476190476,0.7142857142857143,10,20,5
R1_PCA_85__KMEANS__K5,272,1.0,1.0,1.0,7,17,5
R1_PCA_85__KMEANS__K5,273,0.8344288369775598,0.9020796197266785,0.7777777777777778,10,17,5
R1_PCA_85__KMEANS__K5,274,0.7334536209300418,0.844040404040404,0.6111111111111112,10,18,5
R1_PCA_85__KMEANS__K5,275,0.7458015500402277,0.8339826839826839,0.5714285714285714,10,20,5
R1_PCA_85__KMEANS__K5,276,0.8361157910859244,0.9,0.75,10,18,5
R1_PCA_85__KMEANS__K5,277,0.7395264116575592,0.8289710289710289,0.5714285714285714,8,22,5
R1_PCA_85__KMEANS__K5,278,0.9531293159845896,0.9751879699248122,0.9285714285714286,10,19,5
R1_PCA_85__KMEANS__K5,279,0.8317395198335885,0.9085714285714286,0.7333333333333333,10,20,5
R1_PCA_85__KMEANS__K5,280,0.9169023024987016,0.9449019607843138,0.8666666666666667,10,17,5
R1_PCA_85__KMEANS__K5,281,0.6217064820594299,0.7332314744079451,0.5882352941176471,8,19,5
R1_PCA_85__KMEANS__K5,282,0.8837971965057898,0.9172311348781937,0.8181818181818182,10,17,5
R1_PCA_85__KMEANS__K5,283,1.0,1.0,1.0,7,17,5
R1_PCA_85__KMEANS__K5,284,0.8135744118929965,0.8823529411764707,0.7058823529411765,10,15,5
R1_PCA_85__KMEANS__K5,285,0.9559109447863523,0.9741666666666667,0.9333333333333333,8,16,5
R1_PCA_85__KMEANS__K5,286,0.8788249968257288,0.9210859728506786,0.8,11,15,5
R1_PCA_85__KMEANS__K5,287,0.9654764310250267,0.9652777777777779,0.8888888888888888,9,17,5
R1_PCA_85__KMEANS__K5,288,0.6570008238095103,0.7479365079365079,0.5,9,20,5
R1_PCA_85__KMEANS__K5,289,0.7665141959948204,0.8621153846153845,0.6875,8,19,5
R1_PCA_85__KMEANS__K5,290,0.9085280045032367,0.9076923076923077,0.7692307692307693,10,16,5
R1_PCA_85__KMEANS__K5,291,0.9598384030418251,0.9712820512820514,0.9230769230769231,10,16,5
R1_PCA_85__KMEANS__K5,292,0.7318545192653944,0.819047619047619,0.7333333333333333,8,20,5
R1_PCA_85__KMEANS__K5,293,1.0,1.0,1.0,9,16,5
R1_PCA_85__KMEANS__K5,294,0.7634899231021539,0.8722689075630253,0.6470588235294118,10,19,5
R1_PCA_85__KMEANS__K5,295,0.7752723103382381,0.8563279857397503,0.6666666666666666,10,18,5
R1_PCA_85__KMEANS__K5,296,0.8228814966513534,0.9063157894736842,0.7894736842105263,9,19,5
R1_PCA_85__KMEANS__K5,297,0.8436320754716982,0.897008547008547,0.75,10,16,5
R1_PCA_85__KMEANS__K5,298,1.0,1.0,1.0,10,16,5
R1_PCA_85__KMEANS__K5,299,0.6802771162589305,0.7967032967032968,0.5,9,19,5
R1_PCA_85__KMEANS__K5,300,1.0,1.0,1.0,7,17,5
R1_PCA_85__KMEANS__K5,301,1.0,1.0,1.0,10,15,5
R1_PCA_85__KMEANS__K5,302,0.8451289050301299,0.8928571428571429,0.7142857142857143,10,20,5
R1_PCA_85__KMEANS__K5,303,1.0,1.0,1.0,6,17,6
R1_PCA_85__KMEANS__K5,304,0.7044824891667258,0.8278499278499278,0.6111111111111112,9,19,5
R1_PCA_85__KMEANS__K5,305,0.752474616322905,0.8323809523809524,0.5333333333333333,7,19,5
R1_PCA_85__KMEANS__K5,306,0.9105783499392935,0.9514705882352942,0.875,11,17,5
R1_PCA_85__KMEANS__K5,307,0.7600562944847555,0.8636108989050166,0.6470588235294118,10,20,5
R1_PCA_85__KMEANS__K5,308,0.7113396131444596,0.8018759018759019,0.6111111111111112,10,19,5
R1_PCA_85__KMEANS__K5,309,0.7878952387939256,0.8519838056680161,0.6,9,17,5
R1_PCA_85__KMEANS__K5,310,1.0,1.0,1.0,9,17,5
R1_PCA_85__KMEANS__K5,311,0.9519231463758171,0.976388888888889,0.9375,9,17,5
R1_PCA_85__KMEANS__K5,312,0.9577804583835947,0.9728506787330318,0.9230769230769231,8,17,5
R1_PCA_85__KMEANS__K5,313,0.6580698655322831,0.8214285714285715,0.5714285714285714,9,18,5
R1_PCA_85__KMEANS__K5,314,0.6940625112657269,0.822282980177717,0.5789473684210527,10,19,5
R1_PCA_85__KMEANS__K5,315,0.7615249641091083,0.843030303030303,0.5333333333333333,8,22,5
R1_PCA_85__KMEANS__K5,316,1.0,1.0,1.0,10,17,5
R1_PCA_85__KMEANS__K5,317,0.7582320572050731,0.8645098039215686,0.7,10,18,5
R1_PCA_85__KMEANS__K5,318,0.8730969376898227,0.922654600301659,0.8235294117647058,10,15,5
R1_PCA_85__KMEANS__K5,319,1.0,1.0,1.0,10,18,5
R1_PCA_85__KMEANS__K5,320,0.7745215311004785,0.8563279857397503,0.6666666666666666,10,16,5
R1_PCA_85__KMEANS__K5,321,1.0,1.0,1.0,11,16,5
R1_PCA_85__KMEANS__K5,322,1.0,1.0,1.0,8,18,5
R1_PCA_85__KMEANS__K5,323,1.0,1.0,1.0,9,16,5
R1_PCA_85__KMEANS__K5,324,0.7634899231021539,0.8722689075630253,0.6470588235294118,10,19,5
R1_PCA_85__KMEANS__K5,325,0.6848428944785421,0.81001221001221,0.5555555555555556,10,18,5
R1_PCA_85__KMEANS__K5,326,1.0,1.0,1.0,9,16,5
R1_PCA_85__KMEANS__K5,327,1.0,1.0,1.0,10,17,5
R1_PCA_85__KMEANS__K5,328,0.7713997163289099,0.8576754385964911,0.6842105263157895,11,18,5
R1_PCA_85__KMEANS__K5,329,1.0,1.0,1.0,10,18,5
R1_PCA_85__KMEANS__K5,330,1.0,1.0,1.0,10,16,5
R1_PCA_85__KMEANS__K5,331,1.0,1.0,1.0,9,18,5
R1_PCA_85__KMEANS__K5,332,0.9567492421463188,0.9728506787330318,0.9230769230769231,11,17,5
R1_PCA_85__KMEANS__K5,333,0.9565007610873018,0.9732142857142858,0.9285714285714286,11,16,5
R1_PCA_85__KMEANS__K5,334,0.7552318748209264,0.8660287081339713,0.6842105263157895,10,17,5
R1_PCA_85__KMEANS__K5,335,0.7854938271604939,0.8563025210084035,0.6470588235294118,10,16,5
R1_PCA_85__KMEANS__K5,336,1.0,1.0,1.0,10,18,5
R1_PCA_85__KMEANS__K5,337,1.0,1.0,1.0,10,18,5
R1_PCA_85__KMEANS__K5,338,0.794763846862255,0.8911764705882353,0.7058823529411765,11,19,5
R1_PCA_85__KMEANS__K5,339,0.7502844173588918,0.8800000000000001,0.7,9,19,5
R1_PCA_85__KMEANS__K5,340,0.8680594359740452,0.9268181818181818,0.85,8,19,5
R1_PCA_85__KMEANS__K5,341,0.9200771502621904,0.9433333333333334,0.8666666666666667,12,14,5
R1_PCA_85__KMEANS__K5,342,0.7700400513577219,0.8626339604667779,0.6842105263157895,11,18,5
R1_PCA_85__KMEANS__K5,343,0.5710452785539304,0.5497619047619048,0.0,8,24,5
R1_PCA_85__KMEANS__K5,344,0.9120652280079247,0.9486111111111111,0.8888888888888888,9,17,5
R1_PCA_85__KMEANS__K5,345,0.9139886578449905,0.9492063492063492,0.8571428571428571,10,18,5
R1_PCA_85__KMEANS__K5,346,1.0,1.0,1.0,9,17,5
R1_PCA_85__KMEANS__K5,347,0.9505542476955571,0.977124183006536,0.9411764705882353,10,17,5
R1_PCA_85__KMEANS__K5,348,0.8461153749975956,0.9022222222222223,0.7333333333333333,9,16,5
R1_PCA_85__KMEANS__K5,349,0.7958857309006324,0.8898809523809523,0.6875,10,19,5
R1_PCA_85__KMEANS__K5,350,0.7421147368342433,0.8403429387949511,0.631578947368421,11,17,5
R1_PCA_85__KMEANS__K5,351,0.8119070208728653,0.8730555555555555,0.6875,10,16,5
R1_PCA_85__KMEANS__K5,352,1.0,1.0,1.0,10,16,5
R1_PCA_85__KMEANS__K5,353,0.7537920422070785,0.8772378516624041,0.6470588235294118,10,22,5
R1_PCA_85__KMEANS__K5,354,1.0,1.0,1.0,9,18,5
R1_PCA_85__KMEANS__K5,355,0.9187470702068584,0.943543956043956,0.8571428571428571,12,16,5
R1_PCA_85__KMEANS__K5,356,0.9411644905071168,0.9333333333333333,0.8333333333333334,8,18,5
R1_PCA_85__KMEANS__K5,357,0.7587444271267534,0.865126050420168,0.6470588235294118,10,19,5
R1_PCA_85__KMEANS__K5,358,0.9131827994153605,0.9480392156862745,0.8823529411764706,10,16,5
R1_PCA_85__KMEANS__K5,359,0.808546484913463,0.8856209150326798,0.7058823529411765,10,18,4
R1_PCA_85__KMEANS__K5,360,1.0,1.0,1.0,9,18,5
R1_PCA_85__KMEANS__K5,361,0.6397577858617189,0.7642579642579642,0.5555555555555556,9,20,5
R1_PCA_85__KMEANS__K5,362,0.9352463913353505,0.9358974358974359,0.8333333333333334,11,16,5
R1_PCA_85__KMEANS__K5,363,1.0,1.0,1.0,8,15,5
R1_PCA_85__KMEANS__K5,364,0.7857984971804378,0.8968253968253969,0.7222222222222222,8,20,5
R1_PCA_85__KMEANS__K5,365,0.7531157270029674,0.8068627450980392,0.5294117647058824,11,15,5
R1_PCA_85__KMEANS__K5,366,1.0,1.0,1.0,10,18,5
R1_PCA_85__KMEANS__K5,367,0.7771441836655735,0.8662538699690403,0.6470588235294118,11,17,5
R1_PCA_85__KMEANS__K5,368,1.0,1.0,1.0,11,17,5
R1_PCA_85__KMEANS__K5,369,0.7772423025435073,0.8503496503496504,0.6153846153846154,10,19,5
R1_PCA_85__KMEANS__K5,370,0.9437159707357229,0.9292307692307691,0.8,8,19,5
R1_PCA_85__KMEANS__K5,371,1.0,1.0,1.0,9,18,5
R1_PCA_85__KMEANS__K5,372,0.9144415899315879,0.9471776589423648,0.8823529411764706,9,17,6
R1_PCA_85__KMEANS__K5,373,0.7945423823684797,0.8568421052631578,0.6,11,17,5
R1_PCA_85__KMEANS__K5,374,0.9576051115432465,0.9723809523809525,0.9285714285714286,12,15,4
R1_PCA_85__KMEANS__K5,375,0.7409851813637415,0.8526315789473685,0.631578947368421,10,16,5
R1_PCA_85__KMEANS__K5,376,0.8101902548899157,0.8758434547908232,0.6666666666666666,11,18,5
R1_PCA_85__KMEANS__K5,377,0.9195239292798671,0.9429971988795518,0.8571428571428571,11,17,5
R1_PCA_85__KMEANS__K5,378,0.6991571865905741,0.8295351707116412,0.5882352941176471,10,20,5
R1_PCA_85__KMEANS__K5,379,0.8396574932251732,0.9058823529411765,0.7647058823529411,10,16,5
R1_PCA_85__KMEANS__K5,380,0.8216317266849227,0.9148459383753501,0.7647058823529411,9,19,5
R1_PCA_85__KMEANS__K5,381,1.0,1.0,1.0,11,17,4
R1_PCA_85__KMEANS__K5,382,0.7726819600273515,0.861111111111111,0.6666666666666666,11,17,5
R1_PCA_85__KMEANS__K5,383,0.8040135089416611,0.8787698412698413,0.6875,10,15,5
R1_PCA_85__KMEANS__K5,384,0.7820886661661225,0.8628571428571428,0.6,9,19,5
R1_PCA_85__KMEANS__K5,385,0.9526076104180938,0.9757352941176471,0.9375,10,16,5
R1_PCA_85__KMEANS__K5,386,0.9550762631077216,0.9741666666666667,0.9333333333333333,10,16,5
R1_PCA_85__KMEANS__K5,387,0.83626498812535,0.9009803921568628,0.7647058823529411,10,15,5
R1_PCA_85__KMEANS__K5,388,0.7354074289452642,0.847948717948718,0.65,10,19,5
R1_PCA_85__KMEANS__K5,389,0.7324646765174545,0.8431578947368422,0.631578947368421,9,17,5
R1_PCA_85__KMEANS__K5,390,1.0,1.0,1.0,6,18,5
R1_PCA_85__KMEANS__K5,391,0.9155023533335804,0.8933333333333333,0.7,7,19,5
R1_PCA_85__KMEANS__K5,392,0.8618179717512492,0.8912280701754385,0.6666666666666666,10,16,5
R1_PCA_85__KMEANS__K5,393,0.7523841487989972,0.8675324675324676,0.6666666666666666,10,20,5
R1_PCA_85__KMEANS__K5,394,0.9160186131823668,0.9437908496732025,0.8888888888888888,9,17,5
R1_PCA_85__KMEANS__K5,395,0.9584123222748815,0.9715686274509803,0.9166666666666666,10,17,5
R1_PCA_85__KMEANS__K5,396,0.8395254074784276,0.8973137973137973,0.7777777777777778,12,17,5
R1_PCA_85__KMEANS__K5,397,0.6148386849273028,0.74844997108155,0.5263157894736842,10,17,5
R1_PCA_85__KMEANS__K5,398,0.8319897901487859,0.9014260249554369,0.7647058823529411,11,18,5
R1_PCA_85__KMEANS__K5,399,0.9562484224190776,0.9732142857142858,0.9285714285714286,12,15,5
R1_PCA_85__KMEANS__K5,400,1.0,1.0,1.0,9,18,5
R1_PCA_85__KMEANS__K5,401,0.8324771441010013,0.9013622291021672,0.7647058823529411,10,18,5
R1_PCA_85__KMEANS__K5,402,0.7006521799787648,0.8008097165991902,0.5263157894736842,11,17,5
R1_PCA_85__KMEANS__K5,403,0.8525491113189897,0.8887007729112992,0.6923076923076923,9,19,5
R1_PCA_85__KMEANS__K5,404,1.0,1.0,1.0,11,16,5
R1_PCA_85__KMEANS__K5,405,0.7964958989357839,0.8807017543859649,0.7368421052631579,11,18,4
R1_PCA_85__KMEANS__K5,406,1.0,1.0,1.0,10,19,5
R1_PCA_85__KMEANS__K5,407,0.7971360381861575,0.88015873015873,0.75,9,20,5
R1_PCA_85__KMEANS__K5,408,0.7366862570772116,0.8451195862960569,0.5882352941176471,9,19,5
R1_PCA_85__KMEANS__K5,409,0.7509505814462856,0.8371753246753247,0.5625,10,20,5
R1_PCA_85__KMEANS__K5,410,0.7999502835024089,0.8885448916408668,0.7058823529411765,10,17,5
R1_PCA_85__KMEANS__K5,411,0.7661365216019999,0.8580086580086581,0.6666666666666666,10,20,5
R1_PCA_85__KMEANS__K5,412,0.8684997011356844,0.9277777777777777,0.8333333333333334,8,17,5
R1_PCA_85__KMEANS__K5,413,0.7704694194641932,0.8701754385964913,0.6666666666666666,10,18,5
R1_PCA_85__KMEANS__K5,414,0.964903528721297,0.9666666666666666,0.9,10,17,5
R1_PCA_85__KMEANS__K5,415,0.9562330214307274,0.9735042735042736,0.9230769230769231,8,18,5
R1_PCA_85__KMEANS__K5,416,1.0,1.0,1.0,10,16,5
R1_PCA_85__KMEANS__K5,417,0.7634899231021539,0.8722689075630253,0.6470588235294118,10,19,5
R1_PCA_85__KMEANS__K5,418,1.0,1.0,1.0,10,18,5
R1_PCA_85__KMEANS__K5,419,0.708442105467682,0.8581780538302277,0.6666666666666666,8,22,5
R1_PCA_85__KMEANS__K5,420,1.0,1.0,1.0,9,16,5
R1_PCA_85__KMEANS__K5,421,1.0,1.0,1.0,9,17,5
R1_PCA_85__KMEANS__K5,422,1.0,1.0,1.0,9,18,5
R1_PCA_85__KMEANS__K5,423,1.0,1.0,1.0,7,17,5
R1_PCA_85__KMEANS__K5,424,0.8849912404765646,0.8799999999999999,0.6666666666666666,11,18,5
R1_PCA_85__KMEANS__K5,425,0.7583507958158888,0.8761904761904763,0.6666666666666666,8,19,5
R1_PCA_85__KMEANS__K5,426,0.9643263963228746,0.9690476190476189,0.9166666666666666,8,19,5
R1_PCA_85__KMEANS__K5,427,0.7630380520904689,0.8627450980392156,0.6470588235294118,11,18,5
R1_PCA_85__KMEANS__K5,428,1.0,1.0,1.0,10,16,5
R1_PCA_85__KMEANS__K5,429,0.7107076063540162,0.8240404040404041,0.6,10,18,5
R1_PCA_85__KMEANS__K5,430,0.9582541678931735,0.9721153846153847,0.9230769230769231,10,15,5
R1_PCA_85__KMEANS__K5,431,0.8010726187936349,0.8885448916408668,0.7058823529411765,9,17,5
R1_PCA_85__KMEANS__K5,432,0.7669310432507833,0.8722689075630251,0.6470588235294118,10,21,4
R1_PCA_85__KMEANS__K5,433,0.6400642111309112,0.7323931623931624,0.45,10,17,5
R1_PCA_85__KMEANS__K5,434,1.0,1.0,1.0,8,16,5
R1_PCA_85__KMEANS__K5,435,0.825723419715616,0.9129411764705881,0.7647058823529411,9,19,5
R1_PCA_85__KMEANS__K5,436,0.7329616315750862,0.8431578947368422,0.631578947368421,9,17,5
R1_PCA_85__KMEANS__K5,437,1.0,1.0,1.0,10,16,5
R1_PCA_85__KMEANS__K5,438,0.839048577091803,0.9055555555555556,0.75,11,17,5
R1_PCA_85__KMEANS__K5,439,0.6169633004688689,0.7108255588804788,0.2631578947368421,8,21,5
R1_PCA_85__KMEANS__K5,440,0.9123686194509735,0.9038461538461539,0.75,9,16,5
R1_PCA_85__KMEANS__K5,441,0.705332523250923,0.814957264957265,0.5555555555555556,10,18,5
R1_PCA_85__KMEANS__K5,442,1.0,1.0,1.0,8,17,5
R1_PCA_85__KMEANS__K5,443,0.7674156837422023,0.8595959595959597,0.6666666666666666,11,17,5
R1_PCA_85__KMEANS__K5,444,0.9049219437019494,0.9099999999999999,0.75,9,17,4
R1_PCA_85__KMEANS__K5,445,1.0,1.0,1.0,9,17,5
R1_PCA_85__KMEANS__K5,446,1.0,1.0,1.0,9,16,4
R1_PCA_85__KMEANS__K5,447,0.7102652384416345,0.8124040920716112,0.5294117647058824,10,21,5
R1_PCA_85__KMEANS__K5,448,1.0,1.0,1.0,7,19,5
R1_PCA_85__KMEANS__K5,449,1.0,1.0,1.0,9,17,5
R1_PCA_85__KMEANS__K5,450,0.9568309275569004,0.9732142857142858,0.9285714285714286,10,15,5
R1_PCA_85__KMEANS__K5,451,1.0,1.0,1.0,9,20,5
R1_PCA_85__KMEANS__K5,452,1.0,1.0,1.0,9,17,5
R1_PCA_85__KMEANS__K5,453,0.9507307129116541,0.977124183006536,0.9411764705882353,9,18,5
R1_PCA_85__KMEANS__K5,454,1.0,1.0,1.0,10,18,5
R1_PCA_85__KMEANS__K5,455,0.7941412253404234,0.8920454545454545,0.6875,9,22,5
R1_PCA_85__KMEANS__K5,456,0.8368795665225518,0.9066666666666666,0.7333333333333333,10,20,4
R1_PCA_85__KMEANS__K5,457,0.7726910240127596,0.8576754385964911,0.6842105263157895,10,18,5
R1_PCA_85__KMEANS__K5,458,0.9157850539464509,0.9483333333333335,0.8666666666666667,11,15,4
R1_PCA_85__KMEANS__K5,459,0.9619220573805305,0.97,0.9166666666666666,9,17,5
R1_PCA_85__KMEANS__K5,460,1.0,1.0,1.0,9,19,5
R1_PCA_85__KMEANS__K5,461,0.8344300573126725,0.9078947368421053,0.75,10,18,5
R1_PCA_85__KMEANS__K5,462,1.0,1.0,1.0,8,18,5
R1_PCA_85__KMEANS__K5,463,1.0,1.0,1.0,10,17,5
R1_PCA_85__KMEANS__K5,464,0.6832220319306674,0.8369218500797448,0.631578947368421,10,20,5
R1_PCA_85__KMEANS__K5,465,0.8353504081058261,0.9066666666666666,0.7333333333333333,10,18,5
R1_PCA_85__KMEANS__K5,466,0.6860444419129531,0.8344751866490997,0.6111111111111112,9,21,5
R1_PCA_85__KMEANS__K5,467,1.0,1.0,1.0,8,19,5
R1_PCA_85__KMEANS__K5,468,1.0,1.0,1.0,11,15,5
R1_PCA_85__KMEANS__K5,469,0.7363869954780231,0.8540106951871657,0.5882352941176471,10,20,5
R1_PCA_85__KMEANS__K5,470,0.8423266154014359,0.8948448043184886,0.7333333333333333,10,19,5
R1_PCA_85__KMEANS__K5,471,0.7295060999747055,0.8567774936061381,0.5882352941176471,10,21,5
R1_PCA_85__KMEANS__K5,472,0.6877703410280926,0.8354066985645933,0.631578947368421,8,20,5
R1_PCA_85__KMEANS__K5,473,0.8682182962175389,0.9313725490196079,0.8235294117647058,9,18,5
R1_PCA_85__KMEANS__K5,474,0.7075762285585102,0.8557971014492753,0.6666666666666666,9,21,5
R1_PCA_85__KMEANS__K5,475,1.0,1.0,1.0,10,18,5
R1_PCA_85__KMEANS__K5,476,0.9202984833153334,0.942251461988304,0.875,9,18,5
R1_PCA_85__KMEANS__K5,477,0.771750962742734,0.8678571428571429,0.625,10,19,5
R1_PCA_85__KMEANS__K5,478,1.0,1.0,1.0,10,16,5
R1_PCA_85__KMEANS__K5,479,0.7617434811076212,0.8761904761904761,0.6666666666666666,8,21,5
R1_PCA_85__KMEANS__K5,480,1.0,1.0,1.0,10,16,5
R1_PCA_85__KMEANS__K5,481,0.7968818092910248,0.8799999999999999,0.7333333333333333,10,20,5
R1_PCA_85__KMEANS__K5,482,0.642461925264037,0.7729292929292929,0.5555555555555556,10,16,5
R1_PCA_85__KMEANS__K5,483,0.7363663754142814,0.8563157894736841,0.631578947368421,8,18,5
R1_PCA_85__KMEANS__K5,484,0.7879040529760013,0.8502450980392157,0.6470588235294118,11,16,5
R1_PCA_85__KMEANS__K5,485,1.0,1.0,1.0,10,16,5
R1_PCA_85__KMEANS__K5,486,0.7859004739336493,0.855448717948718,0.6666666666666666,10,17,4
R1_PCA_85__KMEANS__K5,487,0.9138251200366954,0.9498039215686275,0.8666666666666667,10,17,5
R1_PCA_85__KMEANS__K5,488,0.6780261346996388,0.8136880663196452,0.5263157894736842,10,18,5
R1_PCA_85__KMEANS__K5,489,1.0,1.0,1.0,11,15,5
R1_PCA_85__KMEANS__K5,490,0.8731191541276941,0.8803565062388593,0.7272727272727273,8,17,5
R1_PCA_85__KMEANS__K5,491,0.7117856553220595,0.8257264957264958,0.5555555555555556,10,16,5
R1_PCA_85__KMEANS__K5,492,0.7462501016626195,0.8488636363636364,0.5625,10,20,5
R1_PCA_85__KMEANS__K5,493,0.7304558258566913,0.8374269005847953,0.631578947368421,11,16,5
R1_PCA_85__KMEANS__K5,494,0.8333622430829749,0.9022129186602872,0.7894736842105263,11,18,5
R1_PCA_85__KMEANS__K5,495,0.8779749402477004,0.9204761904761904,0.7857142857142857,10,19,5
R1_PCA_85__KMEANS__K5,496,1.0,1.0,1.0,7,17,6
R1_PCA_85__KMEANS__K5,497,1.0,1.0,1.0,9,16,5
R1_PCA_85__KMEANS__K5,498,0.8279056962016288,0.9119047619047619,0.75,9,21,5
R1_PCA_85__KMEANS__K5,499,0.837154377128541,0.9012820512820513,0.7333333333333333,9,18,5
R1_PCA_85__KMEANS__K5,500,1.0,1.0,1.0,8,17,5
R1_PCA_85__KMEANS__K5,501,1.0,1.0,1.0,6,18,5
R1_PCA_85__KMEANS__K5,502,0.5891184959134081,0.7165185691501481,0.5263157894736842,11,19,5
R1_PCA_85__KMEANS__K5,503,0.9255741835449172,0.9416666666666668,0.8333333333333334,11,15,5
R1_PCA_85__KMEANS__K5,504,0.9157850539464509,0.9462820512820513,0.875,11,15,4
R1_PCA_85__KMEANS__K5,505,0.7332270980278638,0.8257142857142858,0.6666666666666666,9,19,5
R1_PCA_85__KMEANS__K5,506,0.8085605817402137,0.8833333333333334,0.6666666666666666,11,19,5
R1_PCA_85__KMEANS__K5,507,0.7195836781408077,0.8514896867838045,0.6470588235294118,9,20,5
R1_PCA_85__KMEANS__K5,508,1.0,1.0,1.0,10,18,4
R1_PCA_85__KMEANS__K5,509,0.9643711477793037,0.9666666666666668,0.9,9,15,5
R1_PCA_85__KMEANS__K5,510,0.9565007610873018,0.9732142857142858,0.9285714285714286,10,15,5
R1_PCA_85__KMEANS__K5,511,0.9629983767316715,0.9675,0.9,10,15,5
R1_PCA_85__KMEANS__K5,512,1.0,1.0,1.0,10,16,5
R1_PCA_85__KMEANS__K5,513,0.8344300573126725,0.9078947368421053,0.75,10,18,5
R1_PCA_85__KMEANS__K5,514,1.0,1.0,1.0,10,17,5
R1_PCA_85__KMEANS__K5,515,0.7621225983531564,0.8439628482972136,0.5882352941176471,10,17,5
R1_PCA_85__KMEANS__K5,516,1.0,1.0,1.0,9,18,5
R1_PCA_85__KMEANS__K5,517,0.8694191403138097,0.93,0.8,9,20,5
R1_PCA_85__KMEANS__K5,518,0.8341192681280672,0.9012820512820513,0.75,11,18,5
R1_PCA_85__KMEANS__K5,519,0.9607964241235376,0.9700534759358288,0.9090909090909091,10,17,5
R1_PCA_85__KMEANS__K5,520,0.7412276641051755,0.815091575091575,0.5333333333333333,8,20,5
R1_PCA_85__KMEANS__K5,521,0.7788240576097166,0.8662538699690403,0.6470588235294118,9,17,5
R1_PCA_85__KMEANS__K5,522,0.5899293606230755,0.6927527910685806,0.2631578947368421,9,23,5
R1_PCA_85__KMEANS__K5,523,0.7291349642982559,0.8464912280701755,0.631578947368421,10,18,4
R1_PCA_85__KMEANS__K5,524,0.7721713096498595,0.8678571428571429,0.625,10,19,5
R1_PCA_85__KMEANS__K5,525,0.8297689887536286,0.9055555555555556,0.7777777777777778,8,16,5
R1_PCA_85__KMEANS__K5,526,0.806732258764692,0.8856209150326798,0.7058823529411765,11,17,5
R1_PCA_85__KMEANS__K5,527,0.8444298971851053,0.8955555555555555,0.7777777777777778,10,17,5
R1_PCA_85__KMEANS__K5,528,1.0,1.0,1.0,8,18,5
R1_PCA_85__KMEANS__K5,529,1.0,1.0,1.0,11,17,5
R1_PCA_85__KMEANS__K5,530,0.693771200090959,0.8173684210526316,0.6,11,17,5
R1_PCA_85__KMEANS__K5,531,0.8335314755019158,0.9048768225238814,0.7777777777777778,8,17,5
R1_PCA_85__KMEANS__K5,532,0.8393543279720415,0.9055555555555556,0.75,10,17,5
R1_PCA_85__KMEANS__K5,533,1.0,1.0,1.0,9,16,5
R1_PCA_85__KMEANS__K5,534,0.7560169501528583,0.825897435897436,0.5333333333333333,10,18,5
R1_PCA_85__KMEANS__K5,535,0.9195242885459015,0.9441666666666666,0.8666666666666667,10,15,5
R1_PCA_85__KMEANS__K5,536,0.8204802603336425,0.8786764705882353,0.6875,11,15,5
R1_PCA_85__KMEANS__K5,537,0.733762154384406,0.8429487179487178,0.625,11,19,5
R1_PCA_85__KMEANS__K5,538,1.0,1.0,1.0,10,17,5
R1_PCA_85__KMEANS__K5,539,0.8788249968257288,0.924705882352941,0.8,11,17,4
R1_PCA_85__KMEANS__K5,540,0.7524515393386545,0.865079365079365,0.7142857142857143,8,20,5
R1_PCA_85__KMEANS__K5,541,0.6596824746433566,0.7244397759103641,0.23529411764705882,7,22,5
R1_PCA_85__KMEANS__K5,542,1.0,1.0,1.0,9,18,5
R1_PCA_85__KMEANS__K5,543,0.9612727559796355,0.97,0.9166666666666666,11,16,5
R1_PCA_85__KMEANS__K5,544,0.737955141275852,0.8381241565452091,0.6666666666666666,10,19,5
R1_PCA_85__KMEANS__K5,545,0.6775080679107619,0.8388888888888889,0.6111111111111112,9,22,5
R1_PCA_85__KMEANS__K5,546,1.0,1.0,1.0,11,15,5
R1_PCA_85__KMEANS__K5,547,0.8209993057985898,0.9155555555555555,0.7777777777777778,9,19,5
R1_PCA_85__KMEANS__K5,548,0.7065797359919307,0.8257894736842106,0.5789473684210527,9,17,5
R1_PCA_85__KMEANS__K5,549,0.7665360394379263,0.859836757669575,0.6842105263157895,10,17,5
R1_PCA_85__KMEANS__K5,550,0.8014436456826476,0.8875,0.6875,10,18,5
R1_PCA_85__KMEANS__K5,551,0.6872221749501932,0.7857422969187675,0.5882352941176471,10,19,5
R1_PCA_85__KMEANS__K5,552,0.8014436456826476,0.8875,0.6875,10,18,5
R1_PCA_85__KMEANS__K5,553,0.9575487307624464,0.9728506787330318,0.9230769230769231,9,17,4
R1_PCA_85__KMEANS__K5,554,0.7501186429042589,0.8485380116959064,0.6111111111111112,11,15,5
R1_PCA_85__KMEANS__K5,555,0.6329673930853679,0.7181077745783628,0.23529411764705882,7,23,5
R1_PCA_85__KMEANS__K5,556,0.747077420777884,0.8686594202898551,0.6875,10,22,5
R1_PCA_85__KMEANS__K5,557,1.0,1.0,1.0,10,17,5
R1_PCA_85__KMEANS__K5,558,0.9640076137740093,0.9675,0.9,10,18,5
R1_PCA_85__KMEANS__K5,559,1.0,1.0,1.0,10,15,5
R1_PCA_85__KMEANS__K5,560,0.9151234567901234,0.9464705882352942,0.8823529411764706,10,16,4
R1_PCA_85__KMEANS__K5,561,0.7999499874968742,0.880065359477124,0.7058823529411765,10,17,5
R1_PCA_85__KMEANS__K5,562,0.7922810141137633,0.8935574229691877,0.7058823529411765,8,20,5
R1_PCA_85__KMEANS__K5,563,0.695204208467597,0.7701923076923076,0.5625,11,18,5
R1_PCA_85__KMEANS__K5,564,0.778755868544601,0.8541866028708135,0.625,10,19,5
R1_PCA_85__KMEANS__K5,565,1.0,1.0,1.0,10,16,5
R1_PCA_85__KMEANS__K5,566,0.7784074515229309,0.8662538699690403,0.6470588235294118,10,17,5
R1_PCA_85__KMEANS__K5,567,0.7434025885908732,0.8526315789473685,0.631578947368421,9,17,5
R1_PCA_85__KMEANS__K5,568,0.6991571865905741,0.8295351707116412,0.5882352941176471,10,20,5
R1_PCA_85__KMEANS__K5,569,1.0,1.0,1.0,8,17,5
R1_PCA_85__KMEANS__K5,570,0.7814053480643032,0.8930827067669173,0.7368421052631579,8,18,6
R1_PCA_85__KMEANS__K5,571,0.7686684771547037,0.861111111111111,0.6666666666666666,9,18,5
R1_PCA_85__KMEANS__K5,572,0.8046875,0.888888888888889,0.7222222222222222,8,18,5
R1_PCA_85__KMEANS__K5,573,0.9680145281996456,0.9646153846153845,0.9,10,17,5
R1_PCA_85__KMEANS__K5,574,1.0,1.0,1.0,11,17,5
R1_PCA_85__KMEANS__K5,575,1.0,1.0,1.0,9,18,5
R1_PCA_85__KMEANS__K5,576,0.9093664804128473,0.952280701754386,0.8666666666666667,10,19,5
R1_PCA_85__KMEANS__K5,577,0.801817939287688,0.8885448916408668,0.7058823529411765,11,19,5
R1_PCA_85__KMEANS__K5,578,0.9537474223823932,0.9749019607843138,0.9333333333333333,11,17,5
R1_PCA_85__KMEANS__K5,579,0.808546484913463,0.8856209150326798,0.7058823529411765,10,17,4
R1_PCA_85__KMEANS__K5,580,1.0,1.0,1.0,10,16,5
R1_PCA_85__KMEANS__K5,581,0.7600659647703694,0.8728260869565216,0.625,10,21,5
R1_PCA_85__KMEANS__K5,582,1.0,1.0,1.0,9,18,5
R1_PCA_85__KMEANS__K5,583,0.8078270561765862,0.8856209150326798,0.7058823529411765,11,18,5
R1_PCA_85__KMEANS__K5,584,0.919677760482884,0.9433868092691622,0.8666666666666667,10,17,5
R1_PCA_85__KMEANS__K5,585,1.0,1.0,1.0,10,18,5
R1_PCA_85__KMEANS__K5,586,0.8421449712727062,0.8945658263305323,0.7333333333333333,11,17,5
R1_PCA_85__KMEANS__K5,587,0.791719048760664,0.8841573631047315,0.7222222222222222,10,17,5
R1_PCA_85__KMEANS__K5,588,0.7071200527627486,0.8276076555023923,0.5789473684210527,9,16,5
R1_PCA_85__KMEANS__K5,589,1.0,1.0,1.0,8,17,5
R1_PCA_85__KMEANS__K5,590,0.6351009460292145,0.7673015873015873,0.5555555555555556,10,19,5
R1_PCA_85__KMEANS__K5,591,0.6880927923942627,0.798329156223893,0.5555555555555556,11,16,5
R1_PCA_85__KMEANS__K5,592,1.0,1.0,1.0,9,17,5
R1_PCA_85__KMEANS__K5,593,0.8201314424074715,0.8786764705882353,0.6875,11,14,4
R1_PCA_85__KMEANS__K5,594,0.9189745398953372,0.9436507936507936,0.8571428571428571,10,18,5
R1_PCA_85__KMEANS__K5,595,1.0,1.0,1.0,10,18,5
R1_PCA_85__KMEANS__K5,596,1.0,1.0,1.0,11,15,4
R1_PCA_85__KMEANS__K5,597,1.0,1.0,1.0,10,16,5
R1_PCA_85__KMEANS__K5,598,1.0,1.0,1.0,9,18,5
R1_PCA_85__KMEANS__K5,599,0.6939578750671306,0.816068376068376,0.6111111111111112,11,18,5
R1_PCA_85__KMEANS__K5,600,0.9565841636562337,0.9728506787330318,0.9230769230769231,11,17,4
R1_PCA_85__KMEANS__K5,601,0.8267575561806705,0.9057947900053163,0.7777777777777778,10,17,5
R1_PCA_85__KMEANS__K5,602,0.8004174312569163,0.8737950937950938,0.7333333333333333,9,22,5
R1_PCA_85__KMEANS__K5,603,0.8707369149979802,0.9294117647058823,0.8235294117647058,11,17,5
R1_PCA_85__KMEANS__K5,604,0.9179797549031778,0.9455555555555556,0.8666666666666667,9,17,5
R1_PCA_85__KMEANS__K5,605,0.6999633887383759,0.8293650793650794,0.6111111111111112,10,19,5
R1_PCA_85__KMEANS__K5,606,0.709438025668636,0.8255793226381462,0.5294117647058824,10,19,5
R1_PCA_85__KMEANS__K5,607,0.8317911218475674,0.9026709401709402,0.7777777777777778,10,15,5
R1_PCA_85__KMEANS__K5,608,0.9645732498415275,0.9675324675324676,0.9090909090909091,11,17,5
R1_PCA_85__KMEANS__K5,609,1.0,1.0,1.0,9,18,5
R1_PCA_85__KMEANS__K5,610,0.6699878479485231,0.7855555555555556,0.65,9,19,5
R1_PCA_85__KMEANS__K5,611,0.7288904000906721,0.8367676767676768,0.6111111111111112,10,20,5
R1_PCA_85__KMEANS__K5,612,1.0,1.0,1.0,10,16,5
R1_PCA_85__KMEANS__K5,613,1.0,1.0,1.0,9,18,5
R1_PCA_85__KMEANS__K5,614,1.0,1.0,1.0,10,15,5
R1_PCA_85__KMEANS__K5,615,0.6335632730732635,0.7325856496444731,0.5294117647058824,10,16,5
R1_PCA_85__KMEANS__K5,616,1.0,1.0,1.0,10,18,5
R1_PCA_85__KMEANS__K5,617,0.7637858201390534,0.8662878787878787,0.6875,7,21,5
R1_PCA_85__KMEANS__K5,618,0.7344422557817174,0.8555555555555555,0.6111111111111112,10,16,5
R1_PCA_85__KMEANS__K5,619,0.7630550476401895,0.8722689075630253,0.6470588235294118,11,19,5
R1_PCA_85__KMEANS__K5,620,0.8395230034006981,0.8987745098039216,0.7647058823529411,11,15,5
R1_PCA_85__KMEANS__K5,621,0.8412372954665526,0.8962745098039215,0.7647058823529411,12,15,5
R1_PCA_85__KMEANS__K5,622,0.9517488854253506,0.976388888888889,0.9375,9,18,4
R1_PCA_85__KMEANS__K5,623,0.7553674723074429,0.869059829059829,0.7,7,18,5
R1_PCA_85__KMEANS__K5,624,0.7569827302931834,0.8649725274725275,0.6875,10,19,5
R1_PCA_85__KMEANS__K5,625,0.8395225225765085,0.8980392156862745,0.75,12,16,5
R1_PCA_85__KMEANS__K5,626,1.0,1.0,1.0,10,16,5
R1_PCA_85__KMEANS__K5,627,1.0,1.0,1.0,9,17,5
R1_PCA_85__KMEANS__K5,628,0.8411689122214472,0.904561403508772,0.7333333333333333,10,19,4
R1_PCA_85__KMEANS__K5,629,0.7076611061372896,0.812463768115942,0.5333333333333333,8,23,5
R1_PCA_85__KMEANS__K5,630,0.8135769181934289,0.8819444444444444,0.6875,11,17,5
R1_PCA_85__KMEANS__K5,631,0.9664603174835856,0.9664335664335665,0.9090909090909091,11,18,5
R1_PCA_85__KMEANS__K5,632,0.7268723242554864,0.846078431372549,0.6470588235294118,11,19,5
R1_PCA_85__KMEANS__K5,633,0.7713230282108225,0.8694117647058824,0.6470588235294118,9,18,5
R1_PCA_85__KMEANS__K5,634,0.6941471916640117,0.8063706114857009,0.47058823529411764,10,21,5
R1_PCA_85__KMEANS__K5,635,0.9144415899315879,0.9471776589423648,0.8823529411764706,9,18,5
R1_PCA_85__KMEANS__K5,636,1.0,1.0,1.0,9,17,5
R1_PCA_85__KMEANS__K5,637,0.795138777427912,0.8824045407636738,0.7058823529411765,10,19,5
R1_PCA_85__KMEANS__K5,638,0.7696083933434548,0.8585983675766957,0.6470588235294118,11,18,5
R1_PCA_85__KMEANS__K5,639,0.7286575784349187,0.8296918767507002,0.5294117647058824,11,16,5
R1_PCA_85__KMEANS__K5,640,1.0,1.0,1.0,10,16,5
R1_PCA_85__KMEANS__K5,641,0.9597619047619048,0.9714285714285715,0.9285714285714286,10,16,5
R1_PCA_85__KMEANS__K5,642,0.796292259930605,0.8824045407636738,0.7058823529411765,10,17,5
R1_PCA_85__KMEANS__K5,643,0.9201314994690695,0.9425000000000001,0.875,10,15,5
R1_PCA_85__KMEANS__K5,644,0.7557315656928115,0.8761904761904763,0.6666666666666666,10,19,5
R1_PCA_85__KMEANS__K5,645,0.6996315108056966,0.8302415458937198,0.5555555555555556,9,21,5
R1_PCA_85__KMEANS__K5,646,0.6956728483119353,0.8140271493212671,0.6470588235294118,10,19,5
R1_PCA_85__KMEANS__K5,647,0.7687371119119659,0.8701754385964913,0.6666666666666666,11,17,5
R1_PCA_85__KMEANS__K5,648,0.752481248355443,0.8458333333333332,0.5625,11,18,5
R1_PCA_85__KMEANS__K5,649,0.7505965485088522,0.8476470588235294,0.5882352941176471,11,17,4
R1_PCA_85__KMEANS__K5,650,0.8707974913465163,0.8762743835112257,0.7272727272727273,10,19,5
R1_PCA_85__KMEANS__K5,651,1.0,1.0,1.0,10,17,5
R1_PCA_85__KMEANS__K5,652,0.759124098291206,0.8653171390013494,0.6666666666666666,10,17,5
R1_PCA_85__KMEANS__K5,653,0.7470152817574021,0.8373737373737373,0.6111111111111112,10,16,5
R1_PCA_85__KMEANS__K5,654,0.9088657288404917,0.9527777777777778,0.875,9,16,5
R1_PCA_85__KMEANS__K5,655,1.0,1.0,1.0,7,17,5
R1_PCA_85__KMEANS__K5,656,0.8376560627729891,0.9,0.75,11,16,5
R1_PCA_85__KMEANS__K5,657,0.9599734296555833,0.9715686274509803,0.9166666666666666,7,17,5
R1_PCA_85__KMEANS__K5,658,0.7617309751200965,0.8736842105263157,0.6842105263157895,10,17,5
R1_PCA_85__KMEANS__K5,659,0.7945374623400998,0.8588235294117647,0.6470588235294118,11,16,5
R1_PCA_85__KMEANS__K5,660,1.0,1.0,1.0,10,17,5
R1_PCA_85__KMEANS__K5,661,0.8920578303390004,0.9084226884226885,0.8181818181818182,11,18,5
R1_PCA_85__KMEANS__K5,662,0.8236023427626227,0.8674999999999999,0.6875,11,15,5
R1_PCA_85__KMEANS__K5,663,0.6879202300775011,0.6580314422419685,0.0,7,18,5
R1_PCA_85__KMEANS__K5,664,1.0,1.0,1.0,8,18,5
R1_PCA_85__KMEANS__K5,665,0.6436244812978037,0.7706060606060605,0.55,10,18,5
R1_PCA_85__KMEANS__K5,666,1.0,1.0,1.0,8,19,5
R1_PCA_85__KMEANS__K5,667,0.7915383632159333,0.8857918552036199,0.7058823529411765,10,18,5
R1_PCA_85__KMEANS__K5,668,1.0,1.0,1.0,11,15,5
R1_PCA_85__KMEANS__K5,669,0.7082653889582303,0.8566666666666667,0.6666666666666666,9,20,5
R1_PCA_85__KMEANS__K5,670,0.778825690837423,0.8546153846153846,0.6,11,18,5
R1_PCA_85__KMEANS__K5,671,1.0,1.0,1.0,11,17,5
R1_PCA_85__KMEANS__K5,672,0.7424433388612494,0.8526315789473685,0.631578947368421,10,17,5
R1_PCA_85__KMEANS__K5,673,0.9550763969363771,0.9739495798319329,0.9285714285714286,11,16,4
R1_PCA_85__KMEANS__K5,674,0.9520095980803839,0.976388888888889,0.9375,8,18,5
R1_PCA_85__KMEANS__K5,675,0.9514839808210112,0.9764705882352942,0.9411764705882353,10,17,5
R1_PCA_85__KMEANS__K5,676,0.7088922919252266,0.814313725490196,0.5882352941176471,11,18,5
R1_PCA_85__KMEANS__K5,677,0.7197859654130827,0.85,0.6666666666666666,10,19,5
R1_PCA_85__KMEANS__K5,678,0.770468406300348,0.8701754385964913,0.6666666666666666,9,17,5
R1_PCA_85__KMEANS__K5,679,1.0,1.0,1.0,9,17,5
R1_PCA_85__KMEANS__K5,680,0.7058030728946051,0.80906432748538,0.6111111111111112,11,17,5
R1_PCA_85__KMEANS__K5,681,1.0,1.0,1.0,10,16,5
R1_PCA_85__KMEANS__K5,682,1.0,1.0,1.0,8,17,5
R1_PCA_85__KMEANS__K5,683,0.7913414309104063,0.8836429308565531,0.7368421052631579,11,19,5
R1_PCA_85__KMEANS__K5,684,0.8036513300734419,0.8875,0.6875,10,20,4
R1_PCA_85__KMEANS__K5,685,0.7453741486504533,0.8390608875128999,0.631578947368421,10,17,5
R1_PCA_85__KMEANS__K5,686,0.7362802400712817,0.8488158899923606,0.5882352941176471,6,20,6
R1_PCA_85__KMEANS__K5,687,1.0,1.0,1.0,9,17,5
R1_PCA_85__KMEANS__K5,688,1.0,1.0,1.0,10,16,5
R1_PCA_85__KMEANS__K5,689,1.0,1.0,1.0,9,18,5
R1_PCA_85__KMEANS__K5,690,0.9006306134148672,0.9058974358974359,0.75,11,17,5
R1_PCA_85__KMEANS__K5,691,1.0,1.0,1.0,8,15,5
R1_PCA_85__KMEANS__K5,692,0.9144680319863713,0.9473039215686274,0.8823529411764706,9,16,5
R1_PCA_85__KMEANS__K5,693,0.9603621352847359,0.9714285714285715,0.9285714285714286,8,16,5
R1_PCA_85__KMEANS__K5,694,1.0,1.0,1.0,10,16,5
R1_PCA_85__KMEANS__K5,695,0.7275468710640901,0.8596491228070174,0.631578947368421,9,19,5
R1_PCA_85__KMEANS__K5,696,0.7856134559224432,0.8618421052631579,0.625,11,17,4
R1_PCA_85__KMEANS__K5,697,0.7533300861904662,0.8772378516624041,0.6470588235294118,9,21,5
R1_PCA_85__KMEANS__K5,698,0.8422539193539361,0.8984210526315788,0.7333333333333333,11,19,5
R1_PCA_85__KMEANS__K5,699,1.0,1.0,1.0,7,17,5
R1_PCA_85__KMEANS__K5,700,0.9629979379059146,0.9690476190476189,0.9166666666666666,11,17,4
R1_PCA_85__KMEANS__K5,701,0.7784113860089635,0.865,0.625,11,18,5
R1_PCA_85__KMEANS__K5,702,1.0,1.0,1.0,12,17,5
R1_PCA_85__KMEANS__K5,703,0.8311365231056499,0.9099999999999999,0.75,10,20,5
R1_PCA_85__KMEANS__K5,704,1.0,1.0,1.0,10,17,5
R1_PCA_85__KMEANS__K5,705,0.9620195380261116,0.9700534759358289,0.9090909090909091,8,19,5
R1_PCA_85__KMEANS__K5,706,0.916109613187043,0.9478991596638655,0.8571428571428571,11,17,4
R1_PCA_85__KMEANS__K5,707,0.7579094386980548,0.8634032634032633,0.6666666666666666,10,20,5
R1_PCA_85__KMEANS__K5,708,0.7180956620115359,0.8428571428571429,0.6666666666666666,8,20,5
R1_PCA_85__KMEANS__K5,709,0.8146409857297323,0.8819444444444444,0.6875,10,17,5
R1_PCA_85__KMEANS__K5,710,0.8063637798981771,0.8856209150326798,0.7058823529411765,11,16,5
R1_PCA_85__KMEANS__K5,711,1.0,1.0,1.0,8,17,5
R1_PCA_85__KMEANS__K5,712,0.6246639117960193,0.723298245614035,0.2631578947368421,7,24,5
R1_PCA_85__KMEANS__K5,713,0.9655997606939875,0.9666666666666666,0.9,9,18,5
R1_PCA_85__KMEANS__K5,714,0.7233262488261136,0.8466666666666667,0.6666666666666666,9,19,5
R1_PCA_85__KMEANS__K5,715,0.6998228850064505,0.8306471306471306,0.6111111111111112,9,19,5
R1_PCA_85__KMEANS__K5,716,0.7081758034026465,0.8268376068376068,0.6,10,18,5
R1_PCA_85__KMEANS__K5,717,0.7687371119119659,0.8701754385964913,0.6666666666666666,11,17,5
R1_PCA_85__KMEANS__K5,718,0.6389763344172068,0.775,0.5,10,22,5
R1_PCA_85__KMEANS__K5,719,0.8295154875771528,0.9047619047619048,0.75,9,20,5
R1_PCA_85__KMEANS__K5,720,0.9205721745205832,0.9443756449948401,0.8333333333333334,8,19,5
R1_PCA_85__KMEANS__K5,721,0.6538344767268585,0.7593748962035407,0.5882352941176471,8,23,5
R1_PCA_85__KMEANS__K5,722,0.7548372639210031,0.8768421052631579,0.6842105263157895,10,18,5
R1_PCA_85__KMEANS__K5,723,1.0,1.0,1.0,10,16,5
R1_PCA_85__KMEANS__K5,724,0.9204290475174539,0.9408868092691621,0.9090909090909091,10,17,5
R1_PCA_85__KMEANS__K5,725,0.7820823244552058,0.8662538699690403,0.6470588235294118,8,18,5
R1_PCA_85__KMEANS__K5,726,0.9612729867166344,0.9693181818181819,0.9090909090909091,11,15,5
R1_PCA_85__KMEANS__K5,727,0.7643413791775644,0.8613519091847264,0.6842105263157895,11,18,5
R1_PCA_85__KMEANS__K5,728,0.6849372032175045,0.8344751866490997,0.6111111111111112,10,21,5
R1_PCA_85__KMEANS__K5,729,0.829885675228854,0.9099999999999999,0.75,11,19,5
R1_PCA_85__KMEANS__K5,730,0.679370531565159,0.7606203007518797,0.5263157894736842,12,14,5
R1_PCA_85__KMEANS__K5,731,1.0,1.0,1.0,11,16,5
R1_PCA_85__KMEANS__K5,732,0.7784061399965376,0.865,0.625,10,17,5
R1_PCA_85__KMEANS__K5,733,1.0,1.0,1.0,10,17,5
R1_PCA_85__KMEANS__K5,734,0.7612867913201617,0.8736842105263157,0.6842105263157895,11,17,5
R1_PCA_85__KMEANS__K5,735,1.0,1.0,1.0,9,16,5
R1_PCA_85__KMEANS__K5,736,1.0,1.0,1.0,11,16,5
R1_PCA_85__KMEANS__K5,737,0.7807288796932453,0.862111801242236,0.5714285714285714,8,23,5
R1_PCA_85__KMEANS__K5,738,0.9563917340936826,0.9728070175438596,0.9166666666666666,9,18,5
R1_PCA_85__KMEANS__K5,739,0.9588760628809603,0.9715686274509803,0.9166666666666666,10,16,5
R1_PCA_85__KMEANS__K5,740,0.868647334836213,0.9262820512820513,0.8333333333333334,9,17,5
R1_PCA_85__KMEANS__K5,741,0.8127880184331797,0.880952380952381,0.6428571428571429,9,21,5
R1_PCA_85__KMEANS__K5,742,0.9125330878121763,0.9485859728506787,0.8823529411764706,10,16,5
R1_PCA_85__KMEANS__K5,743,0.7560746786752979,0.8129870129870129,0.42857142857142855,10,18,4
R1_PCA_85__KMEANS__K5,744,0.769607372564078,0.8701754385964913,0.6666666666666666,10,17,5
R1_PCA_85__KMEANS__K5,745,1.0,1.0,1.0,11,18,5
R1_PCA_85__KMEANS__K5,746,1.0,1.0,1.0,11,16,5
R1_PCA_85__KMEANS__K5,747,1.0,1.0,1.0,11,18,5
R1_PCA_85__KMEANS__K5,748,0.9590273967805573,0.9715686274509803,0.9166666666666666,9,17,5
R1_PCA_85__KMEANS__K5,749,1.0,1.0,1.0,10,16,5
R1_PCA_85__KMEANS__K5,750,0.9427024660267089,0.9292307692307691,0.8,8,17,5
R1_PCA_85__KMEANS__K5,751,0.7375423436215218,0.8541666666666666,0.5625,9,24,5
R1_PCA_85__KMEANS__K5,752,0.9647065419788534,0.9666666666666666,0.9,10,16,5
R1_PCA_85__KMEANS__K5,753,0.77882797731569,0.865,0.625,10,18,5
R1_PCA_85__KMEANS__K5,754,0.9612727559796355,0.97,0.9166666666666666,11,16,5
R1_PCA_85__KMEANS__K5,755,0.9139867524239225,0.9477526395173455,0.8823529411764706,9,16,5
R1_PCA_85__KMEANS__K5,756,0.9627753303964758,0.9688888888888888,0.9,6,18,6
R1_PCA_85__KMEANS__K5,757,0.9406500248956026,0.9314285714285713,0.8,8,17,5
R1_PCA_85__KMEANS__K5,758,0.8163292185011793,0.8735574229691878,0.7058823529411765,10,15,5
R1_PCA_85__KMEANS__K5,759,0.7462335168705619,0.8509803921568627,0.5882352941176471,9,19,5
R1_PCA_85__KMEANS__K5,760,0.7730238892356579,0.8694117647058823,0.6470588235294118,11,20,5
R1_PCA_85__KMEANS__K5,761,0.9163835597214345,0.9468376068376069,0.8666666666666667,9,18,5
R1_PCA_85__KMEANS__K5,762,1.0,1.0,1.0,10,17,5
R1_PCA_85__KMEANS__K5,763,0.7574867753427615,0.8761904761904763,0.6666666666666666,9,19,5
R1_PCA_85__KMEANS__K5,764,1.0,1.0,1.0,9,18,5
R1_PCA_85__KMEANS__K5,765,1.0,1.0,1.0,11,17,5
R1_PCA_85__KMEANS__K5,766,1.0,1.0,1.0,10,17,5
R1_PCA_85__KMEANS__K5,767,0.846410359030554,0.9007518796992482,0.7142857142857143,11,18,5
R1_PCA_85__KMEANS__K5,768,0.9603626582232092,0.9700534759358288,0.9090909090909091,10,17,5
R1_PCA_85__KMEANS__K5,769,1.0,1.0,1.0,11,16,5
R1_PCA_85__KMEANS__K5,770,0.8834905660377359,0.9182539682539682,0.7857142857142857,10,16,5
R1_PCA_85__KMEANS__K5,771,0.7736160746899968,0.8584715937657114,0.6470588235294118,10,15,5
R1_PCA_85__KMEANS__K5,772,1.0,1.0,1.0,11,16,5
R1_PCA_85__KMEANS__K5,773,0.8696430166519232,0.9236532507739937,0.8235294117647058,10,19,5
R1_PCA_85__KMEANS__K5,774,1.0,1.0,1.0,9,19,5
R1_PCA_85__KMEANS__K5,775,1.0,1.0,1.0,9,15,4
R1_PCA_85__KMEANS__K5,776,0.7740489639942619,0.8578431372549019,0.6666666666666666,10,15,5
R1_PCA_85__KMEANS__K5,777,0.9587228788146057,0.9721153846153847,0.9230769230769231,9,16,5
R1_PCA_85__KMEANS__K5,778,0.9540938838928387,0.9746031746031747,0.9285714285714286,10,17,5
R1_PCA_85__KMEANS__K5,779,1.0,1.0,1.0,10,18,5
R1_PCA_85__KMEANS__K5,780,1.0,1.0,1.0,10,16,4
R1_PCA_85__KMEANS__K5,781,0.8728933779719684,0.927142857142857,0.7857142857142857,11,20,5
R1_PCA_85__KMEANS__K5,782,1.0,1.0,1.0,10,16,5
R1_PCA_85__KMEANS__K5,783,0.9594520630112542,0.9712820512820514,0.9230769230769231,11,15,5
R1_PCA_85__KMEANS__K5,784,0.6138353869369423,0.7504647983595353,0.55,11,16,5
R1_PCA_85__KMEANS__K5,785,1.0,1.0,1.0,10,17,5
R1_PCA_85__KMEANS__K5,786,1.0,1.0,1.0,8,16,5
R1_PCA_85__KMEANS__K5,787,0.8812462532621973,0.9176515151515151,0.8125,10,15,5
R1_PCA_85__KMEANS__K5,788,0.9184302652675527,0.9466666666666667,0.8666666666666667,12,15,5
R1_PCA_85__KMEANS__K5,789,0.9527832128504645,0.9757352941176471,0.9375,10,16,5
R1_PCA_85__KMEANS__K5,790,1.0,1.0,1.0,11,17,5
R1_PCA_85__KMEANS__K5,791,0.6622284880384727,0.7986101617680565,0.6190476190476191,10,19,5
R1_PCA_85__KMEANS__K5,792,1.0,1.0,1.0,9,17,5
R1_PCA_85__KMEANS__K5,793,0.7239646202607597,0.8500885303954357,0.5882352941176471,9,21,5
R1_PCA_85__KMEANS__K5,794,0.8738146074980283,0.9223039215686274,0.8125,10,17,5
R1_PCA_85__KMEANS__K5,795,1.0,1.0,1.0,10,18,5
R1_PCA_85__KMEANS__K5,796,0.7485019079711595,0.8714574898785425,0.6842105263157895,9,18,5
R1_PCA_85__KMEANS__K5,797,1.0,1.0,1.0,9,17,5
R1_PCA_85__KMEANS__K5,798,1.0,1.0,1.0,10,17,5
R1_PCA_85__KMEANS__K5,799,1.0,1.0,1.0,9,18,5
R1_PCA_85__KMEANS__K5,800,0.7511635723522676,0.8796992481203008,0.6842105263157895,9,19,5
R1_PCA_85__KMEANS__K5,801,0.6566720073243305,0.7876190476190477,0.5,9,18,5
R1_PCA_85__KMEANS__K5,802,0.9317763349161741,0.9369696969696971,0.8181818181818182,11,15,5
R1_PCA_85__KMEANS__K5,803,1.0,1.0,1.0,10,15,5
R1_PCA_85__KMEANS__K5,804,0.7395038167938931,0.8269005847953217,0.5555555555555556,10,15,5
R1_PCA_85__KMEANS__K5,805,0.6455309216137018,0.7603238866396762,0.5789473684210527,11,17,5
R1_PCA_85__KMEANS__K5,806,1.0,1.0,1.0,9,17,5
R1_PCA_85__KMEANS__K5,807,0.9651790086340992,0.9638888888888889,0.875,8,18,6
R1_PCA_85__KMEANS__K5,808,0.7696100946223157,0.8694117647058824,0.6470588235294118,11,18,5
R1_PCA_85__KMEANS__K5,809,0.7795043653895353,0.8654545454545455,0.6,9,22,5
R1_PCA_85__KMEANS__K5,810,0.7132063791320498,0.8654462242562928,0.631578947368421,9,21,5
R1_PCA_85__KMEANS__K5,811,0.7722107726547088,0.8532244071717756,0.625,9,17,5
R1_PCA_85__KMEANS__K5,812,0.7753046790948694,0.8333333333333333,0.5,9,19,4
R1_PCA_85__KMEANS__K5,813,0.870737106263095,0.9291666666666668,0.8125,10,17,5
R1_PCA_85__KMEANS__K5,814,0.873116758435281,0.9284210526315789,0.8,9,19,5
R1_PCA_85__KMEANS__K5,815,0.9617090714155273,0.97,0.9166666666666666,10,17,5
R1_PCA_85__KMEANS__K5,816,1.0,1.0,1.0,9,18,5
R1_PCA_85__KMEANS__K5,817,0.8156205678021107,0.8650290885585002,0.7142857142857143,11,16,5
R1_PCA_85__KMEANS__K5,818,0.7289310948800743,0.8158333333333333,0.5625,11,18,4
R1_PCA_85__KMEANS__K5,819,1.0,1.0,1.0,9,18,5
R1_PCA_85__KMEANS__K5,820,1.0,1.0,1.0,11,18,5
R1_PCA_85__KMEANS__K5,821,0.8514427197409771,0.8984126984126984,0.7142857142857143,10,18,4
R1_PCA_85__KMEANS__K5,822,0.7767172243517777,0.8666666666666666,0.6666666666666666,11,16,5
R1_PCA_85__KMEANS__K5,823,0.9112789651911638,0.9493464052287581,0.8888888888888888,9,17,5
R1_PCA_85__KMEANS__K5,824,1.0,1.0,1.0,10,16,5
R1_PCA_85__KMEANS__K5,825,0.9593988484773123,0.9715686274509803,0.9166666666666666,9,17,5
R1_PCA_85__KMEANS__K5,826,0.7552368840357263,0.8476470588235294,0.5882352941176471,10,18,5
R1_PCA_85__KMEANS__K5,827,1.0,1.0,1.0,9,17,5
R1_PCA_85__KMEANS__K5,828,0.786553432413305,0.8957219251336899,0.7058823529411765,9,21,5
R1_PCA_85__KMEANS__K5,829,0.914132006106941,0.9471776589423648,0.8823529411764706,10,17,5
R1_PCA_85__KMEANS__K5,830,1.0,1.0,1.0,10,18,5
R1_PCA_85__KMEANS__K5,831,0.9213057884190874,0.9399999999999998,0.8666666666666667,9,18,5
R1_PCA_85__KMEANS__K5,832,0.7416168404037985,0.8127199597787833,0.5294117647058824,11,15,5
R1_PCA_85__KMEANS__K5,833,0.8231871368642069,0.9136363636363637,0.75,9,20,5
R1_PCA_85__KMEANS__K5,834,1.0,1.0,1.0,11,17,5
R1_PCA_85__KMEANS__K5,835,1.0,1.0,1.0,7,17,5
R1_PCA_85__KMEANS__K5,836,0.8135769181934289,0.8819444444444444,0.6875,11,17,5
R1_PCA_85__KMEANS__K5,837,0.7358258175325528,0.8427450980392157,0.6470588235294118,10,18,5
R1_PCA_85__KMEANS__K5,838,0.9581748256539652,0.9715686274509805,0.9166666666666666,11,17,5
R1_PCA_85__KMEANS__K5,839,1.0,1.0,1.0,11,17,4
R1_PCA_85__KMEANS__K5,840,1.0,1.0,1.0,10,16,5
R1_PCA_85__KMEANS__K5,841,0.72557138797548,0.86,0.65,10,18,5
R1_PCA_85__KMEANS__K5,842,0.695422234859255,0.8069841269841269,0.7,7,18,5
R1_PCA_85__KMEANS__K5,843,0.8092723004694836,0.8848684210526315,0.6875,10,19,5
R1_PCA_85__KMEANS__K5,844,0.6936293716441736,0.8333333333333334,0.6,9,18,5
R1_PCA_85__KMEANS__K5,845,0.845306926726969,0.8933333333333333,0.7333333333333333,10,18,5
R1_PCA_85__KMEANS__K5,846,1.0,1.0,1.0,11,15,5
R1_PCA_85__KMEANS__K5,847,0.95747098402387,0.9722222222222221,0.9166666666666666,10,18,5
R1_PCA_85__KMEANS__K5,848,0.776263572984687,0.8654545454545455,0.6,9,20,5
R1_PCA_85__KMEANS__K5,849,0.9550762631077216,0.9741666666666667,0.9333333333333333,10,15,5
R1_PCA_85__KMEANS__K5,850,1.0,1.0,1.0,10,17,5
R1_PCA_85__KMEANS__K5,851,0.9531289071359204,0.9757352941176471,0.9375,8,16,5
R1_PCA_85__KMEANS__K5,852,1.0,1.0,1.0,10,16,5
R1_PCA_85__KMEANS__K5,853,1.0,1.0,1.0,10,19,5
R1_PCA_85__KMEANS__K5,854,0.7660518510080218,0.8722689075630253,0.6470588235294118,8,19,5
R1_PCA_85__KMEANS__K5,855,0.8301105321074759,0.8730158730158729,0.6428571428571429,9,18,4
R1_PCA_85__KMEANS__K5,856,0.9120648434311038,0.9496848739495798,0.8823529411764706,8,16,5
R1_PCA_85__KMEANS__K5,857,0.8389005305439259,0.9078947368421053,0.75,7,18,5
R1_PCA_85__KMEANS__K5,858,0.764352849073403,0.8722689075630253,0.6470588235294118,9,19,5
R1_PCA_85__KMEANS__K5,859,0.914309213672271,0.9457887700534758,0.8823529411764706,10,16,5
R1_PCA_85__KMEANS__K5,860,0.8723975535255455,0.9271616541353384,0.8125,7,17,6
R1_PCA_85__KMEANS__K5,861,0.7113429341432759,0.8016883116883117,0.5333333333333333,10,20,5
R1_PCA_85__KMEANS__K5,862,1.0,1.0,1.0,8,17,5
R1_PCA_85__KMEANS__K5,863,0.9584906441341426,0.9715686274509803,0.9166666666666666,11,17,5
R1_PCA_85__KMEANS__K5,864,1.0,1.0,1.0,11,15,5
R1_PCA_85__KMEANS__K5,865,0.825723419715616,0.9129411764705881,0.7647058823529411,9,19,5
R1_PCA_85__KMEANS__K5,866,0.8370343839541547,0.9000565610859729,0.7647058823529411,10,15,5
R1_PCA_85__KMEANS__K5,867,1.0,1.0,1.0,10,16,5
R1_PCA_85__KMEANS__K5,868,1.0,1.0,1.0,10,16,5
R1_PCA_85__KMEANS__K5,869,0.9114397428346378,0.9492776057791538,0.8823529411764706,8,19,6
R1_PCA_85__KMEANS__K5,870,0.7582295671467646,0.8646198830409355,0.6842105263157895,11,18,5
R1_PCA_85__KMEANS__K5,871,0.960581653850359,0.968888888888889,0.9,9,18,5
R1_PCA_85__KMEANS__K5,872,0.7833688821041068,0.8873684210526316,0.7368421052631579,10,19,5
R1_PCA_85__KMEANS__K5,873,1.0,1.0,1.0,9,18,5
R1_PCA_85__KMEANS__K5,874,0.825721405612337,0.9083149049093322,0.7894736842105263,8,17,5
R1_PCA_85__KMEANS__K5,875,1.0,1.0,1.0,9,17,5
R1_PCA_85__KMEANS__K5,876,0.7831155451932983,0.8911371237458194,0.75,9,22,5
R1_PCA_85__KMEANS__K5,877,1.0,1.0,1.0,8,17,5
R1_PCA_85__KMEANS__K5,878,0.8327387117811793,0.9035947712418301,0.7777777777777778,11,17,5
R1_PCA_85__KMEANS__K5,879,0.8201319834208611,0.8786764705882353,0.6875,12,16,4
R1_PCA_85__KMEANS__K5,880,1.0,1.0,1.0,9,17,5
R1_PCA_85__KMEANS__K5,881,0.8350445212369899,0.9078947368421053,0.75,9,17,5
R1_PCA_85__KMEANS__K5,882,0.7639170217224279,0.8205128205128206,0.5333333333333333,10,18,5
R1_PCA_85__KMEANS__K5,883,0.8053808395773152,0.876825396825397,0.7222222222222222,11,18,5
R1_PCA_85__KMEANS__K5,884,1.0,1.0,1.0,9,17,5
R1_PCA_85__KMEANS__K5,885,0.7811663368641601,0.8444444444444444,0.6666666666666666,11,17,5
R1_PCA_85__KMEANS__K5,886,0.9279945289406605,0.9357142857142857,0.8,8,20,5
R1_PCA_85__KMEANS__K5,887,0.8235342721231365,0.873076923076923,0.6153846153846154,10,18,5
R1_PCA_85__KMEANS__K5,888,1.0,1.0,1.0,10,16,5
R1_PCA_85__KMEANS__K5,889,0.7432569470519192,0.8414418398938522,0.631578947368421,9,17,5
R1_PCA_85__KMEANS__K5,890,0.805620265732049,0.8776709401709402,0.6875,11,16,5
R1_PCA_85__KMEANS__K5,891,0.7218093381838372,0.849108734402852,0.6470588235294118,9,19,5
R1_PCA_85__KMEANS__K5,892,0.728900225621933,0.8464912280701755,0.631578947368421,10,17,5
R1_PCA_85__KMEANS__K5,893,0.7356319182862293,0.8296918767507003,0.5294117647058824,9,20,5
R1_PCA_85__KMEANS__K5,894,0.8139312977099237,0.8819444444444444,0.6875,10,16,5
R1_PCA_85__KMEANS__K5,895,0.7291349642982559,0.8464912280701755,0.631578947368421,10,18,5
R1_PCA_85__KMEANS__K5,896,0.7647809319453707,0.8722689075630253,0.6470588235294118,9,19,5
R1_PCA_85__KMEANS__K5,897,0.8071477986748543,0.8831168831168832,0.6428571428571429,9,21,5
R1_PCA_85__KMEANS__K5,898,0.6792487364365999,0.7534698996655519,0.3125,8,21,5
R1_PCA_85__KMEANS__K5,899,1.0,1.0,1.0,11,15,5
R1_PCA_85__KMEANS__K5,900,1.0,1.0,1.0,10,17,5
R1_PCA_85__KMEANS__K5,901,0.7652266288951841,0.8613519091847264,0.6842105263157895,10,18,5
R1_PCA_85__KMEANS__K5,902,1.0,1.0,1.0,8,19,5
R1_PCA_85__KMEANS__K5,903,1.0,1.0,1.0,10,18,5
R1_PCA_85__KMEANS__K5,904,0.8110338772650497,0.880952380952381,0.6428571428571429,10,20,5
R1_PCA_85__KMEANS__K5,905,0.9196785955636089,0.9457013574660633,0.8461538461538461,10,17,4
R1_PCA_85__KMEANS__K5,906,0.7771431887750168,0.8557017543859649,0.625,11,16,5
R1_PCA_85__KMEANS__K5,907,0.7760319887783179,0.8550000000000001,0.625,10,19,5
R1_PCA_85__KMEANS__K5,908,0.7334544016637132,0.8555555555555555,0.6111111111111112,10,18,5
R1_PCA_85__KMEANS__K5,909,0.7518192308084064,0.8677777777777778,0.7,10,19,5
R1_PCA_85__KMEANS__K5,910,0.7107027493457317,0.8666666666666666,0.6666666666666666,10,19,5
R1_PCA_85__KMEANS__K5,911,0.9663980073783396,0.9664335664335664,0.9090909090909091,10,16,5
R1_PCA_85__KMEANS__K5,912,0.6658573816965908,0.8189010989010989,0.5714285714285714,9,18,5
R1_PCA_85__KMEANS__K5,913,1.0,1.0,1.0,10,17,5
R1_PCA_85__KMEANS__K5,914,1.0,1.0,1.0,9,16,5
R1_PCA_85__KMEANS__K5,915,1.0,1.0,1.0,10,17,5
R1_PCA_85__KMEANS__K5,916,0.764352849073403,0.8722689075630253,0.6470588235294118,9,19,5
R1_PCA_85__KMEANS__K5,917,0.729598948440355,0.8446969696969695,0.625,9,20,5
R1_PCA_85__KMEANS__K5,918,0.7855161055802015,0.8500289184499712,0.6428571428571429,10,18,5
R1_PCA_85__KMEANS__K5,919,0.643393886335449,0.7623931623931623,0.5555555555555556,10,19,5
R1_PCA_85__KMEANS__K5,920,1.0,1.0,1.0,9,16,4
R1_PCA_85__KMEANS__K5,921,0.7889013737359092,0.8944444444444445,0.7222222222222222,9,18,5
R1_PCA_85__KMEANS__K5,922,0.7821229050279329,0.865,0.625,10,20,5
R1_PCA_85__KMEANS__K5,923,0.7198124100181033,0.8633333333333333,0.65,8,19,5
R1_PCA_85__KMEANS__K5,924,0.7504389558703032,0.8291666666666668,0.5625,10,18,5
R1_PCA_85__KMEANS__K5,925,0.9590271576403845,0.9721153846153847,0.9230769230769231,8,16,5
R1_PCA_85__KMEANS__K5,926,1.0,1.0,1.0,8,16,5
R1_PCA_85__KMEANS__K5,927,1.0,1.0,1.0,11,16,5
R1_PCA_85__KMEANS__K5,928,0.917741165234002,0.9454487179487181,0.8666666666666667,10,15,5
R1_PCA_85__KMEANS__K5,929,0.7746553743970948,0.8654545454545455,0.6,10,20,5
R1_PCA_85__KMEANS__K5,930,0.9575487307624464,0.9728506787330318,0.9230769230769231,8,17,5
R1_PCA_85__KMEANS__K5,931,1.0,1.0,1.0,10,18,4
R1_PCA_85__KMEANS__K5,932,0.7730301637092691,0.8568181818181818,0.625,10,20,5
R1_PCA_85__KMEANS__K5,933,1.0,1.0,1.0,10,17,5
R1_PCA_85__KMEANS__K5,934,0.7682763796702394,0.8465919701213819,0.7647058823529411,10,18,5
R1_PCA_85__KMEANS__K5,935,0.7964958989357839,0.8807017543859649,0.7368421052631579,11,18,5
R1_PCA_85__KMEANS__K5,936,0.8153482859793421,0.8807017543859649,0.6666666666666666,11,18,5
R1_PCA_85__KMEANS__K5,937,0.827280861877662,0.9129411764705881,0.7647058823529411,9,20,5
R1_PCA_85__KMEANS__K5,938,0.7766706751417283,0.855889724310777,0.6666666666666666,10,18,5
R1_PCA_85__KMEANS__K5,939,0.752019359788156,0.8476470588235294,0.5882352941176471,11,18,5
R1_PCA_85__KMEANS__K5,940,0.8804217080591523,0.8759615384615385,0.6923076923076923,9,16,5
R1_PCA_85__KMEANS__K5,941,1.0,1.0,1.0,10,16,5
R1_PCA_85__KMEANS__K5,942,0.6141400165145395,0.7191919191919192,0.2777777777777778,8,24,5
R1_PCA_85__KMEANS__K5,943,0.6947325351786953,0.7904761904761904,0.5,10,16,5
R1_PCA_85__KMEANS__K5,944,0.9104996528992949,0.9527777777777778,0.875,7,16,5
R1_PCA_85__KMEANS__K5,945,0.8091025491793737,0.8744444444444444,0.7222222222222222,11,17,5
R1_PCA_85__KMEANS__K5,946,0.9662090813093981,0.9664335664335665,0.9090909090909091,10,17,4
R1_PCA_85__KMEANS__K5,947,0.7293619594798911,0.847948717948718,0.65,8,18,5
R1_PCA_85__KMEANS__K5,948,0.7820772508207027,0.8666666666666666,0.6666666666666666,9,18,5
R1_PCA_85__KMEANS__K5,949,0.7017360966719197,0.8275501672240804,0.5625,9,21,5
R1_PCA_85__KMEANS__K5,950,1.0,1.0,1.0,10,16,5
R1_PCA_85__KMEANS__K5,951,0.6780135915416647,0.7373737373737373,0.2777777777777778,7,23,5
R1_PCA_85__KMEANS__K5,952,1.0,1.0,1.0,9,16,5
R1_PCA_85__KMEANS__K5,953,0.6475321790740437,0.5842890442890443,0.0,7,22,5
R1_PCA_85__KMEANS__K5,954,0.8029048213970724,0.8875,0.6875,9,18,5
R1_PCA_85__KMEANS__K5,955,1.0,1.0,1.0,10,17,5
R1_PCA_85__KMEANS__K5,956,0.744069070515909,0.8316821465428277,0.5882352941176471,11,17,5
R1_PCA_85__KMEANS__K5,957,0.8021780894675927,0.8875,0.6875,9,18,5
R1_PCA_85__KMEANS__K5,958,1.0,1.0,1.0,8,19,5
R1_PCA_85__KMEANS__K5,959,0.7145535782644684,0.8519936204146731,0.6666666666666666,10,19,5
R1_PCA_85__KMEANS__K5,960,0.8362823022509726,0.9066666666666666,0.7333333333333333,11,20,5
R1_PCA_85__KMEANS__K5,961,0.7453696147008984,0.8388888888888889,0.6111111111111112,11,17,5
R1_PCA_85__KMEANS__K5,962,0.9598385819930104,0.9708333333333332,0.9166666666666666,10,16,5
R1_PCA_85__KMEANS__K5,963,0.9093655589123867,0.9071428571428571,0.75,9,18,5
R1_PCA_85__KMEANS__K5,964,0.9621316943153847,0.97,0.9166666666666666,8,16,5
R1_PCA_85__KMEANS__K5,965,0.7172583259267005,0.822262443438914,0.5882352941176471,11,17,5
R1_PCA_85__KMEANS__K5,966,0.8027352717583567,0.8544117647058822,0.625,11,15,4
R1_PCA_85__KMEANS__K5,967,0.7456157917322271,0.871916971916972,0.7142857142857143,9,20,5
R1_PCA_85__KMEANS__K5,968,1.0,1.0,1.0,10,16,5
R1_PCA_85__KMEANS__K5,969,0.9615654112353172,0.9693181818181819,0.9090909090909091,10,15,5
R1_PCA_85__KMEANS__K5,970,1.0,1.0,1.0,11,15,5
R1_PCA_85__KMEANS__K5,971,0.8449434416294059,0.9029411764705882,0.75,11,16,5
R1_PCA_85__KMEANS__K5,972,0.8025484683632115,0.8885448916408668,0.7058823529411765,10,19,5
R1_PCA_85__KMEANS__K5,973,0.7543890851255826,0.8660287081339714,0.6842105263157895,11,18,5
R1_PCA_85__KMEANS__K5,974,0.9186715967338797,0.9431372549019608,0.8823529411764706,10,16,4
R1_PCA_85__KMEANS__K5,975,0.8476924377664778,0.8937820512820513,0.7333333333333333,12,15,5
R1_PCA_85__KMEANS__K5,976,1.0,1.0,1.0,10,18,5
R1_PCA_85__KMEANS__K5,977,0.7502416346957774,0.8358333333333334,0.5625,11,18,5
R1_PCA_85__KMEANS__K5,978,0.7604705286907911,0.8768421052631579,0.6842105263157895,7,18,5
R1_PCA_85__KMEANS__K5,979,0.7817991883493208,0.8519047619047619,0.6428571428571429,10,18,5
R1_PCA_85__KMEANS__K5,980,1.0,1.0,1.0,10,16,5
R1_PCA_85__KMEANS__K5,981,0.75,0.8140037593984963,0.5625,9,18,5
R1_PCA_85__KMEANS__K5,982,0.9643027698185291,0.9675324675324676,0.9090909090909091,11,16,5
R1_PCA_85__KMEANS__K5,983,0.7713997163289099,0.8576754385964911,0.6842105263157895,11,18,5
R1_PCA_85__KMEANS__K5,984,0.9328175019020686,0.9312918660287082,0.8,8,19,4
R1_PCA_85__KMEANS__K5,985,1.0,1.0,1.0,11,15,5
R1_PCA_85__KMEANS__K5,986,0.6934834123222748,0.7967161493477283,0.5263157894736842,10,16,5
R1_PCA_85__KMEANS__K5,987,0.9619925271461066,0.9693181818181819,0.9090909090909091,10,17,5
R1_PCA_85__KMEANS__K5,988,0.7281251089242352,0.8446969696969695,0.625,10,20,5
R1_PCA_85__KMEANS__K5,989,0.6877608705203497,0.8255465587044535,0.631578947368421,10,18,5
R1_PCA_85__KMEANS__K5,990,0.6955053276111121,0.7820728291316527,0.5294117647058824,11,16,5
R1_PCA_85__KMEANS__K5,991,0.7738491312762302,0.8694117647058824,0.6470588235294118,10,20,5
R1_PCA_85__KMEANS__K5,992,0.8740520303350293,0.9235859728506787,0.8125,9,16,5
R1_PCA_85__KMEANS__K5,993,0.9172648156320266,0.945,0.875,11,15,5
R1_PCA_85__KMEANS__K5,994,1.0,1.0,1.0,8,18,5
R1_PCA_85__KMEANS__K5,995,0.7643516014442966,0.8634920634920634,0.6666666666666666,10,18,5
R1_PCA_85__KMEANS__K5,996,0.6799199799949988,0.8008097165991902,0.5789473684210527,10,17,5
R1_PCA_85__KMEANS__K5,997,0.8362823022509726,0.9066666666666666,0.7333333333333333,11,20,5
R1_PCA_85__KMEANS__K5,998,0.849703742954863,0.899607843137255,0.7333333333333333,12,16,4
R1_PCA_85__KMEANS__K5,999,0.9133333333333333,0.95,0.875,10,16,5
R1_PCA_85__KMEANS__K5,1000,1.0,1.0,1.0,10,15,5
