permutation_index,cramers_v
1,0.0
2,0.0
3,0.0
4,0.0
5,0.22804130083332982
6,0.0
7,0.0
8,0.0
9,0.1407728093670959
10,0.0
11,0.18114615517118302
12,0.0
13,0.0
14,0.0
15,0.0
16,0.0
17,0.0
18,0.21189589002687026
19,0.2639563556274243
20,0.2491066112165542
21,0.0
22,0.0
23,0.0
24,0.0
25,0.15661071577921537
26,0.15661071577921537
27,0.1475608516721421
28,0.061105675016998644
29,0.0
30,0.0
31,0.1642569154763669
32,0.0
33,0.0
34,0.0
35,0.0
36,0.0
37,0.0
38,0.0
39,0.28038601251281825
40,0.0
41,0.15661071577921537
42,0.19009562969998933
43,0.0
44,0.10605537340253147
45,0.0
46,0.0
47,0.0
48,0.0
49,0.0
50,0.27968991226581336
51,0.0
52,0.0
53,0.0
54,0.0
55,0.0
56,0.0
57,0.0
58,0.0
59,0.0
60,0.0
61,0.0
62,0.0
63,0.06338331485977905
64,0.0
65,0.0
66,0.0
67,0.0
68,0.0
69,0.2003039587229232
70,0.0
71,0.20237723895650866
72,0.0
73,0.0
74,0.0
75,0.1407728093670959
76,0.22769853919576458
77,0.0
78,0.0
79,0.0
80,0.2269970066611847
81,0.0
82,0.0
83,0.0
84,0.053254327730886744
85,0.29532534975380487
86,0.1441453193272267
87,0.0
88,0.0
89,0.0
90,0.20623233279092462
91,0.0
92,0.05940642934892269
93,0.0
94,0.0
95,0.0
96,0.0
97,0.029175946235774297
98,0.0
99,0.11039164697106156
100,0.0
101,0.0
102,0.08137457809792756
103,0.18831605974564336
104,0.0
105,0.0
106,0.0
107,0.0
108,0.0
109,0.0
110,0.0
111,0.1441453193272267
112,0.0
113,0.1409545273303712
114,0.0
115,0.0
116,0.14931185574376798
117,0.0
118,0.25198821990811754
119,0.0
120,0.0
121,0.0
122,0.16364440925713794
123,0.0
124,0.0
125,0.0
126,0.0
127,0.0
128,0.0
129,0.13091636967113396
130,0.0
131,0.0
132,0.0
133,0.22832031410983994
134,0.0
135,0.20237723895650866
136,0.0
137,0.18831605974564336
138,0.0
139,0.15661071577921537
140,0.0
141,0.15161507409082922
142,0.13560522452636428
143,0.0
144,0.0
145,0.0
146,0.0783836891680611
147,0.0
148,0.1491403209994674
149,0.19671656517034172
150,0.10605537340253147
151,0.0
152,0.0
153,0.0
154,0.19495366620532859
155,0.0
156,0.0
157,0.22369409993482398
158,0.0
159,0.2344781786451163
160,0.0
161,0.18616376278683447
162,0.0
163,0.0
164,0.0
165,0.0
166,0.25932047004699005
167,0.0
168,0.0
169,0.18149004133108754
170,0.0
171,0.0
172,0.0
173,0.3083463168718485
174,0.0
175,0.2003039587229232
176,0.13560522452636428
177,0.0
178,0.12391589835548054
179,0.13560522452636428
180,0.0
181,0.0
182,0.0
183,0.0
184,0.0
185,0.0
186,0.3304075974186084
187,0.0
188,0.2515841727759676
189,0.0
190,0.0
191,0.0
192,0.0
193,0.0
194,0.0
195,0.0
196,0.0
197,0.0
198,0.0
199,0.25198821990811754
200,0.0
201,0.0
202,0.15035441640800562
203,0.15097736662188338
204,0.13431646963676921
205,0.0
206,0.16364440925713794
207,0.0
208,0.0
209,0.0
210,0.0
211,0.0
212,0.0
213,0.08224106335816148
214,0.029175946235774297
215,0.2976585924824708
216,0.0
217,0.18126206337709413
218,0.0
219,0.0
220,0.0
221,0.03273786481208823
222,0.16910427528231217
223,0.12121697077612721
224,0.061105675016998644
225,0.0
226,0.1872465090642262
227,0.0
228,0.0
229,0.26594804116104764
230,0.06912890075044746
231,0.13560522452636428
232,0.07488941931773849
233,0.0
234,0.1681545702911706
235,0.2404320090022039
236,0.24820916397987713
237,0.1824134967421954
238,0.0
239,0.06037085874527424
240,0.0
241,0.0
242,0.0
243,0.053254327730886744
244,0.1686845736191979
245,0.0
246,0.0
247,0.0
248,0.09417615188598835
249,0.0
250,0.0
251,0.0
252,0.0
253,0.0
254,0.0
255,0.1391832672381971
256,0.0
257,0.06037085874527424
258,0.0
259,0.0
260,0.053254327730886744
261,0.053254327730886744
262,0.0
263,0.4341344647930323
264,0.0
265,0.0
266,0.0
267,0.2976585924824708
268,0.0
269,0.0
270,0.0
271,0.0
272,0.0
273,0.23544191296355893
274,0.19637260481481347
275,0.15161507409082922
276,0.16364440925713794
277,0.0
278,0.0
279,0.0
280,0.0
281,0.28250816642247617
282,0.1824134967421954
283,0.06912890075044746
284,0.0
285,0.0
286,0.0
287,0.0
288,0.0
289,0.15669870066816421
290,0.2514563066847563
291,0.0
292,0.0
293,0.0
294,0.0
295,0.0
296,0.0
297,0.0
298,0.24849458671217559
299,0.24356728192582866
300,0.2776360588402201
301,0.0
302,0.0
303,0.0
304,0.12121697077612721
305,0.0
306,0.20231236502905026
307,0.0
308,0.0
309,0.08224106335816148
310,0.0
311,0.0
312,0.0
313,0.06037085874527424
314,0.0
315,0.0
316,0.0
317,0.0
318,0.0
319,0.1475608516721421
320,0.0
321,0.0
322,0.0
323,0.0
324,0.0
325,0.0
326,0.16083274850507484
327,0.0
328,0.0
329,0.0
330,0.0
331,0.1237409838680208
332,0.0
333,0.0
334,0.20169827613475827
335,0.0
336,0.14773866303115152
337,0.0
338,0.1828016803406914
339,0.18843104079409193
340,0.0
341,0.0
342,0.0
343,0.0
344,0.14507123038311817
345,0.3518099395032423
346,0.2197570758333969
347,0.18149004133108754
348,0.0
349,0.0
350,0.0
351,0.10605537340253147
352,0.0
353,0.1824134967421954
354,0.23397378490895523
355,0.0
356,0.0
357,0.0
358,0.20373481963551102
359,0.0
360,0.0
361,0.1591713964896059
362,0.0
363,0.18616376278683447
364,0.06037085874527424
365,0.1407728093670959
366,0.0
367,0.3412756226827603
368,0.22855017184693702
369,0.0
370,0.24997195608266695
371,0.0
372,0.0
373,0.23089017806212664
374,0.0
375,0.1678850317507979
376,0.0
377,0.0
378,0.0
379,0.10784124941749626
380,0.0
381,0.0
382,0.16364440925713794
383,0.0
384,0.0
385,0.2801401141246549
386,0.1948829532634549
387,0.0
388,0.0
389,0.13475554212625052
390,0.0
391,0.0
392,0.0
393,0.0
394,0.0
395,0.0
396,0.0
397,0.0
398,0.14154002169070307
399,0.16364440925713794
400,0.10696737996810077
401,0.0
402,0.0
403,0.1935141492021724
404,0.185088867179981
405,0.3231873437508955
406,0.0
407,0.15035441640800562
408,0.0
409,0.19481558374183994
410,0.15775069166771835
411,0.162695106852587
412,0.1678850317507979
413,0.1237409838680208
414,0.0
415,0.0
416,0.0
417,0.0
418,0.0
419,0.162695106852587
420,0.0
421,0.0
422,0.0
423,0.25118470174490176
424,0.0
425,0.0
426,0.053254327730886744
427,0.17440834245298248
428,0.0
429,0.09417615188598835
430,0.2677411282445039
431,0.0
432,0.0
433,0.0
434,0.0
435,0.0
436,0.2677411282445039
437,0.24451129848158087
438,0.0
439,0.0
440,0.0
441,0.0
442,0.14773866303115152
443,0.2584864234527465
444,0.16364440925713794
445,0.23770580469066033
446,0.17688950282704463
447,0.0
448,0.162695106852587
449,0.0
450,0.0
451,0.0
452,0.0
453,0.3492672332768311
454,0.0
455,0.14773866303115152
456,0.0
457,0.17440834245298248
458,0.1491403209994674
459,0.0
460,0.1824134967421954
461,0.0
462,0.0
463,0.2855768139779452
464,0.1409545273303712
465,0.22769853919576458
466,0.0
467,0.0
468,0.0
469,0.0
470,0.17084961776202431
471,0.0
472,0.1935141492021724
473,0.08866969155347358
474,0.0
475,0.061105675016998644
476,0.0
477,0.0
478,0.0
479,0.16193084741907643
480,0.0
481,0.18149004133108754
482,0.1407728093670959
483,0.2836350322736666
484,0.0
485,0.0
486,0.0
487,0.0
488,0.0
489,0.0
490,0.0
491,0.09417615188598835
492,0.0
493,0.0
494,0.0
495,0.0
496,0.14931185574376798
497,0.24451129848158087
498,0.0
499,0.0
500,0.0
501,0.24049205836627782
502,0.0
503,0.25731574692799875
504,0.0
505,0.12391589835548054
506,0.0
507,0.0
508,0.04048271185476901
509,0.1237409838680208
510,0.17440834245298248
511,0.17084961776202431
512,0.11610610775829489
513,0.0
514,0.08232880476775908
515,0.0
516,0.061105675016998644
517,0.0
518,0.0
519,0.1678850317507979
520,0.0
521,0.1591713964896059
522,0.17440834245298248
523,0.0
524,0.0
525,0.0
526,0.04048271185476901
527,0.0
528,0.0
529,0.0
530,0.14165127004379177
531,0.0
532,0.0
533,0.0
534,0.26988975365910617
535,0.0
536,0.21473584066345003
537,0.20237723895650866
538,0.0
539,0.0
540,0.0
541,0.3360955663666015
542,0.0
543,0.28151437863762996
544,0.07488941931773849
545,0.0
546,0.1491403209994674
547,0.0
548,0.17688950282704463
549,0.24818007472676543
550,0.1409545273303712
551,0.0
552,0.0
553,0.0
554,0.0
555,0.1052540032097223
556,0.16667655895230085
557,0.0
558,0.19671656517034172
559,0.0
560,0.1441453193272267
561,0.2677411282445039
562,0.0
563,0.0
564,0.0
565,0.162695106852587
566,0.0
567,0.0
568,0.12121697077612721
569,0.2597453332383348
570,0.22057986053629772
571,0.0
572,0.0
573,0.0
574,0.0
575,0.2597453332383348
576,0.0
577,0.0
578,0.0
579,0.0
580,0.0
581,0.0
582,0.1441453193272267
583,0.2920872713873876
584,0.0
585,0.17870206238008685
586,0.0
587,0.0
588,0.0
589,0.0
590,0.3212134218185356
591,0.0
592,0.29982486590748764
593,0.0
594,0.0
595,0.1686845736191979
596,0.0
597,0.21786733934315106
598,0.0
599,0.2677411282445039
600,0.24840740900511593
601,0.17870206238008685
602,0.22601178368601046
603,0.0
604,0.0
605,0.0
606,0.20169827613475827
607,0.0
608,0.0
609,0.1824134967421954
610,0.0
611,0.1717806031197266
612,0.0
613,0.0
614,0.15661071577921537
615,0.06037085874527424
616,0.0
617,0.0
618,0.27437341382338604
619,0.0
620,0.0
621,0.0
622,0.0
623,0.0
624,0.0
625,0.0
626,0.0
627,0.0
628,0.0
629,0.07488941931773849
630,0.0
631,0.0
632,0.0
633,0.22292403529698698
634,0.21289711091340754
635,0.0
636,0.0
637,0.0
638,0.0
639,0.0
640,0.20613046597232376
641,0.0
642,0.16842367747335887
643,0.1391832672381971
644,0.18284117131430494
645,0.1591713964896059
646,0.0
647,0.061105675016998644
648,0.2491066112165542
649,0.26059298157566935
650,0.0
651,0.15661071577921537
652,0.0
653,0.19812950398079218
654,0.0
655,0.0
656,0.053254327730886744
657,0.22321532618293102
658,0.0
659,0.16667655895230085
660,0.18831605974564336
661,0.0
662,0.17440834245298248
663,0.16995987895115094
664,0.0783836891680611
665,0.22321532618293102
666,0.0
667,0.21473584066345003
668,0.09137462593418844
669,0.06338331485977905
670,0.0
671,0.1237409838680208
672,0.0
673,0.16193084741907643
674,0.1642569154763669
675,0.0
676,0.0
677,0.1604977644556054
678,0.0
679,0.0
680,0.22769853919576458
681,0.0
682,0.0
683,0.0
684,0.0
685,0.0
686,0.22855017184693702
687,0.0
688,0.13091636967113396
689,0.18831605974564336
690,0.0
691,0.17458888580555718
692,0.0
693,0.0
694,0.27921077741078476
695,0.029175946235774297
696,0.33668091242520465
697,0.15327268647349032
698,0.18890068901892998
699,0.0
700,0.061105675016998644
701,0.0
702,0.19179026226566903
703,0.0
704,0.0
705,0.06338331485977905
706,0.20613046597232376
707,0.0
708,0.10784124941749626
709,0.1717806031197266
710,0.15661071577921537
711,0.0
712,0.1391832672381971
713,0.053254327730886744
714,0.0
715,0.13475554212625052
716,0.0
717,0.15161507409082922
718,0.162695106852587
719,0.0
720,0.0
721,0.09137462593418844
722,0.0
723,0.0
724,0.1642569154763669
725,0.0
726,0.0
727,0.0
728,0.0
729,0.0
730,0.25434484143542685
731,0.17688950282704463
732,0.0
733,0.0
734,0.06338331485977905
735,0.15097736662188338
736,0.0
737,0.0
738,0.22601178368601046
739,0.15661071577921537
740,0.0
741,0.1591713964896059
742,0.0
743,0.0
744,0.21736063488764926
745,0.0
746,0.0
747,0.22403419919494716
748,0.0
749,0.2546311194199949
750,0.0
751,0.0
752,0.0
753,0.18284117131430494
754,0.0
755,0.0
756,0.0
757,0.1491403209994674
758,0.0
759,0.08866969155347358
760,0.2302525390101591
761,0.13475554212625052
762,0.0
763,0.06037085874527424
764,0.0
765,0.2765488317933238
766,0.20320256604879347
767,0.08224106335816148
768,0.0
769,0.0
770,0.0
771,0.0
772,0.20231236502905026
773,0.0
774,0.19916038685005538
775,0.0
776,0.0
777,0.1723641993247719
778,0.13560522452636428
779,0.07488941931773849
780,0.0
781,0.0
782,0.2169374771003783
783,0.0
784,0.1441453193272267
785,0.0
786,0.0
787,0.0
788,0.0
789,0.0
790,0.0
791,0.0
792,0.14773866303115152
793,0.0
794,0.0
795,0.0
796,0.0
797,0.17084961776202431
798,0.07488941931773849
799,0.0
800,0.0
801,0.0
802,0.0
803,0.12310283613529417
804,0.0
805,0.15775069166771835
806,0.0
807,0.0
808,0.0
809,0.0
810,0.0
811,0.12310283613529417
812,0.0
813,0.0
814,0.0
815,0.0
816,0.0
817,0.0
818,0.14507123038311817
819,0.0
820,0.1723641993247719
821,0.0
822,0.08232880476775908
823,0.1985266308880182
824,0.0
825,0.20887914397156487
826,0.0
827,0.09137462593418844
828,0.21222706251028473
829,0.0
830,0.0
831,0.0
832,0.0
833,0.029175946235774297
834,0.0
835,0.061105675016998644
836,0.23293072781450994
837,0.14773866303115152
838,0.0
839,0.0
840,0.04048271185476901
841,0.0
842,0.2621398848135672
843,0.0
844,0.053254327730886744
845,0.0
846,0.0
847,0.14507123038311817
848,0.0
849,0.18831605974564336
850,0.0
851,0.0
852,0.0
853,0.0
854,0.18118600698042048
855,0.20169827613475827
856,0.1642569154763669
857,0.0
858,0.24820916397987713
859,0.1237409838680208
860,0.0
861,0.05940642934892269
862,0.24451129848158087
863,0.13560522452636428
864,0.32939692440888013
865,0.2765488317933238
866,0.0
867,0.053254327730886744
868,0.24106178127022915
869,0.0
870,0.0
871,0.0
872,0.0
873,0.0
874,0.0
875,0.20237723895650866
876,0.2677411282445039
877,0.1686845736191979
878,0.13475554212625052
879,0.0
880,0.221879321213307
881,0.0
882,0.0
883,0.1723641993247719
884,0.0
885,0.0
886,0.0
887,0.0
888,0.19728295503291782
889,0.04048271185476901
890,0.2976585924824708
891,0.20818355423029902
892,0.21786733934315106
893,0.1491403209994674
894,0.0
895,0.0
896,0.0
897,0.0
898,0.2269970066611847
899,0.0
900,0.0
901,0.18284117131430494
902,0.0
903,0.0
904,0.0
905,0.0
906,0.05983576493880696
907,0.39571468753234323
908,0.0
909,0.0
910,0.08866969155347358
911,0.0
912,0.0
913,0.0
914,0.1407728093670959
915,0.0
916,0.21786733934315106
917,0.2346292853238141
918,0.0
919,0.0
920,0.0
921,0.0
922,0.0
923,0.0
924,0.13091636967113396
925,0.1604977644556054
926,0.26437376880056207
927,0.0
928,0.14507123038311817
929,0.21473584066345003
930,0.18831605974564336
931,0.2693542041365601
932,0.22804130083332982
933,0.0
934,0.13091636967113396
935,0.0
936,0.0
937,0.0
938,0.0
939,0.0
940,0.15775069166771835
941,0.0
942,0.0
943,0.1491403209994674
944,0.16364440925713794
945,0.0
946,0.06037085874527424
947,0.0
948,0.0
949,0.13091636967113396
950,0.0
951,0.08137457809792756
952,0.04048271185476901
953,0.16193084741907643
954,0.0
955,0.24106178127022915
956,0.0
957,0.16995987895115094
958,0.0
959,0.1391832672381971
960,0.0
961,0.3576218581873565
962,0.0
963,0.0
964,0.1824134967421954
965,0.0
966,0.0
967,0.0
968,0.0
969,0.0
970,0.15775069166771835
971,0.0
972,0.0
973,0.0
974,0.0
975,0.0
976,0.0
977,0.0
978,0.22601178368601046
979,0.32666775839743234
980,0.16364440925713794
981,0.0
982,0.0
983,0.1441453193272267
984,0.1407728093670959
985,0.0
986,0.20169827613475827
987,0.20231236502905026
988,0.0
989,0.0
990,0.18114615517118302
991,0.2932176153774441
992,0.28250816642247617
993,0.061105675016998644
994,0.0
995,0.17440834245298248
996,0.16617570113799104
997,0.0
998,0.2984161575847628
999,0.4565825562335463
1000,0.0
1001,0.2998139202329337
1002,0.0
1003,0.0
1004,0.1936294332178381
1005,0.0
1006,0.0
1007,0.0
1008,0.0
1009,0.10784124941749626
1010,0.0
1011,0.1491403209994674
1012,0.0
1013,0.0
1014,0.0
1015,0.0
1016,0.0
1017,0.0
1018,0.0
1019,0.08866969155347358
1020,0.31388624626642236
1021,0.0
1022,0.0
1023,0.0
1024,0.0
1025,0.15661071577921537
1026,0.25198821990811754
1027,0.0
1028,0.0
1029,0.1052540032097223
1030,0.0
1031,0.0
1032,0.22369409993482398
1033,0.04048271185476901
1034,0.0
1035,0.0
1036,0.10605537340253147
1037,0.13475554212625052
1038,0.13431646963676921
1039,0.0
1040,0.0
1041,0.0
1042,0.0
1043,0.061105675016998644
1044,0.0
1045,0.0
1046,0.0
1047,0.0
1048,0.0
1049,0.0
1050,0.0
1051,0.0783836891680611
1052,0.0
1053,0.0
1054,0.1441453193272267
1055,0.0
1056,0.11039164697106156
1057,0.0
1058,0.0
1059,0.2669825658758503
1060,0.25773627509571456
1061,0.0
1062,0.0
1063,0.15035441640800562
1064,0.2836350322736666
1065,0.0
1066,0.15161507409082922
1067,0.08232880476775908
1068,0.0
1069,0.0
1070,0.0
1071,0.0
1072,0.11039164697106156
1073,0.12334252844651906
1074,0.3877984692220405
1075,0.0
1076,0.0
1077,0.1717806031197266
1078,0.0
1079,0.0
1080,0.185088867179981
1081,0.0
1082,0.0
1083,0.053254327730886744
1084,0.0
1085,0.17458888580555718
1086,0.0
1087,0.22369409993482398
1088,0.0
1089,0.0
1090,0.0
1091,0.1642569154763669
1092,0.10784124941749626
1093,0.0
1094,0.0
1095,0.12121697077612721
1096,0.17440834245298248
1097,0.3177125088103085
1098,0.15661071577921537
1099,0.0
1100,0.0
1101,0.1391832672381971
1102,0.0
1103,0.0
1104,0.0
1105,0.0
1106,0.09932511991592323
1107,0.1723641993247719
1108,0.0
1109,0.1391832672381971
1110,0.0
1111,0.0
1112,0.0
1113,0.0
1114,0.0
1115,0.24602859677056277
1116,0.0
1117,0.1824134967421954
1118,0.3130571038577232
1119,0.0
1120,0.0
1121,0.0
1122,0.0
1123,0.0
1124,0.0
1125,0.0
1126,0.0
1127,0.0
1128,0.0
1129,0.0
1130,0.20828441693602343
1131,0.0
1132,0.19439737159693987
1133,0.23422051311163025
1134,0.0
1135,0.0
1136,0.11039164697106156
1137,0.3183337211244242
1138,0.05983576493880696
1139,0.20320256604879347
1140,0.20544154379929216
1141,0.0
1142,0.0
1143,0.0
1144,0.0
1145,0.0
1146,0.0
1147,0.21289711091340754
1148,0.13091636967113396
1149,0.0
1150,0.0
1151,0.0
1152,0.1642569154763669
1153,0.20960374095572257
1154,0.0
1155,0.0
1156,0.1441453193272267
1157,0.0
1158,0.15161507409082922
1159,0.24956990448990862
1160,0.3877984692220405
1161,0.11039164697106156
1162,0.0
1163,0.0
1164,0.0
1165,0.0
1166,0.1936294332178381
1167,0.20818355423029902
1168,0.0
1169,0.0
1170,0.14154002169070307
1171,0.0
1172,0.20960374095572257
1173,0.0
1174,0.0
1175,0.0
1176,0.0
1177,0.0
1178,0.19179026226566903
1179,0.0
1180,0.27921077741078476
1181,0.0
1182,0.2677411282445039
1183,0.0
1184,0.2801143408495324
1185,0.2415758283377919
1186,0.0
1187,0.0
1188,0.1491403209994674
1189,0.0
1190,0.0
1191,0.15035441640800562
1192,0.0
1193,0.0
1194,0.0
1195,0.0
1196,0.15669870066816421
1197,0.0
1198,0.0
1199,0.03273786481208823
1200,0.17458888580555718
1201,0.0
1202,0.0
1203,0.23023258433423496
1204,0.0
1205,0.0
1206,0.19179026226566903
1207,0.0
1208,0.0
1209,0.0
1210,0.16302154980254532
1211,0.0
1212,0.14931185574376798
1213,0.221879321213307
1214,0.0
1215,0.05940642934892269
1216,0.1391832672381971
1217,0.20960374095572257
1218,0.053254327730886744
1219,0.2577973856830755
1220,0.3708253963164012
1221,0.0
1222,0.0
1223,0.0
1224,0.0
1225,0.19916038685005538
1226,0.18118600698042048
1227,0.1678850317507979
1228,0.24049205836627782
1229,0.21736063488764926
1230,0.1441453193272267
1231,0.0
1232,0.1591713964896059
1233,0.1717806031197266
1234,0.0
1235,0.0
1236,0.0
1237,0.0
1238,0.0
1239,0.17870206238008685
1240,0.0
1241,0.0
1242,0.04048271185476901
1243,0.18419308028103548
1244,0.0
1245,0.28250816642247617
1246,0.1678850317507979
1247,0.0
1248,0.18890068901892998
1249,0.20623233279092462
1250,0.0
1251,0.0
1252,0.17870206238008685
1253,0.0
1254,0.0
1255,0.0
1256,0.0
1257,0.0
1258,0.0
1259,0.0
1260,0.1407728093670959
1261,0.15661071577921537
1262,0.2654317395216173
1263,0.0
1264,0.0
1265,0.18419308028103548
1266,0.0
1267,0.0
1268,0.09417615188598835
1269,0.0
1270,0.0
1271,0.0
1272,0.21189589002687026
1273,0.0
1274,0.0
1275,0.1391832672381971
1276,0.0
1277,0.06912890075044746
1278,0.0
1279,0.0
1280,0.14947002078299718
1281,0.18831605974564336
1282,0.0
1283,0.0
1284,0.23422051311163025
1285,0.0
1286,0.0
1287,0.17870206238008685
1288,0.27921077741078476
1289,0.0
1290,0.0
1291,0.12391589835548054
1292,0.03273786481208823
1293,0.21736063488764926
1294,0.1686845736191979
1295,0.0
1296,0.0
1297,0.053254327730886744
1298,0.22769853919576458
1299,0.0
1300,0.0
1301,0.29631047341644223
1302,0.0
1303,0.0
1304,0.0
1305,0.05940642934892269
1306,0.19637260481481347
1307,0.04048271185476901
1308,0.0
1309,0.14507123038311817
1310,0.13091636967113396
1311,0.0
1312,0.04048271185476901
1313,0.0
1314,0.20828441693602343
1315,0.2003039587229232
1316,0.0
1317,0.10696737996810077
1318,0.0
1319,0.21284777845226868
1320,0.0
1321,0.15669870066816421
1322,0.0
1323,0.22057986053629772
1324,0.17440834245298248
1325,0.06912890075044746
1326,0.14165127004379177
1327,0.0
1328,0.2514563066847563
1329,0.0
1330,0.0
1331,0.0
1332,0.10824219431056739
1333,0.0
1334,0.15775069166771835
1335,0.0
1336,0.0
1337,0.08866969155347358
1338,0.05940642934892269
1339,0.0
1340,0.18419308028103548
1341,0.0
1342,0.0
1343,0.0
1344,0.0
1345,0.0
1346,0.0
1347,0.0
1348,0.0
1349,0.0
1350,0.0
1351,0.053254327730886744
1352,0.0
1353,0.0
1354,0.0
1355,0.27921077741078476
1356,0.24602859677056277
1357,0.0
1358,0.0
1359,0.16302154980254532
1360,0.0
1361,0.21736063488764926
1362,0.14773866303115152
1363,0.0
1364,0.0
1365,0.0
1366,0.0
1367,0.15097736662188338
1368,0.0
1369,0.0
1370,0.0
1371,0.0
1372,0.0
1373,0.0
1374,0.0
1375,0.0
1376,0.0
1377,0.0
1378,0.0
1379,0.09417615188598835
1380,0.0
1381,0.1723641993247719
1382,0.0
1383,0.08866969155347358
1384,0.0
1385,0.0
1386,0.12310283613529417
1387,0.0
1388,0.0
1389,0.16995987895115094
1390,0.0
1391,0.0
1392,0.0
1393,0.10824219431056739
1394,0.0
1395,0.0
1396,0.14931185574376798
1397,0.3329937935219347
1398,0.19671656517034172
1399,0.0
1400,0.10696737996810077
1401,0.0
1402,0.0
1403,0.0
1404,0.16667655895230085
1405,0.0
1406,0.0
1407,0.0
1408,0.22511556539507746
1409,0.0
1410,0.0
1411,0.0
1412,0.0
1413,0.0
1414,0.0
1415,0.0
1416,0.2415758283377919
1417,0.18831605974564336
1418,0.1686845736191979
1419,0.029175946235774297
1420,0.08137457809792756
1421,0.0
1422,0.32368654737277625
1423,0.0
1424,0.1441453193272267
1425,0.22057986053629772
1426,0.0
1427,0.0
1428,0.0
1429,0.1407728093670959
1430,0.06912890075044746
1431,0.0
1432,0.0
1433,0.27865545631656274
1434,0.10824219431056739
1435,0.053254327730886744
1436,0.0
1437,0.1642569154763669
1438,0.0
1439,0.0
1440,0.19637260481481347
1441,0.0
1442,0.0
1443,0.14773866303115152
1444,0.0
1445,0.0
1446,0.25773627509571456
1447,0.06037085874527424
1448,0.20818355423029902
1449,0.12310283613529417
1450,0.0
1451,0.0
1452,0.0
1453,0.0
1454,0.1052540032097223
1455,0.0
1456,0.12121697077612721
1457,0.0
1458,0.0
1459,0.26518682473986477
1460,0.0
1461,0.0
1462,0.24840740900511593
1463,0.0
1464,0.0
1465,0.31214166230787127
1466,0.20544154379929216
1467,0.0
1468,0.0
1469,0.0
1470,0.1591713964896059
1471,0.0
1472,0.0
1473,0.0
1474,0.06037085874527424
1475,0.25069559494167815
1476,0.0
1477,0.0
1478,0.1491403209994674
1479,0.0
1480,0.0
1481,0.17688950282704463
1482,0.1642569154763669
1483,0.0
1484,0.0
1485,0.0
1486,0.0
1487,0.0
1488,0.0
1489,0.2404320090022039
1490,0.08224106335816148
1491,0.0
1492,0.0
1493,0.1824134967421954
1494,0.0
1495,0.1828016803406914
1496,0.0
1497,0.0
1498,0.0
1499,0.0
1500,0.03273786481208823
1501,0.0
1502,0.0
1503,0.0
1504,0.0
1505,0.2836350322736666
1506,0.0
1507,0.200461180804922
1508,0.0
1509,0.0
1510,0.0
1511,0.1407728093670959
1512,0.3330351828536163
1513,0.06037085874527424
1514,0.0
1515,0.0
1516,0.06338331485977905
1517,0.1824134967421954
1518,0.05983576493880696
1519,0.19375819888687096
1520,0.0
1521,0.22842090533100767
1522,0.0
1523,0.10605537340253147
1524,0.16193084741907643
1525,0.2169374771003783
1526,0.0
1527,0.14507123038311817
1528,0.21284777845226868
1529,0.0
1530,0.0
1531,0.0
1532,0.20828441693602343
1533,0.0
1534,0.0
1535,0.0
1536,0.0
1537,0.1076280210674964
1538,0.0
1539,0.1475608516721421
1540,0.0
1541,0.10605537340253147
1542,0.0
1543,0.061105675016998644
1544,0.0
1545,0.06912890075044746
1546,0.2677411282445039
1547,0.0
1548,0.0
1549,0.0
1550,0.0
1551,0.0
1552,0.0
1553,0.0
1554,0.0
1555,0.0
1556,0.0
1557,0.0
1558,0.0
1559,0.15097736662188338
1560,0.0
1561,0.20544154379929216
1562,0.1391832672381971
1563,0.0
1564,0.0
1565,0.0
1566,0.0
1567,0.0
1568,0.0
1569,0.1686845736191979
1570,0.0
1571,0.31027094794773136
1572,0.0
1573,0.0
1574,0.14947002078299718
1575,0.3016211104209077
1576,0.17440834245298248
1577,0.0
1578,0.23023258433423496
1579,0.0
1580,0.0
1581,0.0
1582,0.0
1583,0.0
1584,0.0
1585,0.053254327730886744
1586,0.0
1587,0.0
1588,0.23023258433423496
1589,0.0
1590,0.10605537340253147
1591,0.2593508404995039
1592,0.0
1593,0.0
1594,0.0
1595,0.2859626700034389
1596,0.1948829532634549
1597,0.0
1598,0.0
1599,0.0
1600,0.2994042646622232
1601,0.053254327730886744
1602,0.19637260481481347
1603,0.0
1604,0.0
1605,0.25887462739728906
1606,0.0
1607,0.18725702450733642
1608,0.0
1609,0.17535412127392233
1610,0.0
1611,0.2621398848135672
1612,0.0
1613,0.0
1614,0.0
1615,0.28250816642247617
1616,0.0
1617,0.0
1618,0.0
1619,0.16842367747335887
1620,0.0
1621,0.13475554212625052
1622,0.0
1623,0.0
1624,0.1591713964896059
1625,0.0
1626,0.0
1627,0.17458888580555718
1628,0.0
1629,0.22855017184693702
1630,0.0
1631,0.0
1632,0.0
1633,0.27617596565370595
1634,0.0
1635,0.16367248245359362
1636,0.053254327730886744
1637,0.20828441693602343
1638,0.0
1639,0.0
1640,0.2804304853732022
1641,0.1441453193272267
1642,0.2896321238541581
1643,0.16667655895230085
1644,0.0
1645,0.0
1646,0.0
1647,0.0
1648,0.0
1649,0.0
1650,0.20960374095572257
1651,0.0
1652,0.0
1653,0.0
1654,0.0
1655,0.0
1656,0.0
1657,0.0
1658,0.0
1659,0.1678850317507979
1660,0.0
1661,0.0
1662,0.053254327730886744
1663,0.221879321213307
1664,0.0
1665,0.03273786481208823
1666,0.26594804116104764
1667,0.15669870066816421
1668,0.0
1669,0.0
1670,0.0
1671,0.0
1672,0.0
1673,0.2580111587545765
1674,0.13431646963676921
1675,0.22769853919576458
1676,0.0
1677,0.0
1678,0.0
1679,0.0
1680,0.23023258433423496
1681,0.0
1682,0.0
1683,0.061105675016998644
1684,0.0
1685,0.21289711091340754
1686,0.3418290587637047
1687,0.0
1688,0.0783836891680611
1689,0.1409545273303712
1690,0.1391832672381971
1691,0.0
1692,0.0
1693,0.17458888580555718
1694,0.1985266308880182
1695,0.0
1696,0.14165127004379177
1697,0.0
1698,0.17260393011605457
1699,0.0
1700,0.0
1701,0.10824219431056739
1702,0.0
1703,0.0
1704,0.0
1705,0.0
1706,0.22804130083332982
1707,0.0
1708,0.0
1709,0.17688950282704463
1710,0.0
1711,0.0
1712,0.0
1713,0.053254327730886744
1714,0.1717806031197266
1715,0.0
1716,0.17870206238008685
1717,0.0
1718,0.1935141492021724
1719,0.0
1720,0.16364440925713794
1721,0.0
1722,0.21222706251028473
1723,0.2346292853238141
1724,0.0
1725,0.13431646963676921
1726,0.11039164697106156
1727,0.06912890075044746
1728,0.0
1729,0.30869095701191596
1730,0.0
1731,0.2976585924824708
1732,0.2984161575847628
1733,0.20828441693602343
1734,0.0
1735,0.0
1736,0.0
1737,0.0
1738,0.17458888580555718
1739,0.0
1740,0.25086048075733275
1741,0.0
1742,0.15661071577921537
1743,0.0
1744,0.15035441640800562
1745,0.26059298157566935
1746,0.0
1747,0.0
1748,0.05983576493880696
1749,0.0
1750,0.17440834245298248
1751,0.16302154980254532
1752,0.0
1753,0.0
1754,0.0
1755,0.0
1756,0.209625659340735
1757,0.26198710866726505
1758,0.0
1759,0.1604977644556054
1760,0.0
1761,0.0
1762,0.0
1763,0.13091636967113396
1764,0.12391589835548054
1765,0.0
1766,0.28487957376935685
1767,0.0
1768,0.0
1769,0.0
1770,0.0
1771,0.0
1772,0.0
1773,0.19179026226566903
1774,0.0
1775,0.0
1776,0.0
1777,0.0
1778,0.20887914397156487
1779,0.0
1780,0.0
1781,0.08232880476775908
1782,0.0
1783,0.0
1784,0.0
1785,0.14507123038311817
1786,0.0
1787,0.0
1788,0.0
1789,0.0
1790,0.0
1791,0.0
1792,0.0
1793,0.0
1794,0.05983576493880696
1795,0.0
1796,0.1237409838680208
1797,0.0
1798,0.0
1799,0.1717806031197266
1800,0.0
1801,0.0
1802,0.0
1803,0.0
1804,0.21786733934315106
1805,0.12121697077612721
1806,0.0
1807,0.25298902881290136
1808,0.0
1809,0.2932176153774441
1810,0.11610610775829489
1811,0.0
1812,0.0
1813,0.0
1814,0.24956990448990862
1815,0.1723641993247719
1816,0.0
1817,0.2565033296729719
1818,0.0
1819,0.0
1820,0.14507123038311817
1821,0.0
1822,0.0
1823,0.04048271185476901
1824,0.18126206337709413
1825,0.0
1826,0.0
1827,0.2621398848135672
1828,0.2603283879553544
1829,0.15327268647349032
1830,0.06037085874527424
1831,0.0
1832,0.0
1833,0.0
1834,0.0
1835,0.19812950398079218
1836,0.0
1837,0.2269970066611847
1838,0.0
1839,0.0
1840,0.0
1841,0.0
1842,0.0
1843,0.2804304853732022
1844,0.0
1845,0.029175946235774297
1846,0.0
1847,0.25773627509571456
1848,0.15097736662188338
1849,0.0
1850,0.0
1851,0.08224106335816148
1852,0.0
1853,0.053254327730886744
1854,0.21189589002687026
1855,0.1052540032097223
1856,0.29042644753652
1857,0.17440834245298248
1858,0.23544191296355893
1859,0.0
1860,0.1824134967421954
1861,0.0
1862,0.0
1863,0.14931185574376798
1864,0.0
1865,0.0
1866,0.22920400174735728
1867,0.19375819888687096
1868,0.22769853919576458
1869,0.0
1870,0.2621398848135672
1871,0.2783561597657126
1872,0.0
1873,0.0
1874,0.1642569154763669
1875,0.08137457809792756
1876,0.0
1877,0.28345911006287633
1878,0.0
1879,0.0
1880,0.0
1881,0.09137462593418844
1882,0.2580111587545765
1883,0.0
1884,0.0
1885,0.0
1886,0.0
1887,0.0
1888,0.0
1889,0.0
1890,0.0
1891,0.06912890075044746
1892,0.12391589835548054
1893,0.0
1894,0.15661071577921537
1895,0.15097736662188338
1896,0.20237723895650866
1897,0.0
1898,0.26518682473986477
1899,0.20237723895650866
1900,0.3419212110193067
1901,0.0
1902,0.07488941931773849
1903,0.0
1904,0.0783836891680611
1905,0.0
1906,0.0
1907,0.0
1908,0.12334252844651906
1909,0.16302154980254532
1910,0.0
1911,0.0
1912,0.09932511991592323
1913,0.0
1914,0.0
1915,0.29982486590748764
1916,0.0
1917,0.0
1918,0.0
1919,0.1997132735798137
1920,0.0
1921,0.0
1922,0.1824134967421954
1923,0.0
1924,0.0
1925,0.21473584066345003
1926,0.1409545273303712
1927,0.16367248245359362
1928,0.08866969155347358
1929,0.0
1930,0.0
1931,0.0
1932,0.0
1933,0.0
1934,0.26594804116104764
1935,0.0
1936,0.19009562969998933
1937,0.053254327730886744
1938,0.18419308028103548
1939,0.0
1940,0.0
1941,0.0
1942,0.0
1943,0.0
1944,0.09137462593418844
1945,0.13091636967113396
1946,0.0
1947,0.0
1948,0.13475554212625052
1949,0.0
1950,0.08137457809792756
1951,0.029175946235774297
1952,0.0
1953,0.0
1954,0.0
1955,0.0
1956,0.20169827613475827
1957,0.15035441640800562
1958,0.0
1959,0.12310283613529417
1960,0.0
1961,0.3344923563506206
1962,0.0
1963,0.24820916397987713
1964,0.23023258433423496
1965,0.12310283613529417
1966,0.22769853919576458
1967,0.2597453332383348
1968,0.0
1969,0.13091636967113396
1970,0.0
1971,0.0
1972,0.0
1973,0.0
1974,0.1076280210674964
1975,0.0
1976,0.0
1977,0.17084961776202431
1978,0.0
1979,0.0
1980,0.13431646963676921
1981,0.28151437863762996
1982,0.0
1983,0.0
1984,0.0
1985,0.0
1986,0.0
1987,0.0
1988,0.0
1989,0.0
1990,0.0
1991,0.0
1992,0.18831605974564336
1993,0.17084961776202431
1994,0.18419308028103548
1995,0.0
1996,0.0
1997,0.24956990448990862
1998,0.0
1999,0.0
2000,0.0
2001,0.0
2002,0.0
2003,0.1678850317507979
2004,0.24356728192582866
2005,0.0
2006,0.0
2007,0.0
2008,0.0
2009,0.15669870066816421
2010,0.0
2011,0.0
2012,0.10605537340253147
2013,0.0
2014,0.0
2015,0.0
2016,0.0
2017,0.0
2018,0.0
2019,0.0
2020,0.17440834245298248
2021,0.2818988103253201
2022,0.0
2023,0.0
2024,0.185088867179981
2025,0.0
2026,0.0
2027,0.0
2028,0.16083274850507484
2029,0.0
2030,0.0
2031,0.23293072781450994
2032,0.10824219431056739
2033,0.1604977644556054
2034,0.0
2035,0.13091636967113396
2036,0.20828441693602343
2037,0.16364440925713794
2038,0.0
2039,0.0
2040,0.0
2041,0.22369409993482398
2042,0.26059298157566935
2043,0.0
2044,0.0
2045,0.0
2046,0.0
2047,0.0
2048,0.0
2049,0.0
2050,0.0
2051,0.0
2052,0.0
2053,0.0
2054,0.0
2055,0.0
2056,0.16302154980254532
2057,0.32861491026943984
2058,0.0
2059,0.0
2060,0.0
2061,0.17458888580555718
2062,0.0
2063,0.0
2064,0.1678850317507979
2065,0.0
2066,0.30260309023903775
2067,0.15161507409082922
2068,0.25731574692799875
2069,0.30869095701191596
2070,0.0
2071,0.0
2072,0.0
2073,0.0
2074,0.0
2075,0.0
2076,0.10696737996810077
2077,0.20320256604879347
2078,0.3501437227261618
2079,0.0
2080,0.16364440925713794
2081,0.0
2082,0.16364440925713794
2083,0.0
2084,0.0
2085,0.12688358920281706
2086,0.0
2087,0.0
2088,0.0
2089,0.0
2090,0.2831973394736776
2091,0.0
2092,0.0
2093,0.0
2094,0.10824219431056739
2095,0.3212134218185356
2096,0.05983576493880696
2097,0.0
2098,0.0
2099,0.28151437863762996
2100,0.053254327730886744
2101,0.0
2102,0.0
2103,0.24602859677056277
2104,0.17084961776202431
2105,0.1076280210674964
2106,0.0
2107,0.16193084741907643
2108,0.2984161575847628
2109,0.12310283613529417
2110,0.0
2111,0.12688358920281706
2112,0.08866969155347358
2113,0.14507123038311817
2114,0.0
2115,0.1936294332178381
2116,0.0
2117,0.0
2118,0.0
2119,0.0
2120,0.0
2121,0.0
2122,0.0
2123,0.0
2124,0.06338331485977905
2125,0.0
2126,0.0
2127,0.0
2128,0.1686845736191979
2129,0.0
2130,0.0
2131,0.07488941931773849
2132,0.0
2133,0.0
2134,0.0
2135,0.1591713964896059
2136,0.0
2137,0.0
2138,0.0
2139,0.053254327730886744
2140,0.0
2141,0.0
2142,0.17688950282704463
2143,0.0
2144,0.0
2145,0.0
2146,0.0
2147,0.0
2148,0.0
2149,0.08866969155347358
2150,0.0
2151,0.0
2152,0.0
2153,0.0
2154,0.1391832672381971
2155,0.1491403209994674
2156,0.0
2157,0.0
2158,0.0
2159,0.29516529015581006
2160,0.0
2161,0.0
2162,0.0
2163,0.1935141492021724
2164,0.0
2165,0.12334252844651906
2166,0.0
2167,0.0
2168,0.0
2169,0.0
2170,0.0
2171,0.0
2172,0.0
2173,0.0
2174,0.20373481963551102
2175,0.0
2176,0.12688358920281706
2177,0.0
2178,0.0
2179,0.0
2180,0.0
2181,0.0
2182,0.0
2183,0.1686845736191979
2184,0.0
2185,0.061105675016998644
2186,0.24602859677056277
2187,0.1642569154763669
2188,0.0
2189,0.25731574692799875
2190,0.0
2191,0.09417615188598835
2192,0.0
2193,0.0
2194,0.0
2195,0.0
2196,0.0
2197,0.0
2198,0.0
2199,0.0
2200,0.08866969155347358
2201,0.0
2202,0.19481558374183994
2203,0.15161507409082922
2204,0.20544154379929216
2205,0.0
2206,0.0783836891680611
2207,0.06338331485977905
2208,0.0
2209,0.16995987895115094
2210,0.1409545273303712
2211,0.0
2212,0.0
2213,0.0
2214,0.16667655895230085
2215,0.0
2216,0.053254327730886744
2217,0.0
2218,0.0
2219,0.0
2220,0.053254327730886744
2221,0.0
2222,0.1872465090642262
2223,0.0
2224,0.0
2225,0.0
2226,0.0
2227,0.16842367747335887
2228,0.0
2229,0.0
2230,0.17688950282704463
2231,0.15035441640800562
2232,0.25069559494167815
2233,0.0
2234,0.0
2235,0.0
2236,0.0
2237,0.0
2238,0.0
2239,0.1936294332178381
2240,0.1052540032097223
2241,0.16617570113799104
2242,0.05940642934892269
2243,0.0
2244,0.0
2245,0.15327268647349032
2246,0.14931185574376798
2247,0.0
2248,0.0
2249,0.0
2250,0.1936294332178381
2251,0.0
2252,0.0
2253,0.12121697077612721
2254,0.0
2255,0.0
2256,0.0
2257,0.20818355423029902
2258,0.0
2259,0.0
2260,0.17440834245298248
2261,0.0
2262,0.0
2263,0.0
2264,0.14507123038311817
2265,0.0
2266,0.0
2267,0.0
2268,0.0
2269,0.0
2270,0.1391832672381971
2271,0.0
2272,0.20237723895650866
2273,0.1642569154763669
2274,0.24446834568495582
2275,0.0
2276,0.0
2277,0.0
2278,0.0
2279,0.16302154980254532
2280,0.0
2281,0.15035441640800562
2282,0.0
2283,0.0
2284,0.0
2285,0.0
2286,0.0
2287,0.13091636967113396
2288,0.0
2289,0.0
2290,0.0
2291,0.0
2292,0.0
2293,0.1678850317507979
2294,0.0
2295,0.0
2296,0.0
2297,0.0
2298,0.0
2299,0.0
2300,0.0
2301,0.26059298157566935
2302,0.0
2303,0.12310283613529417
2304,0.16193084741907643
2305,0.0
2306,0.0
2307,0.0
2308,0.24078662894545166
2309,0.2669825658758503
2310,0.1441453193272267
2311,0.0
2312,0.0
2313,0.0
2314,0.1828016803406914
2315,0.15035441640800562
2316,0.15161507409082922
2317,0.0
2318,0.0
2319,0.0
2320,0.0
2321,0.12310283613529417
2322,0.15669870066816421
2323,0.0
2324,0.06037085874527424
2325,0.0
2326,0.05940642934892269
2327,0.1591713964896059
2328,0.0
2329,0.0
2330,0.22369409993482398
2331,0.0
2332,0.0
2333,0.0
2334,0.0
2335,0.0
2336,0.1828016803406914
2337,0.0
2338,0.19035440682075347
2339,0.0
2340,0.20818355423029902
2341,0.0
2342,0.0
2343,0.200461180804922
2344,0.0
2345,0.16367248245359362
2346,0.29532534975380487
2347,0.0
2348,0.0
2349,0.1824134967421954
2350,0.1717806031197266
2351,0.19009562969998933
2352,0.05940642934892269
2353,0.0
2354,0.0
2355,0.26059298157566935
2356,0.1723641993247719
2357,0.0
2358,0.0
2359,0.0
2360,0.0
2361,0.20373481963551102
2362,0.23293072781450994
2363,0.0
2364,0.0
2365,0.0
2366,0.19637260481481347
2367,0.1591713964896059
2368,0.1237409838680208
2369,0.19035440682075347
2370,0.19671656517034172
2371,0.0
2372,0.0
2373,0.08137457809792756
2374,0.0
2375,0.0
2376,0.0
2377,0.10824219431056739
2378,0.09932511991592323
2379,0.0
2380,0.09932511991592323
2381,0.0
2382,0.19728295503291782
2383,0.26437376880056207
2384,0.19812950398079218
2385,0.0
2386,0.298075051164233
2387,0.2111418586910996
2388,0.1642569154763669
2389,0.0
2390,0.0
2391,0.0
2392,0.23397378490895523
2393,0.0
2394,0.0
2395,0.0
2396,0.0
2397,0.22292403529698698
2398,0.0
2399,0.0
2400,0.21284777845226868
2401,0.0
2402,0.17440834245298248
2403,0.0
2404,0.0
2405,0.1475608516721421
2406,0.2954919863080091
2407,0.09932511991592323
2408,0.18118600698042048
2409,0.0
2410,0.0
2411,0.0
2412,0.17688950282704463
2413,0.15097736662188338
2414,0.05983576493880696
2415,0.07488941931773849
2416,0.0
2417,0.32970761817301697
2418,0.0
2419,0.0
2420,0.0
2421,0.0
2422,0.0
2423,0.17458888580555718
2424,0.0
2425,0.0
2426,0.19637260481481347
2427,0.15661071577921537
2428,0.0
2429,0.0
2430,0.13431646963676921
2431,0.0
2432,0.0783836891680611
2433,0.03273786481208823
2434,0.32368654737277625
2435,0.053254327730886744
2436,0.0
2437,0.0
2438,0.0
2439,0.0
2440,0.18118600698042048
2441,0.1985266308880182
2442,0.0
2443,0.0
2444,0.0
2445,0.0
2446,0.16842367747335887
2447,0.0
2448,0.0
2449,0.15161507409082922
2450,0.13091636967113396
2451,0.0783836891680611
2452,0.0
2453,0.0
2454,0.16083274850507484
2455,0.2888356157191453
2456,0.0
2457,0.0
2458,0.0
2459,0.05940642934892269
2460,0.0
2461,0.029175946235774297
2462,0.0
2463,0.13431646963676921
2464,0.0
2465,0.0
2466,0.05983576493880696
2467,0.0
2468,0.13091636967113396
2469,0.0
2470,0.0
2471,0.0
2472,0.14507123038311817
2473,0.0
2474,0.2514563066847563
2475,0.0
2476,0.0
2477,0.17260393011605457
2478,0.0
2479,0.1686845736191979
2480,0.0
2481,0.0
2482,0.3327591567339009
2483,0.0
2484,0.08866969155347358
2485,0.05983576493880696
2486,0.0
2487,0.24181480015653214
2488,0.13560522452636428
2489,0.15327268647349032
2490,0.18284117131430494
2491,0.19671656517034172
2492,0.0
2493,0.16367248245359362
2494,0.11610610775829489
2495,0.0
2496,0.22601178368601046
2497,0.05940642934892269
2498,0.0
2499,0.1824134967421954
2500,0.18126206337709413
2501,0.0
2502,0.0
2503,0.0
2504,0.19671656517034172
2505,0.0
2506,0.0
2507,0.061105675016998644
2508,0.0
2509,0.0
2510,0.0
2511,0.221879321213307
2512,0.0
2513,0.0
2514,0.0
2515,0.0
2516,0.0
2517,0.33755313952226795
2518,0.1935141492021724
2519,0.0
2520,0.17084961776202431
2521,0.0
2522,0.12121697077612721
2523,0.0
2524,0.0
2525,0.053254327730886744
2526,0.0
2527,0.15661071577921537
2528,0.0
2529,0.07488941931773849
2530,0.1441453193272267
2531,0.0
2532,0.0
2533,0.21284777845226868
2534,0.18843104079409193
2535,0.0
2536,0.41461460478290846
2537,0.0
2538,0.0
2539,0.0
2540,0.200461180804922
2541,0.0
2542,0.22920400174735728
2543,0.053254327730886744
2544,0.0
2545,0.0
2546,0.20320256604879347
2547,0.12310283613529417
2548,0.15661071577921537
2549,0.0
2550,0.14165127004379177
2551,0.06037085874527424
2552,0.0
2553,0.06037085874527424
2554,0.20887914397156487
2555,0.39036930283602095
2556,0.16667655895230085
2557,0.05983576493880696
2558,0.0
2559,0.17458888580555718
2560,0.0
2561,0.0
2562,0.0
2563,0.16617570113799104
2564,0.2935062299228296
2565,0.0
2566,0.25865141788212165
2567,0.0
2568,0.20818355423029902
2569,0.0
2570,0.24013700341923655
2571,0.22369409993482398
2572,0.0
2573,0.0783836891680611
2574,0.0
2575,0.0
2576,0.0
2577,0.0
2578,0.23397378490895523
2579,0.0
2580,0.06338331485977905
2581,0.0
2582,0.209625659340735
2583,0.18284117131430494
2584,0.3345453318945085
2585,0.17084961776202431
2586,0.09932511991592323
2587,0.0
2588,0.0
2589,0.0
2590,0.20887914397156487
2591,0.0
2592,0.0
2593,0.0
2594,0.0
2595,0.0
2596,0.23023258433423496
2597,0.0
2598,0.0
2599,0.0
2600,0.0
2601,0.0
2602,0.0
2603,0.0
2604,0.1997132735798137
2605,0.0
2606,0.0
2607,0.0
2608,0.0
2609,0.19671656517034172
2610,0.0
2611,0.0
2612,0.21189589002687026
2613,0.28151437863762996
2614,0.0
2615,0.17535412127392233
2616,0.1441453193272267
2617,0.05940642934892269
2618,0.1935141492021724
2619,0.0
2620,0.1935141492021724
2621,0.0
2622,0.0
2623,0.0
2624,0.0
2625,0.0
2626,0.32280328485448384
2627,0.12121697077612721
2628,0.2415758283377919
2629,0.0
2630,0.0
2631,0.0
2632,0.17084961776202431
2633,0.0
2634,0.0
2635,0.0
2636,0.0
2637,0.0
2638,0.0
2639,0.0
2640,0.0
2641,0.0
2642,0.0
2643,0.18890068901892998
2644,0.0
2645,0.0
2646,0.0
2647,0.0
2648,0.0
2649,0.0
2650,0.2654317395216173
2651,0.0
2652,0.0
2653,0.0
2654,0.2669825658758503
2655,0.06338331485977905
2656,0.0
2657,0.0
2658,0.0
2659,0.0
2660,0.0
2661,0.185088867179981
2662,0.07488941931773849
2663,0.22842090533100767
2664,0.25773627509571456
2665,0.05983576493880696
2666,0.0
2667,0.0
2668,0.0
2669,0.0
2670,0.20231236502905026
2671,0.0
2672,0.06912890075044746
2673,0.1491403209994674
2674,0.0
2675,0.0
2676,0.0
2677,0.0
2678,0.0
2679,0.0
2680,0.0
2681,0.0
2682,0.0
2683,0.1591713964896059
2684,0.0
2685,0.0
2686,0.0
2687,0.0
2688,0.0
2689,0.0
2690,0.0
2691,0.0
2692,0.0
2693,0.0
2694,0.0
2695,0.22141737400390096
2696,0.0
2697,0.0
2698,0.0
2699,0.0
2700,0.1591713964896059
2701,0.29631047341644223
2702,0.2677411282445039
2703,0.18419308028103548
2704,0.0
2705,0.22141737400390096
2706,0.0
2707,0.0
2708,0.0
2709,0.0
2710,0.0
2711,0.0
2712,0.0
2713,0.0
2714,0.19671656517034172
2715,0.0
2716,0.053254327730886744
2717,0.0
2718,0.22369409993482398
2719,0.0
2720,0.0
2721,0.0
2722,0.3340918251859314
2723,0.0
2724,0.0
2725,0.21289711091340754
2726,0.0
2727,0.0
2728,0.0
2729,0.0
2730,0.0
2731,0.3121542783457001
2732,0.15327268647349032
2733,0.0
2734,0.0
2735,0.1686845736191979
2736,0.12121697077612721
2737,0.1824134967421954
2738,0.14931185574376798
2739,0.0
2740,0.22141737400390096
2741,0.0
2742,0.0
2743,0.0
2744,0.1948829532634549
2745,0.0
2746,0.21293102035044686
2747,0.0
2748,0.0
2749,0.16193084741907643
2750,0.17440834245298248
2751,0.06037085874527424
2752,0.0
2753,0.26365779876961465
2754,0.0
2755,0.18616376278683447
2756,0.0
2757,0.0
2758,0.03273786481208823
2759,0.0
2760,0.0
2761,0.0
2762,0.0
2763,0.2344781786451163
2764,0.0
2765,0.14947002078299718
2766,0.12391589835548054
2767,0.0
2768,0.0
2769,0.0
2770,0.0
2771,0.0
2772,0.13431646963676921
2773,0.0
2774,0.2693542041365601
2775,0.20544154379929216
2776,0.0
2777,0.0
2778,0.14507123038311817
2779,0.0
2780,0.0
2781,0.1678850317507979
2782,0.0
2783,0.1828016803406914
2784,0.0
2785,0.0
2786,0.18843104079409193
2787,0.2603283879553544
2788,0.0
2789,0.392296410431165
2790,0.3175451311991592
2791,0.0
2792,0.0
2793,0.0
2794,0.0
2795,0.0
2796,0.2783561597657126
2797,0.13091636967113396
2798,0.0
2799,0.0
2800,0.05940642934892269
2801,0.0
2802,0.0
2803,0.0
2804,0.2874210018305579
2805,0.0
2806,0.1407728093670959
2807,0.0
2808,0.17870206238008685
2809,0.20887914397156487
2810,0.0
2811,0.0
2812,0.19495366620532859
2813,0.2871308423659929
2814,0.029175946235774297
2815,0.09932511991592323
2816,0.12391589835548054
2817,0.0
2818,0.3212134218185356
2819,0.0
2820,0.12121697077612721
2821,0.20544154379929216
2822,0.0
2823,0.0
2824,0.0
2825,0.0
2826,0.1948829532634549
2827,0.1678850317507979
2828,0.0
2829,0.0
2830,0.0
2831,0.0
2832,0.0
2833,0.2621398848135672
2834,0.11039164697106156
2835,0.17688950282704463
2836,0.0
2837,0.0
2838,0.0
2839,0.0
2840,0.16302154980254532
2841,0.0
2842,0.21736063488764926
2843,0.08137457809792756
2844,0.0
2845,0.24356728192582866
2846,0.12334252844651906
2847,0.0
2848,0.08137457809792756
2849,0.1237409838680208
2850,0.22842090533100767
2851,0.0
2852,0.18126206337709413
2853,0.0
2854,0.1076280210674964
2855,0.0
2856,0.20613046597232376
2857,0.30869095701191596
2858,0.0
2859,0.20887914397156487
2860,0.0
2861,0.0
2862,0.0
2863,0.17260393011605457
2864,0.0
2865,0.0
2866,0.0
2867,0.029175946235774297
2868,0.16367248245359362
2869,0.0
2870,0.0
2871,0.0
2872,0.0
2873,0.0
2874,0.0
2875,0.0
2876,0.0
2877,0.0
2878,0.1475608516721421
2879,0.0
2880,0.0
2881,0.21289711091340754
2882,0.0
2883,0.0
2884,0.32355877590859805
2885,0.0
2886,0.0
2887,0.17870206238008685
2888,0.0
2889,0.0
2890,0.0
2891,0.17084961776202431
2892,0.0
2893,0.0
2894,0.0
2895,0.15669870066816421
2896,0.32153814718983004
2897,0.20231236502905026
2898,0.0
2899,0.0
2900,0.24602859677056277
2901,0.37989870229333406
2902,0.0
2903,0.0
2904,0.0
2905,0.0
2906,0.0
2907,0.27437341382338604
2908,0.0
2909,0.0
2910,0.0
2911,0.28800728059345526
2912,0.19009562969998933
2913,0.0
2914,0.0
2915,0.0
2916,0.24078662894545166
2917,0.0
2918,0.0
2919,0.0
2920,0.0
2921,0.0
2922,0.17458888580555718
2923,0.1409545273303712
2924,0.0
2925,0.0
2926,0.0
2927,0.20373481963551102
2928,0.06037085874527424
2929,0.0
2930,0.0
2931,0.30853357656191616
2932,0.0
2933,0.0
2934,0.0
2935,0.14165127004379177
2936,0.2920872713873876
2937,0.0
2938,0.32153814718983004
2939,0.0
2940,0.0
2941,0.17535412127392233
2942,0.0
2943,0.0
2944,0.24602859677056277
2945,0.20373481963551102
2946,0.061105675016998644
2947,0.06037085874527424
2948,0.3327591567339009
2949,0.16367248245359362
2950,0.0
2951,0.0
2952,0.0
2953,0.10605537340253147
2954,0.0
2955,0.23293072781450994
2956,0.0
2957,0.0
2958,0.0
2959,0.0
2960,0.04048271185476901
2961,0.24446834568495582
2962,0.0
2963,0.0
2964,0.0
2965,0.06037085874527424
2966,0.16667655895230085
2967,0.0
2968,0.22769853919576458
2969,0.0
2970,0.0
2971,0.0
2972,0.12391589835548054
2973,0.0
2974,0.0
2975,0.0
2976,0.0
2977,0.28800728059345526
2978,0.2776360588402201
2979,0.0
2980,0.0
2981,0.32666775839743234
2982,0.0
2983,0.14165127004379177
2984,0.0
2985,0.0
2986,0.0
2987,0.0
2988,0.0
2989,0.0
2990,0.0
2991,0.23293072781450994
2992,0.0
2993,0.1985266308880182
2994,0.061105675016998644
2995,0.10696737996810077
2996,0.0
2997,0.2415758283377919
2998,0.22141737400390096
2999,0.0
3000,0.0
3001,0.05983576493880696
3002,0.2515841727759676
3003,0.0
3004,0.0
3005,0.0
3006,0.15775069166771835
3007,0.13091636967113396
3008,0.0
3009,0.0
3010,0.0783836891680611
3011,0.0
3012,0.0
3013,0.09137462593418844
3014,0.053254327730886744
3015,0.11610610775829489
3016,0.0
3017,0.053254327730886744
3018,0.1076280210674964
3019,0.20604447667081727
3020,0.0
3021,0.0
3022,0.25298902881290136
3023,0.20604447667081727
3024,0.12310283613529417
3025,0.2677411282445039
3026,0.17440834245298248
3027,0.0
3028,0.0
3029,0.0
3030,0.0
3031,0.0
3032,0.21262564073418433
3033,0.0
3034,0.06037085874527424
3035,0.25884166538151726
3036,0.2003039587229232
3037,0.0
3038,0.0
3039,0.0
3040,0.28669848654970287
3041,0.0
3042,0.0
3043,0.0
3044,0.0
3045,0.0
3046,0.0
3047,0.0
3048,0.21786733934315106
3049,0.0
3050,0.08232880476775908
3051,0.31704867875477083
3052,0.0
3053,0.0
3054,0.0
3055,0.1872465090642262
3056,0.20828441693602343
3057,0.0
3058,0.09932511991592323
3059,0.24820916397987713
3060,0.12334252844651906
3061,0.0
3062,0.24356728192582866
3063,0.0
3064,0.0
3065,0.0
3066,0.0
3067,0.06037085874527424
3068,0.0
3069,0.15661071577921537
3070,0.20544154379929216
3071,0.0
3072,0.0
3073,0.0
3074,0.0
3075,0.0
3076,0.21293102035044686
3077,0.15035441640800562
3078,0.0
3079,0.0
3080,0.0
3081,0.08866969155347358
3082,0.0
3083,0.0
3084,0.1604977644556054
3085,0.22321532618293102
3086,0.25069559494167815
3087,0.2677411282445039
3088,0.0
3089,0.0
3090,0.0
3091,0.15669870066816421
3092,0.0
3093,0.0
3094,0.09932511991592323
3095,0.0
3096,0.0
3097,0.18114615517118302
3098,0.0
3099,0.09137462593418844
3100,0.28866968410834815
3101,0.16302154980254532
3102,0.27437341382338604
3103,0.21222706251028473
3104,0.0
3105,0.1686845736191979
3106,0.1409545273303712
3107,0.0
3108,0.0
3109,0.29631047341644223
3110,0.20818355423029902
3111,0.0783836891680611
3112,0.0
3113,0.06338331485977905
3114,0.0
3115,0.2269970066611847
3116,0.0
3117,0.0
3118,0.0
3119,0.0
3120,0.0
3121,0.14931185574376798
3122,0.0
3123,0.0
3124,0.0
3125,0.0
3126,0.22369409993482398
3127,0.05940642934892269
3128,0.0
3129,0.0
3130,0.221879321213307
3131,0.14947002078299718
3132,0.14154002169070307
3133,0.0
3134,0.18284117131430494
3135,0.1642569154763669
3136,0.0
3137,0.0
3138,0.0
3139,0.0
3140,0.0
3141,0.28675342500954487
3142,0.16910427528231217
3143,0.0
3144,0.3175451311991592
3145,0.0
3146,0.0
3147,0.0
3148,0.07488941931773849
3149,0.28345911006287633
3150,0.20818355423029902
3151,0.15327268647349032
3152,0.0
3153,0.0
3154,0.0
3155,0.1409545273303712
3156,0.1948829532634549
3157,0.0
3158,0.0
3159,0.0
3160,0.0
3161,0.0
3162,0.18284117131430494
3163,0.0
3164,0.0
3165,0.23770580469066033
3166,0.0
3167,0.0
3168,0.0
3169,0.0
3170,0.0
3171,0.12310283613529417
3172,0.0
3173,0.1591713964896059
3174,0.06037085874527424
3175,0.0
3176,0.0
3177,0.1491403209994674
3178,0.27734986146392226
3179,0.19035440682075347
3180,0.0
3181,0.0
3182,0.06037085874527424
3183,0.0
3184,0.1591713964896059
3185,0.0
3186,0.19637260481481347
3187,0.0
3188,0.11039164697106156
3189,0.0
3190,0.07488941931773849
3191,0.0
3192,0.0
3193,0.3553628041554637
3194,0.0
3195,0.21786733934315106
3196,0.0
3197,0.0
3198,0.20422712438020305
3199,0.0
3200,0.05983576493880696
3201,0.0
3202,0.0
3203,0.0
3204,0.2415758283377919
3205,0.22601178368601046
3206,0.0
3207,0.0
3208,0.0
3209,0.0
3210,0.0
3211,0.20828441693602343
3212,0.0
3213,0.08137457809792756
3214,0.0
3215,0.0
3216,0.0
3217,0.0
3218,0.0
3219,0.0
3220,0.0
3221,0.22842090533100767
3222,0.0
3223,0.20231236502905026
3224,0.0
3225,0.0
3226,0.0
3227,0.0
3228,0.0
3229,0.06912890075044746
3230,0.0
3231,0.0
3232,0.0
3233,0.29503851472533044
3234,0.0
3235,0.0
3236,0.24451129848158087
3237,0.16364440925713794
3238,0.20887914397156487
3239,0.12121697077612721
3240,0.0
3241,0.20960374095572257
3242,0.0
3243,0.20887914397156487
3244,0.19009562969998933
3245,0.0
3246,0.0
3247,0.0
3248,0.25198821990811754
3249,0.17440834245298248
3250,0.0
3251,0.0
3252,0.1604977644556054
3253,0.04048271185476901
3254,0.0
3255,0.0
3256,0.23293072781450994
3257,0.0
3258,0.03273786481208823
3259,0.2853491902072512
3260,0.0
3261,0.0
3262,0.0
3263,0.0
3264,0.21473584066345003
3265,0.0
3266,0.27842217405431613
3267,0.1407728093670959
3268,0.0
3269,0.0
3270,0.09417615188598835
3271,0.2514563066847563
3272,0.0
3273,0.16995987895115094
3274,0.19375819888687096
3275,0.0
3276,0.0
3277,0.0
3278,0.20544154379929216
3279,0.0
3280,0.0
3281,0.0
3282,0.162695106852587
3283,0.29503851472533044
3284,0.0
3285,0.0
3286,0.06912890075044746
3287,0.06037085874527424
3288,0.0
3289,0.061105675016998644
3290,0.0
3291,0.0
3292,0.0
3293,0.18114615517118302
3294,0.16193084741907643
3295,0.15035441640800562
3296,0.029175946235774297
3297,0.1678850317507979
3298,0.0
3299,0.0
3300,0.0
3301,0.0
3302,0.0
3303,0.3150321293381958
3304,0.0
3305,0.0
3306,0.0
3307,0.0
3308,0.40494189012477977
3309,0.0
3310,0.15035441640800562
3311,0.15661071577921537
3312,0.11039164697106156
3313,0.08137457809792756
3314,0.0
3315,0.0
3316,0.0
3317,0.24446834568495582
3318,0.029175946235774297
3319,0.0
3320,0.0
3321,0.0
3322,0.0
3323,0.0
3324,0.25069559494167815
3325,0.0
3326,0.0
3327,0.0
3328,0.03273786481208823
3329,0.0
3330,0.15661071577921537
3331,0.0
3332,0.12121697077612721
3333,0.0
3334,0.0
3335,0.24356728192582866
3336,0.0
3337,0.0
3338,0.0
3339,0.0
3340,0.0
3341,0.0
3342,0.24446834568495582
3343,0.0
3344,0.0
3345,0.0
3346,0.0
3347,0.16302154980254532
3348,0.0
3349,0.18890068901892998
3350,0.061105675016998644
3351,0.0
3352,0.20422712438020305
3353,0.1491403209994674
3354,0.15327268647349032
3355,0.061105675016998644
3356,0.0
3357,0.0
3358,0.20887914397156487
3359,0.16193084741907643
3360,0.13475554212625052
3361,0.0
3362,0.12310283613529417
3363,0.16302154980254532
3364,0.0
3365,0.0
3366,0.25887462739728906
3367,0.0
3368,0.29631047341644223
3369,0.0
3370,0.16364440925713794
3371,0.0
3372,0.27617596565370595
3373,0.0
3374,0.0
3375,0.0
3376,0.0
3377,0.28469519900230483
3378,0.0
3379,0.0
3380,0.0
3381,0.15161507409082922
3382,0.1441453193272267
3383,0.0
3384,0.27703020138059875
3385,0.2934615020739531
3386,0.2933586021412579
3387,0.0
3388,0.0
3389,0.0
3390,0.0
3391,0.0
3392,0.0
3393,0.0
3394,0.0
3395,0.17688950282704463
3396,0.1936294332178381
3397,0.0
3398,0.0
3399,0.0
3400,0.0
3401,0.0783836891680611
3402,0.0
3403,0.0
3404,0.19375819888687096
3405,0.0
3406,0.33755313952226795
3407,0.25743305414484324
3408,0.0
3409,0.0
3410,0.0
3411,0.0
3412,0.16995987895115094
3413,0.1475608516721421
3414,0.0
3415,0.0
3416,0.20828441693602343
3417,0.0
3418,0.19916038685005538
3419,0.0
3420,0.0
3421,0.0
3422,0.0
3423,0.0
3424,0.0
3425,0.1591713964896059
3426,0.21736063488764926
3427,0.0
3428,0.053254327730886744
3429,0.0
3430,0.0
3431,0.0
3432,0.0
3433,0.0
3434,0.0
3435,0.25086048075733275
3436,0.0
3437,0.0
3438,0.06912890075044746
3439,0.24049205836627782
3440,0.3369848905555897
3441,0.0
3442,0.0
3443,0.18616376278683447
3444,0.0
3445,0.1391832672381971
3446,0.1686845736191979
3447,0.17870206238008685
3448,0.0
3449,0.0
3450,0.0
3451,0.2197570758333969
3452,0.16910427528231217
3453,0.15035441640800562
3454,0.0
3455,0.1678850317507979
3456,0.0
3457,0.0
3458,0.1441453193272267
3459,0.08224106335816148
3460,0.0
3461,0.15669870066816421
3462,0.20237723895650866
3463,0.0
3464,0.0
3465,0.0
3466,0.0
3467,0.12310283613529417
3468,0.0
3469,0.0
3470,0.0
3471,0.0
3472,0.0
3473,0.0
3474,0.0
3475,0.0
3476,0.04048271185476901
3477,0.20231236502905026
3478,0.14931185574376798
3479,0.0
3480,0.0
3481,0.1717806031197266
3482,0.0
3483,0.0
3484,0.12688358920281706
3485,0.20828441693602343
3486,0.0
3487,0.0
3488,0.07488941931773849
3489,0.13475554212625052
3490,0.0
3491,0.0
3492,0.0
3493,0.17688950282704463
3494,0.029175946235774297
3495,0.2976100779446696
3496,0.1604977644556054
3497,0.0
3498,0.12310283613529417
3499,0.0
3500,0.0
3501,0.0
3502,0.0
3503,0.1491403209994674
3504,0.0
3505,0.0
3506,0.0
3507,0.0
3508,0.20623233279092462
3509,0.0
3510,0.1678850317507979
3511,0.24451129848158087
3512,0.14773866303115152
3513,0.0
3514,0.0
3515,0.1681545702911706
3516,0.0
3517,0.12310283613529417
3518,0.13091636967113396
3519,0.0
3520,0.17458888580555718
3521,0.0
3522,0.0
3523,0.0
3524,0.0
3525,0.0
3526,0.20169827613475827
3527,0.18890068901892998
3528,0.1824134967421954
3529,0.0
3530,0.17535412127392233
3531,0.26594804116104764
3532,0.0
3533,0.0
3534,0.0
3535,0.0
3536,0.29516529015581006
3537,0.0
3538,0.0
3539,0.0
3540,0.19179026226566903
3541,0.0
3542,0.0
3543,0.0
3544,0.0
3545,0.0
3546,0.0
3547,0.0
3548,0.0
3549,0.27546922698402637
3550,0.31169977928480147
3551,0.18831605974564336
3552,0.0
3553,0.0
3554,0.19179026226566903
3555,0.0
3556,0.16367248245359362
3557,0.18284117131430494
3558,0.1828016803406914
3559,0.29629718276600686
3560,0.08866969155347358
3561,0.0
3562,0.21289711091340754
3563,0.17260393011605457
3564,0.18114615517118302
3565,0.05940642934892269
3566,0.0
3567,0.15035441640800562
3568,0.1824134967421954
3569,0.0
3570,0.0
3571,0.0
3572,0.0
3573,0.13431646963676921
3574,0.15161507409082922
3575,0.13560522452636428
3576,0.2269970066611847
3577,0.0
3578,0.28038601251281825
3579,0.0
3580,0.0
3581,0.0
3582,0.0
3583,0.0
3584,0.053254327730886744
3585,0.1642569154763669
3586,0.0
3587,0.0
3588,0.0
3589,0.0
3590,0.0
3591,0.23544191296355893
3592,0.0783836891680611
3593,0.0
3594,0.3134342586761924
3595,0.0
3596,0.14507123038311817
3597,0.200461180804922
3598,0.0
3599,0.0
3600,0.0
3601,0.20320256604879347
3602,0.0
3603,0.0
3604,0.07488941931773849
3605,0.0
3606,0.0
3607,0.0
3608,0.0
3609,0.0
3610,0.0
3611,0.0
3612,0.0
3613,0.0
3614,0.0
3615,0.0
3616,0.0
3617,0.0
3618,0.23397378490895523
3619,0.0
3620,0.0
3621,0.0
3622,0.0
3623,0.0
3624,0.10696737996810077
3625,0.0
3626,0.0
3627,0.0783836891680611
3628,0.0
3629,0.0
3630,0.0
3631,0.0
3632,0.12334252844651906
3633,0.0
3634,0.0
3635,0.0
3636,0.0
3637,0.14165127004379177
3638,0.0
3639,0.0
3640,0.2805778975779953
3641,0.13091636967113396
3642,0.19812950398079218
3643,0.0
3644,0.0
3645,0.12391589835548054
3646,0.0
3647,0.13475554212625052
3648,0.0
3649,0.21293102035044686
3650,0.0
3651,0.0
3652,0.0
3653,0.0
3654,0.0
3655,0.16667655895230085
3656,0.1409545273303712
3657,0.04048271185476901
3658,0.0
3659,0.20544154379929216
3660,0.1591713964896059
3661,0.0
3662,0.0
3663,0.16083274850507484
3664,0.18843104079409193
3665,0.0
3666,0.0
3667,0.0
3668,0.0
3669,0.0
3670,0.0
3671,0.0
3672,0.0
3673,0.0
3674,0.0
3675,0.31704867875477083
3676,0.30460280474377704
3677,0.0
3678,0.200461180804922
3679,0.1686845736191979
3680,0.0
3681,0.0
3682,0.08866969155347358
3683,0.20373481963551102
3684,0.0
3685,0.19728295503291782
3686,0.10696737996810077
3687,0.0
3688,0.31388624626642236
3689,0.0
3690,0.0
3691,0.061105675016998644
3692,0.2302525390101591
3693,0.0
3694,0.0
3695,0.209625659340735
3696,0.2783561597657126
3697,0.0
3698,0.0
3699,0.08224106335816148
3700,0.15327268647349032
3701,0.08232880476775908
3702,0.0
3703,0.13431646963676921
3704,0.0
3705,0.0
3706,0.0
3707,0.1935141492021724
3708,0.0
3709,0.0
3710,0.0
3711,0.19009562969998933
3712,0.0
3713,0.0
3714,0.0
3715,0.0
3716,0.0
3717,0.0
3718,0.0
3719,0.0
3720,0.221879321213307
3721,0.0
3722,0.13475554212625052
3723,0.13560522452636428
3724,0.0
3725,0.09137462593418844
3726,0.0
3727,0.0
3728,0.0
3729,0.0
3730,0.0
3731,0.053254327730886744
3732,0.0
3733,0.0
3734,0.17870206238008685
3735,0.0
3736,0.0
3737,0.25887462739728906
3738,0.0
3739,0.1642569154763669
3740,0.0
3741,0.0783836891680611
3742,0.0
3743,0.26437376880056207
3744,0.11610610775829489
3745,0.0
3746,0.1409545273303712
3747,0.18725702450733642
3748,0.0
3749,0.2673068753102558
3750,0.20237723895650866
3751,0.0
3752,0.0
3753,0.08137457809792756
3754,0.17084961776202431
3755,0.053254327730886744
3756,0.24013700341923655
3757,0.17535412127392233
3758,0.0
3759,0.0
3760,0.0
3761,0.0
3762,0.0
3763,0.22769853919576458
3764,0.0
3765,0.0
3766,0.0
3767,0.0
3768,0.0
3769,0.0
3770,0.0
3771,0.0
3772,0.19035440682075347
3773,0.19812950398079218
3774,0.26881514606083085
3775,0.3382504660504656
3776,0.0
3777,0.05940642934892269
3778,0.0
3779,0.0
3780,0.0
3781,0.0
3782,0.0
3783,0.0
3784,0.0
3785,0.2976585924824708
3786,0.0
3787,0.0
3788,0.1591713964896059
3789,0.1723641993247719
3790,0.0
3791,0.1642569154763669
3792,0.0
3793,0.0
3794,0.0
3795,0.185088867179981
3796,0.2765488317933238
3797,0.0
3798,0.22769853919576458
3799,0.0
3800,0.0
3801,0.0
3802,0.0
3803,0.16910427528231217
3804,0.0
3805,0.14165127004379177
3806,0.0
3807,0.0
3808,0.0
3809,0.2776360588402201
3810,0.17535412127392233
3811,0.3048591130205027
3812,0.0
3813,0.2621398848135672
3814,0.06912890075044746
3815,0.0
3816,0.0
3817,0.0
3818,0.08232880476775908
3819,0.0
3820,0.0
3821,0.0
3822,0.0
3823,0.0783836891680611
3824,0.0
3825,0.0
3826,0.0
3827,0.0
3828,0.0
3829,0.0
3830,0.1491403209994674
3831,0.0
3832,0.0
3833,0.0
3834,0.0
3835,0.06037085874527424
3836,0.16083274850507484
3837,0.0
3838,0.07488941931773849
3839,0.14165127004379177
3840,0.0
3841,0.24106178127022915
3842,0.0
3843,0.0
3844,0.0
3845,0.1936294332178381
3846,0.0
3847,0.0
3848,0.14931185574376798
3849,0.2597453332383348
3850,0.0
3851,0.3314290510580646
3852,0.06912890075044746
3853,0.18419308028103548
3854,0.0
3855,0.0
3856,0.0
3857,0.1491403209994674
3858,0.0
3859,0.0
3860,0.25884166538151726
3861,0.0
3862,0.19671656517034172
3863,0.19009562969998933
3864,0.09932511991592323
3865,0.0
3866,0.0
3867,0.06912890075044746
3868,0.0
3869,0.0
3870,0.24106178127022915
3871,0.0
3872,0.1591713964896059
3873,0.0
3874,0.0
3875,0.25884166538151726
3876,0.28151437863762996
3877,0.0
3878,0.0
3879,0.1407728093670959
3880,0.10696737996810077
3881,0.22832031410983994
3882,0.12310283613529417
3883,0.16842367747335887
3884,0.0
3885,0.09932511991592323
3886,0.162695106852587
3887,0.0
3888,0.0
3889,0.3048591130205027
3890,0.21189589002687026
3891,0.0
3892,0.2577973856830755
3893,0.1985266308880182
3894,0.0
3895,0.0
3896,0.0
3897,0.0
3898,0.1935141492021724
3899,0.0
3900,0.0
3901,0.0
3902,0.2597453332383348
3903,0.0
3904,0.0
3905,0.0
3906,0.0
3907,0.13091636967113396
3908,0.0
3909,0.20231236502905026
3910,0.24181480015653214
3911,0.0
3912,0.0
3913,0.20960374095572257
3914,0.0
3915,0.0
3916,0.0
3917,0.0
3918,0.0
3919,0.05983576493880696
3920,0.0
3921,0.06037085874527424
3922,0.209625659340735
3923,0.0
3924,0.0
3925,0.12121697077612721
3926,0.0
3927,0.0
3928,0.0
3929,0.0
3930,0.0
3931,0.0
3932,0.0
3933,0.0
3934,0.0
3935,0.0
3936,0.0
3937,0.16364440925713794
3938,0.13091636967113396
3939,0.0
3940,0.28800728059345526
3941,0.0
3942,0.2197570758333969
3943,0.0
3944,0.0
3945,0.17535412127392233
3946,0.0
3947,0.05940642934892269
3948,0.0
3949,0.0
3950,0.0
3951,0.1935141492021724
3952,0.1936294332178381
3953,0.0
3954,0.15661071577921537
3955,0.22511556539507746
3956,0.0
3957,0.13091636967113396
3958,0.21473584066345003
3959,0.0
3960,0.0
3961,0.053254327730886744
3962,0.16364440925713794
3963,0.0
3964,0.0
3965,0.18843104079409193
3966,0.1935141492021724
3967,0.15035441640800562
3968,0.07488941931773849
3969,0.0
3970,0.0
3971,0.0
3972,0.0
3973,0.1407728093670959
3974,0.0
3975,0.1948829532634549
3976,0.1723641993247719
3977,0.19671656517034172
3978,0.0
3979,0.14931185574376798
3980,0.0
3981,0.03273786481208823
3982,0.0
3983,0.0
3984,0.0
3985,0.0
3986,0.1717806031197266
3987,0.07488941931773849
3988,0.0
3989,0.0
3990,0.0
3991,0.16193084741907643
3992,0.20887914397156487
3993,0.05940642934892269
3994,0.0
3995,0.0
3996,0.0
3997,0.0
3998,0.0
3999,0.1441453193272267
4000,0.0
4001,0.0
4002,0.1686845736191979
4003,0.28540438839784604
4004,0.0
4005,0.0
4006,0.0
4007,0.22920400174735728
4008,0.06338331485977905
4009,0.0
4010,0.0
4011,0.0
4012,0.24364002844391658
4013,0.0
4014,0.1604977644556054
4015,0.0
4016,0.0
4017,0.0
4018,0.12121697077612721
4019,0.20818355423029902
4020,0.053254327730886744
4021,0.20231236502905026
4022,0.0
4023,0.0
4024,0.2580111587545765
4025,0.0
4026,0.0
4027,0.0
4028,0.0
4029,0.09932511991592323
4030,0.0
4031,0.0
4032,0.0
4033,0.0
4034,0.0
4035,0.18831605974564336
4036,0.3419212110193067
4037,0.0
4038,0.0
4039,0.0
4040,0.0
4041,0.05940642934892269
4042,0.22601178368601046
4043,0.0
4044,0.0
4045,0.0
4046,0.0
4047,0.1076280210674964
4048,0.0
4049,0.0
4050,0.18118600698042048
4051,0.0
4052,0.0
4053,0.0
4054,0.19009562969998933
4055,0.10605537340253147
4056,0.0
4057,0.19671656517034172
4058,0.0
4059,0.0
4060,0.0
4061,0.09137462593418844
4062,0.23293072781450994
4063,0.0
4064,0.0
4065,0.0
4066,0.0
4067,0.28151437863762996
4068,0.0
4069,0.2111418586910996
4070,0.0
4071,0.0
4072,0.0
4073,0.11610610775829489
4074,0.0
4075,0.19637260481481347
4076,0.06037085874527424
4077,0.0
4078,0.0
4079,0.185088867179981
4080,0.0
4081,0.2197570758333969
4082,0.0
4083,0.0
4084,0.2197570758333969
4085,0.10605537340253147
4086,0.0
4087,0.0
4088,0.0
4089,0.0
4090,0.0
4091,0.17535412127392233
4092,0.26437376880056207
4093,0.0
4094,0.24997195608266695
4095,0.10696737996810077
4096,0.0
4097,0.200461180804922
4098,0.0
4099,0.15161507409082922
4100,0.0
4101,0.10784124941749626
4102,0.0
4103,0.0
4104,0.0
4105,0.0
4106,0.0
4107,0.25298902881290136
4108,0.0
4109,0.1237409838680208
4110,0.15775069166771835
4111,0.0
4112,0.0
4113,0.0
4114,0.07488941931773849
4115,0.0
4116,0.22842090533100767
4117,0.22403419919494716
4118,0.0
4119,0.16302154980254532
4120,0.162695106852587
4121,0.06037085874527424
4122,0.0
4123,0.0
4124,0.20613046597232376
4125,0.0
4126,0.0
4127,0.2836350322736666
4128,0.0
4129,0.17688950282704463
4130,0.0
4131,0.0
4132,0.19375819888687096
4133,0.13560522452636428
4134,0.0
4135,0.0
4136,0.0
4137,0.0
4138,0.0
4139,0.0
4140,0.1475608516721421
4141,0.05940642934892269
4142,0.20544154379929216
4143,0.22660343149620563
4144,0.0
4145,0.1678850317507979
4146,0.20613046597232376
4147,0.09137462593418844
4148,0.15661071577921537
4149,0.0
4150,0.26594804116104764
4151,0.0
4152,0.0
4153,0.0
4154,0.0
4155,0.0
4156,0.0
4157,0.0
4158,0.0
4159,0.0
4160,0.06912890075044746
4161,0.19375819888687096
4162,0.0
4163,0.0
4164,0.0
4165,0.0
4166,0.0
4167,0.18118600698042048
4168,0.0
4169,0.0
4170,0.0
4171,0.0
4172,0.053254327730886744
4173,0.0
4174,0.06338331485977905
4175,0.0
4176,0.209625659340735
4177,0.2603283879553544
4178,0.0
4179,0.1935141492021724
4180,0.0
4181,0.0
4182,0.053254327730886744
4183,0.061105675016998644
4184,0.0
4185,0.0
4186,0.0
4187,0.0
4188,0.0
4189,0.0
4190,0.12310283613529417
4191,0.0
4192,0.1591713964896059
4193,0.1936294332178381
4194,0.0
4195,0.0
4196,0.0
4197,0.1681545702911706
4198,0.16193084741907643
4199,0.0
4200,0.12121697077612721
4201,0.0
4202,0.0
4203,0.1717806031197266
4204,0.0
4205,0.0
4206,0.23397378490895523
4207,0.0
4208,0.0
4209,0.18725702450733642
4210,0.0
4211,0.0
4212,0.185088867179981
4213,0.0
4214,0.0
4215,0.17870206238008685
4216,0.1409545273303712
4217,0.11039164697106156
4218,0.0
4219,0.0
4220,0.06338331485977905
4221,0.0
4222,0.0
4223,0.0
4224,0.20544154379929216
4225,0.0
4226,0.12391589835548054
4227,0.06912890075044746
4228,0.0
4229,0.14507123038311817
4230,0.21222706251028473
4231,0.07488941931773849
4232,0.0
4233,0.0
4234,0.061105675016998644
4235,0.1441453193272267
4236,0.0
4237,0.0
4238,0.0
4239,0.18831605974564336
4240,0.17688950282704463
4241,0.0
4242,0.0
4243,0.0
4244,0.16364440925713794
4245,0.0
4246,0.32666775839743234
4247,0.0
4248,0.0
4249,0.16302154980254532
4250,0.0
4251,0.0
4252,0.0
4253,0.0
4254,0.0
4255,0.0
4256,0.0
4257,0.1686845736191979
4258,0.0
4259,0.0
4260,0.0
4261,0.0
4262,0.12310283613529417
4263,0.19812950398079218
4264,0.0
4265,0.1391832672381971
4266,0.0
4267,0.0
4268,0.1642569154763669
4269,0.0
4270,0.0
4271,0.24602859677056277
4272,0.24446834568495582
4273,0.0
4274,0.0
4275,0.0
4276,0.1391832672381971
4277,0.0
4278,0.0
4279,0.0
4280,0.16367248245359362
4281,0.0
4282,0.0
4283,0.0
4284,0.37989870229333406
4285,0.18843104079409193
4286,0.0
4287,0.0
4288,0.0
4289,0.0
4290,0.0
4291,0.20544154379929216
4292,0.14773866303115152
4293,0.0
4294,0.3029347649625377
4295,0.0
4296,0.0
4297,0.0
4298,0.24106178127022915
4299,0.0
4300,0.25255020106068543
4301,0.0
4302,0.0
4303,0.1441453193272267
4304,0.10696737996810077
4305,0.24049205836627782
4306,0.15035441640800562
4307,0.0
4308,0.0
4309,0.2913402837918716
4310,0.29631047341644223
4311,0.0
4312,0.0
4313,0.0
4314,0.0
4315,0.13475554212625052
4316,0.16364440925713794
4317,0.1409545273303712
4318,0.0
4319,0.0
4320,0.16193084741907643
4321,0.0
4322,0.0
4323,0.2853491902072512
4324,0.23023258433423496
4325,0.0
4326,0.0
4327,0.06037085874527424
4328,0.0
4329,0.1828016803406914
4330,0.0
4331,0.0
4332,0.0
4333,0.053254327730886744
4334,0.0
4335,0.2269970066611847
4336,0.0
4337,0.0
4338,0.0
4339,0.209625659340735
4340,0.0
4341,0.14507123038311817
4342,0.0
4343,0.0
4344,0.0
4345,0.20169827613475827
4346,0.0
4347,0.0
4348,0.08866969155347358
4349,0.18284117131430494
4350,0.0
4351,0.0
4352,0.0
4353,0.0
4354,0.0
4355,0.20887914397156487
4356,0.0
4357,0.14507123038311817
4358,0.0
4359,0.27437341382338604
4360,0.19916038685005538
4361,0.2883443632612348
4362,0.0
4363,0.0
4364,0.0
4365,0.0
4366,0.23023258433423496
4367,0.0
4368,0.0
4369,0.0
4370,0.0
4371,0.0
4372,0.0
4373,0.12391589835548054
4374,0.0
4375,0.29982486590748764
4376,0.0
4377,0.0
4378,0.1997132735798137
4379,0.22057986053629772
4380,0.05983576493880696
4381,0.0
4382,0.0
4383,0.0
4384,0.0
4385,0.0
4386,0.0
4387,0.1936294332178381
4388,0.0
4389,0.0
4390,0.0
4391,0.0783836891680611
4392,0.1407728093670959
4393,0.10605537340253147
4394,0.0
4395,0.0
4396,0.06338331485977905
4397,0.20169827613475827
4398,0.0
4399,0.0
4400,0.22804130083332982
4401,0.0
4402,0.2584864234527465
4403,0.0
4404,0.12334252844651906
4405,0.0
4406,0.21189589002687026
4407,0.0
4408,0.0
4409,0.0
4410,0.0
4411,0.0
4412,0.0
4413,0.0
4414,0.200461180804922
4415,0.14931185574376798
4416,0.0
4417,0.0
4418,0.0
4419,0.19728295503291782
4420,0.0
4421,0.0
4422,0.27703020138059875
4423,0.0
4424,0.0
4425,0.1723641993247719
4426,0.0783836891680611
4427,0.20623233279092462
4428,0.0
4429,0.0
4430,0.1723641993247719
4431,0.0
4432,0.0
4433,0.04048271185476901
4434,0.0
4435,0.0
4436,0.08137457809792756
4437,0.0
4438,0.0
4439,0.0
4440,0.0
4441,0.0
4442,0.1052540032097223
4443,0.0
4444,0.0
4445,0.0
4446,0.0
4447,0.19637260481481347
4448,0.22511556539507746
4449,0.21473584066345003
4450,0.10696737996810077
4451,0.22403419919494716
4452,0.0
4453,0.0
4454,0.0
4455,0.0
4456,0.0
4457,0.0
4458,0.16842367747335887
4459,0.0
4460,0.0
4461,0.0
4462,0.053254327730886744
4463,0.0
4464,0.0
4465,0.0
4466,0.0
4467,0.0
4468,0.11039164697106156
4469,0.16364440925713794
4470,0.0
4471,0.0
4472,0.17084961776202431
4473,0.0
4474,0.22855017184693702
4475,0.0
4476,0.09417615188598835
4477,0.19671656517034172
4478,0.17870206238008685
4479,0.1052540032097223
4480,0.0
4481,0.0
4482,0.0
4483,0.0
4484,0.0
4485,0.2855768139779452
4486,0.0
4487,0.0
4488,0.0
4489,0.14507123038311817
4490,0.0
4491,0.0
4492,0.0
4493,0.29352188305970833
4494,0.0
4495,0.0
4496,0.05983576493880696
4497,0.0
4498,0.2836350322736666
4499,0.0
4500,0.0
4501,0.24602859677056277
4502,0.0
4503,0.19035440682075347
4504,0.0
4505,0.0
4506,0.0
4507,0.24013700341923655
4508,0.0
4509,0.14165127004379177
4510,0.17688950282704463
4511,0.18616376278683447
4512,0.0
4513,0.12121697077612721
4514,0.20422712438020305
4515,0.0
4516,0.0
4517,0.18284117131430494
4518,0.0
4519,0.0
4520,0.12391589835548054
4521,0.0
4522,0.20960374095572257
4523,0.0
4524,0.10605537340253147
4525,0.20320256604879347
4526,0.0
4527,0.0
4528,0.0
4529,0.0
4530,0.0
4531,0.0
4532,0.14165127004379177
4533,0.0
4534,0.0
4535,0.18118600698042048
4536,0.0
4537,0.0
4538,0.0
4539,0.24840740900511593
4540,0.0
4541,0.0
4542,0.0
4543,0.07488941931773849
4544,0.0
4545,0.0
4546,0.0
4547,0.0
4548,0.0
4549,0.3193876256019209
4550,0.27734986146392226
4551,0.13091636967113396
4552,0.2871308423659929
4553,0.0
4554,0.1717806031197266
4555,0.0
4556,0.0
4557,0.0
4558,0.0
4559,0.0
4560,0.0
4561,0.16367248245359362
4562,0.0
4563,0.0
4564,0.0
4565,0.0
4566,0.0
4567,0.24451129848158087
4568,0.0
4569,0.0
4570,0.0
4571,0.0
4572,0.0
4573,0.0
4574,0.0
4575,0.1936294332178381
4576,0.053254327730886744
4577,0.0
4578,0.0
4579,0.185088867179981
4580,0.22511556539507746
4581,0.0
4582,0.0
4583,0.0
4584,0.2847067259232999
4585,0.0
4586,0.1935141492021724
4587,0.0
4588,0.0
4589,0.0
4590,0.029175946235774297
4591,0.0
4592,0.0
4593,0.3646661221870296
4594,0.20828441693602343
4595,0.1723641993247719
4596,0.20544154379929216
4597,0.13431646963676921
4598,0.0
4599,0.1475608516721421
4600,0.0
4601,0.0
4602,0.25198821990811754
4603,0.29631047341644223
4604,0.0
4605,0.17084961776202431
4606,0.09417615188598835
4607,0.18725702450733642
4608,0.0
4609,0.0
4610,0.0
4611,0.2888356157191453
4612,0.0
4613,0.2778747251525251
4614,0.0
4615,0.0
4616,0.0
4617,0.0
4618,0.0
4619,0.0
4620,0.0
4621,0.14165127004379177
4622,0.0
4623,0.0
4624,0.0
4625,0.14773866303115152
4626,0.0
4627,0.0
4628,0.185088867179981
4629,0.0
4630,0.0
4631,0.0
4632,0.0
4633,0.16910427528231217
4634,0.0
4635,0.0
4636,0.0
4637,0.28469519900230483
4638,0.1678850317507979
4639,0.0
4640,0.0
4641,0.053254327730886744
4642,0.0
4643,0.0
4644,0.0
4645,0.1723641993247719
4646,0.0
4647,0.1936294332178381
4648,0.1591713964896059
4649,0.0
4650,0.0
4651,0.0
4652,0.0
4653,0.1409545273303712
4654,0.0
4655,0.12688358920281706
4656,0.14507123038311817
4657,0.061105675016998644
4658,0.0
4659,0.0
4660,0.12121697077612721
4661,0.0
4662,0.0
4663,0.0
4664,0.14773866303115152
4665,0.0
4666,0.0
4667,0.0
4668,0.0
4669,0.0
4670,0.0
4671,0.0
4672,0.03273786481208823
4673,0.0
4674,0.0
4675,0.15661071577921537
4676,0.0
4677,0.0
4678,0.0
4679,0.0
4680,0.0
4681,0.0
4682,0.0
4683,0.0
4684,0.2269970066611847
4685,0.0
4686,0.0
4687,0.22057986053629772
4688,0.0
4689,0.2344781786451163
4690,0.24820916397987713
4691,0.0
4692,0.09417615188598835
4693,0.0
4694,0.16193084741907643
4695,0.0
4696,0.0
4697,0.0
4698,0.25198821990811754
4699,0.0
4700,0.12310283613529417
4701,0.0
4702,0.0
4703,0.0
4704,0.0
4705,0.0
4706,0.08224106335816148
4707,0.0
4708,0.0
4709,0.19375819888687096
4710,0.0
4711,0.15775069166771835
4712,0.0
4713,0.18843104079409193
4714,0.06912890075044746
4715,0.0
4716,0.0
4717,0.0
4718,0.0
4719,0.0
4720,0.0
4721,0.0
4722,0.0
4723,0.15661071577921537
4724,0.1076280210674964
4725,0.0
4726,0.20320256604879347
4727,0.0
4728,0.22769853919576458
4729,0.0
4730,0.0
4731,0.0
4732,0.0
4733,0.37212756849105183
4734,0.1491403209994674
4735,0.0
4736,0.0
4737,0.0
4738,0.0
4739,0.0
4740,0.0
4741,0.0
4742,0.1391832672381971
4743,0.1076280210674964
4744,0.16083274850507484
4745,0.0
4746,0.17688950282704463
4747,0.12121697077612721
4748,0.0
4749,0.20887914397156487
4750,0.14931185574376798
4751,0.0
4752,0.14773866303115152
4753,0.0
4754,0.1997132735798137
4755,0.1409545273303712
4756,0.0
4757,0.12391589835548054
4758,0.0
4759,0.0
4760,0.20320256604879347
4761,0.0
4762,0.0
4763,0.18114615517118302
4764,0.10696737996810077
4765,0.18419308028103548
4766,0.0
4767,0.18890068901892998
4768,0.0
4769,0.0
4770,0.0
4771,0.0
4772,0.0
4773,0.0
4774,0.0
4775,0.0
4776,0.24956990448990862
4777,0.0
4778,0.0
4779,0.16995987895115094
4780,0.3356578423429891
4781,0.0
4782,0.0
4783,0.08137457809792756
4784,0.15661071577921537
4785,0.0
4786,0.0
4787,0.1076280210674964
4788,0.0
4789,0.1407728093670959
4790,0.0
4791,0.26988975365910617
4792,0.16364440925713794
4793,0.0
4794,0.1678850317507979
4795,0.0
4796,0.0
4797,0.24364002844391658
4798,0.0
4799,0.14165127004379177
4800,0.20320256604879347
4801,0.0
4802,0.04048271185476901
4803,0.0
4804,0.0
4805,0.23023258433423496
4806,0.0
4807,0.0
4808,0.0
4809,0.0
4810,0.0
4811,0.0
4812,0.1407728093670959
4813,0.0
4814,0.0
4815,0.0
4816,0.3796567494146185
4817,0.13560522452636428
4818,0.0
4819,0.45887395829064814
4820,0.0
4821,0.0
4822,0.24849458671217559
4823,0.0
4824,0.0
4825,0.1391832672381971
4826,0.22769853919576458
4827,0.0
4828,0.27460296515579946
4829,0.053254327730886744
4830,0.0
4831,0.0
4832,0.15097736662188338
4833,0.0
4834,0.0
4835,0.0
4836,0.0
4837,0.0
4838,0.1591713964896059
4839,0.0
4840,0.1237409838680208
4841,0.21473584066345003
4842,0.22141737400390096
4843,0.0
4844,0.0
4845,0.0
4846,0.0
4847,0.0
4848,0.0
4849,0.19637260481481347
4850,0.0
4851,0.0
4852,0.15035441640800562
4853,0.18126206337709413
4854,0.2976585924824708
4855,0.0
4856,0.0
4857,0.0
4858,0.0
4859,0.03273786481208823
4860,0.0
4861,0.0
4862,0.0
4863,0.0
4864,0.0
4865,0.2415758283377919
4866,0.20169827613475827
4867,0.16193084741907643
4868,0.0
4869,0.0
4870,0.1237409838680208
4871,0.0
4872,0.0
4873,0.2302525390101591
4874,0.20373481963551102
4875,0.08866969155347358
4876,0.0
4877,0.0
4878,0.27460296515579946
4879,0.18419308028103548
4880,0.0
4881,0.0
4882,0.0
4883,0.27761951000771884
4884,0.0
4885,0.0
4886,0.17084961776202431
4887,0.0
4888,0.0
4889,0.0
4890,0.0
4891,0.0
4892,0.0
4893,0.0
4894,0.0
4895,0.0783836891680611
4896,0.21289711091340754
4897,0.0
4898,0.28800728059345526
4899,0.0783836891680611
4900,0.0
4901,0.0
4902,0.0
4903,0.2505489386765149
4904,0.0
4905,0.0
4906,0.0
4907,0.0
4908,0.0
4909,0.0
4910,0.0
4911,0.1409545273303712
4912,0.0
4913,0.20320256604879347
4914,0.0
4915,0.0
4916,0.0
4917,0.0
4918,0.15775069166771835
4919,0.1935141492021724
4920,0.061105675016998644
4921,0.13091636967113396
4922,0.3137461160744218
4923,0.09417615188598835
4924,0.13091636967113396
4925,0.09932511991592323
4926,0.20960374095572257
4927,0.0
4928,0.2302525390101591
4929,0.0
4930,0.1407728093670959
4931,0.0
4932,0.2520194739595912
4933,0.0
4934,0.0
4935,0.0
4936,0.0
4937,0.0
4938,0.1824134967421954
4939,0.0
4940,0.23023258433423496
4941,0.34010237033184126
4942,0.18419308028103548
4943,0.0
4944,0.22321532618293102
4945,0.2643613553052148
4946,0.0
4947,0.0
4948,0.0
4949,0.0
4950,0.1681545702911706
4951,0.053254327730886744
4952,0.061105675016998644
4953,0.17084961776202431
4954,0.0
4955,0.1591713964896059
4956,0.25773627509571456
4957,0.0
4958,0.0
4959,0.18831605974564336
4960,0.0
4961,0.19916038685005538
4962,0.3736430830268158
4963,0.03273786481208823
4964,0.0
4965,0.0
4966,0.0
4967,0.1681545702911706
4968,0.14165127004379177
4969,0.0
4970,0.20237723895650866
4971,0.0
4972,0.0
4973,0.1407728093670959
4974,0.0
4975,0.0
4976,0.0
4977,0.0
4978,0.0
4979,0.0
4980,0.2693542041365601
4981,0.08866969155347358
4982,0.0
4983,0.053254327730886744
4984,0.0
4985,0.0
4986,0.15035441640800562
4987,0.2783561597657126
4988,0.23077075494337468
4989,0.0
4990,0.1391832672381971
4991,0.0
4992,0.0
4993,0.0
4994,0.1717806031197266
4995,0.1936294332178381
4996,0.0
4997,0.11039164697106156
4998,0.0
4999,0.0
5000,0.0783836891680611
5001,0.0
5002,0.0
5003,0.15775069166771835
5004,0.1723641993247719
5005,0.0
5006,0.13091636967113396
5007,0.0
5008,0.09137462593418844
5009,0.13091636967113396
5010,0.0
5011,0.23397378490895523
5012,0.0
5013,0.16364440925713794
5014,0.1997132735798137
5015,0.04048271185476901
5016,0.13091636967113396
5017,0.17084961776202431
5018,0.0
5019,0.0
5020,0.0
5021,0.0
5022,0.2765488317933238
5023,0.24013700341923655
5024,0.061105675016998644
5025,0.0
5026,0.0
5027,0.15669870066816421
5028,0.0
5029,0.16302154980254532
5030,0.0
5031,0.21262564073418433
5032,0.24820916397987713
5033,0.0
5034,0.0
5035,0.029175946235774297
5036,0.0
5037,0.18118600698042048
5038,0.0
5039,0.0
5040,0.39597832222322005
5041,0.0
5042,0.0
5043,0.0
5044,0.0
5045,0.0
5046,0.2817753833857718
5047,0.3345453318945085
5048,0.0
5049,0.20544154379929216
5050,0.0
5051,0.27703020138059875
5052,0.0
5053,0.1828016803406914
5054,0.0
5055,0.0
5056,0.21293102035044686
5057,0.10696737996810077
5058,0.0
5059,0.29993648897170516
5060,0.0
5061,0.0
5062,0.26988975365910617
5063,0.0
5064,0.0
5065,0.0
5066,0.1686845736191979
5067,0.0
5068,0.2197570758333969
5069,0.0
5070,0.21761413459518858
5071,0.24997195608266695
5072,0.13091636967113396
5073,0.0
5074,0.0
5075,0.3356578423429891
5076,0.0
5077,0.1948829532634549
5078,0.0
5079,0.17535412127392233
5080,0.0
5081,0.0
5082,0.2871308423659929
5083,0.0
5084,0.23023258433423496
5085,0.28675342500954487
5086,0.0
5087,0.0
5088,0.0
5089,0.0
5090,0.0
5091,0.1642569154763669
5092,0.0
5093,0.23293072781450994
5094,0.0
5095,0.0
5096,0.0
5097,0.0
5098,0.0
5099,0.0
5100,0.35104793964845865
5101,0.0
5102,0.0
5103,0.0
5104,0.0
5105,0.0
5106,0.0
5107,0.25118470174490176
5108,0.1686845736191979
5109,0.0783836891680611
5110,0.0
5111,0.0
5112,0.0
5113,0.1642569154763669
5114,0.0
5115,0.2520194739595912
5116,0.26594804116104764
5117,0.1872465090642262
5118,0.0
5119,0.0
5120,0.0
5121,0.2491066112165542
5122,0.12310283613529417
5123,0.0
5124,0.24446834568495582
5125,0.13091636967113396
5126,0.25255020106068543
5127,0.0
5128,0.0
5129,0.0
5130,0.0
5131,0.0
5132,0.0
5133,0.0
5134,0.0
5135,0.0
5136,0.20623233279092462
5137,0.0
5138,0.0
5139,0.13091636967113396
5140,0.08866969155347358
5141,0.2603283879553544
5142,0.0
5143,0.1604977644556054
5144,0.13091636967113396
5145,0.14154002169070307
5146,0.0
5147,0.24181480015653214
5148,0.21189589002687026
5149,0.0
5150,0.32280328485448384
5151,0.0
5152,0.22769853919576458
5153,0.0
5154,0.0
5155,0.0
5156,0.0
5157,0.0
5158,0.0
5159,0.029175946235774297
5160,0.0
5161,0.0
5162,0.21262564073418433
5163,0.0
5164,0.0
5165,0.0
5166,0.0
5167,0.0
5168,0.1642569154763669
5169,0.0
5170,0.0
5171,0.0
5172,0.0
5173,0.0
5174,0.0
5175,0.12310283613529417
5176,0.11039164697106156
5177,0.0
5178,0.185088867179981
5179,0.1642569154763669
5180,0.0
5181,0.0
5182,0.1441453193272267
5183,0.0
5184,0.08224106335816148
5185,0.0
5186,0.0
5187,0.20169827613475827
5188,0.0
5189,0.0
5190,0.0
5191,0.0
5192,0.0
5193,0.22292403529698698
5194,0.2515841727759676
5195,0.0
5196,0.0
5197,0.20623233279092462
5198,0.0
5199,0.16367248245359362
5200,0.29629718276600686
5201,0.0
5202,0.0
5203,0.0
5204,0.0
5205,0.17535412127392233
5206,0.15161507409082922
5207,0.029175946235774297
5208,0.0
5209,0.1997132735798137
5210,0.0
5211,0.20887914397156487
5212,0.0
5213,0.15161507409082922
5214,0.0
5215,0.21289711091340754
5216,0.0
5217,0.0
5218,0.0
5219,0.0
5220,0.0
5221,0.0
5222,0.17535412127392233
5223,0.0
5224,0.0
5225,0.0
5226,0.17688950282704463
5227,0.0
5228,0.18118600698042048
5229,0.0
5230,0.0
5231,0.0
5232,0.0
5233,0.0
5234,0.0
5235,0.0
5236,0.19671656517034172
5237,0.0
5238,0.0
5239,0.0
5240,0.0
5241,0.27734986146392226
5242,0.0
5243,0.09417615188598835
5244,0.0
5245,0.0783836891680611
5246,0.0
5247,0.1642569154763669
5248,0.0
5249,0.0
5250,0.0
5251,0.0
5252,0.26594804116104764
5253,0.15097736662188338
5254,0.0
5255,0.09137462593418844
5256,0.0
5257,0.39571468753234323
5258,0.0
5259,0.0
5260,0.0
5261,0.0
5262,0.1076280210674964
5263,0.0
5264,0.0
5265,0.0
5266,0.0
5267,0.0
5268,0.0
5269,0.10824219431056739
5270,0.0
5271,0.0
5272,0.0
5273,0.0
5274,0.0
5275,0.1642569154763669
5276,0.16302154980254532
5277,0.24049205836627782
5278,0.0
5279,0.0
5280,0.0
5281,0.0
5282,0.0
5283,0.0
5284,0.0
5285,0.06037085874527424
5286,0.12121697077612721
5287,0.0
5288,0.0
5289,0.14947002078299718
5290,0.0
5291,0.0
5292,0.0
5293,0.0
5294,0.0
5295,0.0
5296,0.1409545273303712
5297,0.0
5298,0.0
5299,0.2415758283377919
5300,0.0
5301,0.19375819888687096
5302,0.0
5303,0.0
5304,0.31271517675528077
5305,0.0
5306,0.19179026226566903
5307,0.0
5308,0.0
5309,0.1935141492021724
5310,0.0
5311,0.24451129848158087
5312,0.0
5313,0.28800728059345526
5314,0.25773627509571456
5315,0.0
5316,0.1686845736191979
5317,0.2169374771003783
5318,0.0
5319,0.15035441640800562
5320,0.2673068753102558
5321,0.0
5322,0.1723641993247719
5323,0.0
5324,0.1407728093670959
5325,0.0
5326,0.2515841727759676
5327,0.0
5328,0.2346292853238141
5329,0.1681545702911706
5330,0.1678850317507979
5331,0.0
5332,0.0
5333,0.0
5334,0.1391832672381971
5335,0.0
5336,0.0
5337,0.0
5338,0.0
5339,0.0
5340,0.0
5341,0.17440834245298248
5342,0.0
5343,0.0
5344,0.08224106335816148
5345,0.0
5346,0.0
5347,0.0
5348,0.0
5349,0.200461180804922
5350,0.0
5351,0.27921077741078476
5352,0.0
5353,0.0
5354,0.2197570758333969
5355,0.0
5356,0.0
5357,0.0
5358,0.05983576493880696
5359,0.0
5360,0.25773627509571456
5361,0.0
5362,0.06912890075044746
5363,0.053254327730886744
5364,0.14154002169070307
5365,0.30176904610178734
5366,0.0
5367,0.13431646963676921
5368,0.0
5369,0.1936294332178381
5370,0.0
5371,0.16364440925713794
5372,0.0
5373,0.10824219431056739
5374,0.0
5375,0.0
5376,0.0
5377,0.0
5378,0.0
5379,0.0
5380,0.0
5381,0.0
5382,0.0
5383,0.4817130730323193
5384,0.35061577901613034
5385,0.0
5386,0.0
5387,0.0
5388,0.0
5389,0.0
5390,0.26437376880056207
5391,0.0
5392,0.0
5393,0.061105675016998644
5394,0.0
5395,0.0
5396,0.05983576493880696
5397,0.1441453193272267
5398,0.0
5399,0.0
5400,0.0
5401,0.0
5402,0.0
5403,0.1828016803406914
5404,0.08224106335816148
5405,0.22601178368601046
5406,0.15669870066816421
5407,0.1717806031197266
5408,0.25198821990811754
5409,0.0
5410,0.0
5411,0.0
5412,0.0
5413,0.2415758283377919
5414,0.23089017806212664
5415,0.1948829532634549
5416,0.06912890075044746
5417,0.24078662894545166
5418,0.0
5419,0.053254327730886744
5420,0.28151437863762996
5421,0.0
5422,0.0
5423,0.0
5424,0.0
5425,0.0
5426,0.0
5427,0.0
5428,0.0
5429,0.21289711091340754
5430,0.0
5431,0.19671656517034172
5432,0.0
5433,0.0
5434,0.1407728093670959
5435,0.0
5436,0.2836350322736666
5437,0.0
5438,0.0
5439,0.20828441693602343
5440,0.12310283613529417
5441,0.0
5442,0.0
5443,0.17688950282704463
5444,0.12121697077612721
5445,0.0
5446,0.17084961776202431
5447,0.0
5448,0.18831605974564336
5449,0.19179026226566903
5450,0.0
5451,0.20828441693602343
5452,0.1935141492021724
5453,0.0
5454,0.0
5455,0.20544154379929216
5456,0.1604977644556054
5457,0.0
5458,0.15161507409082922
5459,0.0
5460,0.15161507409082922
5461,0.0
5462,0.21284777845226868
5463,0.0
5464,0.0
5465,0.0
5466,0.0
5467,0.15669870066816421
5468,0.22511556539507746
5469,0.15035441640800562
5470,0.0
5471,0.0
5472,0.0
5473,0.1052540032097223
5474,0.0
5475,0.0
5476,0.0
5477,0.0
5478,0.0
5479,0.23544191296355893
5480,0.22369409993482398
5481,0.0
5482,0.19009562969998933
5483,0.0
5484,0.0
5485,0.16083274850507484
5486,0.0
5487,0.2722336556055465
5488,0.0
5489,0.0
5490,0.0
5491,0.0
5492,0.2639563556274243
5493,0.0
5494,0.13091636967113396
5495,0.20604447667081727
5496,0.0
5497,0.239159256583462
5498,0.1591713964896059
5499,0.0
5500,0.0
5501,0.18419308028103548
5502,0.0
5503,0.0
5504,0.0
5505,0.0
5506,0.0
5507,0.0
5508,0.0
5509,0.0
5510,0.25743305414484324
5511,0.14773866303115152
5512,0.0
5513,0.0
5514,0.0
5515,0.0
5516,0.0
5517,0.0
5518,0.0
5519,0.0
5520,0.0
5521,0.13560522452636428
5522,0.17688950282704463
5523,0.0
5524,0.0
5525,0.1237409838680208
5526,0.0
5527,0.10696737996810077
5528,0.13560522452636428
5529,0.0
5530,0.0
5531,0.2621398848135672
5532,0.2976585924824708
5533,0.0
5534,0.0
5535,0.06037085874527424
5536,0.0
5537,0.0
5538,0.0
5539,0.13431646963676921
5540,0.0
5541,0.25086048075733275
5542,0.2853491902072512
5543,0.0
5544,0.0
5545,0.0
5546,0.15161507409082922
5547,0.029175946235774297
5548,0.3016211104209078
5549,0.1409545273303712
5550,0.1409545273303712
5551,0.0
5552,0.0
5553,0.32153814718983004
5554,0.0
5555,0.19009562969998933
5556,0.0
5557,0.16910427528231217
5558,0.0
5559,0.28487957376935685
5560,0.0
5561,0.06338331485977905
5562,0.0
5563,0.17688950282704463
5564,0.0
5565,0.18149004133108754
5566,0.0
5567,0.0
5568,0.0
5569,0.12121697077612721
5570,0.0
5571,0.16364440925713794
5572,0.0
5573,0.10605537340253147
5574,0.0
5575,0.0
5576,0.0
5577,0.06037085874527424
5578,0.1717806031197266
5579,0.0
5580,0.0
5581,0.0
5582,0.0
5583,0.0
5584,0.0
5585,0.0
5586,0.0
5587,0.0
5588,0.1678850317507979
5589,0.20828441693602343
5590,0.0
5591,0.2693542041365601
5592,0.0
5593,0.05940642934892269
5594,0.0
5595,0.21284777845226868
5596,0.34575803945552286
5597,0.0
5598,0.0
5599,0.0
5600,0.2597453332383348
5601,0.0
5602,0.0
5603,0.0
5604,0.1441453193272267
5605,0.0
5606,0.10824219431056739
5607,0.0
5608,0.0
5609,0.1237409838680208
5610,0.0
5611,0.0
5612,0.0
5613,0.09417615188598835
5614,0.0
5615,0.0
5616,0.0
5617,0.0
5618,0.1935141492021724
5619,0.0
5620,0.0
5621,0.15661071577921537
5622,0.25069559494167815
5623,0.28038601251281825
5624,0.0
5625,0.21289711091340754
5626,0.0
5627,0.2621398848135672
5628,0.0
5629,0.0
5630,0.0
5631,0.12391589835548054
5632,0.17440834245298248
5633,0.27761951000771884
5634,0.0
5635,0.0
5636,0.0
5637,0.0
5638,0.2776360588402201
5639,0.1052540032097223
5640,0.0
5641,0.29629718276600686
5642,0.0
5643,0.0
5644,0.03273786481208823
5645,0.26059298157566935
5646,0.0
5647,0.0
5648,0.0
5649,0.22141737400390096
5650,0.0
5651,0.19179026226566903
5652,0.1237409838680208
5653,0.0
5654,0.15161507409082922
5655,0.13560522452636428
5656,0.0
5657,0.0
5658,0.0
5659,0.0
5660,0.0
5661,0.0
5662,0.1828016803406914
5663,0.0
5664,0.185088867179981
5665,0.0
5666,0.12391589835548054
5667,0.0
5668,0.0
5669,0.0
5670,0.0
5671,0.0
5672,0.19375819888687096
5673,0.0
5674,0.0
5675,0.27921077741078476
5676,0.0
5677,0.0
5678,0.0
5679,0.21222706251028473
5680,0.18843104079409193
5681,0.2597453332383348
5682,0.28669848654970287
5683,0.0
5684,0.1475608516721421
5685,0.17084961776202431
5686,0.31540692248501256
5687,0.0
5688,0.12310283613529417
5689,0.0
5690,0.13091636967113396
5691,0.0
5692,0.0
5693,0.17688950282704463
5694,0.0
5695,0.0
5696,0.0
5697,0.0
5698,0.0
5699,0.0
5700,0.0
5701,0.0
5702,0.09417615188598835
5703,0.21284777845226868
5704,0.0
5705,0.1237409838680208
5706,0.0
5707,0.0
5708,0.21284777845226868
5709,0.0
5710,0.03273786481208823
5711,0.0
5712,0.0
5713,0.16910427528231217
5714,0.30260309023903775
5715,0.24106178127022915
5716,0.0
5717,0.0
5718,0.0
5719,0.20169827613475827
5720,0.22660343149620563
5721,0.28151437863762996
5722,0.0
5723,0.15661071577921537
5724,0.0
5725,0.0
5726,0.0
5727,0.18118600698042048
5728,0.0
5729,0.0
5730,0.0
5731,0.0
5732,0.0
5733,0.0
5734,0.0
5735,0.2853491902072512
5736,0.0
5737,0.16910427528231217
5738,0.0
5739,0.0
5740,0.0
5741,0.0
5742,0.0
5743,0.0
5744,0.0
5745,0.0
5746,0.11039164697106156
5747,0.16367248245359362
5748,0.27617596565370595
5749,0.2404320090022039
5750,0.0
5751,0.28800728059345526
5752,0.0
5753,0.2269970066611847
5754,0.185088867179981
5755,0.0
5756,0.0
5757,0.13560522452636428
5758,0.0
5759,0.0
5760,0.17084961776202431
5761,0.0
5762,0.0
5763,0.0
5764,0.0
5765,0.0
5766,0.0
5767,0.0
5768,0.0
5769,0.0
5770,0.20237723895650866
5771,0.0
5772,0.0
5773,0.0
5774,0.23422051311163025
5775,0.0
5776,0.0
5777,0.1076280210674964
5778,0.1407728093670959
5779,0.2732155574746915
5780,0.0
5781,0.0
5782,0.0
5783,0.0
5784,0.0
5785,0.0
5786,0.0
5787,0.0
5788,0.0
5789,0.0
5790,0.3524976825701107
5791,0.0
5792,0.26881514606083085
5793,0.29042644753652
5794,0.029175946235774297
5795,0.0
5796,0.0
5797,0.0
5798,0.0
5799,0.1591713964896059
5800,0.3329937935219347
5801,0.0
5802,0.0
5803,0.0
5804,0.0
5805,0.0
5806,0.0
5807,0.0
5808,0.1948829532634549
5809,0.0
5810,0.08137457809792756
5811,0.0
5812,0.14165127004379177
5813,0.1948829532634549
5814,0.0
5815,0.0
5816,0.0
5817,0.0
5818,0.0
5819,0.18126206337709413
5820,0.053254327730886744
5821,0.0
5822,0.1475608516721421
5823,0.0
5824,0.0
5825,0.0
5826,0.053254327730886744
5827,0.13091636967113396
5828,0.0
5829,0.0
5830,0.0
5831,0.20231236502905026
5832,0.24602859677056277
5833,0.0
5834,0.0
5835,0.0
5836,0.28800728059345526
5837,0.20544154379929216
5838,0.0
5839,0.0
5840,0.0
5841,0.0
5842,0.1407728093670959
5843,0.0
5844,0.24840740900511593
5845,0.0
5846,0.0
5847,0.0
5848,0.0
5849,0.0
5850,0.0
5851,0.1391832672381971
5852,0.0
5853,0.15035441640800562
5854,0.25731574692799875
5855,0.0
5856,0.0
5857,0.0
5858,0.24364002844391658
5859,0.0
5860,0.0
5861,0.0
5862,0.0
5863,0.0
5864,0.0
5865,0.32970761817301697
5866,0.185088867179981
5867,0.0
5868,0.0
5869,0.1475608516721421
5870,0.0
5871,0.2565033296729719
5872,0.0
5873,0.2269970066611847
5874,0.0
5875,0.0
5876,0.22855017184693702
5877,0.13091636967113396
5878,0.0
5879,0.08224106335816148
5880,0.0
5881,0.0
5882,0.1237409838680208
5883,0.0
5884,0.0
5885,0.0
5886,0.0
5887,0.0
5888,0.0
5889,0.1491403209994674
5890,0.0
5891,0.0
5892,0.0
5893,0.0
5894,0.20887914397156487
5895,0.0
5896,0.1591713964896059
5897,0.0
5898,0.1997132735798137
5899,0.1391832672381971
5900,0.029175946235774297
5901,0.0
5902,0.0
5903,0.0
5904,0.16193084741907643
5905,0.427138719270862
5906,0.18725702450733642
5907,0.0
5908,0.0
5909,0.0
5910,0.2920872713873876
5911,0.0
5912,0.0
5913,0.1686845736191979
5914,0.0
5915,0.0
5916,0.0
5917,0.0
5918,0.0
5919,0.3644284642621178
5920,0.2778747251525251
5921,0.0
5922,0.0
5923,0.029175946235774297
5924,0.08866969155347358
5925,0.0
5926,0.03273786481208823
5927,0.13560522452636428
5928,0.14165127004379177
5929,0.0
5930,0.27546922698402637
5931,0.0
5932,0.0
5933,0.0
5934,0.1441453193272267
5935,0.0
5936,0.0
5937,0.0
5938,0.31381514324264936
5939,0.16083274850507484
5940,0.0
5941,0.0
5942,0.0
5943,0.1076280210674964
5944,0.0
5945,0.0
5946,0.15097736662188338
5947,0.1391832672381971
5948,0.0
5949,0.0
5950,0.0
5951,0.0
5952,0.18831605974564336
5953,0.0
5954,0.07488941931773849
5955,0.06338331485977905
5956,0.0
5957,0.0
5958,0.33755313952226795
5959,0.14947002078299718
5960,0.288405815579269
5961,0.18118600698042048
5962,0.0
5963,0.3147986995095276
5964,0.0
5965,0.0
5966,0.0
5967,0.06037085874527424
5968,0.05940642934892269
5969,0.0
5970,0.20818355423029902
5971,0.053254327730886744
5972,0.0
5973,0.0
5974,0.2319707078318108
5975,0.2639563556274243
5976,0.0
5977,0.0
5978,0.0
5979,0.0
5980,0.22141737400390096
5981,0.0
5982,0.0
5983,0.0
5984,0.0
5985,0.0
5986,0.2565033296729719
5987,0.06338331485977905
5988,0.0
5989,0.0
5990,0.17688950282704463
5991,0.0
5992,0.24997195608266695
5993,0.0
5994,0.16842367747335887
5995,0.3195601999068152
5996,0.21189589002687026
5997,0.0
5998,0.13560522452636428
5999,0.0
6000,0.0
6001,0.0
6002,0.0
6003,0.061105675016998644
6004,0.0
6005,0.0
6006,0.04048271185476901
6007,0.0
6008,0.28800728059345526
6009,0.24106178127022915
6010,0.0
6011,0.20169827613475827
6012,0.0
6013,0.1985266308880182
6014,0.18419308028103548
6015,0.07488941931773849
6016,0.0
6017,0.0
6018,0.04048271185476901
6019,0.0
6020,0.0
6021,0.2765488317933238
6022,0.0
6023,0.0
6024,0.0
6025,0.30187342763948555
6026,0.0
6027,0.0
6028,0.0
6029,0.16364440925713794
6030,0.21189589002687026
6031,0.0
6032,0.14947002078299718
6033,0.0
6034,0.0
6035,0.0
6036,0.0
6037,0.0
6038,0.23023258433423496
6039,0.05983576493880696
6040,0.0
6041,0.1936294332178381
6042,0.0
6043,0.0
6044,0.20818355423029902
6045,0.0
6046,0.0
6047,0.1824134967421954
6048,0.0
6049,0.0
6050,0.053254327730886744
6051,0.0
6052,0.0
6053,0.0
6054,0.0
6055,0.2722336556055465
6056,0.0
6057,0.1441453193272267
6058,0.0
6059,0.0
6060,0.10605537340253147
6061,0.0
6062,0.0
6063,0.20604447667081727
6064,0.17440834245298248
6065,0.25086048075733275
6066,0.0
6067,0.13475554212625052
6068,0.0
6069,0.39843709000194466
6070,0.0
6071,0.0
6072,0.08232880476775908
6073,0.0
6074,0.0
6075,0.0
6076,0.16995987895115094
6077,0.12310283613529417
6078,0.2937342360093128
6079,0.17440834245298248
6080,0.0
6081,0.0
6082,0.0
6083,0.0
6084,0.0
6085,0.0
6086,0.0
6087,0.0
6088,0.14931185574376798
6089,0.0
6090,0.0
6091,0.0
6092,0.0
6093,0.0
6094,0.1591713964896059
6095,0.0
6096,0.0
6097,0.15661071577921537
6098,0.0
6099,0.26994568158203025
6100,0.0
6101,0.0
6102,0.0
6103,0.0
6104,0.13475554212625052
6105,0.22812763004900435
6106,0.0
6107,0.0
6108,0.0
6109,0.0
6110,0.0
6111,0.0
6112,0.0
6113,0.0
6114,0.0
6115,0.0
6116,0.18118600698042048
6117,0.0
6118,0.0
6119,0.0
6120,0.0
6121,0.053254327730886744
6122,0.0
6123,0.06037085874527424
6124,0.0
6125,0.1642569154763669
6126,0.2514563066847563
6127,0.15035441640800562
6128,0.17260393011605457
6129,0.2565033296729719
6130,0.1872465090642262
6131,0.0
6132,0.0
6133,0.0
6134,0.0
6135,0.14507123038311817
6136,0.2831973394736776
6137,0.0
6138,0.2621398848135672
6139,0.0
6140,0.0
6141,0.0
6142,0.0
6143,0.0
6144,0.0
6145,0.0
6146,0.0
6147,0.0
6148,0.18419308028103548
6149,0.0
6150,0.0
6151,0.0
6152,0.0
6153,0.15327268647349032
6154,0.2169374771003783
6155,0.0
6156,0.0
6157,0.0
6158,0.0
6159,0.0
6160,0.0
6161,0.0
6162,0.0
6163,0.1441453193272267
6164,0.0
6165,0.20818355423029902
6166,0.3048591130205027
6167,0.0
6168,0.31569812064621405
6169,0.0
6170,0.30672003716022994
6171,0.13560522452636428
6172,0.2515841727759676
6173,0.0
6174,0.0
6175,0.0
6176,0.0
6177,0.20818355423029902
6178,0.08232880476775908
6179,0.0
6180,0.31704867875477083
6181,0.0
6182,0.0
6183,0.18890068901892998
6184,0.06037085874527424
6185,0.0
6186,0.06037085874527424
6187,0.04048271185476901
6188,0.08232880476775908
6189,0.0
6190,0.0
6191,0.0
6192,0.17084961776202431
6193,0.0
6194,0.26594804116104764
6195,0.16367248245359362
6196,0.0
6197,0.1642569154763669
6198,0.0
6199,0.0
6200,0.0
6201,0.0
6202,0.2346292853238141
6203,0.0
6204,0.0
6205,0.0
6206,0.0
6207,0.0
6208,0.22292403529698698
6209,0.0
6210,0.0
6211,0.0
6212,0.29042644753652
6213,0.2169374771003783
6214,0.0
6215,0.0
6216,0.0
6217,0.16995987895115094
6218,0.0
6219,0.0
6220,0.0
6221,0.0
6222,0.0
6223,0.2197570758333969
6224,0.0
6225,0.2344781786451163
6226,0.0
6227,0.0
6228,0.0
6229,0.0
6230,0.0
6231,0.0
6232,0.0
6233,0.17260393011605457
6234,0.0
6235,0.0
6236,0.12334252844651906
6237,0.0
6238,0.0
6239,0.2169374771003783
6240,0.1052540032097223
6241,0.18118600698042048
6242,0.0
6243,0.0
6244,0.18419308028103548
6245,0.0
6246,0.0
6247,0.27437341382338604
6248,0.0
6249,0.22321532618293102
6250,0.0
6251,0.0
6252,0.0
6253,0.0
6254,0.0
6255,0.08224106335816148
6256,0.0
6257,0.0
6258,0.0
6259,0.0
6260,0.0
6261,0.185088867179981
6262,0.0
6263,0.0
6264,0.10824219431056739
6265,0.23023258433423496
6266,0.2169374771003783
6267,0.0
6268,0.0
6269,0.0
6270,0.17688950282704463
6271,0.21736063488764926
6272,0.15669870066816421
6273,0.185088867179981
6274,0.0
6275,0.19812950398079218
6276,0.21284777845226868
6277,0.06338331485977905
6278,0.0
6279,0.28151437863762996
6280,0.0
6281,0.0
6282,0.16193084741907643
6283,0.0
6284,0.04048271185476901
6285,0.04048271185476901
6286,0.0
6287,0.13475554212625052
6288,0.0
6289,0.0
6290,0.23544191296355893
6291,0.13091636967113396
6292,0.0
6293,0.0
6294,0.2597453332383348
6295,0.0
6296,0.1678850317507979
6297,0.1642569154763669
6298,0.26059298157566935
6299,0.1491403209994674
6300,0.0
6301,0.0
6302,0.0
6303,0.0
6304,0.0
6305,0.16910427528231217
6306,0.0
6307,0.0
6308,0.19009562969998933
6309,0.0
6310,0.0
6311,0.0
6312,0.0
6313,0.061105675016998644
6314,0.0
6315,0.0
6316,0.0
6317,0.0
6318,0.0
6319,0.14507123038311817
6320,0.12310283613529417
6321,0.0
6322,0.0
6323,0.0
6324,0.3595820972437677
6325,0.0
6326,0.0
6327,0.0
6328,0.0
6329,0.0
6330,0.2491066112165542
6331,0.12334252844651906
6332,0.12334252844651906
6333,0.20373481963551102
6334,0.0
6335,0.0
6336,0.13091636967113396
6337,0.1604977644556054
6338,0.17458888580555718
6339,0.18118600698042048
6340,0.0
6341,0.06338331485977905
6342,0.0
6343,0.16842367747335887
6344,0.18126206337709413
6345,0.0
6346,0.0
6347,0.13091636967113396
6348,0.09417615188598835
6349,0.20828441693602343
6350,0.0
6351,0.0
6352,0.0
6353,0.0
6354,0.0
6355,0.0
6356,0.0
6357,0.2565033296729719
6358,0.1052540032097223
6359,0.1491403209994674
6360,0.16995987895115094
6361,0.0
6362,0.0
6363,0.1948829532634549
6364,0.0
6365,0.0
6366,0.0
6367,0.0
6368,0.20828441693602343
6369,0.03273786481208823
6370,0.0
6371,0.0
6372,0.18843104079409193
6373,0.0
6374,0.15161507409082922
6375,0.0
6376,0.0
6377,0.13560522452636428
6378,0.0
6379,0.0
6380,0.0
6381,0.0
6382,0.0
6383,0.0
6384,0.0
6385,0.0
6386,0.1052540032097223
6387,0.1985266308880182
6388,0.0
6389,0.0
6390,0.0
6391,0.2654317395216173
6392,0.0
6393,0.3791568012156704
6394,0.0
6395,0.0
6396,0.0
6397,0.2344781786451163
6398,0.18890068901892998
6399,0.2669825658758503
6400,0.26059298157566935
6401,0.0
6402,0.20544154379929216
6403,0.08224106335816148
6404,0.21289711091340754
6405,0.2654317395216173
6406,0.25865141788212165
6407,0.0
6408,0.1441453193272267
6409,0.0
6410,0.3314290510580646
6411,0.0
6412,0.06037085874527424
6413,0.19495366620532859
6414,0.0
6415,0.0
6416,0.0
6417,0.0
6418,0.1407728093670959
6419,0.0
6420,0.0
6421,0.06037085874527424
6422,0.13091636967113396
6423,0.0
6424,0.0
6425,0.0
6426,0.21262564073418433
6427,0.0
6428,0.11610610775829489
6429,0.0
6430,0.0
6431,0.05983576493880696
6432,0.16193084741907643
6433,0.0
6434,0.0
6435,0.0
6436,0.0
6437,0.2639563556274243
6438,0.0
6439,0.053254327730886744
6440,0.10824219431056739
6441,0.0
6442,0.24013700341923655
6443,0.26059298157566935
6444,0.0
6445,0.0
6446,0.0
6447,0.0
6448,0.10696737996810077
6449,0.0
6450,0.0
6451,0.22403419919494716
6452,0.0
6453,0.17084961776202431
6454,0.16617570113799104
6455,0.24356728192582866
6456,0.0
6457,0.0
6458,0.31169977928480147
6459,0.14507123038311817
6460,0.0
6461,0.0
6462,0.0
6463,0.18114615517118302
6464,0.0
6465,0.029175946235774297
6466,0.0
6467,0.1935141492021724
6468,0.0
6469,0.0
6470,0.0
6471,0.0
6472,0.23363972669636032
6473,0.0
6474,0.36249443355670563
6475,0.1591713964896059
6476,0.0
6477,0.0
6478,0.0
6479,0.15327268647349032
6480,0.0
6481,0.0
6482,0.0
6483,0.0
6484,0.0
6485,0.0
6486,0.1997132735798137
6487,0.12391589835548054
6488,0.0
6489,0.0
6490,0.14154002169070307
6491,0.0
6492,0.0
6493,0.0
6494,0.15669870066816421
6495,0.1591713964896059
6496,0.0
6497,0.0
6498,0.0
6499,0.0
6500,0.3029347649625377
6501,0.03273786481208823
6502,0.239159256583462
6503,0.2319707078318108
6504,0.0
6505,0.0
6506,0.0
6507,0.36466612218702954
6508,0.1391832672381971
6509,0.0
6510,0.13091636967113396
6511,0.21293102035044686
6512,0.0
6513,0.35149264032006705
6514,0.0
6515,0.09137462593418844
6516,0.0
6517,0.20237723895650866
6518,0.0
6519,0.0
6520,0.0
6521,0.0
6522,0.0
6523,0.0
6524,0.08866969155347358
6525,0.22920400174735728
6526,0.0
6527,0.0
6528,0.0
6529,0.06338331485977905
6530,0.0
6531,0.1604977644556054
6532,0.0
6533,0.08224106335816148
6534,0.21736063488764926
6535,0.0
6536,0.0
6537,0.3784568047572335
6538,0.15035441640800562
6539,0.0
6540,0.0
6541,0.0
6542,0.16193084741907643
6543,0.0
6544,0.0
6545,0.0
6546,0.21284777845226868
6547,0.2169374771003783
6548,0.22369409993482398
6549,0.0
6550,0.23293072781450994
6551,0.0
6552,0.0
6553,0.0
6554,0.0
6555,0.14507123038311817
6556,0.29503851472533044
6557,0.0
6558,0.0
6559,0.1824134967421954
6560,0.0
6561,0.1076280210674964
6562,0.0
6563,0.0
6564,0.0
6565,0.2920872713873876
6566,0.13475554212625052
6567,0.0
6568,0.0
6569,0.053254327730886744
6570,0.0
6571,0.0
6572,0.1824134967421954
6573,0.0
6574,0.0
6575,0.0
6576,0.1642569154763669
6577,0.20320256604879347
6578,0.0
6579,0.13091636967113396
6580,0.11039164697106156
6581,0.25743305414484324
6582,0.0
6583,0.24181480015653214
6584,0.0
6585,0.0
6586,0.18118600698042048
6587,0.0
6588,0.061105675016998644
6589,0.0
6590,0.26365779876961465
6591,0.0
6592,0.1678850317507979
6593,0.0
6594,0.26198710866726505
6595,0.0
6596,0.0
6597,0.18118600698042048
6598,0.0
6599,0.14154002169070307
6600,0.21262564073418433
6601,0.0
6602,0.0
6603,0.20373481963551102
6604,0.0
6605,0.1604977644556054
6606,0.0
6607,0.0
6608,0.0
6609,0.0
6610,0.0
6611,0.0
6612,0.0
6613,0.0
6614,0.08866969155347358
6615,0.0
6616,0.20237723895650866
6617,0.0
6618,0.27734986146392226
6619,0.0
6620,0.23422051311163025
6621,0.09417615188598835
6622,0.04048271185476901
6623,0.20231236502905026
6624,0.0
6625,0.10605537340253147
6626,0.0
6627,0.0
6628,0.0
6629,0.0
6630,0.0
6631,0.10824219431056739
6632,0.0
6633,0.0
6634,0.0
6635,0.18616376278683447
6636,0.0
6637,0.0
6638,0.17260393011605457
6639,0.0
6640,0.0
6641,0.0
6642,0.0
6643,0.0
6644,0.18419308028103548
6645,0.18831605974564336
6646,0.0
6647,0.0
6648,0.0
6649,0.15035441640800562
6650,0.06912890075044746
6651,0.0
6652,0.03273786481208823
6653,0.0
6654,0.3065851948691174
6655,0.0
6656,0.0
6657,0.0
6658,0.0
6659,0.31169977928480147
6660,0.0
6661,0.0
6662,0.07488941931773849
6663,0.0
6664,0.185088867179981
6665,0.0
6666,0.0
6667,0.28866968410834815
6668,0.0
6669,0.21289711091340754
6670,0.0
6671,0.0
6672,0.07488941931773849
6673,0.0
6674,0.18890068901892998
6675,0.0
6676,0.14165127004379177
6677,0.04048271185476901
6678,0.1824134967421954
6679,0.0
6680,0.0
6681,0.14507123038311817
6682,0.0
6683,0.0
6684,0.05940642934892269
6685,0.1872465090642262
6686,0.0
6687,0.0
6688,0.0
6689,0.22321532618293102
6690,0.0
6691,0.0
6692,0.0
6693,0.0
6694,0.0
6695,0.28250816642247617
6696,0.0
6697,0.0
6698,0.13091636967113396
6699,0.19035440682075347
6700,0.42980562948803586
6701,0.16667655895230085
6702,0.2672405713074202
6703,0.0
6704,0.14165127004379177
6705,0.3591894434210117
6706,0.24997195608266695
6707,0.0
6708,0.0
6709,0.16364440925713794
6710,0.21289711091340754
6711,0.0
6712,0.0
6713,0.12688358920281706
6714,0.0
6715,0.31569812064621405
6716,0.0
6717,0.15669870066816421
6718,0.0
6719,0.0
6720,0.0
6721,0.06037085874527424
6722,0.11039164697106156
6723,0.0
6724,0.1441453193272267
6725,0.0
6726,0.25118470174490176
6727,0.0
6728,0.0
6729,0.3048591130205027
6730,0.0
6731,0.07488941931773849
6732,0.0
6733,0.0
6734,0.29042644753652
6735,0.16667655895230085
6736,0.26518682473986477
6737,0.0
6738,0.22804130083332982
6739,0.1441453193272267
6740,0.0
6741,0.20320256604879347
6742,0.0
6743,0.2673068753102558
6744,0.4233247311635069
6745,0.17688950282704463
6746,0.0
6747,0.1475608516721421
6748,0.0
6749,0.0
6750,0.0
6751,0.22141737400390096
6752,0.1824134967421954
6753,0.0
6754,0.2934615020739531
6755,0.1948829532634549
6756,0.0
6757,0.0
6758,0.09932511991592323
6759,0.061105675016998644
6760,0.0
6761,0.0
6762,0.0
6763,0.0
6764,0.1052540032097223
6765,0.1824134967421954
6766,0.0
6767,0.0
6768,0.18126206337709413
6769,0.0
6770,0.0
6771,0.0
6772,0.0
6773,0.19179026226566903
6774,0.0
6775,0.0
6776,0.0
6777,0.15161507409082922
6778,0.0783836891680611
6779,0.0
6780,0.1872465090642262
6781,0.0
6782,0.24356728192582866
6783,0.0
6784,0.0
6785,0.0
6786,0.0
6787,0.0
6788,0.0
6789,0.0
6790,0.17688950282704463
6791,0.0
6792,0.21786733934315106
6793,0.200461180804922
6794,0.0
6795,0.0
6796,0.0
6797,0.1642569154763669
6798,0.0
6799,0.08866969155347358
6800,0.0
6801,0.0
6802,0.0
6803,0.0
6804,0.0
6805,0.0
6806,0.20169827613475827
6807,0.0
6808,0.4360277052239832
6809,0.0
6810,0.0
6811,0.26994568158203025
6812,0.0
6813,0.0
6814,0.0
6815,0.12310283613529417
6816,0.10696737996810077
6817,0.0
6818,0.0
6819,0.0
6820,0.0
6821,0.0
6822,0.0
6823,0.0
6824,0.0
6825,0.22601178368601046
6826,0.2643613553052148
6827,0.221879321213307
6828,0.1491403209994674
6829,0.0
6830,0.0
6831,0.0
6832,0.0
6833,0.0
6834,0.0
6835,0.0
6836,0.0
6837,0.0
6838,0.19671656517034172
6839,0.0
6840,0.27734986146392226
6841,0.1441453193272267
6842,0.0
6843,0.0
6844,0.22321532618293102
6845,0.0
6846,0.0
6847,0.0
6848,0.0
6849,0.16193084741907643
6850,0.0
6851,0.0
6852,0.0
6853,0.0
6854,0.17440834245298248
6855,0.0
6856,0.12688358920281706
6857,0.0
6858,0.0
6859,0.1686845736191979
6860,0.3180903339638776
6861,0.1441453193272267
6862,0.053254327730886744
6863,0.03273786481208823
6864,0.0
6865,0.0
6866,0.1407728093670959
6867,0.0
6868,0.0
6869,0.16910427528231217
6870,0.20544154379929216
6871,0.2976585924824708
6872,0.16367248245359362
6873,0.0
6874,0.19671656517034172
6875,0.16364440925713794
6876,0.2520194739595912
6877,0.10696737996810077
6878,0.28719483972282933
6879,0.2197570758333969
6880,0.0
6881,0.0
6882,0.0
6883,0.0
6884,0.0
6885,0.0
6886,0.20828441693602343
6887,0.0
6888,0.0
6889,0.1407728093670959
6890,0.0
6891,0.0
6892,0.0
6893,0.20422712438020305
6894,0.0
6895,0.10605537340253147
6896,0.0
6897,0.0
6898,0.0
6899,0.0
6900,0.0
6901,0.2643613553052148
6902,0.16667655895230085
6903,0.21736063488764926
6904,0.05983576493880696
6905,0.11039164697106156
6906,0.0
6907,0.0
6908,0.0
6909,0.0
6910,0.0
6911,0.0
6912,0.18831605974564336
6913,0.0
6914,0.0
6915,0.1824134967421954
6916,0.0
6917,0.0
6918,0.0
6919,0.3916735284424411
6920,0.1441453193272267
6921,0.0
6922,0.053254327730886744
6923,0.0
6924,0.0
6925,0.0
6926,0.0
6927,0.19812950398079218
6928,0.22812763004900435
6929,0.18843104079409193
6930,0.2693542041365601
6931,0.0
6932,0.0
6933,0.0
6934,0.06912890075044746
6935,0.0
6936,0.24106178127022915
6937,0.0
6938,0.0
6939,0.15035441640800562
6940,0.0
6941,0.13091636967113396
6942,0.0
6943,0.0
6944,0.04048271185476901
6945,0.12334252844651906
6946,0.1686845736191979
6947,0.0
6948,0.0
6949,0.0
6950,0.0783836891680611
6951,0.0
6952,0.0
6953,0.0
6954,0.32153814718983004
6955,0.0
6956,0.19916038685005538
6957,0.0
6958,0.0
6959,0.0
6960,0.1604977644556054
6961,0.0
6962,0.18419308028103548
6963,0.0
6964,0.25118470174490176
6965,0.0
6966,0.0
6967,0.0783836891680611
6968,0.0
6969,0.16364440925713794
6970,0.0
6971,0.14773866303115152
6972,0.0
6973,0.0
6974,0.27703020138059875
6975,0.0
6976,0.0
6977,0.0
6978,0.2580111587545765
6979,0.3314290510580646
6980,0.3553628041554637
6981,0.0
6982,0.0
6983,0.0
6984,0.0
6985,0.0
6986,0.04048271185476901
6987,0.0
6988,0.0
6989,0.1441453193272267
6990,0.0
6991,0.0
6992,0.0
6993,0.0
6994,0.0
6995,0.10824219431056739
6996,0.24956990448990862
6997,0.0
6998,0.0
6999,0.0
7000,0.0
7001,0.0
7002,0.0
7003,0.0
7004,0.0
7005,0.0
7006,0.17458888580555718
7007,0.0
7008,0.21189589002687026
7009,0.0
7010,0.0
7011,0.221879321213307
7012,0.0
7013,0.0
7014,0.0
7015,0.0
7016,0.0
7017,0.1591713964896059
7018,0.14931185574376798
7019,0.0
7020,0.0
7021,0.0
7022,0.0
7023,0.0
7024,0.0
7025,0.0
7026,0.0
7027,0.0
7028,0.0
7029,0.0
7030,0.08137457809792756
7031,0.0
7032,0.0
7033,0.0
7034,0.0
7035,0.22769853919576458
7036,0.18118600698042048
7037,0.1591713964896059
7038,0.0
7039,0.06338331485977905
7040,0.0
7041,0.0
7042,0.15161507409082922
7043,0.0
7044,0.19637260481481347
7045,0.0
7046,0.15669870066816421
7047,0.23077075494337468
7048,0.0
7049,0.0
7050,0.0
7051,0.17535412127392233
7052,0.2621398848135672
7053,0.2269970066611847
7054,0.0
7055,0.18114615517118302
7056,0.06037085874527424
7057,0.0
7058,0.0
7059,0.10696737996810077
7060,0.0
7061,0.1409545273303712
7062,0.1723641993247719
7063,0.0
7064,0.20231236502905026
7065,0.0
7066,0.0
7067,0.22804130083332982
7068,0.0
7069,0.09137462593418844
7070,0.0
7071,0.053254327730886744
7072,0.0
7073,0.15327268647349032
7074,0.0
7075,0.3356578423429891
7076,0.2874210018305579
7077,0.12391589835548054
7078,0.0
7079,0.09137462593418844
7080,0.0
7081,0.0
7082,0.11039164697106156
7083,0.1491403209994674
7084,0.07488941931773849
7085,0.16842367747335887
7086,0.0
7087,0.21473584066345003
7088,0.09932511991592323
7089,0.0
7090,0.0
7091,0.2673068753102558
7092,0.2804304853732022
7093,0.2580111587545765
7094,0.2621398848135672
7095,0.24364002844391658
7096,0.06037085874527424
7097,0.1686845736191979
7098,0.1591713964896059
7099,0.0
7100,0.0
7101,0.0
7102,0.0
7103,0.0
7104,0.20373481963551102
7105,0.2669825658758503
7106,0.12310283613529417
7107,0.0
7108,0.19637260481481347
7109,0.12121697077612721
7110,0.0
7111,0.20373481963551102
7112,0.19481558374183994
7113,0.2269970066611847
7114,0.21189589002687026
7115,0.0
7116,0.2319707078318108
7117,0.17440834245298248
7118,0.13091636967113396
7119,0.0
7120,0.0
7121,0.2515841727759676
7122,0.0
7123,0.0
7124,0.0
7125,0.0
7126,0.0
7127,0.0
7128,0.15669870066816421
7129,0.0
7130,0.0
7131,0.05940642934892269
7132,0.07488941931773849
7133,0.16617570113799104
7134,0.09932511991592323
7135,0.1591713964896059
7136,0.2515841727759676
7137,0.2896321238541581
7138,0.0
7139,0.0
7140,0.0
7141,0.061105675016998644
7142,0.0
7143,0.0
7144,0.0
7145,0.40060562371741276
7146,0.0
7147,0.13091636967113396
7148,0.0
7149,0.0
7150,0.0
7151,0.17535412127392233
7152,0.0
7153,0.0
7154,0.31540692248501256
7155,0.2580111587545765
7156,0.0
7157,0.0
7158,0.0
7159,0.0
7160,0.0
7161,0.0
7162,0.21222706251028473
7163,0.2913583060108862
7164,0.19009562969998933
7165,0.0
7166,0.0
7167,0.22511556539507746
7168,0.2935062299228296
7169,0.0
7170,0.0
7171,0.20604447667081727
7172,0.0
7173,0.0
7174,0.0
7175,0.0
7176,0.20960374095572257
7177,0.16302154980254532
7178,0.0
7179,0.0
7180,0.0
7181,0.0
7182,0.0
7183,0.30349540125818186
7184,0.0
7185,0.0
7186,0.0
7187,0.14931185574376798
7188,0.0
7189,0.18890068901892998
7190,0.0
7191,0.0
7192,0.0
7193,0.1076280210674964
7194,0.03273786481208823
7195,0.0
7196,0.053254327730886744
7197,0.0
7198,0.16364440925713794
7199,0.0
7200,0.20828441693602343
7201,0.21289711091340754
7202,0.0
7203,0.20828441693602343
7204,0.0
7205,0.0
7206,0.17688950282704463
7207,0.13560522452636428
7208,0.1407728093670959
7209,0.0
7210,0.0
7211,0.0
7212,0.06037085874527424
7213,0.0
7214,0.0
7215,0.25434484143542685
7216,0.1681545702911706
7217,0.15669870066816421
7218,0.0
7219,0.2169374771003783
7220,0.04048271185476901
7221,0.0
7222,0.0
7223,0.16302154980254532
7224,0.0
7225,0.0
7226,0.0
7227,0.0
7228,0.1591713964896059
7229,0.24451129848158087
7230,0.24049205836627782
7231,0.0
7232,0.0
7233,0.0
7234,0.0
7235,0.0
7236,0.0
7237,0.0
7238,0.0
7239,0.0
7240,0.15161507409082922
7241,0.0
7242,0.0
7243,0.0
7244,0.0
7245,0.0
7246,0.0
7247,0.0
7248,0.0
7249,0.1237409838680208
7250,0.029175946235774297
7251,0.23363972669636027
7252,0.0
7253,0.0
7254,0.17688950282704463
7255,0.12310283613529417
7256,0.0
7257,0.2621398848135672
7258,0.24956990448990862
7259,0.1441453193272267
7260,0.0
7261,0.0
7262,0.0
7263,0.0
7264,0.17535412127392233
7265,0.16617570113799104
7266,0.061105675016998644
7267,0.0
7268,0.0
7269,0.0
7270,0.04048271185476901
7271,0.0
7272,0.10784124941749626
7273,0.0
7274,0.1491403209994674
7275,0.1824134967421954
7276,0.029175946235774297
7277,0.0
7278,0.0
7279,0.0
7280,0.23264878022490618
7281,0.18843104079409193
7282,0.0
7283,0.0
7284,0.1642569154763669
7285,0.2580111587545765
7286,0.0
7287,0.0
7288,0.0
7289,0.0
7290,0.1441453193272267
7291,0.0
7292,0.0
7293,0.08866969155347358
7294,0.053254327730886744
7295,0.11039164697106156
7296,0.0
7297,0.0
7298,0.17084961776202431
7299,0.0
7300,0.0
7301,0.0
7302,0.0
7303,0.0
7304,0.0
7305,0.0
7306,0.0
7307,0.0
7308,0.0
7309,0.1686845736191979
7310,0.0
7311,0.0
7312,0.0
7313,0.0
7314,0.0
7315,0.0
7316,0.21473584066345003
7317,0.0
7318,0.17260393011605457
7319,0.0
7320,0.0
7321,0.0
7322,0.16842367747335887
7323,0.0
7324,0.0
7325,0.0
7326,0.0
7327,0.0
7328,0.20237723895650866
7329,0.0
7330,0.12310283613529417
7331,0.0
7332,0.1052540032097223
7333,0.0
7334,0.0
7335,0.0
7336,0.2932176153774441
7337,0.0
7338,0.0
7339,0.24997195608266695
7340,0.0
7341,0.0
7342,0.16842367747335887
7343,0.0
7344,0.0
7345,0.0
7346,0.0
7347,0.3329937935219347
7348,0.0
7349,0.07488941931773849
7350,0.0
7351,0.0
7352,0.053254327730886744
7353,0.0
7354,0.0
7355,0.0
7356,0.16083274850507484
7357,0.24446834568495582
7358,0.0
7359,0.0
7360,0.20887914397156487
7361,0.18843104079409193
7362,0.23940886537012218
7363,0.20623233279092462
7364,0.0
7365,0.0
7366,0.0
7367,0.2515841727759676
7368,0.13431646963676921
7369,0.0
7370,0.25069559494167815
7371,0.1686845736191979
7372,0.16193084741907643
7373,0.20623233279092462
7374,0.19728295503291782
7375,0.3016211104209077
7376,0.0
7377,0.0
7378,0.0
7379,0.0
7380,0.0
7381,0.1824134967421954
7382,0.0
7383,0.0
7384,0.200461180804922
7385,0.13091636967113396
7386,0.12121697077612721
7387,0.053254327730886744
7388,0.1686845736191979
7389,0.17440834245298248
7390,0.0
7391,0.0
7392,0.26988975365910617
7393,0.0
7394,0.061105675016998644
7395,0.06037085874527424
7396,0.21289711091340754
7397,0.15097736662188338
7398,0.1407728093670959
7399,0.22403419919494716
7400,0.0
7401,0.0
7402,0.0
7403,0.0
7404,0.1642569154763669
7405,0.053254327730886744
7406,0.0
7407,0.0
7408,0.061105675016998644
7409,0.0
7410,0.0
7411,0.0
7412,0.0
7413,0.1441453193272267
7414,0.10696737996810077
7415,0.15097736662188338
7416,0.0
7417,0.0
7418,0.0
7419,0.09932511991592323
7420,0.3083463168718485
7421,0.18419308028103548
7422,0.0
7423,0.2855768139779452
7424,0.0
7425,0.15035441640800562
7426,0.0
7427,0.0
7428,0.24451129848158087
7429,0.0
7430,0.0
7431,0.0
7432,0.04048271185476901
7433,0.0
7434,0.15035441640800562
7435,0.06037085874527424
7436,0.0
7437,0.0
7438,0.0
7439,0.0
7440,0.18831605974564336
7441,0.16367248245359362
7442,0.0
7443,0.0
7444,0.14947002078299718
7445,0.0
7446,0.0
7447,0.0
7448,0.17440834245298248
7449,0.0
7450,0.20828441693602343
7451,0.06912890075044746
7452,0.0
7453,0.09932511991592323
7454,0.0
7455,0.0
7456,0.18843104079409193
7457,0.0
7458,0.0
7459,0.0
7460,0.0
7461,0.0
7462,0.0
7463,0.0
7464,0.0
7465,0.0
7466,0.17688950282704463
7467,0.1409545273303712
7468,0.0
7469,0.0
7470,0.0
7471,0.22812763004900435
7472,0.1681545702911706
7473,0.0
7474,0.0
7475,0.0
7476,0.22832031410983994
7477,0.18831605974564336
7478,0.15035441640800562
7479,0.07488941931773849
7480,0.1391832672381971
7481,0.0
7482,0.0
7483,0.053254327730886744
7484,0.0
7485,0.0
7486,0.0
7487,0.22057986053629772
7488,0.0
7489,0.18126206337709413
7490,0.0
7491,0.29982486590748764
7492,0.0
7493,0.0
7494,0.22832031410983994
7495,0.0
7496,0.0
7497,0.18831605974564336
7498,0.2520194739595912
7499,0.0
7500,0.0
7501,0.2954919863080091
7502,0.0
7503,0.1678850317507979
7504,0.0
7505,0.0
7506,0.0
7507,0.0
7508,0.0
7509,0.0
7510,0.12391589835548054
7511,0.18843104079409193
7512,0.11039164697106156
7513,0.0
7514,0.0
7515,0.16193084741907643
7516,0.0783836891680611
7517,0.18114615517118302
7518,0.0
7519,0.19375819888687096
7520,0.0
7521,0.0
7522,0.0
7523,0.20422712438020305
7524,0.2677411282445039
7525,0.2515841727759676
7526,0.28616916457499436
7527,0.0
7528,0.0
7529,0.0
7530,0.0
7531,0.0
7532,0.0
7533,0.0
7534,0.08224106335816148
7535,0.1407728093670959
7536,0.0
7537,0.0
7538,0.0
7539,0.15035441640800562
7540,0.1441453193272267
7541,0.13560522452636428
7542,0.39147741713805256
7543,0.0
7544,0.0
7545,0.0
7546,0.0
7547,0.11610610775829489
7548,0.0
7549,0.0
7550,0.0
7551,0.0
7552,0.0
7553,0.0
7554,0.36736848640464315
7555,0.0
7556,0.21736063488764926
7557,0.18118600698042048
7558,0.0
7559,0.0
7560,0.0
7561,0.0
7562,0.0
7563,0.0
7564,0.0
7565,0.22920400174735728
7566,0.0
7567,0.0
7568,0.0
7569,0.0
7570,0.0
7571,0.0
7572,0.0
7573,0.0
7574,0.0
7575,0.0
7576,0.0
7577,0.2269970066611847
7578,0.20613046597232376
7579,0.0
7580,0.1681545702911706
7581,0.0
7582,0.18419308028103548
7583,0.0
7584,0.18118600698042048
7585,0.22855017184693702
7586,0.23293072781450994
7587,0.19481558374183994
7588,0.0
7589,0.0
7590,0.0
7591,0.0
7592,0.0
7593,0.23544191296355893
7594,0.21284777845226868
7595,0.053254327730886744
7596,0.0
7597,0.0
7598,0.1723641993247719
7599,0.0
7600,0.0
7601,0.17458888580555718
7602,0.3174397000188545
7603,0.20169827613475827
7604,0.0
7605,0.0
7606,0.1985266308880182
7607,0.0
7608,0.1591713964896059
7609,0.21289711091340754
7610,0.0
7611,0.16910427528231217
7612,0.0
7613,0.0
7614,0.25743305414484324
7615,0.04048271185476901
7616,0.0
7617,0.0
7618,0.0
7619,0.2871308423659929
7620,0.0
7621,0.0
7622,0.21697983001533958
7623,0.0
7624,0.0
7625,0.0
7626,0.1591713964896059
7627,0.2677411282445039
7628,0.0
7629,0.11039164697106156
7630,0.0
7631,0.27761951000771884
7632,0.22804130083332982
7633,0.0
7634,0.14507123038311817
7635,0.23293072781450994
7636,0.18118600698042048
7637,0.2197570758333969
7638,0.17260393011605457
7639,0.0
7640,0.13431646963676921
7641,0.0
7642,0.0
7643,0.0
7644,0.0
7645,0.0
7646,0.0
7647,0.0
7648,0.0
7649,0.0
7650,0.0
7651,0.0
7652,0.0
7653,0.0
7654,0.0
7655,0.0
7656,0.0
7657,0.15661071577921537
7658,0.2593508404995039
7659,0.0
7660,0.1591713964896059
7661,0.06037085874527424
7662,0.0
7663,0.0
7664,0.1237409838680208
7665,0.0
7666,0.185088867179981
7667,0.06037085874527424
7668,0.0
7669,0.0
7670,0.2654317395216173
7671,0.0
7672,0.0
7673,0.19009562969998933
7674,0.0
7675,0.0
7676,0.06912890075044746
7677,0.0
7678,0.1948829532634549
7679,0.0
7680,0.17458888580555718
7681,0.0
7682,0.05940642934892269
7683,0.18284117131430494
7684,0.0
7685,0.22403419919494716
7686,0.0
7687,0.0
7688,0.20373481963551102
7689,0.3304075974186084
7690,0.0
7691,0.0
7692,0.24997195608266695
7693,0.0
7694,0.3708253963164012
7695,0.0
7696,0.13431646963676921
7697,0.0
7698,0.0
7699,0.24820916397987713
7700,0.30349540125818186
7701,0.0
7702,0.03273786481208823
7703,0.17440834245298248
7704,0.10784124941749626
7705,0.0
7706,0.0
7707,0.053254327730886744
7708,0.0
7709,0.053254327730886744
7710,0.221879321213307
7711,0.0
7712,0.1441453193272267
7713,0.2976585924824708
7714,0.0
7715,0.21473584066345003
7716,0.09932511991592323
7717,0.23089017806212664
7718,0.09137462593418844
7719,0.12310283613529417
7720,0.0
7721,0.0
7722,0.3177125088103085
7723,0.27865545631656274
7724,0.0
7725,0.19035440682075347
7726,0.0
7727,0.07488941931773849
7728,0.0
7729,0.0
7730,0.0
7731,0.1052540032097223
7732,0.0
7733,0.06037085874527424
7734,0.06037085874527424
7735,0.2994042646622232
7736,0.20887914397156487
7737,0.0
7738,0.0
7739,0.0
7740,0.08224106335816148
7741,0.0
7742,0.1441453193272267
7743,0.0
7744,0.0
7745,0.0
7746,0.0
7747,0.26059298157566935
7748,0.0
7749,0.1409545273303712
7750,0.0
7751,0.15035441640800562
7752,0.2514563066847563
7753,0.0
7754,0.061105675016998644
7755,0.0
7756,0.0
7757,0.0
7758,0.1686845736191979
7759,0.0
7760,0.0
7761,0.0
7762,0.0
7763,0.0
7764,0.18419308028103548
7765,0.0
7766,0.0
7767,0.0
7768,0.17458888580555718
7769,0.0
7770,0.0
7771,0.0
7772,0.0
7773,0.3048591130205027
7774,0.0
7775,0.15097736662188338
7776,0.2269970066611847
7777,0.0
7778,0.0
7779,0.0
7780,0.3557393868805617
7781,0.0
7782,0.0
7783,0.0
7784,0.1824134967421954
7785,0.0
7786,0.0
7787,0.22769853919576458
7788,0.0
7789,0.0
7790,0.19009562969998933
7791,0.0
7792,0.0
7793,0.0
7794,0.0
7795,0.15775069166771835
7796,0.0
7797,0.31381514324264936
7798,0.17440834245298248
7799,0.0
7800,0.14931185574376798
7801,0.20544154379929216
7802,0.0
7803,0.1681545702911706
7804,0.0
7805,0.1642569154763669
7806,0.12310283613529417
7807,0.0
7808,0.0
7809,0.0
7810,0.0
7811,0.0
7812,0.24602859677056277
7813,0.23397378490895523
7814,0.0
7815,0.1642569154763669
7816,0.0
7817,0.0
7818,0.0
7819,0.0
7820,0.20828441693602343
7821,0.18114615517118302
7822,0.0
7823,0.1409545273303712
7824,0.0
7825,0.0
7826,0.0
7827,0.06338331485977905
7828,0.0
7829,0.0
7830,0.0
7831,0.2520194739595912
7832,0.2577973856830755
7833,0.33755313952226795
7834,0.0
7835,0.06912890075044746
7836,0.0
7837,0.0
7838,0.16302154980254532
7839,0.0
7840,0.0
7841,0.0
7842,0.0
7843,0.0
7844,0.0
7845,0.2976585924824708
7846,0.2111418586910996
7847,0.0
7848,0.0
7849,0.0
7850,0.19035440682075347
7851,0.1391832672381971
7852,0.24818007472676543
7853,0.0
7854,0.0
7855,0.3147986995095276
7856,0.05983576493880696
7857,0.0
7858,0.30260309023903775
7859,0.0
7860,0.0
7861,0.0
7862,0.0
7863,0.0
7864,0.061105675016998644
7865,0.18114615517118302
7866,0.2966447587208775
7867,0.36577315078406003
7868,0.0
7869,0.0
7870,0.0
7871,0.0
7872,0.3279291181224751
7873,0.0
7874,0.09417615188598835
7875,0.0
7876,0.0
7877,0.08137457809792756
7878,0.0
7879,0.0
7880,0.16367248245359362
7881,0.22601178368601046
7882,0.06037085874527424
7883,0.3708253963164012
7884,0.0
7885,0.0
7886,0.0
7887,0.0
7888,0.0
7889,0.0
7890,0.0
7891,0.0
7892,0.0
7893,0.0
7894,0.21786733934315106
7895,0.17535412127392233
7896,0.0
7897,0.1642569154763669
7898,0.0
7899,0.0
7900,0.0
7901,0.0
7902,0.0
7903,0.0
7904,0.25887462739728906
7905,0.15661071577921537
7906,0.0
7907,0.23397378490895523
7908,0.0
7909,0.0
7910,0.20828441693602343
7911,0.19916038685005538
7912,0.2913402837918716
7913,0.24356728192582866
7914,0.3356578423429891
7915,0.0
7916,0.0
7917,0.0
7918,0.0
7919,0.22403419919494716
7920,0.0
7921,0.0
7922,0.28250816642247617
7923,0.28151437863762996
7924,0.0
7925,0.2515841727759676
7926,0.0
7927,0.0
7928,0.0
7929,0.23293072781450994
7930,0.0
7931,0.22804130083332982
7932,0.1936294332178381
7933,0.24451129848158087
7934,0.0
7935,0.0
7936,0.20169827613475827
7937,0.12121697077612721
7938,0.0
7939,0.0
7940,0.0
7941,0.0
7942,0.14165127004379177
7943,0.06338331485977905
7944,0.0
7945,0.0
7946,0.20544154379929216
7947,0.0
7948,0.11039164697106156
7949,0.05940642934892269
7950,0.1936294332178381
7951,0.22601178368601046
7952,0.0
7953,0.029175946235774297
7954,0.23023258433423496
7955,0.0
7956,0.053254327730886744
7957,0.0
7958,0.1052540032097223
7959,0.0
7960,0.0
7961,0.0
7962,0.0
7963,0.18831605974564336
7964,0.0
7965,0.0
7966,0.0
7967,0.0
7968,0.0
7969,0.0
7970,0.0
7971,0.0
7972,0.19812950398079218
7973,0.24106178127022915
7974,0.28719483972282933
7975,0.22403419919494716
7976,0.0
7977,0.0
7978,0.08224106335816148
7979,0.16367248245359362
7980,0.0
7981,0.0
7982,0.0
7983,0.29982486590748764
7984,0.08224106335816148
7985,0.185088867179981
7986,0.0
7987,0.3193876256019209
7988,0.0
7989,0.0
7990,0.09137462593418844
7991,0.07488941931773849
7992,0.0
7993,0.0
7994,0.0
7995,0.06037085874527424
7996,0.19375819888687096
7997,0.0
7998,0.0
7999,0.0
8000,0.22920400174735728
8001,0.0
8002,0.0
8003,0.18831605974564336
8004,0.17535412127392233
8005,0.0
8006,0.1591713964896059
8007,0.18126206337709413
8008,0.0
8009,0.17440834245298248
8010,0.0
8011,0.31388624626642236
8012,0.18843104079409193
8013,0.0
8014,0.0
8015,0.0
8016,0.19009562969998933
8017,0.0
8018,0.0
8019,0.0
8020,0.0
8021,0.0
8022,0.26059298157566935
8023,0.13431646963676921
8024,0.22601178368601046
8025,0.1076280210674964
8026,0.0
8027,0.0
8028,0.0
8029,0.0
8030,0.21262564073418433
8031,0.0
8032,0.0
8033,0.09932511991592323
8034,0.0
8035,0.0
8036,0.162695106852587
8037,0.0
8038,0.0
8039,0.0
8040,0.0
8041,0.2855768139779452
8042,0.0
8043,0.053254327730886744
8044,0.0
8045,0.18284117131430494
8046,0.16193084741907643
8047,0.0
8048,0.0
8049,0.0
8050,0.17688950282704463
8051,0.0
8052,0.0
8053,0.0
8054,0.0
8055,0.0
8056,0.08224106335816148
8057,0.19179026226566903
8058,0.2783561597657126
8059,0.28250816642247617
8060,0.0
8061,0.0
8062,0.0
8063,0.0
8064,0.0
8065,0.04048271185476901
8066,0.0
8067,0.0
8068,0.185088867179981
8069,0.0
8070,0.0
8071,0.0
8072,0.24451129848158087
8073,0.15669870066816421
8074,0.1441453193272267
8075,0.21786733934315106
8076,0.16193084741907643
8077,0.0
8078,0.0
8079,0.0
8080,0.11610610775829489
8081,0.2853491902072512
8082,0.0
8083,0.029175946235774297
8084,0.0
8085,0.0
8086,0.30460280474377704
8087,0.22804130083332982
8088,0.1642569154763669
8089,0.27703020138059875
8090,0.15661071577921537
8091,0.0
8092,0.0
8093,0.12121697077612721
8094,0.0
8095,0.0
8096,0.0
8097,0.0
8098,0.2520194739595912
8099,0.0
8100,0.0
8101,0.0
8102,0.19916038685005538
8103,0.0
8104,0.26365779876961465
8105,0.0
8106,0.13560522452636428
8107,0.1076280210674964
8108,0.0
8109,0.22804130083332982
8110,0.0
8111,0.0
8112,0.0
8113,0.0
8114,0.0
8115,0.0
8116,0.39571468753234323
8117,0.20373481963551102
8118,0.0
8119,0.0
8120,0.0
8121,0.0
8122,0.0
8123,0.21289711091340754
8124,0.0
8125,0.029175946235774297
8126,0.0
8127,0.24818007472676543
8128,0.31965877196490755
8129,0.0
8130,0.0
8131,0.0
8132,0.0
8133,0.0
8134,0.0
8135,0.0
8136,0.3492879039317838
8137,0.0
8138,0.0
8139,0.0
8140,0.0
8141,0.26365779876961465
8142,0.0
8143,0.0
8144,0.0
8145,0.0
8146,0.21284777845226868
8147,0.0
8148,0.18284117131430494
8149,0.0
8150,0.08137457809792756
8151,0.07488941931773849
8152,0.23293072781450994
8153,0.1407728093670959
8154,0.0
8155,0.11039164697106156
8156,0.0
8157,0.0
8158,0.061105675016998644
8159,0.0
8160,0.2003039587229232
8161,0.0
8162,0.10605537340253147
8163,0.3553628041554637
8164,0.0
8165,0.0
8166,0.0
8167,0.0
8168,0.10824219431056739
8169,0.11610610775829489
8170,0.0
8171,0.0
8172,0.0
8173,0.0
8174,0.12310283613529417
8175,0.0
8176,0.0
8177,0.0
8178,0.25255020106068543
8179,0.2197570758333969
8180,0.0
8181,0.0
8182,0.0
8183,0.0
8184,0.0
8185,0.0
8186,0.17084961776202431
8187,0.16667655895230085
8188,0.0
8189,0.0
8190,0.0
8191,0.0
8192,0.0
8193,0.0
8194,0.0
8195,0.0
8196,0.0
8197,0.061105675016998644
8198,0.0
8199,0.0
8200,0.0
8201,0.19495366620532859
8202,0.1935141492021724
8203,0.1407728093670959
8204,0.2515841727759676
8205,0.0
8206,0.0
8207,0.0
8208,0.0
8209,0.0
8210,0.15661071577921537
8211,0.0
8212,0.2937342360093128
8213,0.0
8214,0.0
8215,0.15327268647349032
8216,0.0
8217,0.0
8218,0.221879321213307
8219,0.0
8220,0.185088867179981
8221,0.0
8222,0.0
8223,0.0
8224,0.17870206238008685
8225,0.19495366620532859
8226,0.14931185574376798
8227,0.0
8228,0.0
8229,0.0
8230,0.18890068901892998
8231,0.0
8232,0.0
8233,0.10824219431056739
8234,0.1237409838680208
8235,0.0
8236,0.0
8237,0.21222706251028473
8238,0.0
8239,0.0
8240,0.0
8241,0.11610610775829489
8242,0.2319707078318108
8243,0.16842367747335887
8244,0.05940642934892269
8245,0.0
8246,0.0
8247,0.0
8248,0.26059298157566935
8249,0.0
8250,0.0
8251,0.19439737159693987
8252,0.12121697077612721
8253,0.14773866303115152
8254,0.0
8255,0.06912890075044746
8256,0.0
8257,0.0
8258,0.0
8259,0.0
8260,0.24013700341923655
8261,0.0
8262,0.0
8263,0.0
8264,0.0
8265,0.0
8266,0.0
8267,0.0
8268,0.0
8269,0.0
8270,0.0
8271,0.1985266308880182
8272,0.0
8273,0.09417615188598835
8274,0.06037085874527424
8275,0.0
8276,0.34894386013562156
8277,0.1076280210674964
8278,0.0
8279,0.0
8280,0.0
8281,0.18126206337709413
8282,0.07488941931773849
8283,0.16083274850507484
8284,0.0
8285,0.14165127004379177
8286,0.15661071577921537
8287,0.0
8288,0.0
8289,0.06037085874527424
8290,0.0
8291,0.15327268647349032
8292,0.0
8293,0.15097736662188338
8294,0.2669825658758503
8295,0.0
8296,0.0
8297,0.0
8298,0.0
8299,0.0
8300,0.0
8301,0.12121697077612721
8302,0.10696737996810077
8303,0.2597453332383348
8304,0.0
8305,0.24997195608266695
8306,0.18126206337709413
8307,0.0
8308,0.0
8309,0.24078662894545166
8310,0.0
8311,0.18419308028103548
8312,0.0
8313,0.0
8314,0.0
8315,0.0
8316,0.0
8317,0.0
8318,0.0
8319,0.25086048075733275
8320,0.0
8321,0.1407728093670959
8322,0.2003039587229232
8323,0.0
8324,0.0
8325,0.06338331485977905
8326,0.20169827613475827
8327,0.14507123038311817
8328,0.08866969155347358
8329,0.11610610775829489
8330,0.0
8331,0.21289711091340754
8332,0.24446834568495582
8333,0.0
8334,0.21289711091340754
8335,0.0
8336,0.0
8337,0.0
8338,0.0
8339,0.0
8340,0.0
8341,0.0
8342,0.0
8343,0.053254327730886744
8344,0.0
8345,0.2643613553052148
8346,0.05983576493880696
8347,0.28151437863762996
8348,0.08866969155347358
8349,0.03273786481208823
8350,0.06037085874527424
8351,0.0
8352,0.0
8353,0.0
8354,0.0
8355,0.2597453332383348
8356,0.0
8357,0.0
8358,0.13091636967113396
8359,0.0
8360,0.0
8361,0.0
8362,0.3418290587637047
8363,0.0
8364,0.15327268647349032
8365,0.0
8366,0.0
8367,0.1935141492021724
8368,0.0
8369,0.0
8370,0.0
8371,0.0
8372,0.1441453193272267
8373,0.0
8374,0.0
8375,0.0
8376,0.06338331485977905
8377,0.0
8378,0.16193084741907643
8379,0.2778747251525251
8380,0.2913583060108862
8381,0.061105675016998644
8382,0.18419308028103548
8383,0.0
8384,0.0
8385,0.31540692248501256
8386,0.08137457809792756
8387,0.0
8388,0.061105675016998644
8389,0.16302154980254532
8390,0.0
8391,0.0
8392,0.0
8393,0.0
8394,0.0
8395,0.1935141492021724
8396,0.30869095701191596
8397,0.16193084741907643
8398,0.0
8399,0.04048271185476901
8400,0.0
8401,0.17870206238008685
8402,0.17458888580555718
8403,0.0
8404,0.07488941931773849
8405,0.0
8406,0.08137457809792756
8407,0.162695106852587
8408,0.0
8409,0.0
8410,0.0
8411,0.0
8412,0.05940642934892269
8413,0.0
8414,0.0
8415,0.0
8416,0.0
8417,0.0
8418,0.0
8419,0.22769853919576458
8420,0.31567317132937395
8421,0.0
8422,0.0
8423,0.0
8424,0.0
8425,0.0
8426,0.0
8427,0.19637260481481347
8428,0.20818355423029902
8429,0.0
8430,0.0
8431,0.0
8432,0.14931185574376798
8433,0.06912890075044746
8434,0.0
8435,0.0
8436,0.0
8437,0.0
8438,0.0
8439,0.1678850317507979
8440,0.18725702450733642
8441,0.0
8442,0.18890068901892998
8443,0.16910427528231217
8444,0.17688950282704463
8445,0.0
8446,0.0
8447,0.0
8448,0.0
8449,0.0
8450,0.0
8451,0.0
8452,0.20544154379929216
8453,0.0
8454,0.0
8455,0.0
8456,0.0
8457,0.0
8458,0.16667655895230085
8459,0.0
8460,0.0
8461,0.28151437863762996
8462,0.0
8463,0.0
8464,0.30052237585650116
8465,0.16842367747335887
8466,0.17084961776202431
8467,0.0
8468,0.0
8469,0.0
8470,0.0
8471,0.0
8472,0.0
8473,0.0
8474,0.0
8475,0.22769853919576458
8476,0.1237409838680208
8477,0.053254327730886744
8478,0.0
8479,0.0
8480,0.0
8481,0.19812950398079218
8482,0.11039164697106156
8483,0.0
8484,0.0
8485,0.0
8486,0.0
8487,0.0
8488,0.18126206337709413
8489,0.30869095701191596
8490,0.0
8491,0.0
8492,0.19375819888687096
8493,0.0
8494,0.0
8495,0.17535412127392233
8496,0.12334252844651906
8497,0.26881514606083085
8498,0.0
8499,0.0
8500,0.0
8501,0.0
8502,0.08232880476775908
8503,0.0
8504,0.2003039587229232
8505,0.0
8506,0.0
8507,0.0
8508,0.0
8509,0.22369409993482398
8510,0.0
8511,0.25069559494167815
8512,0.1678850317507979
8513,0.10784124941749626
8514,0.0
8515,0.0
8516,0.0
8517,0.0
8518,0.09932511991592323
8519,0.0
8520,0.0
8521,0.0
8522,0.0
8523,0.0
8524,0.0
8525,0.15161507409082922
8526,0.0
8527,0.0
8528,0.0
8529,0.08866969155347358
8530,0.0
8531,0.1936294332178381
8532,0.0
8533,0.0
8534,0.0
8535,0.2415758283377919
8536,0.0
8537,0.209625659340735
8538,0.0
8539,0.0
8540,0.13475554212625052
8541,0.0
8542,0.16083274850507484
8543,0.0
8544,0.27865545631656274
8545,0.0
8546,0.0
8547,0.0
8548,0.32368654737277625
8549,0.24356728192582866
8550,0.053254327730886744
8551,0.0
8552,0.0
8553,0.0
8554,0.14507123038311817
8555,0.0
8556,0.0
8557,0.06338331485977905
8558,0.1391832672381971
8559,0.11039164697106156
8560,0.09137462593418844
8561,0.0
8562,0.0
8563,0.10824219431056739
8564,0.0
8565,0.08224106335816148
8566,0.17440834245298248
8567,0.0
8568,0.14507123038311817
8569,0.16364440925713794
8570,0.0
8571,0.0
8572,0.18419308028103548
8573,0.0
8574,0.17440834245298248
8575,0.0
8576,0.1642569154763669
8577,0.17440834245298248
8578,0.0
8579,0.0
8580,0.0
8581,0.09417615188598835
8582,0.0
8583,0.0
8584,0.0
8585,0.1985266308880182
8586,0.0
8587,0.0
8588,0.0
8589,0.0
8590,0.0
8591,0.25198821990811754
8592,0.17084961776202431
8593,0.15035441640800562
8594,0.32368654737277625
8595,0.0
8596,0.0
8597,0.2693542041365601
8598,0.0
8599,0.0
8600,0.0
8601,0.0
8602,0.0
8603,0.0
8604,0.0
8605,0.29629718276600686
8606,0.22832031410983994
8607,0.16910427528231217
8608,0.0
8609,0.0
8610,0.0
8611,0.0
8612,0.0
8613,0.0
8614,0.16193084741907643
8615,0.16910427528231217
8616,0.0
8617,0.0
8618,0.0
8619,0.0
8620,0.0
8621,0.22842090533100767
8622,0.20544154379929216
8623,0.2597453332383348
8624,0.0
8625,0.2933586021412579
8626,0.0
8627,0.0
8628,0.0
8629,0.10824219431056739
8630,0.0
8631,0.0
8632,0.0
8633,0.029175946235774297
8634,0.29042644753652
8635,0.0
8636,0.0
8637,0.0
8638,0.1604977644556054
8639,0.17440834245298248
8640,0.2584864234527465
8641,0.24446834568495582
8642,0.0783836891680611
8643,0.20623233279092462
8644,0.053254327730886744
8645,0.1642569154763669
8646,0.0
8647,0.08224106335816148
8648,0.0
8649,0.0
8650,0.2732155574746915
8651,0.0
8652,0.0
8653,0.0
8654,0.0
8655,0.0
8656,0.26437376880056207
8657,0.0
8658,0.0
8659,0.0
8660,0.0
8661,0.0
8662,0.0
8663,0.0
8664,0.0
8665,0.0
8666,0.0
8667,0.0
8668,0.2269970066611847
8669,0.1985266308880182
8670,0.0
8671,0.0
8672,0.0
8673,0.0
8674,0.0
8675,0.03273786481208823
8676,0.15669870066816421
8677,0.0
8678,0.0
8679,0.18118600698042048
8680,0.0
8681,0.18419308028103548
8682,0.0
8683,0.0
8684,0.0
8685,0.0
8686,0.21736063488764926
8687,0.0
8688,0.0
8689,0.0
8690,0.0
8691,0.06037085874527424
8692,0.19481558374183994
8693,0.0
8694,0.0
8695,0.08866969155347358
8696,0.0
8697,0.0
8698,0.27761951000771884
8699,0.0
8700,0.0
8701,0.1491403209994674
8702,0.13560522452636428
8703,0.22369409993482398
8704,0.11039164697106156
8705,0.0
8706,0.21289711091340754
8707,0.20544154379929216
8708,0.0
8709,0.27703020138059875
8710,0.22511556539507746
8711,0.0
8712,0.0
8713,0.0
8714,0.31540692248501256
8715,0.0
8716,0.2302525390101591
8717,0.30260309023903775
8718,0.0
8719,0.1475608516721421
8720,0.0
8721,0.0
8722,0.19035440682075347
8723,0.0
8724,0.20828441693602343
8725,0.23940886537012218
8726,0.0
8727,0.0
8728,0.0
8729,0.15161507409082922
8730,0.12121697077612721
8731,0.1491403209994674
8732,0.0
8733,0.13560522452636428
8734,0.22601178368601046
8735,0.0
8736,0.0
8737,0.0
8738,0.17440834245298248
8739,0.24106178127022915
8740,0.1391832672381971
8741,0.0
8742,0.0
8743,0.15161507409082922
8744,0.0
8745,0.12310283613529417
8746,0.0
8747,0.24078662894545166
8748,0.0
8749,0.0
8750,0.21293102035044686
8751,0.0
8752,0.0
8753,0.1441453193272267
8754,0.0
8755,0.053254327730886744
8756,0.0
8757,0.20828441693602343
8758,0.0
8759,0.21289711091340754
8760,0.0
8761,0.0
8762,0.0
8763,0.22141737400390096
8764,0.0
8765,0.24818007472676543
8766,0.0
8767,0.0
8768,0.0
8769,0.21736063488764926
8770,0.0
8771,0.0
8772,0.0
8773,0.0
8774,0.1491403209994674
8775,0.0
8776,0.0
8777,0.21284777845226868
8778,0.2693542041365601
8779,0.0
8780,0.2197570758333969
8781,0.0
8782,0.0
8783,0.28540438839784604
8784,0.2765488317933238
8785,0.1642569154763669
8786,0.0
8787,0.0
8788,0.05940642934892269
8789,0.0
8790,0.1948829532634549
8791,0.3676774404392297
8792,0.12688358920281706
8793,0.14165127004379177
8794,0.1678850317507979
8795,0.1717806031197266
8796,0.0
8797,0.0
8798,0.0
8799,0.24364002844391658
8800,0.0
8801,0.0
8802,0.25069559494167815
8803,0.0
8804,0.0
8805,0.18890068901892998
8806,0.24602859677056277
8807,0.0
8808,0.17535412127392233
8809,0.1642569154763669
8810,0.0
8811,0.0
8812,0.0
8813,0.0
8814,0.0
8815,0.19179026226566903
8816,0.1824134967421954
8817,0.18118600698042048
8818,0.0
8819,0.20237723895650866
8820,0.0
8821,0.0
8822,0.0
8823,0.0
8824,0.0
8825,0.3185480776676979
8826,0.2732155574746915
8827,0.0
8828,0.0
8829,0.1678850317507979
8830,0.0
8831,0.0
8832,0.06338331485977905
8833,0.15161507409082922
8834,0.0
8835,0.28669848654970287
8836,0.0
8837,0.0
8838,0.28540438839784604
8839,0.0
8840,0.0
8841,0.0
8842,0.0
8843,0.0
8844,0.0
8845,0.0
8846,0.0
8847,0.0
8848,0.0
8849,0.0
8850,0.17084961776202431
8851,0.0
8852,0.0
8853,0.0
8854,0.0
8855,0.19495366620532859
8856,0.0
8857,0.0
8858,0.0
8859,0.3360955663666015
8860,0.0
8861,0.2621398848135672
8862,0.0
8863,0.13091636967113396
8864,0.0
8865,0.15161507409082922
8866,0.2954919863080091
8867,0.0
8868,0.13431646963676921
8869,0.12310283613529417
8870,0.0
8871,0.19375819888687096
8872,0.15161507409082922
8873,0.0
8874,0.0
8875,0.0
8876,0.23544191296355893
8877,0.0
8878,0.0
8879,0.19671656517034172
8880,0.30869095701191596
8881,0.0
8882,0.1407728093670959
8883,0.0
8884,0.0
8885,0.20960374095572257
8886,0.16367248245359362
8887,0.0
8888,0.12391589835548054
8889,0.0
8890,0.0
8891,0.28151437863762996
8892,0.0
8893,0.0
8894,0.384212427047695
8895,0.0
8896,0.0
8897,0.0
8898,0.0
8899,0.0
8900,0.0
8901,0.30869095701191596
8902,0.08224106335816148
8903,0.0
8904,0.0
8905,0.0
8906,0.0
8907,0.20828441693602343
8908,0.0
8909,0.20544154379929216
8910,0.0
8911,0.0
8912,0.0
8913,0.0
8914,0.0
8915,0.1441453193272267
8916,0.0
8917,0.0
8918,0.0
8919,0.11039164697106156
8920,0.24451129848158087
8921,0.20231236502905026
8922,0.0
8923,0.0
8924,0.0
8925,0.18419308028103548
8926,0.2976100779446696
8927,0.0783836891680611
8928,0.0
8929,0.13475554212625052
8930,0.16193084741907643
8931,0.0
8932,0.0
8933,0.0
8934,0.15161507409082922
8935,0.22369409993482398
8936,0.10605537340253147
8937,0.15661071577921537
8938,0.0
8939,0.0
8940,0.15035441640800562
8941,0.0
8942,0.0
8943,0.0
8944,0.0
8945,0.053254327730886744
8946,0.30187342763948555
8947,0.0
8948,0.0
8949,0.0
8950,0.0
8951,0.0
8952,0.0
8953,0.0
8954,0.0
8955,0.0
8956,0.0
8957,0.17440834245298248
8958,0.061105675016998644
8959,0.18890068901892998
8960,0.12391589835548054
8961,0.2319707078318108
8962,0.0
8963,0.0
8964,0.20231236502905026
8965,0.0
8966,0.0
8967,0.0
8968,0.0
8969,0.0
8970,0.0
8971,0.0
8972,0.16617570113799104
8973,0.0
8974,0.0
8975,0.11039164697106156
8976,0.21473584066345003
8977,0.0
8978,0.06912890075044746
8979,0.0
8980,0.11039164697106156
8981,0.06037085874527424
8982,0.1872465090642262
8983,0.0
8984,0.0
8985,0.0
8986,0.0
8987,0.0
8988,0.0
8989,0.0
8990,0.1678850317507979
8991,0.0
8992,0.0
8993,0.200461180804922
8994,0.0
8995,0.0
8996,0.0
8997,0.0
8998,0.21284777845226868
8999,0.0
9000,0.0
9001,0.0
9002,0.0
9003,0.0
9004,0.1407728093670959
9005,0.0
9006,0.0
9007,0.0
9008,0.0
9009,0.1409545273303712
9010,0.0
9011,0.0
9012,0.0
9013,0.2937342360093128
9014,0.24602859677056277
9015,0.0
9016,0.14931185574376798
9017,0.0
9018,0.1642569154763669
9019,0.0
9020,0.0
9021,0.0
9022,0.0
9023,0.0
9024,0.15035441640800562
9025,0.0
9026,0.35061577901613034
9027,0.0
9028,0.1997132735798137
9029,0.14507123038311817
9030,0.21284777845226868
9031,0.0
9032,0.0
9033,0.0
9034,0.24356728192582866
9035,0.0
9036,0.20818355423029902
9037,0.13560522452636428
9038,0.09417615188598835
9039,0.0
9040,0.0
9041,0.14947002078299718
9042,0.0
9043,0.06338331485977905
9044,0.1997132735798137
9045,0.13091636967113396
9046,0.0
9047,0.09417615188598835
9048,0.0
9049,0.0
9050,0.3708253963164012
9051,0.0
9052,0.15669870066816421
9053,0.0
9054,0.0
9055,0.0
9056,0.0
9057,0.2580111587545765
9058,0.0
9059,0.0
9060,0.0
9061,0.18126206337709413
9062,0.21293102035044686
9063,0.2514563066847563
9064,0.0
9065,0.16367248245359362
9066,0.2669825658758503
9067,0.0
9068,0.19671656517034172
9069,0.0
9070,0.0
9071,0.3781688068756519
9072,0.1604977644556054
9073,0.20887914397156487
9074,0.0
9075,0.0
9076,0.19179026226566903
9077,0.0
9078,0.11039164697106156
9079,0.04048271185476901
9080,0.06037085874527424
9081,0.32368654737277625
9082,0.061105675016998644
9083,0.0
9084,0.0
9085,0.18419308028103548
9086,0.0
9087,0.0
9088,0.12391589835548054
9089,0.0
9090,0.10824219431056739
9091,0.0
9092,0.0
9093,0.0
9094,0.30349540125818186
9095,0.0
9096,0.1391832672381971
9097,0.0
9098,0.0
9099,0.0
9100,0.0
9101,0.0
9102,0.0
9103,0.0
9104,0.19671656517034172
9105,0.0
9106,0.17440834245298248
9107,0.24602859677056277
9108,0.0
9109,0.1475608516721421
9110,0.0
9111,0.0
9112,0.0
9113,0.28250816642247617
9114,0.1591713964896059
9115,0.0
9116,0.22812763004900435
9117,0.0
9118,0.22804130083332982
9119,0.0
9120,0.24356728192582866
9121,0.20169827613475827
9122,0.10696737996810077
9123,0.0
9124,0.0
9125,0.2669825658758503
9126,0.1591713964896059
9127,0.0
9128,0.0
9129,0.0
9130,0.0
9131,0.0
9132,0.2404320090022039
9133,0.0
9134,0.1391832672381971
9135,0.06037085874527424
9136,0.0
9137,0.0
9138,0.0
9139,0.2344781786451163
9140,0.0
9141,0.0
9142,0.25118470174490176
9143,0.0
9144,0.0
9145,0.0
9146,0.20237723895650866
9147,0.0
9148,0.0
9149,0.15035441640800562
9150,0.0
9151,0.08866969155347358
9152,0.05983576493880696
9153,0.0
9154,0.0
9155,0.0
9156,0.0
9157,0.0
9158,0.2732155574746915
9159,0.0
9160,0.0
9161,0.06037085874527424
9162,0.24013700341923655
9163,0.0
9164,0.0
9165,0.1686845736191979
9166,0.0
9167,0.0
9168,0.1604977644556054
9169,0.2491066112165542
9170,0.0
9171,0.05983576493880696
9172,0.26881514606083085
9173,0.2344781786451163
9174,0.08137457809792756
9175,0.1237409838680208
9176,0.0
9177,0.04048271185476901
9178,0.15669870066816421
9179,0.1678850317507979
9180,0.24356728192582866
9181,0.0
9182,0.0
9183,0.20169827613475827
9184,0.0
9185,0.0
9186,0.2346292853238141
9187,0.0
9188,0.0
9189,0.08866969155347358
9190,0.0
9191,0.38208999717256376
9192,0.0
9193,0.0
9194,0.22601178368601046
9195,0.200461180804922
9196,0.0
9197,0.2818988103253201
9198,0.1678850317507979
9199,0.23544191296355893
9200,0.0
9201,0.2888356157191453
9202,0.0
9203,0.0
9204,0.2597453332383348
9205,0.0
9206,0.0
9207,0.19495366620532859
9208,0.0
9209,0.0
9210,0.0
9211,0.0
9212,0.0
9213,0.0
9214,0.0
9215,0.1076280210674964
9216,0.25069559494167815
9217,0.12310283613529417
9218,0.0
9219,0.0
9220,0.0
9221,0.0
9222,0.11039164697106156
9223,0.0
9224,0.0
9225,0.1642569154763669
9226,0.0
9227,0.0
9228,0.17870206238008685
9229,0.0
9230,0.18118600698042048
9231,0.0
9232,0.0
9233,0.15327268647349032
9234,0.0
9235,0.0
9236,0.0
9237,0.1441453193272267
9238,0.0
9239,0.1391832672381971
9240,0.0
9241,0.1642569154763669
9242,0.0
9243,0.0
9244,0.2677411282445039
9245,0.1407728093670959
9246,0.0
9247,0.0
9248,0.0
9249,0.0
9250,0.09417615188598835
9251,0.0
9252,0.16995987895115094
9253,0.0
9254,0.18725702450733642
9255,0.0
9256,0.0
9257,0.2197570758333969
9258,0.0
9259,0.0
9260,0.0
9261,0.0
9262,0.0
9263,0.14165127004379177
9264,0.0
9265,0.0
9266,0.2643613553052148
9267,0.0
9268,0.05983576493880696
9269,0.3421111966521547
9270,0.17688950282704463
9271,0.0
9272,0.14931185574376798
9273,0.1642569154763669
9274,0.2515841727759676
9275,0.1828016803406914
9276,0.0
9277,0.0
9278,0.2269970066611847
9279,0.14507123038311817
9280,0.0
9281,0.0
9282,0.0
9283,0.0
9284,0.0
9285,0.0
9286,0.0
9287,0.15161507409082922
9288,0.0
9289,0.06912890075044746
9290,0.0
9291,0.0
9292,0.0
9293,0.0
9294,0.0
9295,0.15097736662188338
9296,0.0
9297,0.0
9298,0.10696737996810077
9299,0.0
9300,0.16083274850507484
9301,0.25743305414484324
9302,0.28800728059345526
9303,0.06912890075044746
9304,0.24078662894545166
9305,0.0
9306,0.24956990448990862
9307,0.0
9308,0.0
9309,0.06037085874527424
9310,0.0
9311,0.0
9312,0.0
9313,0.0
9314,0.0
9315,0.0
9316,0.16910427528231217
9317,0.09417615188598835
9318,0.23544191296355893
9319,0.06912890075044746
9320,0.0
9321,0.20169827613475827
9322,0.16995987895115094
9323,0.0
9324,0.0
9325,0.08224106335816148
9326,0.29982486590748764
9327,0.0
9328,0.0
9329,0.0
9330,0.06338331485977905
9331,0.1237409838680208
9332,0.0
9333,0.04048271185476901
9334,0.0
9335,0.20544154379929216
9336,0.0
9337,0.0
9338,0.0
9339,0.0
9340,0.0
9341,0.08137457809792756
9342,0.08866969155347358
9343,0.1407728093670959
9344,0.0
9345,0.16995987895115094
9346,0.0
9347,0.0
9348,0.0
9349,0.0
9350,0.0
9351,0.26365779876961465
9352,0.11039164697106156
9353,0.0
9354,0.0
9355,0.1935141492021724
9356,0.0
9357,0.20613046597232376
9358,0.0
9359,0.0
9360,0.17458888580555718
9361,0.10784124941749626
9362,0.15661071577921537
9363,0.0
9364,0.19671656517034172
9365,0.0
9366,0.0
9367,0.0
9368,0.0
9369,0.0
9370,0.18126206337709413
9371,0.0
9372,0.17260393011605457
9373,0.12391589835548054
9374,0.0
9375,0.0
9376,0.0
9377,0.0
9378,0.2346292853238141
9379,0.1391832672381971
9380,0.288405815579269
9381,0.0
9382,0.0
9383,0.0
9384,0.0
9385,0.0
9386,0.2515841727759676
9387,0.0
9388,0.0
9389,0.0
9390,0.07488941931773849
9391,0.0
9392,0.0
9393,0.0
9394,0.0
9395,0.06037085874527424
9396,0.19728295503291782
9397,0.0
9398,0.0
9399,0.0
9400,0.2847067259232999
9401,0.2765488317933238
9402,0.0
9403,0.20169827613475827
9404,0.22292403529698698
9405,0.15161507409082922
9406,0.19179026226566903
9407,0.0
9408,0.0
9409,0.0
9410,0.0
9411,0.0
9412,0.20169827613475827
9413,0.0
9414,0.0
9415,0.16667655895230085
9416,0.0
9417,0.0
9418,0.0
9419,0.18419308028103548
9420,0.1723641993247719
9421,0.0
9422,0.1824134967421954
9423,0.0
9424,0.0
9425,0.18419308028103548
9426,0.0
9427,0.0
9428,0.1935141492021724
9429,0.0
9430,0.0
9431,0.0
9432,0.0
9433,0.20818355423029902
9434,0.0
9435,0.0
9436,0.0
9437,0.0
9438,0.2693542041365601
9439,0.18419308028103548
9440,0.0
9441,0.2761854716772036
9442,0.1591713964896059
9443,0.0
9444,0.17688950282704463
9445,0.0
9446,0.0
9447,0.0
9448,0.06037085874527424
9449,0.17440834245298248
9450,0.0
9451,0.0
9452,0.31704867875477083
9453,0.0
9454,0.1604977644556054
9455,0.0
9456,0.23264878022490618
9457,0.28866968410834815
9458,0.0
9459,0.2883443632612348
9460,0.26685223982762557
9461,0.298075051164233
9462,0.3522983939302502
9463,0.0
9464,0.14154002169070307
9465,0.16842367747335887
9466,0.19728295503291782
9467,0.0
9468,0.2639563556274243
9469,0.0
9470,0.0
9471,0.0
9472,0.209625659340735
9473,0.18831605974564336
9474,0.0
9475,0.0
9476,0.14931185574376798
9477,0.1678850317507979
9478,0.0
9479,0.16364440925713794
9480,0.13431646963676921
9481,0.0
9482,0.0
9483,0.0
9484,0.0
9485,0.21289711091340754
9486,0.0
9487,0.0
9488,0.05983576493880696
9489,0.0
9490,0.03273786481208823
9491,0.0
9492,0.0
9493,0.185088867179981
9494,0.0
9495,0.0
9496,0.05983576493880696
9497,0.0
9498,0.0
9499,0.0
9500,0.25086048075733275
9501,0.15775069166771835
9502,0.13091636967113396
9503,0.0
9504,0.24356728192582866
9505,0.0
9506,0.0
9507,0.0
9508,0.0
9509,0.0
9510,0.30460280474377704
9511,0.0
9512,0.3419212110193067
9513,0.16193084741907643
9514,0.0
9515,0.0
9516,0.0
9517,0.0
9518,0.1491403209994674
9519,0.1828016803406914
9520,0.25773627509571456
9521,0.2855768139779452
9522,0.0
9523,0.0
9524,0.0
9525,0.0
9526,0.0
9527,0.16302154980254532
9528,0.0
9529,0.0
9530,0.20818355423029902
9531,0.0
9532,0.04048271185476901
9533,0.0
9534,0.0
9535,0.0
9536,0.0
9537,0.17260393011605457
9538,0.20231236502905026
9539,0.0
9540,0.0
9541,0.17440834245298248
9542,0.0
9543,0.0
9544,0.22369409993482398
9545,0.0
9546,0.19728295503291782
9547,0.0
9548,0.0
9549,0.0
9550,0.0
9551,0.20818355423029902
9552,0.0
9553,0.0
9554,0.18616376278683447
9555,0.0
9556,0.0
9557,0.17688950282704463
9558,0.18616376278683447
9559,0.0
9560,0.0
9561,0.0
9562,0.05983576493880696
9563,0.1491403209994674
9564,0.19671656517034172
9565,0.15161507409082922
9566,0.053254327730886744
9567,0.10605537340253147
9568,0.23422051311163025
9569,0.2831973394736776
9570,0.0
9571,0.0
9572,0.31214166230787127
9573,0.0
9574,0.1717806031197266
9575,0.0783836891680611
9576,0.3356050424098759
9577,0.24106178127022915
9578,0.0
9579,0.20231236502905026
9580,0.1824134967421954
9581,0.0
9582,0.0
9583,0.10696737996810077
9584,0.0
9585,0.18419308028103548
9586,0.2584864234527465
9587,0.0
9588,0.0
9589,0.07488941931773849
9590,0.0
9591,0.0
9592,0.24078662894545166
9593,0.0
9594,0.0
9595,0.0
9596,0.2514563066847563
9597,0.0
9598,0.11610610775829489
9599,0.0
9600,0.0
9601,0.0
9602,0.14931185574376798
9603,0.0
9604,0.0
9605,0.0
9606,0.39147741713805256
9607,0.0
9608,0.0
9609,0.0
9610,0.22369409993482398
9611,0.0
9612,0.0
9613,0.11039164697106156
9614,0.1591713964896059
9615,0.14507123038311817
9616,0.0
9617,0.0
9618,0.0
9619,0.0
9620,0.0
9621,0.0
9622,0.25086048075733275
9623,0.0
9624,0.18118600698042048
9625,0.0
9626,0.14947002078299718
9627,0.2902026276566479
9628,0.2722336556055465
9629,0.1591713964896059
9630,0.0
9631,0.0
9632,0.0
9633,0.0
9634,0.0
9635,0.0
9636,0.0
9637,0.2491066112165542
9638,0.3473602708397138
9639,0.0
9640,0.288405815579269
9641,0.2984161575847628
9642,0.20613046597232376
9643,0.0
9644,0.18419308028103548
9645,0.08866969155347358
9646,0.0
9647,0.0
9648,0.1935141492021724
9649,0.12391589835548054
9650,0.0
9651,0.0
9652,0.1935141492021724
9653,0.0
9654,0.0
9655,0.0
9656,0.0
9657,0.053254327730886744
9658,0.24364002844391658
9659,0.19916038685005538
9660,0.0
9661,0.0
9662,0.0
9663,0.0
9664,0.0
9665,0.05940642934892269
9666,0.0
9667,0.25773627509571456
9668,0.0
9669,0.0
9670,0.0
9671,0.0
9672,0.1591713964896059
9673,0.16193084741907643
9674,0.0
9675,0.29631047341644223
9676,0.20960374095572257
9677,0.0
9678,0.0
9679,0.0
9680,0.0
9681,0.2577973856830755
9682,0.15661071577921537
9683,0.0
9684,0.0
9685,0.0
9686,0.0
9687,0.21761413459518858
9688,0.0
9689,0.22832031410983994
9690,0.0
9691,0.0
9692,0.0
9693,0.0
9694,0.0
9695,0.16193084741907643
9696,0.0
9697,0.0
9698,0.0783836891680611
9699,0.07488941931773849
9700,0.16364440925713794
9701,0.0
9702,0.07488941931773849
9703,0.1391832672381971
9704,0.0
9705,0.26365779876961465
9706,0.0
9707,0.0
9708,0.0
9709,0.21473584066345003
9710,0.0
9711,0.0
9712,0.185088867179981
9713,0.4083234261563966
9714,0.029175946235774297
9715,0.1936294332178381
9716,0.0
9717,0.0
9718,0.0
9719,0.13091636967113396
9720,0.1997132735798137
9721,0.0
9722,0.0
9723,0.0
9724,0.0
9725,0.0
9726,0.0
9727,0.0
9728,0.0
9729,0.09932511991592323
9730,0.05983576493880696
9731,0.0
9732,0.0
9733,0.20237723895650866
9734,0.05940642934892269
9735,0.19375819888687096
9736,0.0
9737,0.0
9738,0.185088867179981
9739,0.0
9740,0.0
9741,0.0
9742,0.31381514324264936
9743,0.10784124941749626
9744,0.0
9745,0.0
9746,0.0
9747,0.0
9748,0.0
9749,0.0
9750,0.0
9751,0.0
9752,0.0
9753,0.2913402837918716
9754,0.0
9755,0.0
9756,0.23544191296355893
9757,0.0
9758,0.0
9759,0.0
9760,0.23264878022490618
9761,0.2722336556055465
9762,0.1681545702911706
9763,0.13091636967113396
9764,0.0
9765,0.24181480015653214
9766,0.18284117131430494
9767,0.0
9768,0.12391589835548054
9769,0.0
9770,0.0
9771,0.13091636967113396
9772,0.32739027604469456
9773,0.3485222732070542
9774,0.0
9775,0.0
9776,0.0
9777,0.0
9778,0.0
9779,0.06912890075044746
9780,0.0
9781,0.09417615188598835
9782,0.09932511991592323
9783,0.0
9784,0.0
9785,0.0
9786,0.20818355423029902
9787,0.0
9788,0.12391589835548054
9789,0.0
9790,0.0
9791,0.0
9792,0.0
9793,0.11039164697106156
9794,0.0
9795,0.19812950398079218
9796,0.15327268647349032
9797,0.0
9798,0.24106178127022915
9799,0.0
9800,0.21284777845226868
9801,0.11039164697106156
9802,0.0
9803,0.0
9804,0.0
9805,0.2896321238541581
9806,0.053254327730886744
9807,0.0
9808,0.2515841727759676
9809,0.0
9810,0.18831605974564336
9811,0.0
9812,0.1237409838680208
9813,0.0
9814,0.0
9815,0.19009562969998933
9816,0.0
9817,0.19179026226566903
9818,0.24820916397987713
9819,0.209625659340735
9820,0.19671656517034172
9821,0.0
9822,0.0
9823,0.0
9824,0.26565419338592455
9825,0.0
9826,0.0
9827,0.0
9828,0.1052540032097223
9829,0.25884166538151726
9830,0.20169827613475827
9831,0.06912890075044746
9832,0.0
9833,0.1723641993247719
9834,0.04048271185476901
9835,0.0
9836,0.26198710866726505
9837,0.0
9838,0.0
9839,0.1642569154763669
9840,0.0
9841,0.12688358920281706
9842,0.19637260481481347
9843,0.0
9844,0.16083274850507484
9845,0.0
9846,0.1591713964896059
9847,0.0
9848,0.0
9849,0.0
9850,0.1237409838680208
9851,0.0
9852,0.0
9853,0.0
9854,0.21189589002687026
9855,0.0
9856,0.25069559494167815
9857,0.1936294332178381
9858,0.0
9859,0.0
9860,0.0
9861,0.2593508404995039
9862,0.2765488317933238
9863,0.3083463168718485
9864,0.0
9865,0.0
9866,0.16302154980254532
9867,0.0
9868,0.1678850317507979
9869,0.0
9870,0.0
9871,0.0
9872,0.0
9873,0.0
9874,0.0
9875,0.2546311194199949
9876,0.25731574692799875
9877,0.0
9878,0.0
9879,0.0
9880,0.0
9881,0.06912890075044746
9882,0.0
9883,0.21262564073418433
9884,0.0
9885,0.12688358920281706
9886,0.0
9887,0.0
9888,0.0
9889,0.06912890075044746
9890,0.0
9891,0.24078662894545166
9892,0.2111418586910996
9893,0.0
9894,0.0
9895,0.0
9896,0.16842367747335887
9897,0.1407728093670959
9898,0.18831605974564336
9899,0.0
9900,0.15035441640800562
9901,0.0
9902,0.0
9903,0.0
9904,0.0
9905,0.11039164697106156
9906,0.0
9907,0.0
9908,0.0
9909,0.17535412127392233
9910,0.13091636967113396
9911,0.21736063488764926
9912,0.05983576493880696
9913,0.24602859677056277
9914,0.0
9915,0.0
9916,0.20887914397156487
9917,0.0
9918,0.0
9919,0.0
9920,0.0
9921,0.3345453318945085
9922,0.185088867179981
9923,0.1686845736191979
9924,0.21736063488764926
9925,0.0
9926,0.0
9927,0.1686845736191979
9928,0.07488941931773849
9929,0.17440834245298248
9930,0.11610610775829489
9931,0.09417615188598835
9932,0.0
9933,0.029175946235774297
9934,0.0
9935,0.0
9936,0.0
9937,0.0
9938,0.0
9939,0.06912890075044746
9940,0.0
9941,0.0
9942,0.0
9943,0.0
9944,0.0
9945,0.0
9946,0.17688950282704463
9947,0.061105675016998644
9948,0.0
9949,0.0
9950,0.0
9951,0.13091636967113396
9952,0.0
9953,0.0
9954,0.0
9955,0.0
9956,0.0
9957,0.0
9958,0.1441453193272267
9959,0.08232880476775908
9960,0.0
9961,0.1052540032097223
9962,0.0
9963,0.0
9964,0.0
9965,0.12121697077612721
9966,0.12121697077612721
9967,0.0
9968,0.0
9969,0.2197570758333969
9970,0.0
9971,0.0
9972,0.0
9973,0.0
9974,0.0
9975,0.0
9976,0.0
9977,0.0
9978,0.1409545273303712
9979,0.32355877590859805
9980,0.0
9981,0.24078662894545166
9982,0.26881514606083085
9983,0.10824219431056739
9984,0.0
9985,0.0
9986,0.1391832672381971
9987,0.0
9988,0.0
9989,0.0
9990,0.0
9991,0.17688950282704463
9992,0.20231236502905026
9993,0.0
9994,0.25773627509571456
9995,0.0
9996,0.23077075494337468
9997,0.19671656517034172
9998,0.0
9999,0.0
10000,0.11610610775829489
