iteration,permuted_ari,permuted_nmi
1,-2.185123678000175e-05,0.03376119102789707
2,-0.0637400576872651,0.02257711911617959
3,-0.06020015732890482,0.027488396528278405
4,0.04009701949130321,0.019476823953184143
5,-0.011821519097980945,0.047050008069855834
6,-0.02362118695918189,0.020818266115085225
7,-0.030700987675902455,0.06001988572635607
8,-0.015361419456341228,0.06011659544544622
9,-0.017721353028581417,0.018280218350304297
10,-0.0012018180229000962,0.021558514744455123
11,-0.0637400576872651,0.02257711911617959
12,0.0424569530635434,0.04585442705383744
13,0.08021589021938642,0.03314949003641033
14,-0.02362118695918189,0.020818266115085225
15,-0.07671969233458614,0.05986481418176755
16,0.04717682020802377,0.011878200874216415
17,0.08729569093610698,0.07419006443777662
18,-0.0637400576872651,0.02257711911617959
19,-0.0012018180229000962,0.021558514744455123
20,-0.08969932698190718,0.05303339247585811
21,0.07903592343326632,0.034823626709042814
22,0.023577484485621886,0.04479329533758319
23,0.07549602307490604,0.04789021408463321
24,0.051896687352504155,0.04822765670115532
25,0.00587798269382047,0.013959891665487395
26,0.09909535879730792,0.05892231839431933
27,-0.06020015732890482,0.027488396528278405
28,-0.11211869591818897,0.06596311576007431
29,-0.055480290184424436,0.044350669012358644
30,0.004698015907700376,0.019020466979674192
31,0.004698015907700376,0.019020466979674192
32,-0.02362118695918189,0.020818266115085225
33,-0.054300323398304345,0.024950348763497478
34,-0.0012018180229000962,0.021558514744455123
35,0.07549602307490604,0.04789021408463321
36,-0.033060921248142645,0.018445036467767337
37,-0.02362118695918189,0.020818266115085225
38,0.04717682020802377,0.011878200874216415
39,-0.02598112053142208,0.045279161678133194
40,0.00587798269382047,0.013959891665487395
41,-0.07671969233458614,0.05986481418176755
42,-0.027161087317542174,0.03388485349067562
43,0.0412769862774233,0.031679500236626086
44,-0.009461585525740756,0.07804822985941466
45,-0.03424088803426274,0.023505611781954136
46,0.03655711913294293,0.03254341132877454
47,-0.027161087317542174,0.01590698870298641
48,0.04009701949130321,0.019476823953184143
49,0.08021589021938642,0.03314949003641033
50,-0.054300323398304345,0.024950348763497478
51,0.00587798269382047,0.07618459629946135
52,-0.027161087317542174,0.01590698870298641
53,-0.03424088803426274,0.023505611781954136
54,0.0837557905777467,0.020082902660819937
55,-0.054300323398304345,0.024950348763497478
56,0.0424569530635434,0.04585442705383744
57,-0.03424088803426274,0.023505611781954136
58,-0.062560090901145,0.05194929209132637
59,0.002338082335460187,0.02702647904107779
60,-0.02598112053142208,0.045279161678133194
61,0.051896687352504155,0.04822765670115532
62,0.00587798269382047,0.013959891665487395
63,-0.0637400576872651,0.02257711911617959
64,0.010597849838300848,0.050309347492426305
65,0.014137750196661131,0.0424200656902653
66,-0.03424088803426274,0.023505611781954136
67,0.04009701949130321,0.019476823953184143
68,0.004698015907700376,0.019020466979674192
69,0.03537715234682283,0.03421754800140702
70,-0.08261952626518661,0.062402861946548475
71,-0.08261952626518661,0.062402861946548475
72,0.011777816624420942,0.011421843900706467
73,-0.062560090901145,0.05194929209132637
74,0.011777816624420942,0.029399708688395677
75,-0.033060921248142645,0.018445036467767337
76,0.04363691984966349,0.02494478824980681
77,0.12269469451970981,0.05915070789821623
78,-0.055480290184424436,0.044350669012358644
79,-0.0637400576872651,0.02257711911617959
80,0.04953675378026396,0.053453050132805144
81,-0.06020015732890482,0.027488396528278405
82,-0.054300323398304345,0.024950348763497478
83,0.004698015907700376,0.019020466979674192
84,0.025937418057862077,0.08662967243272511
85,-0.0012018180229000962,0.021558514744455123
86,-0.06020015732890482,0.027488396528278405
87,0.12505462809195,0.038500852522831
88,0.004698015907700376,0.019020466979674192
89,0.029477318416222358,0.07356308505713473
90,-0.03424088803426274,0.023505611781954136
91,-0.027161087317542174,0.01590698870298641
92,-0.02362118695918189,0.020818266115085225
93,0.03537715234682283,0.03421754800140702
94,-0.0012018180229000962,0.021558514744455123
95,0.053076654138624245,0.027318017897124697
96,-0.054300323398304345,0.024950348763497478
97,0.00587798269382047,0.013959891665487395
98,-0.02362118695918189,0.020818266115085225
99,0.13331439559479066,0.07786729025156482
100,0.09555545843894764,0.08505735062999978
101,0.053076654138624245,0.027318017897124697
102,-0.0637400576872651,0.02257711911617959
103,-0.08261952626518661,0.062402861946548475
104,0.014137750196661131,0.0424200656902653
105,-0.055480290184424436,0.044350669012358644
106,0.010597849838300848,0.050309347492426305
107,0.04953675378026396,0.04287642266377525
108,0.00587798269382047,0.013959891665487395
109,-0.06020015732890482,0.027488396528278405
110,-0.015361419456341228,0.049278440139863135
111,0.12741456166419018,0.06949907431238984
112,-0.05194038982606416,0.0667867258586394
113,-0.0637400576872651,0.02257711911617959
114,-0.02362118695918189,0.020818266115085225
115,-0.055480290184424436,0.044350669012358644
116,-0.0012018180229000962,0.021558514744455123
117,0.04599685342190368,0.016938776188403212
118,-0.054300323398304345,0.024950348763497478
119,0.015317716982781225,0.01633312131280528
120,0.07903592343326632,0.034823626709042814
121,-0.017721353028581417,0.018280218350304297
122,0.08611572414998689,0.05108112445037876
123,0.002338082335460187,0.02702647904107779
124,-0.06020015732890482,0.027488396528278405
125,-0.033060921248142645,0.018445036467767337
126,0.03537715234682283,0.03421754800140702
127,0.051896687352504155,0.08445127192236399
128,0.04599685342190368,0.016938776188403212
129,0.00823791626606066,0.05553474092407613
130,0.004698015907700376,0.019020466979674192
131,-0.08969932698190718,0.05303339247585811
132,-0.06020015732890482,0.027488396528278405
133,0.04363691984966349,0.02494478824980681
134,-0.0012018180229000962,0.021558514744455123
135,0.06723625557206538,0.08454798164145413
136,0.0412769862774233,0.031679500236626086
137,0.07903592343326632,0.05405912884044096
138,0.04009701949130321,0.019476823953184143
139,-0.027161087317542174,0.01590698870298641
140,-0.06020015732890482,0.027488396528278405
141,0.00587798269382047,0.013959891665487395
142,0.00587798269382047,0.013959891665487395
143,-0.046040555895463686,0.04672389865967653
144,0.004698015907700376,0.019020466979674192
145,-0.027161087317542174,0.01590698870298641
146,-0.02362118695918189,0.020818266115085225
147,0.04363691984966349,0.02494478824980681
148,-0.027161087317542174,0.01590698870298641
149,0.08965562450834717,0.05654908874700145
150,0.04009701949130321,0.019476823953184143
151,0.10145529236954812,0.07194267539618895
152,0.011777816624420942,0.029399708688395677
153,0.0424569530635434,0.04585442705383744
154,0.09319552486670746,0.04348250137141105
155,0.015317716982781225,0.01633312131280528
156,-0.08969932698190718,0.05303339247585811
157,0.04009701949130321,0.019476823953184143
158,-0.05194038982606416,0.0667867258586394
159,0.09673542522506774,0.11053952026471554
160,-0.054300323398304345,0.024950348763497478
161,0.08965562450834717,0.05654908874700145
162,-0.0012018180229000962,0.021558514744455123
163,-0.0012018180229000962,0.021558514744455123
164,0.014137750196661131,0.0424200656902653
165,0.00587798269382047,0.013959891665487395
166,0.015317716982781225,0.07179223866541208
167,0.015317716982781225,0.01633312131280528
168,0.03655711913294293,0.03254341132877454
169,-0.11211869591818897,0.06596311576007431
170,0.03655711913294293,0.03254341132877454
171,0.04009701949130321,0.019476823953184143
172,0.07549602307490604,0.04789021408463321
173,0.08021589021938642,0.03314949003641033
174,0.015317716982781225,0.01633312131280528
175,-0.055480290184424436,0.044350669012358644
176,0.014137750196661131,0.0424200656902653
177,-0.0012018180229000962,0.021558514744455123
178,0.04009701949130321,0.019476823953184143
179,0.014137750196661131,0.0424200656902653
180,0.08021589021938642,0.03314949003641033
181,0.13331439559479066,0.07786729025156482
182,0.06723625557206538,0.08454798164145413
183,-0.062560090901145,0.05194929209132637
184,0.002338082335460187,0.02702647904107779
185,0.17933310025347435,0.12085518833665775
186,-0.02362118695918189,0.020818266115085225
187,-0.06020015732890482,0.027488396528278405
188,-0.027161087317542174,0.01590698870298641
189,0.05543658771086443,0.058316239686683535
190,0.04835678699414387,0.04793699797796205
191,0.00587798269382047,0.013959891665487395
192,0.09791539201118783,0.07983195719834996
193,0.04009701949130321,0.019476823953184143
194,0.04363691984966349,0.02494478824980681
195,-0.03424088803426274,0.023505611781954136
196,0.004698015907700376,0.019020466979674192
197,-0.02598112053142208,0.045279161678133194
198,-0.02598112053142208,0.045279161678133194
199,0.04009701949130321,0.019476823953184143
200,0.004698015907700376,0.019020466979674192
201,-0.06020015732890482,0.027488396528278405
202,0.011777816624420942,0.029399708688395677
203,-0.02598112053142208,0.045279161678133194
204,0.00587798269382047,0.013959891665487395
205,0.04363691984966349,0.02494478824980681
206,-0.02598112053142208,0.045279161678133194
207,0.0825758237916266,0.052935434319647104
208,-0.062560090901145,0.05194929209132637
209,0.002338082335460187,0.02702647904107779
210,0.004698015907700376,0.019020466979674192
211,-0.054300323398304345,0.024950348763497478
212,0.004698015907700376,0.019020466979674192
213,-0.06020015732890482,0.027488396528278405
214,-0.033060921248142645,0.018445036467767337
215,0.07903592343326632,0.05405912884044096
216,-0.07671969233458614,0.05986481418176755
217,0.05543658771086443,0.04033837489899432
218,0.022397517699501792,0.06419361558644436
219,0.0849357573638668,0.032285578944261886
220,-0.027161087317542174,0.03388485349067562
221,0.00587798269382047,0.013959891665487395
222,0.04363691984966349,0.02494478824980681
223,-0.055480290184424436,0.044350669012358644
224,-0.017721353028581417,0.018280218350304297
225,0.1262345948780701,0.036826715850198526
226,-0.08851936019578709,0.03363307222699694
227,-0.0637400576872651,0.02257711911617959
228,-0.048400489467703874,0.05372013848304901
229,0.04953675378026396,0.04287642266377525
230,0.00587798269382047,0.013959891665487395
231,0.00587798269382047,0.013959891665487395
232,0.08611572414998689,0.04646050576147323
233,-0.017721353028581417,0.018280218350304297
234,-0.062560090901145,0.05194929209132637
235,0.13095446202255048,0.08761088192299414
236,0.04009701949130321,0.019476823953184143
237,0.06723625557206538,0.08454798164145413
238,0.00823791626606066,0.05553474092407613
239,0.002338082335460187,0.02702647904107779
240,-0.01890131981470151,0.03768053859916547
241,0.00587798269382047,0.013959891665487395
242,-0.033060921248142645,0.018445036467767337
243,-0.01890131981470151,0.03768053859916547
244,-0.08851936019578709,0.03363307222699694
245,-0.009461585525740756,0.07804822985941466
246,-0.0425006555371034,0.05118209071826808
247,-0.03424088803426274,0.023505611781954136
248,-0.030700987675902455,0.06001988572635607
249,-0.055480290184424436,0.044350669012358644
250,-0.054300323398304345,0.024950348763497478
251,0.07549602307490604,0.04789021408463321
252,0.0825758237916266,0.052935434319647104
253,0.04009701949130321,0.019476823953184143
254,0.13095446202255048,0.08761088192299414
255,0.04363691984966349,0.02494478824980681
256,0.00587798269382047,0.013959891665487395
257,-0.054300323398304345,0.024950348763497478
258,0.011777816624420942,0.029399708688395677
259,-0.015361419456341228,0.06011659544544622
260,-0.08969932698190718,0.05303339247585811
261,0.09319552486670746,0.04348250137141105
262,0.011777816624420942,0.029399708688395677
263,-0.027161087317542174,0.01590698870298641
264,-0.033060921248142645,0.018445036467767337
265,0.017677650555021414,0.047331343102364115
266,0.04953675378026396,0.04287642266377525
267,0.03537715234682283,0.03421754800140702
268,0.004698015907700376,0.019020466979674192
269,0.0424569530635434,0.04585442705383744
270,-0.08025959269294643,0.055406622123176
271,-0.033060921248142645,0.018445036467767337
272,-0.06020015732890482,0.027488396528278405
273,-0.033060921248142645,0.018445036467767337
274,-0.03188095446202255,0.10395386240400596
275,0.004698015907700376,0.019020466979674192
276,0.015317716982781225,0.01633312131280528
277,0.022397517699501792,0.06419361558644436
278,-0.055480290184424436,0.044350669012358644
279,-0.03424088803426274,0.023505611781954136
280,-0.033060921248142645,0.018445036467767337
281,-0.0637400576872651,0.02257711911617959
282,-0.055480290184424436,0.044350669012358644
283,-0.054300323398304345,0.024950348763497478
284,-0.055480290184424436,0.044350669012358644
285,0.011777816624420942,0.029399708688395677
286,-0.06020015732890482,0.027488396528278405
287,0.015317716982781225,0.01633312131280528
288,0.0412769862774233,0.031679500236626086
289,-0.054300323398304345,0.024950348763497478
290,0.09909535879730792,0.05892231839431933
291,-0.017721353028581417,0.018280218350304297
292,0.08611572414998689,0.05108112445037876
293,0.002338082335460187,0.02702647904107779
294,-0.10857879555982869,0.07042130781866587
295,-0.08261952626518661,0.062402861946548475
296,0.0412769862774233,0.031679500236626086
297,0.04009701949130321,0.019476823953184143
298,0.04953675378026396,0.04287642266377525
299,-0.01890131981470151,0.03768053859916547
300,-0.027161087317542174,0.01590698870298641
301,-0.015361419456341228,0.049278440139863135
302,-0.08025959269294643,0.055406622123176
303,0.00587798269382047,0.013959891665487395
304,0.03773708591906302,0.10202325908191263
305,0.0424569530635434,0.04585442705383744
306,-0.055480290184424436,0.044350669012358644
307,-0.062560090901145,0.05194929209132637
308,0.0825758237916266,0.052935434319647104
309,0.051896687352504155,0.04822765670115532
310,0.04953675378026396,0.04287642266377525
311,0.00587798269382047,0.013959891665487395
312,-0.08851936019578709,0.03363307222699694
313,0.13213442880867057,0.05013773157526143
314,0.011777816624420942,0.029399708688395677
315,-0.054300323398304345,0.024950348763497478
316,0.1262345948780701,0.036826715850198526
317,0.004698015907700376,0.019020466979674192
318,0.002338082335460187,0.02702647904107779
319,-0.054300323398304345,0.024950348763497478
320,-0.027161087317542174,0.01590698870298641
321,0.08021589021938642,0.03314949003641033
322,0.08611572414998689,0.04646050576147323
323,-0.06845992483174548,0.0816383640779466
324,0.012957783410541037,0.040794016875853246
325,0.017677650555021414,0.047331343102364115
326,0.04009701949130321,0.019476823953184143
327,0.10971505987238878,0.10606369915312057
328,-0.0637400576872651,0.02257711911617959
329,0.053076654138624245,0.027318017897124697
330,0.00587798269382047,0.013959891665487395
331,0.09555545843894764,0.08505735062999978
332,-0.027161087317542174,0.01590698870298641
333,0.08611572414998689,0.04646050576147323
334,-0.016541386242461324,0.0686787603887243
335,0.00823791626606066,0.05553474092407613
336,-0.015361419456341228,0.06011659544544622
337,0.08611572414998689,0.04646050576147323
338,-0.054300323398304345,0.024950348763497478
339,-0.0637400576872651,0.02257711911617959
340,0.00587798269382047,0.013959891665487395
341,0.03655711913294293,0.03254341132877454
342,0.09201555808058737,0.04854307668559785
343,0.011777816624420942,0.029399708688395677
344,-0.0012018180229000962,0.021558514744455123
345,-0.003561751595140285,0.07551018209463374
346,0.08611572414998689,0.04646050576147323
347,-0.08969932698190718,0.05303339247585811
348,0.03537715234682283,0.03421754800140702
349,0.07903592343326632,0.034823626709042814
350,-0.027161087317542174,0.03388485349067562
351,0.00587798269382047,0.013959891665487395
352,0.011777816624420942,0.011421843900706467
353,-0.10031902805698803,0.09219485771484492
354,-0.030700987675902455,0.06001988572635607
355,0.12269469451970981,0.05915070789821623
356,-0.08969932698190718,0.05303339247585811
357,-0.05194038982606416,0.0667867258586394
358,-0.054300323398304345,0.024950348763497478
359,0.004698015907700376,0.019020466979674192
360,0.00587798269382047,0.013959891665487395
361,-0.048400489467703874,0.05372013848304901
362,-0.015361419456341228,0.06011659544544622
363,-0.027161087317542174,0.01590698870298641
364,0.04009701949130321,0.019476823953184143
365,-0.11211869591818897,0.06596311576007431
366,-0.054300323398304345,0.024950348763497478
367,-0.033060921248142645,0.018445036467767337
368,-0.07671969233458614,0.05986481418176755
369,-0.02362118695918189,0.020818266115085225
370,-0.033060921248142645,0.018445036467767337
371,0.023577484485621886,0.04479329533758319
372,0.04009701949130321,0.019476823953184143
373,-0.054300323398304345,0.024950348763497478
374,-0.02362118695918189,0.020818266115085225
375,-0.08025959269294643,0.055406622123176
376,-0.054300323398304345,0.024950348763497478
377,-0.10857879555982869,0.07042130781866587
378,-0.0637400576872651,0.02257711911617959
379,0.053076654138624245,0.027318017897124697
380,0.07903592343326632,0.05405912884044096
381,0.00823791626606066,0.05553474092407613
382,-0.027161087317542174,0.01590698870298641
383,0.05897648806922472,0.04524965231109314
384,-0.02362118695918189,0.020818266115085225
385,-0.0012018180229000962,0.021558514744455123
386,0.04363691984966349,0.02494478824980681
387,-0.054300323398304345,0.024950348763497478
388,0.011777816624420942,0.011421843900706467
389,0.04009701949130321,0.019476823953184143
390,0.00587798269382047,0.013959891665487395
391,-0.027161087317542174,0.01590698870298641
392,0.07903592343326632,0.05405912884044096
393,0.038917052705183114,0.05232935561201131
394,0.03655711913294293,0.03254341132877454
395,0.12741456166419018,0.06949907431238984
396,-0.027161087317542174,0.01590698870298641
397,-0.08969932698190718,0.05303339247585811
398,-0.08851936019578709,0.03363307222699694
399,0.13567432916703084,0.06022631456078964
400,-0.0012018180229000962,0.021558514744455123
401,-0.033060921248142645,0.018445036467767337
402,-0.017721353028581417,0.018280218350304297
403,-0.055480290184424436,0.044350669012358644
404,0.011777816624420942,0.029399708688395677
405,0.04599685342190368,0.016938776188403212
406,-0.011821519097980945,0.047050008069855834
407,-0.027161087317542174,0.01590698870298641
408,0.04009701949130321,0.019476823953184143
409,0.07903592343326632,0.034823626709042814
410,0.04363691984966349,0.02494478824980681
411,-0.0637400576872651,0.02257711911617959
412,-0.0012018180229000962,0.021558514744455123
413,-0.04368062232322349,0.07772212044923536
414,0.11325496023074906,0.11615228213864877
415,0.04599685342190368,0.016938776188403212
416,-0.027161087317542174,0.01590698870298641
417,0.010597849838300848,0.050309347492426305
418,-0.033060921248142645,0.018445036467767337
419,0.04009701949130321,0.019476823953184143
420,0.09909535879730792,0.05892231839431933
421,-0.08969932698190718,0.05303339247585811
422,-0.054300323398304345,0.024950348763497478
423,0.03655711913294293,0.03254341132877454
424,-0.054300323398304345,0.024950348763497478
425,-0.015361419456341228,0.06011659544544622
426,-0.03424088803426274,0.023505611781954136
427,-0.027161087317542174,0.03388485349067562
428,-0.08261952626518661,0.062402861946548475
429,0.00587798269382047,0.013959891665487395
430,-0.062560090901145,0.05194929209132637
431,-0.033060921248142645,0.018445036467767337
432,0.0825758237916266,0.052935434319647104
433,-0.10031902805698803,0.09219485771484492
434,-0.0012018180229000962,0.021558514744455123
435,-0.017721353028581417,0.018280218350304297
436,-0.054300323398304345,0.024950348763497478
437,0.07667598986102614,0.05547348208442803
438,-0.02362118695918189,0.020818266115085225
439,-0.054300323398304345,0.024950348763497478
440,-0.033060921248142645,0.018445036467767337
441,0.04363691984966349,0.02494478824980681
442,0.011777816624420942,0.029399708688395677
443,0.014137750196661131,0.0424200656902653
444,-0.030700987675902455,0.06001988572635607
445,0.08965562450834717,0.05654908874700145
446,-0.027161087317542174,0.03388485349067562
447,0.09201555808058737,0.04854307668559785
448,0.00823791626606066,0.05553474092407613
449,0.023577484485621886,0.05563145064316628
450,-0.0012018180229000962,0.021558514744455123
451,0.04009701949130321,0.019476823953184143
452,0.017677650555021414,0.047331343102364115
453,0.04599685342190368,0.016938776188403212
454,0.017677650555021414,0.047331343102364115
455,-0.02362118695918189,0.020818266115085225
456,0.09319552486670746,0.04348250137141105
457,0.011777816624420942,0.011421843900706467
458,0.05543658771086443,0.04033837489899432
459,-0.0012018180229000962,0.021558514744455123
460,-0.055480290184424436,0.044350669012358644
461,0.002338082335460187,0.02702647904107779
462,-0.017721353028581417,0.018280218350304297
463,0.07903592343326632,0.034823626709042814
464,-0.10031902805698803,0.09219485771484492
465,0.002338082335460187,0.02702647904107779
466,0.002338082335460187,0.02702647904107779
467,0.12505462809195,0.057736354654229154
468,-2.185123678000175e-05,0.03376119102789707
469,0.05897648806922472,0.04524965231109314
470,0.03773708591906302,0.10202325908191263
471,0.04363691984966349,0.02494478824980681
472,-0.0425006555371034,0.05118209071826808
473,-0.027161087317542174,0.03388485349067562
474,-0.06020015732890482,0.027488396528278405
475,-0.11211869591818897,0.06596311576007431
476,-0.06020015732890482,0.027488396528278405
477,0.00587798269382047,0.013959891665487395
478,0.04363691984966349,0.02494478824980681
479,-0.08851936019578709,0.03363307222699694
480,0.010597849838300848,0.050309347492426305
481,0.04717682020802377,0.011878200874216415
482,0.00587798269382047,0.013959891665487395
483,0.022397517699501792,0.06419361558644436
484,-0.0637400576872651,0.02257711911617959
485,0.12269469451970981,0.05915070789821623
486,-0.016541386242461324,0.0686787603887243
487,-0.01890131981470151,0.03768053859916547
488,-0.07671969233458614,0.05986481418176755
489,-0.06020015732890482,0.027488396528278405
490,-2.185123678000175e-05,0.03376119102789707
491,0.08021589021938642,0.03314949003641033
492,-0.027161087317542174,0.01590698870298641
493,-0.0012018180229000962,0.021558514744455123
494,-0.055480290184424436,0.044350669012358644
495,-0.0012018180229000962,0.021558514744455123
496,-0.08025959269294643,0.055406622123176
497,0.1698933659645136,0.058858744757540105
498,0.04599685342190368,0.016938776188403212
499,-0.07671969233458614,0.05986481418176755
500,0.014137750196661131,0.0424200656902653
501,0.0412769862774233,0.031679500236626086
502,-0.03424088803426274,0.023505611781954136
503,0.04835678699414387,0.04793699797796205
504,0.04009701949130321,0.019476823953184143
505,-0.027161087317542174,0.03388485349067562
506,-0.009461585525740756,0.07804822985941466
507,-0.027161087317542174,0.01590698870298641
508,0.00587798269382047,0.013959891665487395
509,0.03537715234682283,0.03421754800140702
510,-0.02362118695918189,0.020818266115085225
511,0.03537715234682283,0.03421754800140702
512,-0.054300323398304345,0.024950348763497478
513,0.05661655449698453,0.06971054787414109
514,0.015317716982781225,0.01633312131280528
515,-0.055480290184424436,0.044350669012358644
516,0.08729569093610698,0.07419006443777662
517,-0.062560090901145,0.05194929209132637
518,-0.048400489467703874,0.05372013848304901
519,-0.040140721964863214,0.08218031250782691
520,0.07549602307490604,0.04789021408463321
521,0.004698015907700376,0.019020466979674192
522,-0.016541386242461324,0.0686787603887243
523,0.011777816624420942,0.011421843900706467
524,-0.01890131981470151,0.03768053859916547
525,-0.02362118695918189,0.020818266115085225
526,-0.02362118695918189,0.020818266115085225
527,-0.062560090901145,0.05194929209132637
528,-0.08851936019578709,0.03363307222699694
529,0.03655711913294293,0.03254341132877454
530,-0.03424088803426274,0.023505611781954136
531,-0.011821519097980945,0.047050008069855834
532,0.03655711913294293,0.03254341132877454
533,0.011777816624420942,0.029399708688395677
534,-0.016541386242461324,0.0686787603887243
535,0.07667598986102614,0.05547348208442803
536,-0.0637400576872651,0.02257711911617959
537,0.04953675378026396,0.053453050132805144
538,-0.08025959269294643,0.055406622123176
539,-0.055480290184424436,0.044350669012358644
540,-0.062560090901145,0.05194929209132637
541,0.04009701949130321,0.019476823953184143
542,0.12269469451970981,0.0851037094527611
543,-0.033060921248142645,0.018445036467767337
544,-0.054300323398304345,0.024950348763497478
545,0.04717682020802377,0.011878200874216415
546,0.09319552486670746,0.10570720600538501
547,0.04835678699414387,0.04793699797796205
548,0.04953675378026396,0.04287642266377525
549,0.0837557905777467,0.020082902660819937
550,0.017677650555021414,0.047331343102364115
551,-0.003561751595140285,0.07551018209463374
552,-0.02598112053142208,0.045279161678133194
553,-0.030700987675902455,0.06001988572635607
554,-0.016541386242461324,0.0686787603887243
555,-0.0012018180229000962,0.021558514744455123
556,-0.06020015732890482,0.027488396528278405
557,0.09319552486670746,0.04348250137141105
558,0.13567432916703084,0.06022631456078964
559,-2.185123678000175e-05,0.03376119102789707
560,-0.02362118695918189,0.020818266115085225
561,0.07903592343326632,0.034823626709042814
562,0.0412769862774233,0.031679500236626086
563,0.04363691984966349,0.02494478824980681
564,0.13331439559479066,0.07786729025156482
565,-0.015361419456341228,0.049278440139863135
566,-0.08025959269294643,0.055406622123176
567,-0.017721353028581417,0.018280218350304297
568,0.07549602307490604,0.04789021408463321
569,0.015317716982781225,0.01633312131280528
570,0.011777816624420942,0.029399708688395677
571,0.011777816624420942,0.011421843900706467
572,0.11915479416134954,0.07221729527380662
573,-0.08851936019578709,0.03363307222699694
574,-0.062560090901145,0.05194929209132637
575,-0.033060921248142645,0.018445036467767337
576,-0.048400489467703874,0.05372013848304901
577,-0.11211869591818897,0.06596311576007431
578,0.0424569530635434,0.04585442705383744
579,-0.10031902805698803,0.09219485771484492
580,0.06369635521370509,0.10724609589021085
581,-0.03424088803426274,0.023505611781954136
582,-0.0637400576872651,0.02257711911617959
583,0.04363691984966349,0.02494478824980681
584,-0.11211869591818897,0.06596311576007431
585,-0.06020015732890482,0.027488396528278405
586,-0.02362118695918189,0.020818266115085225
587,0.04363691984966349,0.02494478824980681
588,-0.033060921248142645,0.018445036467767337
589,0.04009701949130321,0.019476823953184143
590,-0.062560090901145,0.05194929209132637
591,-0.04368062232322349,0.07772212044923536
592,0.06959618914430557,0.1047080481254299
593,0.09555545843894764,0.04883373540879112
594,-0.017721353028581417,0.018280218350304297
595,-0.003561751595140285,0.07551018209463374
596,-0.02598112053142208,0.045279161678133194
597,-0.054300323398304345,0.024950348763497478
598,-0.055480290184424436,0.044350669012358644
599,0.015317716982781225,0.07179223866541208
600,-0.08969932698190718,0.05303339247585811
601,0.0412769862774233,0.031679500236626086
602,0.0837557905777467,0.020082902660819937
603,-0.027161087317542174,0.03388485349067562
604,0.00587798269382047,0.013959891665487395
605,-0.054300323398304345,0.024950348763497478
606,0.09201555808058737,0.04854307668559785
607,-0.046040555895463686,0.04672389865967653
608,0.06723625557206538,0.08454798164145413
609,-0.03424088803426274,0.023505611781954136
610,-0.0012018180229000962,0.021558514744455123
611,0.04363691984966349,0.02494478824980681
612,0.011777816624420942,0.011421843900706467
613,-0.03424088803426274,0.023505611781954136
614,0.011777816624420942,0.029399708688395677
615,0.00587798269382047,0.013959891665487395
616,-0.08025959269294643,0.055406622123176
617,0.04363691984966349,0.02494478824980681
618,0.00587798269382047,0.013959891665487395
619,-0.06020015732890482,0.027488396528278405
620,0.00823791626606066,0.05553474092407613
621,-0.08261952626518661,0.062402861946548475
622,0.12505462809195,0.057736354654229154
623,-0.0637400576872651,0.02257711911617959
624,-0.0637400576872651,0.02257711911617959
625,-0.016541386242461324,0.0686787603887243
626,-0.027161087317542174,0.01590698870298641
627,-2.185123678000175e-05,0.03376119102789707
628,-0.017721353028581417,0.018280218350304297
629,0.011777816624420942,0.029399708688395677
630,0.08021589021938642,0.03314949003641033
631,0.05897648806922472,0.04524965231109314
632,0.004698015907700376,0.019020466979674192
633,-0.027161087317542174,0.01590698870298641
634,0.05543658771086443,0.04033837489899432
635,-0.027161087317542174,0.01590698870298641
636,-0.03424088803426274,0.023505611781954136
637,-0.017721353028581417,0.018280218350304297
638,0.09673542522506774,0.07656329408509452
639,0.1698933659645136,0.10749794223787412
640,0.00823791626606066,0.05553474092407613
641,-0.030700987675902455,0.06001988572635607
642,-0.08025959269294643,0.055406622123176
643,0.053076654138624245,0.027318017897124697
644,-0.11211869591818897,0.06596311576007431
645,-0.062560090901145,0.05194929209132637
646,-0.015361419456341228,0.049278440139863135
647,0.04717682020802377,0.07410290550819036
648,-0.10857879555982869,0.07042130781866587
649,0.04717682020802377,0.011878200874216415
650,-0.017721353028581417,0.018280218350304297
651,0.04953675378026396,0.04287642266377525
652,0.00587798269382047,0.013959891665487395
653,-0.017721353028581417,0.018280218350304297
654,0.002338082335460187,0.02702647904107779
655,-0.054300323398304345,0.024950348763497478
656,-0.033060921248142645,0.018445036467767337
657,-0.0012018180229000962,0.021558514744455123
658,-0.054300323398304345,0.024950348763497478
659,-0.08851936019578709,0.03363307222699694
660,0.05543658771086443,0.058316239686683535
661,0.011777816624420942,0.029399708688395677
662,-0.07671969233458614,0.05986481418176755
663,0.0825758237916266,0.052935434319647104
664,0.00823791626606066,0.05553474092407613
665,-0.10857879555982869,0.07042130781866587
666,-0.02362118695918189,0.020818266115085225
667,0.05543658771086443,0.058316239686683535
668,0.004698015907700376,0.019020466979674192
669,0.08965562450834717,0.05654908874700145
670,-0.027161087317542174,0.01590698870298641
671,0.0412769862774233,0.031679500236626086
672,-2.185123678000175e-05,0.03376119102789707
673,0.07667598986102614,0.05547348208442803
674,-0.054300323398304345,0.024950348763497478
675,0.011777816624420942,0.011421843900706467
676,-0.10031902805698803,0.09219485771484492
677,-0.033060921248142645,0.018445036467767337
678,0.12151472773358972,0.0515674398984214
679,0.002338082335460187,0.02702647904107779
680,-0.027161087317542174,0.01590698870298641
681,0.00587798269382047,0.013959891665487395
682,0.11561489380298925,0.13631234862262454
683,-0.027161087317542174,0.01590698870298641
684,0.051896687352504155,0.04822765670115532
685,-0.033060921248142645,0.018445036467767337
686,0.12859452845031027,0.06782493763975737
687,-0.02362118695918189,0.020818266115085225
688,-0.02362118695918189,0.020818266115085225
689,0.04363691984966349,0.02494478824980681
690,-0.048400489467703874,0.05372013848304901
691,-0.08851936019578709,0.03363307222699694
692,-0.08969932698190718,0.05303339247585811
693,-0.011821519097980945,0.047050008069855834
694,-0.03424088803426274,0.023505611781954136
695,-0.0012018180229000962,0.021558514744455123
696,-0.055480290184424436,0.044350669012358644
697,-0.11211869591818897,0.06596311576007431
698,-0.03424088803426274,0.023505611781954136
699,0.04009701949130321,0.019476823953184143
700,0.051896687352504155,0.04822765670115532
701,-0.02362118695918189,0.020818266115085225
702,-0.08025959269294643,0.055406622123176
703,-2.185123678000175e-05,0.03376119102789707
704,0.002338082335460187,0.02702647904107779
705,0.00587798269382047,0.013959891665487395
706,0.12505462809195,0.038500852522831
707,-0.048400489467703874,0.05372013848304901
708,0.04363691984966349,0.02494478824980681
709,-0.0637400576872651,0.02257711911617959
710,0.002338082335460187,0.02702647904107779
711,-0.03424088803426274,0.023505611781954136
712,-0.033060921248142645,0.018445036467767337
713,0.0011581155493400927,0.13750662567375144
714,0.00823791626606066,0.05553474092407613
715,0.00587798269382047,0.013959891665487395
716,-0.015361419456341228,0.06011659544544622
717,-0.03424088803426274,0.023505611781954136
718,0.004698015907700376,0.019020466979674192
719,0.04363691984966349,0.02494478824980681
720,-0.030700987675902455,0.06001988572635607
721,-0.030700987675902455,0.06001988572635607
722,0.06723625557206538,0.08454798164145413
723,0.04953675378026396,0.04287642266377525
724,0.004698015907700376,0.019020466979674192
725,-0.027161087317542174,0.01590698870298641
726,-0.055480290184424436,0.044350669012358644
727,-0.07671969233458614,0.05986481418176755
728,0.12151472773358972,0.0515674398984214
729,0.012957783410541037,0.040794016875853246
730,-0.055480290184424436,0.044350669012358644
731,-0.030700987675902455,0.06001988572635607
732,0.0412769862774233,0.031679500236626086
733,-0.02362118695918189,0.020818266115085225
734,-0.055480290184424436,0.044350669012358644
735,0.023577484485621886,0.04479329533758319
736,-0.055480290184424436,0.044350669012358644
737,-0.009461585525740756,0.07804822985941466
738,-0.062560090901145,0.05194929209132637
739,-0.07671969233458614,0.05986481418176755
740,-0.03424088803426274,0.023505611781954136
741,-0.033060921248142645,0.018445036467767337
742,-0.03424088803426274,0.023505611781954136
743,0.011777816624420942,0.029399708688395677
744,0.03537715234682283,0.03421754800140702
745,0.04953675378026396,0.04287642266377525
746,-0.03424088803426274,0.023505611781954136
747,0.015317716982781225,0.01633312131280528
748,-0.06020015732890482,0.027488396528278405
749,0.017677650555021414,0.047331343102364115
750,0.04363691984966349,0.02494478824980681
751,0.13213442880867057,0.054758350264166956
752,0.00587798269382047,0.013959891665487395
753,-0.015361419456341228,0.06011659544544622
754,0.004698015907700376,0.019020466979674192
755,0.11561489380298925,0.14715050392820764
756,0.04009701949130321,0.019476823953184143
757,0.004698015907700376,0.019020466979674192
758,-0.027161087317542174,0.01590698870298641
759,0.03537715234682283,0.03421754800140702
760,-0.03424088803426274,0.023505611781954136
761,0.00587798269382047,0.013959891665487395
762,0.038917052705183114,0.05232935561201131
763,-0.027161087317542174,0.01590698870298641
764,0.015317716982781225,0.01633312131280528
765,-0.03424088803426274,0.023505611781954136
766,0.04953675378026396,0.053453050132805144
767,0.04009701949130321,0.019476823953184143
768,-0.10857879555982869,0.07042130781866587
769,0.038917052705183114,0.05232935561201131
770,-0.08851936019578709,0.03363307222699694
771,0.011777816624420942,0.029399708688395677
772,-0.054300323398304345,0.024950348763497478
773,-0.03188095446202255,0.10395386240400598
774,-0.017721353028581417,0.018280218350304297
775,-0.07671969233458614,0.05986481418176755
776,0.04599685342190368,0.016938776188403212
777,-0.03424088803426274,0.023505611781954136
778,0.08611572414998689,0.05108112445037876
779,0.011777816624420942,0.029399708688395677
780,-0.03424088803426274,0.023505611781954136
781,0.023577484485621886,0.04479329533758319
782,0.051896687352504155,0.04822765670115532
783,0.11915479416134954,0.07221729527380662
784,-0.015361419456341228,0.06011659544544622
785,-0.06020015732890482,0.027488396528278405
786,-0.08025959269294643,0.055406622123176
787,0.011777816624420942,0.011421843900706467
788,-0.027161087317542174,0.01590698870298641
789,0.04835678699414387,0.04793699797796205
790,0.002338082335460187,0.02702647904107779
791,0.022397517699501792,0.06419361558644436
792,0.07903592343326632,0.034823626709042814
793,-0.08851936019578709,0.03363307222699694
794,0.04363691984966349,0.02494478824980681
795,0.03655711913294293,0.03254341132877454
796,-0.04368062232322349,0.07772212044923536
797,0.03655711913294293,0.03254341132877454
798,0.011777816624420942,0.029399708688395677
799,0.0412769862774233,0.031679500236626086
800,0.00587798269382047,0.013959891665487395
801,-0.009461585525740756,0.07804822985941466
802,0.017677650555021414,0.047331343102364115
803,0.04363691984966349,0.02494478824980681
804,-0.033060921248142645,0.018445036467767337
805,0.04009701949130321,0.019476823953184143
806,-0.10031902805698803,0.09219485771484492
807,-0.048400489467703874,0.05372013848304901
808,0.06959618914430557,0.1047080481254299
809,0.010597849838300848,0.050309347492426305
810,-0.06020015732890482,0.027488396528278405
811,0.07903592343326632,0.05405912884044096
812,-0.055480290184424436,0.044350669012358644
813,0.038917052705183114,0.05232935561201131
814,0.0412769862774233,0.031679500236626086
815,0.010597849838300848,0.050309347492426305
816,-0.10857879555982869,0.07042130781866587
817,0.011777816624420942,0.029399708688395677
818,0.0412769862774233,0.031679500236626086
819,0.07903592343326632,0.034823626709042814
820,-0.0012018180229000962,0.021558514744455123
821,0.0412769862774233,0.031679500236626086
822,-0.03424088803426274,0.023505611781954136
823,-0.02362118695918189,0.020818266115085225
824,-0.033060921248142645,0.018445036467767337
825,-0.06020015732890482,0.027488396528278405
826,0.023577484485621886,0.04479329533758319
827,0.025937418057862077,0.08662967243272511
828,-0.027161087317542174,0.01590698870298641
829,-0.02362118695918189,0.020818266115085225
830,0.04009701949130321,0.019476823953184143
831,-0.027161087317542174,0.01590698870298641
832,0.011777816624420942,0.029399708688395677
833,-0.055480290184424436,0.044350669012358644
834,0.017677650555021414,0.047331343102364115
835,0.04009701949130321,0.019476823953184143
836,-0.03424088803426274,0.023505611781954136
837,-0.033060921248142645,0.018445036467767337
838,-0.027161087317542174,0.01590698870298641
839,0.011777816624420942,0.011421843900706467
840,0.13567432916703084,0.06022631456078964
841,-0.054300323398304345,0.024950348763497478
842,0.07903592343326632,0.034823626709042814
843,-0.055480290184424436,0.044350669012358644
844,0.004698015907700376,0.019020466979674192
845,-0.027161087317542174,0.01590698870298641
846,0.00587798269382047,0.013959891665487395
847,-0.027161087317542174,0.01590698870298641
848,0.0825758237916266,0.052935434319647104
849,0.015317716982781225,0.01633312131280528
850,-0.015361419456341228,0.049278440139863135
851,-0.02598112053142208,0.045279161678133194
852,-0.03424088803426274,0.023505611781954136
853,-0.03424088803426274,0.023505611781954136
854,-0.02362118695918189,0.020818266115085225
855,0.002338082335460187,0.02702647904107779
856,0.00587798269382047,0.013959891665487395
857,0.04009701949130321,0.019476823953184143
858,0.00823791626606066,0.05553474092407613
859,0.0412769862774233,0.031679500236626086
860,0.00587798269382047,0.013959891665487395
861,0.004698015907700376,0.019020466979674192
862,0.015317716982781225,0.01633312131280528
863,0.04835678699414387,0.04793699797796205
864,0.04363691984966349,0.02494478824980681
865,0.002338082335460187,0.02702647904107779
866,-0.0637400576872651,0.02257711911617959
867,0.04953675378026396,0.053453050132805144
868,0.1474739970282318,0.09359776599766637
869,0.07903592343326632,0.034823626709042814
870,-0.08851936019578709,0.03363307222699694
871,-0.027161087317542174,0.03388485349067562
872,-0.033060921248142645,0.018445036467767337
873,-0.03424088803426274,0.023505611781954136
874,0.04363691984966349,0.02494478824980681
875,-0.017721353028581417,0.018280218350304297
876,-0.08969932698190718,0.05303339247585811
877,-0.027161087317542174,0.01590698870298641
878,0.00587798269382047,0.013959891665487395
879,0.002338082335460187,0.02702647904107779
880,0.13331439559479066,0.07786729025156482
881,-0.08025959269294643,0.055406622123176
882,0.05543658771086443,0.04033837489899432
883,0.02711738484398217,0.12619005916556206
884,0.09201555808058737,0.04854307668559785
885,0.04009701949130321,0.019476823953184143
886,0.04717682020802377,0.011878200874216415
887,-0.046040555895463686,0.04672389865967653
888,0.053076654138624245,0.027318017897124697
889,0.04363691984966349,0.02494478824980681
890,-0.062560090901145,0.05194929209132637
891,-0.06845992483174548,0.0816383640779466
892,-0.054300323398304345,0.024950348763497478
893,-0.08851936019578709,0.03363307222699694
894,-0.08969932698190718,0.05303339247585811
895,0.05661655449698453,0.06971054787414109
896,0.09083559129446726,0.07470898421582615
897,-0.027161087317542174,0.01590698870298641
898,-0.01890131981470151,0.03768053859916547
899,0.12505462809195,0.057736354654229154
900,0.011777816624420942,0.011421843900706467
901,0.03655711913294293,0.03254341132877454
902,0.07903592343326632,0.034823626709042814
903,-0.033060921248142645,0.018445036467767337
904,0.00823791626606066,0.05553474092407613
905,-0.062560090901145,0.05194929209132637
906,-0.027161087317542174,0.01590698870298641
907,0.04363691984966349,0.02494478824980681
908,0.08611572414998689,0.04646050576147323
909,0.04953675378026396,0.04287642266377525
910,0.002338082335460187,0.02702647904107779
911,-0.10857879555982869,0.07042130781866587
912,0.07903592343326632,0.034823626709042814
913,-0.02362118695918189,0.020818266115085225
914,0.00587798269382047,0.013959891665487395
915,0.08021589021938642,0.03314949003641033
916,0.00587798269382047,0.013959891665487395
917,-0.033060921248142645,0.018445036467767337
918,0.04717682020802377,0.011878200874216415
919,0.07903592343326632,0.05405912884044096
920,0.004698015907700376,0.019020466979674192
921,0.07549602307490604,0.04789021408463321
922,-0.011821519097980945,0.047050008069855834
923,-0.08851936019578709,0.03363307222699694
924,-0.03424088803426274,0.023505611781954136
925,-0.027161087317542174,0.01590698870298641
926,-0.048400489467703874,0.05372013848304901
927,-0.05194038982606416,0.0667867258586394
928,-0.027161087317542174,0.03388485349067562
929,-0.062560090901145,0.05194929209132637
930,0.04717682020802377,0.011878200874216415
931,-0.08851936019578709,0.03363307222699694
932,-0.07671969233458614,0.05986481418176755
933,-0.011821519097980945,0.047050008069855834
934,-0.08025959269294643,0.055406622123176
935,-0.027161087317542174,0.01590698870298641
936,0.002338082335460187,0.02702647904107779
937,0.00587798269382047,0.013959891665487395
938,0.0412769862774233,0.031679500236626086
939,0.014137750196661131,0.0424200656902653
940,0.04717682020802377,0.011878200874216415
941,0.0837557905777467,0.020082902660819937
942,0.010597849838300848,0.050309347492426305
943,0.1427541298837514,0.08024051989888271
944,-0.02598112053142208,0.045279161678133194
945,-0.055480290184424436,0.044350669012358644
946,0.07903592343326632,0.034823626709042814
947,-0.054300323398304345,0.024950348763497478
948,0.05897648806922472,0.04524965231109314
949,-0.01890131981470151,0.03768053859916547
950,0.0424569530635434,0.04585442705383744
951,-0.03424088803426274,0.023505611781954136
952,0.00587798269382047,0.013959891665487395
953,-0.048400489467703874,0.05372013848304901
954,0.08021589021938642,0.03314949003641033
955,-0.0012018180229000962,0.021558514744455123
956,0.004698015907700376,0.019020466979674192
957,0.03537715234682283,0.03421754800140702
958,0.004698015907700376,0.019020466979674192
959,-0.02362118695918189,0.020818266115085225
960,0.13213442880867057,0.054758350264166956
961,-0.02362118695918189,0.020818266115085225
962,-0.033060921248142645,0.018445036467767337
963,0.04717682020802377,0.011878200874216415
964,-0.08025959269294643,0.055406622123176
965,-0.033060921248142645,0.018445036467767337
966,-0.027161087317542174,0.01590698870298641
967,0.00587798269382047,0.013959891665487395
968,-0.033060921248142645,0.018445036467767337
969,0.0849357573638668,0.032285578944261886
970,0.017677650555021414,0.047331343102364115
971,-0.02598112053142208,0.045279161678133194
972,-0.055480290184424436,0.044350669012358644
973,-0.11211869591818897,0.06596311576007431
974,-0.017721353028581417,0.018280218350304297
975,0.014137750196661131,0.0424200656902653
976,-0.06020015732890482,0.027488396528278405
977,-0.054300323398304345,0.024950348763497478
978,-0.0012018180229000962,0.021558514744455123
979,0.011777816624420942,0.011421843900706467
980,-0.02598112053142208,0.045279161678133194
981,-0.08261952626518661,0.062402861946548475
982,-0.0012018180229000962,0.021558514744455123
983,-0.08261952626518661,0.062402861946548475
984,-0.08969932698190718,0.05303339247585811
985,-0.02598112053142208,0.045279161678133194
986,-0.007101651953500568,0.07105199003604219
987,0.08021589021938642,0.03314949003641033
988,0.07903592343326632,0.05405912884044096
989,-0.0637400576872651,0.02257711911617959
990,0.04009701949130321,0.019476823953184143
991,0.053076654138624245,0.027318017897124697
992,0.011777816624420942,0.011421843900706467
993,-0.054300323398304345,0.024950348763497478
994,-0.08851936019578709,0.03363307222699694
995,0.002338082335460187,0.02702647904107779
996,0.07549602307490604,0.04789021408463321
997,-0.06020015732890482,0.027488396528278405
998,0.04363691984966349,0.02494478824980681
999,-0.02362118695918189,0.020818266115085225
1000,-0.06020015732890482,0.027488396528278405
1001,0.07903592343326632,0.05405912884044096
1002,0.04009701949130321,0.019476823953184143
1003,-0.11211869591818897,0.06596311576007431
1004,0.0849357573638668,0.032285578944261886
1005,-0.055480290184424436,0.044350669012358644
1006,0.014137750196661131,0.0424200656902653
1007,-0.02362118695918189,0.020818266115085225
1008,0.002338082335460187,0.02702647904107779
1009,0.015317716982781225,0.07179223866541208
1010,0.08021589021938642,0.03314949003641033
1011,-0.055480290184424436,0.044350669012358644
1012,0.17579319989511408,0.07679037917150856
1013,0.038917052705183114,0.05232935561201131
1014,0.07903592343326632,0.05405912884044096
1015,-0.08851936019578709,0.03363307222699694
1016,-0.0637400576872651,0.02257711911617959
1017,0.002338082335460187,0.02702647904107779
1018,-0.02362118695918189,0.020818266115085225
1019,-0.08261952626518661,0.062402861946548475
1020,0.012957783410541037,0.040794016875853246
1021,0.13213442880867057,0.05013773157526143
1022,0.09673542522506774,0.11053952026471554
1023,0.00823791626606066,0.05553474092407613
1024,0.0837557905777467,0.020082902660819937
1025,-0.0637400576872651,0.02257711911617959
1026,-0.02362118695918189,0.020818266115085225
1027,0.04009701949130321,0.019476823953184143
1028,0.00587798269382047,0.013959891665487395
1029,-0.06020015732890482,0.027488396528278405
1030,0.2288917052705183,0.17116790061032716
1031,-0.08851936019578709,0.03363307222699694
1032,-0.1298181977099904,0.10451157379436778
1033,0.011777816624420942,0.011421843900706467
1034,0.017677650555021414,0.047331343102364115
1035,0.00823791626606066,0.05553474092407613
1036,-0.02362118695918189,0.020818266115085225
1037,0.0825758237916266,0.052935434319647104
1038,-0.08025959269294643,0.055406622123176
1039,0.053076654138624245,0.027318017897124697
1040,-0.03424088803426274,0.023505611781954136
1041,-0.007101651953500568,0.07105199003604219
1042,0.0837557905777467,0.020082902660819937
1043,-0.02362118695918189,0.020818266115085225
1044,0.1439340966698715,0.08350918301213815
1045,-0.0637400576872651,0.02257711911617959
1046,-0.08025959269294643,0.055406622123176
1047,-0.02362118695918189,0.020818266115085225
1048,-0.02598112053142208,0.045279161678133194
1049,0.07667598986102614,0.05547348208442803
1050,-0.0012018180229000962,0.021558514744455123
1051,0.00587798269382047,0.013959891665487395
1052,-0.0637400576872651,0.02257711911617959
1053,0.03537715234682283,0.03421754800140702
1054,-0.027161087317542174,0.01590698870298641
1055,0.053076654138624245,0.027318017897124697
1056,-0.07671969233458614,0.05986481418176755
1057,-0.054300323398304345,0.024950348763497478
1058,-0.08851936019578709,0.03363307222699694
1059,-0.06020015732890482,0.027488396528278405
1060,-0.0012018180229000962,0.021558514744455123
1061,-0.08851936019578709,0.03363307222699694
1062,0.04363691984966349,0.02494478824980681
1063,0.08021589021938642,0.03314949003641033
1064,-0.02362118695918189,0.020818266115085225
1065,0.00587798269382047,0.013959891665487395
1066,0.060156454855344814,0.10233481847811202
1067,-0.08969932698190718,0.05303339247585811
1068,-0.033060921248142645,0.018445036467767337
1069,-0.07671969233458614,0.05986481418176755
1070,-0.027161087317542174,0.01590698870298641
1071,-0.07671969233458614,0.05986481418176755
1072,-0.0012018180229000962,0.021558514744455123
1073,-0.08261952626518661,0.062402861946548475
1074,0.0412769862774233,0.031679500236626086
1075,-0.027161087317542174,0.01590698870298641
1076,-2.185123678000175e-05,0.03376119102789707
1077,-0.040140721964863214,0.08218031250782691
1078,-0.033060921248142645,0.018445036467767337
1079,0.023577484485621886,0.04479329533758319
1080,-0.054300323398304345,0.024950348763497478
1081,0.04599685342190368,0.016938776188403212
1082,0.06959618914430557,0.1047080481254299
1083,0.00587798269382047,0.013959891665487395
1084,0.04009701949130321,0.019476823953184143
1085,0.13213442880867057,0.054758350264166956
1086,0.051896687352504155,0.04822765670115532
1087,0.011777816624420942,0.029399708688395677
1088,-0.0012018180229000962,0.021558514744455123
1089,0.017677650555021414,0.047331343102364115
1090,-0.03424088803426274,0.023505611781954136
1091,0.0412769862774233,0.031679500236626086
1092,-0.027161087317542174,0.01590698870298641
1093,0.011777816624420942,0.011421843900706467
1094,-0.027161087317542174,0.01590698870298641
1095,0.004698015907700376,0.019020466979674192
1096,-0.10031902805698803,0.09219485771484492
1097,-0.027161087317542174,0.01590698870298641
1098,-0.054300323398304345,0.024950348763497478
1099,0.017677650555021414,0.047331343102364115
1100,-0.02362118695918189,0.020818266115085225
1101,-0.03424088803426274,0.023505611781954136
1102,0.04717682020802377,0.011878200874216415
1103,0.04363691984966349,0.02494478824980681
1104,-0.015361419456341228,0.049278440139863135
1105,0.05543658771086443,0.04033837489899432
1106,-2.185123678000175e-05,0.03376119102789707
1107,-0.027161087317542174,0.01590698870298641
1108,-0.027161087317542174,0.01590698870298641
1109,0.12151472773358972,0.0515674398984214
1110,-0.062560090901145,0.05194929209132637
1111,0.0825758237916266,0.07888843587419198
1112,-0.033060921248142645,0.018445036467767337
1113,0.03655711913294293,0.03254341132877454
1114,0.0412769862774233,0.031679500236626086
1115,-0.02362118695918189,0.020818266115085225
1116,0.00587798269382047,0.013959891665487395
1117,0.03537715234682283,0.03421754800140702
1118,0.00587798269382047,0.013959891665487395
1119,-0.11211869591818897,0.06596311576007431
1120,0.04009701949130321,0.019476823953184143
1121,0.00587798269382047,0.013959891665487395
1122,-0.01890131981470151,0.03768053859916547
1123,0.12151472773358972,0.0515674398984214
1124,-0.0637400576872651,0.02257711911617959
1125,0.03537715234682283,0.03421754800140702
1126,-0.007101651953500568,0.07105199003604219
1127,-0.06020015732890482,0.027488396528278405
1128,-0.030700987675902455,0.06001988572635607
1129,-0.027161087317542174,0.01590698870298641
1130,0.00587798269382047,0.013959891665487395
1131,-0.0637400576872651,0.02257711911617959
1132,0.002338082335460187,0.02702647904107779
1133,-0.02362118695918189,0.020818266115085225
1134,0.04953675378026396,0.04287642266377525
1135,-0.0637400576872651,0.02257711911617959
1136,-0.03424088803426274,0.023505611781954136
1137,-0.08851936019578709,0.03363307222699694
1138,0.04835678699414387,0.04793699797796205
1139,0.03655711913294293,0.03254341132877454
1140,0.07903592343326632,0.05405912884044096
1141,-0.02362118695918189,0.020818266115085225
1142,-0.08969932698190718,0.05303339247585811
1143,-0.08025959269294643,0.055406622123176
1144,-0.05194038982606416,0.0667867258586394
1145,0.03655711913294293,0.03254341132877454
1146,0.004698015907700376,0.019020466979674192
1147,-0.0637400576872651,0.02257711911617959
1148,0.0825758237916266,0.052935434319647104
1149,-0.06020015732890482,0.027488396528278405
1150,0.0837557905777467,0.020082902660819937
1151,-0.0637400576872651,0.02257711911617959
1152,0.00587798269382047,0.013959891665487395
1153,-0.05194038982606416,0.0667867258586394
1154,0.04363691984966349,0.02494478824980681
1155,-0.009461585525740756,0.07804822985941466
1156,-0.02362118695918189,0.020818266115085225
1157,-0.08851936019578709,0.03363307222699694
1158,0.011777816624420942,0.029399708688395677
1159,0.011777816624420942,0.029399708688395677
1160,0.13331439559479066,0.0669610265476089
1161,0.04717682020802377,0.011878200874216415
1162,0.011777816624420942,0.029399708688395677
1163,-2.185123678000175e-05,0.03376119102789707
1164,-0.033060921248142645,0.018445036467767337
1165,0.038917052705183114,0.05232935561201131
1166,0.004698015907700376,0.019020466979674192
1167,-0.02362118695918189,0.020818266115085225
1168,0.08729569093610698,0.025550866957442606
1169,-0.033060921248142645,0.018445036467767337
1170,-0.054300323398304345,0.024950348763497478
1171,0.0412769862774233,0.031679500236626086
1172,-0.10031902805698803,0.09219485771484492
1173,0.015317716982781225,0.01633312131280528
1174,-0.054300323398304345,0.024950348763497478
1175,-0.027161087317542174,0.03388485349067562
1176,-0.030700987675902455,0.06001988572635607
1177,0.011777816624420942,0.029399708688395677
1178,-0.055480290184424436,0.044350669012358644
1179,0.04953675378026396,0.04287642266377525
1180,0.14039419631151123,0.12222275813990734
1181,-0.0012018180229000962,0.021558514744455123
1182,-0.02362118695918189,0.020818266115085225
1183,-0.027161087317542174,0.03388485349067562
1184,-0.055480290184424436,0.044350669012358644
1185,0.00587798269382047,0.013959891665487395
1186,-0.0012018180229000962,0.021558514744455123
1187,-0.055480290184424436,0.044350669012358644
1188,-0.062560090901145,0.05194929209132637
1189,-0.08025959269294643,0.055406622123176
1190,-0.027161087317542174,0.01590698870298641
1191,0.011777816624420942,0.029399708688395677
1192,-0.0012018180229000962,0.021558514744455123
1193,-0.03424088803426274,0.023505611781954136
1194,0.0412769862774233,0.031679500236626086
1195,0.08965562450834717,0.05654908874700145
1196,0.053076654138624245,0.07595721537745871
1197,0.023577484485621886,0.04479329533758319
1198,-0.0425006555371034,0.05118209071826808
1199,-0.055480290184424436,0.044350669012358644
1200,-0.054300323398304345,0.024950348763497478
1201,0.011777816624420942,0.011421843900706467
1202,0.00587798269382047,0.013959891665487395
1203,-0.02362118695918189,0.020818266115085225
1204,-0.011821519097980945,0.047050008069855834
1205,-0.02598112053142208,0.045279161678133194
1206,-0.033060921248142645,0.018445036467767337
1207,-0.08261952626518661,0.062402861946548475
1208,0.13331439559479066,0.0669610265476089
1209,-0.06020015732890482,0.027488396528278405
1210,0.014137750196661131,0.0424200656902653
1211,-0.03424088803426274,0.023505611781954136
1212,-0.0637400576872651,0.02257711911617959
1213,-0.06020015732890482,0.027488396528278405
1214,-0.048400489467703874,0.05372013848304901
1215,-0.02362118695918189,0.020818266115085225
1216,0.08729569093610698,0.06328380073382071
1217,0.08611572414998689,0.04646050576147323
1218,-0.0637400576872651,0.02257711911617959
1219,-0.027161087317542174,0.01590698870298641
1220,-0.054300323398304345,0.024950348763497478
1221,0.015317716982781225,0.01633312131280528
1222,0.015317716982781225,0.01633312131280528
1223,-0.0637400576872651,0.02257711911617959
1224,-0.027161087317542174,0.03388485349067562
1225,0.011777816624420942,0.029399708688395677
1226,0.04717682020802377,0.011878200874216415
1227,0.04009701949130321,0.019476823953184143
1228,-0.033060921248142645,0.018445036467767337
1229,-0.027161087317542174,0.01590698870298641
1230,-0.033060921248142645,0.018445036467767337
1231,0.04599685342190368,0.016938776188403212
1232,0.015317716982781225,0.01633312131280528
1233,-0.04368062232322349,0.07772212044923536
1234,0.04953675378026396,0.04287642266377525
1235,0.011777816624420942,0.029399708688395677
1236,0.004698015907700376,0.019020466979674192
1237,-0.027161087317542174,0.01590698870298641
1238,0.08611572414998689,0.05108112445037876
1239,-0.08969932698190718,0.05303339247585811
1240,-0.054300323398304345,0.024950348763497478
1241,-0.02598112053142208,0.045279161678133194
1242,0.04363691984966349,0.02494478824980681
1243,0.00587798269382047,0.013959891665487395
1244,0.04717682020802377,0.011878200874216415
1245,-0.054300323398304345,0.024950348763497478
1246,-0.0637400576872651,0.02257711911617959
1247,-0.02598112053142208,0.045279161678133194
1248,-2.185123678000175e-05,0.03376119102789707
1249,-0.08025959269294643,0.055406622123176
1250,0.04363691984966349,0.02494478824980681
1251,0.012957783410541037,0.040794016875853246
1252,-0.054300323398304345,0.024950348763497478
1253,-0.08851936019578709,0.03363307222699694
1254,0.12741456166419018,0.06949907431238984
1255,-0.0637400576872651,0.02257711911617959
1256,0.011777816624420942,0.029399708688395677
1257,-0.033060921248142645,0.018445036467767337
1258,-0.055480290184424436,0.044350669012358644
1259,0.011777816624420942,0.029399708688395677
1260,0.011777816624420942,0.029399708688395677
1261,-2.185123678000175e-05,0.03376119102789707
1262,0.00587798269382047,0.013959891665487395
1263,-0.0012018180229000962,0.021558514744455123
1264,0.00587798269382047,0.013959891665487395
1265,-0.06020015732890482,0.027488396528278405
1266,0.0849357573638668,0.032285578944261886
1267,-0.055480290184424436,0.044350669012358644
1268,0.00823791626606066,0.05553474092407613
1269,-0.027161087317542174,0.03388485349067562
1270,-0.06020015732890482,0.027488396528278405
1271,-0.02598112053142208,0.045279161678133194
1272,0.08729569093610698,0.025550866957442606
1273,0.011777816624420942,0.011421843900706467
1274,-0.02598112053142208,0.045279161678133194
1275,-0.054300323398304345,0.024950348763497478
1276,-0.08025959269294643,0.055406622123176
1277,-0.02362118695918189,0.020818266115085225
1278,0.004698015907700376,0.019020466979674192
1279,0.0412769862774233,0.031679500236626086
1280,-0.02362118695918189,0.020818266115085225
1281,0.0837557905777467,0.020082902660819937
1282,-0.062560090901145,0.05194929209132637
1283,0.04717682020802377,0.011878200874216415
1284,0.03537715234682283,0.03421754800140702
1285,-0.0637400576872651,0.02257711911617959
1286,-0.054300323398304345,0.024950348763497478
1287,0.051896687352504155,0.08445127192236399
1288,0.00587798269382047,0.013959891665487395
1289,0.004698015907700376,0.019020466979674192
1290,0.011777816624420942,0.011421843900706467
1291,0.07903592343326632,0.034823626709042814
1292,0.04717682020802377,0.011878200874216415
1293,-0.048400489467703874,0.05372013848304901
1294,0.0424569530635434,0.04585442705383744
1295,-0.054300323398304345,0.024950348763497478
1296,-0.015361419456341228,0.049278440139863135
1297,0.00823791626606066,0.05553474092407613
1298,-2.185123678000175e-05,0.03376119102789707
1299,-0.0637400576872651,0.02257711911617959
1300,0.00587798269382047,0.013959891665487395
1301,-0.062560090901145,0.05194929209132637
1302,0.1710733327506337,0.06644201275733494
1303,0.08729569093610698,0.025550866957442606
1304,-0.03424088803426274,0.023505611781954136
1305,-0.007101651953500568,0.07105199003604219
1306,0.051896687352504155,0.04822765670115532
1307,0.053076654138624245,0.027318017897124697
1308,-0.08969932698190718,0.05303339247585811
1309,-0.017721353028581417,0.018280218350304297
1310,0.004698015907700376,0.019020466979674192
1311,0.015317716982781225,0.01633312131280528
1312,0.04363691984966349,0.02494478824980681
1313,-0.03424088803426274,0.023505611781954136
1314,-0.0637400576872651,0.02257711911617959
1315,0.0849357573638668,0.032285578944261886
1316,-0.0637400576872651,0.02257711911617959
1317,0.04363691984966349,0.02494478824980681
1318,-0.055480290184424436,0.044350669012358644
1319,0.002338082335460187,0.02702647904107779
1320,0.00587798269382047,0.013959891665487395
1321,0.04009701949130321,0.019476823953184143
1322,-0.048400489467703874,0.05372013848304901
1323,-0.0637400576872651,0.02257711911617959
1324,-0.054300323398304345,0.024950348763497478
1325,-0.02362118695918189,0.020818266115085225
1326,-0.02598112053142208,0.045279161678133194
1327,0.03537715234682283,0.03421754800140702
1328,0.07549602307490604,0.04789021408463321
1329,-0.0637400576872651,0.02257711911617959
1330,-0.054300323398304345,0.024950348763497478
1331,0.00587798269382047,0.013959891665487395
1332,-0.03424088803426274,0.023505611781954136
1333,-0.015361419456341228,0.06011659544544622
1334,-0.02598112053142208,0.045279161678133194
1335,0.011777816624420942,0.029399708688395677
1336,-0.03424088803426274,0.023505611781954136
1337,0.04009701949130321,0.019476823953184143
1338,-0.027161087317542174,0.01590698870298641
1339,0.08965562450834717,0.05654908874700145
1340,-0.08261952626518661,0.062402861946548475
1341,0.051896687352504155,0.04822765670115532
1342,0.0412769862774233,0.031679500236626086
1343,-0.10031902805698803,0.09219485771484492
1344,-0.062560090901145,0.05194929209132637
1345,-0.054300323398304345,0.024950348763497478
1346,0.0424569530635434,0.04585442705383744
1347,0.0837557905777467,0.020082902660819937
1348,0.07549602307490604,0.04789021408463321
1349,0.04835678699414387,0.04793699797796205
1350,0.1710733327506337,0.09239501431187981
1351,-0.02598112053142208,0.045279161678133194
1352,-0.02362118695918189,0.020818266115085225
1353,-0.02362118695918189,0.020818266115085225
1354,0.03655711913294293,0.03254341132877454
1355,0.12859452845031027,0.08256566168798017
1356,-0.03424088803426274,0.023505611781954136
1357,0.002338082335460187,0.02702647904107779
1358,-0.027161087317542174,0.01590698870298641
1359,0.053076654138624245,0.027318017897124697
1360,0.04363691984966349,0.02494478824980681
1361,0.023577484485621886,0.04479329533758319
1362,0.09319552486670746,0.04348250137141105
1363,-2.185123678000175e-05,0.03376119102789707
1364,0.04009701949130321,0.019476823953184143
1365,0.053076654138624245,0.027318017897124697
1366,-0.03424088803426274,0.023505611781954136
1367,0.00587798269382047,0.013959891665487395
1368,0.04363691984966349,0.02494478824980681
1369,0.011777816624420942,0.011421843900706467
1370,-0.027161087317542174,0.01590698870298641
1371,0.0412769862774233,0.031679500236626086
1372,0.00587798269382047,0.013959891665487395
1373,-0.08851936019578709,0.03363307222699694
1374,-0.05194038982606416,0.0667867258586394
1375,0.00587798269382047,0.013959891665487395
1376,-0.03424088803426274,0.023505611781954136
1377,0.08611572414998689,0.05108112445037876
1378,-0.03424088803426274,0.023505611781954136
1379,-0.07671969233458614,0.05986481418176755
1380,0.011777816624420942,0.029399708688395677
1381,0.03655711913294293,0.03254341132877454
1382,0.05897648806922472,0.04524965231109314
1383,-0.016541386242461324,0.0686787603887243
1384,-0.027161087317542174,0.01590698870298641
1385,0.04953675378026396,0.04287642266377525
1386,-0.027161087317542174,0.01590698870298641
1387,-0.08851936019578709,0.03363307222699694
1388,-0.04368062232322349,0.07772212044923536
1389,-0.030700987675902455,0.06001988572635607
1390,-0.027161087317542174,0.01590698870298641
1391,-0.027161087317542174,0.03388485349067562
1392,0.12269469451970981,0.05915070789821623
1393,-2.185123678000175e-05,0.03376119102789707
1394,-0.02362118695918189,0.020818266115085225
1395,-0.06020015732890482,0.027488396528278405
1396,0.04363691984966349,0.02494478824980681
1397,0.022397517699501792,0.06419361558644436
1398,0.011777816624420942,0.029399708688395677
1399,0.00587798269382047,0.013959891665487395
1400,-0.017721353028581417,0.018280218350304297
1401,0.011777816624420942,0.029399708688395677
1402,-0.016541386242461324,0.0686787603887243
1403,-0.08851936019578709,0.03363307222699694
1404,0.022397517699501792,0.07654108944719691
1405,0.00587798269382047,0.07618459629946135
1406,-0.015361419456341228,0.06011659544544622
1407,-0.06020015732890482,0.027488396528278405
1408,0.03537715234682283,0.03421754800140702
1409,-0.0425006555371034,0.05118209071826808
1410,-0.009461585525740756,0.07804822985941466
1411,-0.027161087317542174,0.01590698870298641
1412,-0.0637400576872651,0.02257711911617959
1413,0.04599685342190368,0.016938776188403212
1414,0.09201555808058737,0.04854307668559785
1415,0.004698015907700376,0.019020466979674192
1416,0.00587798269382047,0.013959891665487395
1417,-0.033060921248142645,0.018445036467767337
1418,0.011777816624420942,0.011421843900706467
1419,0.03537715234682283,0.03421754800140702
1420,-0.03424088803426274,0.023505611781954136
1421,-0.0637400576872651,0.02257711911617959
1422,0.004698015907700376,0.019020466979674192
1423,0.002338082335460187,0.02702647904107779
1424,0.04363691984966349,0.02494478824980681
1425,-0.0637400576872651,0.02257711911617959
1426,-2.185123678000175e-05,0.03376119102789707
1427,-0.033060921248142645,0.018445036467767337
1428,-0.0012018180229000962,0.021558514744455123
1429,-0.033060921248142645,0.018445036467767337
1430,0.012957783410541037,0.040794016875853246
1431,-0.08025959269294643,0.055406622123176
1432,0.017677650555021414,0.047331343102364115
1433,-0.08851936019578709,0.03363307222699694
1434,0.04953675378026396,0.053453050132805144
1435,0.011777816624420942,0.011421843900706467
1436,-0.027161087317542174,0.01590698870298641
1437,-0.009461585525740756,0.07804822985941466
1438,0.04009701949130321,0.019476823953184143
1439,0.002338082335460187,0.02702647904107779
1440,0.010597849838300848,0.050309347492426305
1441,0.004698015907700376,0.019020466979674192
1442,0.0837557905777467,0.020082902660819937
1443,0.03655711913294293,0.03254341132877454
1444,-0.017721353028581417,0.018280218350304297
1445,0.015317716982781225,0.01633312131280528
1446,0.004698015907700376,0.019020466979674192
1447,-0.033060921248142645,0.018445036467767337
1448,0.015317716982781225,0.07179223866541208
1449,-0.0637400576872651,0.02257711911617959
1450,0.04953675378026396,0.04287642266377525
1451,-0.027161087317542174,0.01590698870298641
1452,-0.033060921248142645,0.018445036467767337
1453,-0.08261952626518661,0.062402861946548475
1454,-0.08851936019578709,0.03363307222699694
1455,-2.185123678000175e-05,0.03376119102789707
1456,-0.054300323398304345,0.024950348763497478
1457,0.023577484485621886,0.04479329533758319
1458,0.04009701949130321,0.019476823953184143
1459,0.023577484485621886,0.04479329533758319
1460,-0.08025959269294643,0.055406622123176
1461,0.00587798269382047,0.013959891665487395
1462,-0.07671969233458614,0.05986481418176755
1463,-0.0012018180229000962,0.021558514744455123
1464,-0.03424088803426274,0.023505611781954136
1465,0.04363691984966349,0.02494478824980681
1466,0.004698015907700376,0.019020466979674192
1467,-0.0637400576872651,0.02257711911617959
1468,0.07549602307490604,0.04789021408463321
1469,-0.027161087317542174,0.03388485349067562
1470,0.08611572414998689,0.04646050576147323
1471,-0.06020015732890482,0.027488396528278405
1472,-0.02362118695918189,0.020818266115085225
1473,-0.033060921248142645,0.018445036467767337
1474,-0.07671969233458614,0.05986481418176755
1475,0.017677650555021414,0.047331343102364115
1476,-0.015361419456341228,0.049278440139863135
1477,0.00587798269382047,0.013959891665487395
1478,0.03537715234682283,0.03421754800140702
1479,-0.062560090901145,0.05194929209132637
1480,0.04009701949130321,0.019476823953184143
1481,-0.027161087317542174,0.01590698870298641
1482,0.00587798269382047,0.013959891665487395
1483,0.12151472773358972,0.0515674398984214
1484,-0.054300323398304345,0.024950348763497478
1485,0.08729569093610698,0.025550866957442606
1486,0.03655711913294293,0.03254341132877454
1487,-0.027161087317542174,0.01590698870298641
1488,0.004698015907700376,0.019020466979674192
1489,-0.062560090901145,0.05194929209132637
1490,-0.054300323398304345,0.024950348763497478
1491,0.00587798269382047,0.013959891665487395
1492,0.04009701949130321,0.019476823953184143
1493,0.014137750196661131,0.0424200656902653
1494,0.011777816624420942,0.011421843900706467
1495,0.002338082335460187,0.02702647904107779
1496,0.1262345948780701,0.036826715850198526
1497,0.015317716982781225,0.01633312131280528
1498,-0.027161087317542174,0.01590698870298641
1499,0.09673542522506774,0.07656329408509452
1500,0.03655711913294293,0.03254341132877454
1501,0.05543658771086443,0.058316239686683535
1502,0.09319552486670746,0.04348250137141105
1503,-0.07671969233458614,0.05986481418176755
1504,-0.017721353028581417,0.018280218350304297
1505,0.2277117384843982,0.1354866624635258
1506,0.07549602307490604,0.04789021408463321
1507,0.07549602307490604,0.04789021408463321
1508,0.03655711913294293,0.03254341132877454
1509,-0.02598112053142208,0.045279161678133194
1510,0.04599685342190368,0.016938776188403212
1511,-0.015361419456341228,0.049278440139863135
1512,-0.017721353028581417,0.018280218350304297
1513,0.00587798269382047,0.013959891665487395
1514,0.13567432916703084,0.06022631456078964
1515,0.011777816624420942,0.029399708688395677
1516,-0.062560090901145,0.05194929209132637
1517,-0.1298181977099904,0.10451157379436778
1518,0.00587798269382047,0.013959891665487395
1519,-0.055480290184424436,0.044350669012358644
1520,0.04009701949130321,0.019476823953184143
1521,0.04363691984966349,0.02494478824980681
1522,-0.0637400576872651,0.02257711911617959
1523,-0.06845992483174548,0.0816383640779466
1524,-0.03424088803426274,0.023505611781954136
1525,-0.08851936019578709,0.03363307222699694
1526,0.04599685342190368,0.016938776188403212
1527,0.00587798269382047,0.013959891665487395
1528,-0.06609999125950529,0.11263658586750543
1529,0.022397517699501792,0.07654108944719691
1530,-0.015361419456341228,0.049278440139863135
1531,-0.062560090901145,0.05194929209132637
1532,0.12505462809195,0.038500852522831
1533,0.05543658771086443,0.04033837489899432
1534,0.011777816624420942,0.011421843900706467
1535,-0.055480290184424436,0.044350669012358644
1536,0.1663534656061533,0.10041823893695595
1537,-0.062560090901145,0.05194929209132637
1538,0.12269469451970981,0.05915070789821623
1539,0.08611572414998689,0.05108112445037876
1540,-0.027161087317542174,0.01590698870298641
1541,-0.08969932698190718,0.05303339247585811
1542,0.04717682020802377,0.011878200874216415
1543,-0.06020015732890482,0.027488396528278405
1544,0.011777816624420942,0.011421843900706467
1545,0.09319552486670746,0.10570720600538501
1546,-0.11211869591818897,0.06596311576007431
1547,0.08611572414998689,0.05108112445037876
1548,-0.017721353028581417,0.018280218350304297
1549,-0.08969932698190718,0.05303339247585811
1550,0.0412769862774233,0.031679500236626086
1551,0.038917052705183114,0.05232935561201131
1552,-0.033060921248142645,0.018445036467767337
1553,-0.017721353028581417,0.018280218350304297
1554,-0.027161087317542174,0.01590698870298641
1555,-0.0637400576872651,0.02257711911617959
1556,0.011777816624420942,0.029399708688395677
1557,-0.03424088803426274,0.023505611781954136
1558,-0.027161087317542174,0.01590698870298641
1559,-0.02362118695918189,0.020818266115085225
1560,-0.02598112053142208,0.045279161678133194
1561,0.08611572414998689,0.05108112445037876
1562,0.04717682020802377,0.011878200874216415
1563,-0.0637400576872651,0.02257711911617959
1564,-0.03424088803426274,0.023505611781954136
1565,-0.0637400576872651,0.02257711911617959
1566,0.05897648806922472,0.04524965231109314
1567,0.0412769862774233,0.031679500236626086
1568,0.0412769862774233,0.031679500236626086
1569,-0.08025959269294643,0.055406622123176
1570,-0.0637400576872651,0.02257711911617959
1571,-0.033060921248142645,0.018445036467767337
1572,-0.08851936019578709,0.03363307222699694
1573,0.0837557905777467,0.020082902660819937
1574,-0.033060921248142645,0.018445036467767337
1575,0.03537715234682283,0.03421754800140702
1576,-0.054300323398304345,0.024950348763497478
1577,-0.027161087317542174,0.01590698870298641
1578,0.04363691984966349,0.02494478824980681
1579,-0.033060921248142645,0.018445036467767337
1580,0.08021589021938642,0.03314949003641033
1581,-0.033060921248142645,0.018445036467767337
1582,0.04009701949130321,0.019476823953184143
1583,0.0837557905777467,0.020082902660819937
1584,-0.0637400576872651,0.02257711911617959
1585,-0.033060921248142645,0.018445036467767337
1586,0.04363691984966349,0.02494478824980681
1587,0.014137750196661131,0.0424200656902653
1588,-0.03424088803426274,0.023505611781954136
1589,-0.08261952626518661,0.062402861946548475
1590,0.04363691984966349,0.02494478824980681
1591,0.12269469451970981,0.05915070789821623
1592,-0.055480290184424436,0.044350669012358644
1593,0.015317716982781225,0.01633312131280528
1594,0.03537715234682283,0.03421754800140702
1595,-0.0012018180229000962,0.021558514744455123
1596,-0.033060921248142645,0.018445036467767337
1597,-0.02362118695918189,0.020818266115085225
1598,0.04717682020802377,0.011878200874216415
1599,-0.0637400576872651,0.02257711911617959
1600,0.002338082335460187,0.02702647904107779
1601,-0.0637400576872651,0.02257711911617959
1602,-0.027161087317542174,0.01590698870298641
1603,0.0424569530635434,0.04585442705383744
1604,0.004698015907700376,0.019020466979674192
1605,-0.03424088803426274,0.023505611781954136
1606,0.053076654138624245,0.027318017897124697
1607,0.011777816624420942,0.029399708688395677
1608,0.09319552486670746,0.04348250137141105
1609,-0.015361419456341228,0.049278440139863135
1610,-0.10857879555982869,0.07042130781866587
1611,-0.033060921248142645,0.018445036467767337
1612,0.12151472773358972,0.0515674398984214
1613,0.00587798269382047,0.013959891665487395
1614,-0.046040555895463686,0.04672389865967653
1615,-0.02598112053142208,0.045279161678133194
1616,-0.003561751595140285,0.07551018209463374
1617,-0.054300323398304345,0.024950348763497478
1618,0.08611572414998689,0.05108112445037876
1619,0.004698015907700376,0.019020466979674192
1620,0.002338082335460187,0.02702647904107779
1621,0.053076654138624245,0.027318017897124697
1622,0.004698015907700376,0.019020466979674192
1623,-0.033060921248142645,0.018445036467767337
1624,-0.06020015732890482,0.027488396528278405
1625,0.00587798269382047,0.07618459629946135
1626,0.04009701949130321,0.019476823953184143
1627,0.022397517699501792,0.06419361558644436
1628,0.011777816624420942,0.029399708688395677
1629,0.04009701949130321,0.019476823953184143
1630,0.06369635521370509,0.07445939865592593
1631,0.004698015907700376,0.019020466979674192
1632,0.08021589021938642,0.03314949003641033
1633,-0.1298181977099904,0.10451157379436778
1634,-0.027161087317542174,0.01590698870298641
1635,-0.054300323398304345,0.024950348763497478
1636,-2.185123678000175e-05,0.03376119102789707
1637,-0.0012018180229000962,0.021558514744455123
1638,-0.08851936019578709,0.03363307222699694
1639,-0.027161087317542174,0.03388485349067562
1640,0.011777816624420942,0.029399708688395677
1641,0.00587798269382047,0.013959891665487395
1642,0.053076654138624245,0.07595721537745871
1643,-0.027161087317542174,0.01590698870298641
1644,-0.02598112053142208,0.045279161678133194
1645,-0.017721353028581417,0.018280218350304297
1646,0.004698015907700376,0.019020466979674192
1647,0.07549602307490604,0.04789021408463321
1648,-0.017721353028581417,0.018280218350304297
1649,-0.054300323398304345,0.024950348763497478
1650,0.13213442880867057,0.054758350264166956
1651,0.0837557905777467,0.020082902660819937
1652,-0.062560090901145,0.05194929209132637
1653,0.015317716982781225,0.07179223866541208
1654,0.12269469451970981,0.0851037094527611
1655,-0.015361419456341228,0.06011659544544622
1656,-0.0637400576872651,0.02257711911617959
1657,0.03537715234682283,0.03421754800140702
1658,-0.054300323398304345,0.024950348763497478
1659,-0.02362118695918189,0.020818266115085225
1660,0.025937418057862077,0.08662967243272511
1661,0.03655711913294293,0.03254341132877454
1662,0.0837557905777467,0.020082902660819937
1663,-0.02598112053142208,0.045279161678133194
1664,0.015317716982781225,0.01633312131280528
1665,-0.01890131981470151,0.03768053859916547
1666,0.04835678699414387,0.04793699797796205
1667,0.08611572414998689,0.04646050576147323
1668,-0.10857879555982869,0.07042130781866587
1669,-0.08261952626518661,0.062402861946548475
1670,-0.016541386242461324,0.08102623424947686
1671,0.09319552486670746,0.04348250137141105
1672,0.12033476094746963,0.07247707870245203
1673,-0.0012018180229000962,0.021558514744455123
1674,-0.01890131981470151,0.03768053859916547
1675,-0.027161087317542174,0.01590698870298641
1676,-0.027161087317542174,0.01590698870298641
1677,0.053076654138624245,0.027318017897124697
1678,-0.007101651953500568,0.07105199003604219
1679,0.03655711913294293,0.03254341132877454
1680,-0.055480290184424436,0.044350669012358644
1681,-2.185123678000175e-05,0.03376119102789707
1682,0.08611572414998689,0.04646050576147323
1683,-0.055480290184424436,0.044350669012358644
1684,0.1675334323922734,0.07950860013292532
1685,0.09319552486670746,0.10570720600538501
1686,-0.08261952626518661,0.062402861946548475
1687,-0.03424088803426274,0.023505611781954136
1688,-0.009461585525740756,0.07804822985941466
1689,-0.07671969233458614,0.05986481418176755
1690,-0.033060921248142645,0.018445036467767337
1691,0.0412769862774233,0.031679500236626086
1692,0.08965562450834717,0.05654908874700145
1693,-0.03424088803426274,0.023505611781954136
1694,0.04835678699414387,0.04793699797796205
1695,0.18169303382571453,0.08515859511068352
1696,-0.11211869591818897,0.06596311576007431
1697,0.023577484485621886,0.1042706481235003
1698,-0.0637400576872651,0.02257711911617959
1699,0.12269469451970981,0.05915070789821623
1700,0.023577484485621886,0.04479329533758319
1701,0.04363691984966349,0.02494478824980681
1702,-0.030700987675902455,0.06001988572635607
1703,-0.03424088803426274,0.023505611781954136
1704,0.04953675378026396,0.04287642266377525
1705,0.004698015907700376,0.019020466979674192
1706,0.00587798269382047,0.013959891665487395
1707,-0.027161087317542174,0.01590698870298641
1708,-0.08851936019578709,0.03363307222699694
1709,-0.0637400576872651,0.02257711911617959
1710,0.05897648806922472,0.04524965231109314
1711,-0.04368062232322349,0.07772212044923536
1712,-0.011821519097980945,0.047050008069855834
1713,0.012957783410541037,0.040794016875853246
1714,0.05543658771086443,0.058316239686683535
1715,-0.02362118695918189,0.020818266115085225
1716,0.00587798269382047,0.013959891665487395
1717,0.00587798269382047,0.013959891665487395
1718,-0.027161087317542174,0.01590698870298641
1719,0.011777816624420942,0.011421843900706467
1720,0.07667598986102614,0.05547348208442803
1721,-0.027161087317542174,0.01590698870298641
1722,0.0412769862774233,0.031679500236626086
1723,-0.07671969233458614,0.05986481418176755
1724,0.015317716982781225,0.01633312131280528
1725,0.07903592343326632,0.034823626709042814
1726,-2.185123678000175e-05,0.03376119102789707
1727,0.011777816624420942,0.029399708688395677
1728,-0.08851936019578709,0.03363307222699694
1729,-0.03424088803426274,0.023505611781954136
1730,-0.030700987675902455,0.06001988572635607
1731,0.002338082335460187,0.02702647904107779
1732,0.00587798269382047,0.013959891665487395
1733,-0.054300323398304345,0.024950348763497478
1734,0.017677650555021414,0.047331343102364115
1735,-0.02598112053142208,0.045279161678133194
1736,-0.08969932698190718,0.05303339247585811
1737,-0.027161087317542174,0.01590698870298641
1738,0.13213442880867057,0.054758350264166956
1739,0.07667598986102614,0.05547348208442803
1740,0.0849357573638668,0.032285578944261886
1741,-0.027161087317542174,0.01590698870298641
1742,-0.0012018180229000962,0.021558514744455123
1743,-0.027161087317542174,0.01590698870298641
1744,-0.040140721964863214,0.08218031250782691
1745,0.011777816624420942,0.011421843900706467
1746,-0.04368062232322349,0.07772212044923536
1747,0.011777816624420942,0.029399708688395677
1748,0.08021589021938642,0.03314949003641033
1749,-0.033060921248142645,0.018445036467767337
1750,-0.033060921248142645,0.018445036467767337
1751,-0.027161087317542174,0.03388485349067562
1752,-0.055480290184424436,0.044350669012358644
1753,-0.055480290184424436,0.044350669012358644
1754,-0.033060921248142645,0.018445036467767337
1755,0.002338082335460187,0.02702647904107779
1756,0.0412769862774233,0.031679500236626086
1757,0.011777816624420942,0.011421843900706467
1758,-0.054300323398304345,0.024950348763497478
1759,-0.11211869591818897,0.06596311576007431
1760,0.015317716982781225,0.01633312131280528
1761,-0.062560090901145,0.05194929209132637
1762,0.012957783410541037,0.040794016875853246
1763,0.05543658771086443,0.058316239686683535
1764,0.002338082335460187,0.02702647904107779
1765,-2.185123678000175e-05,0.03376119102789707
1766,-0.015361419456341228,0.06011659544544622
1767,-0.054300323398304345,0.024950348763497478
1768,-0.02598112053142208,0.045279161678133194
1769,-0.054300323398304345,0.024950348763497478
1770,-0.030700987675902455,0.06001988572635607
1771,-0.0012018180229000962,0.021558514744455123
1772,-0.030700987675902455,0.06001988572635607
1773,-0.033060921248142645,0.018445036467767337
1774,-0.054300323398304345,0.024950348763497478
1775,-0.030700987675902455,0.06001988572635607
1776,0.04717682020802377,0.10005590706273525
1777,0.09909535879730792,0.05892231839431933
1778,-0.02362118695918189,0.020818266115085225
1779,0.09319552486670746,0.04348250137141105
1780,-0.02362118695918189,0.020818266115085225
1781,0.04599685342190368,0.016938776188403212
1782,-0.009461585525740756,0.07804822985941466
1783,0.004698015907700376,0.019020466979674192
1784,0.002338082335460187,0.02702647904107779
1785,0.13567432916703084,0.06022631456078964
1786,0.015317716982781225,0.01633312131280528
1787,0.08611572414998689,0.05108112445037876
1788,-0.03424088803426274,0.023505611781954136
1789,-0.0012018180229000962,0.021558514744455123
1790,-0.055480290184424436,0.044350669012358644
1791,-0.055480290184424436,0.044350669012358644
1792,0.08965562450834717,0.05654908874700145
1793,-0.027161087317542174,0.01590698870298641
1794,0.04363691984966349,0.02494478824980681
1795,-0.02598112053142208,0.045279161678133194
1796,-0.027161087317542174,0.03388485349067562
1797,-0.0012018180229000962,0.021558514744455123
1798,-0.055480290184424436,0.044350669012358644
1799,-0.054300323398304345,0.024950348763497478
1800,0.023577484485621886,0.05563145064316628
1801,-0.08851936019578709,0.03363307222699694
1802,0.08021589021938642,0.03314949003641033
1803,0.0837557905777467,0.020082902660819937
1804,0.002338082335460187,0.02702647904107779
1805,-0.08025959269294643,0.055406622123176
1806,0.015317716982781225,0.07179223866541208
1807,0.004698015907700376,0.019020466979674192
1808,-0.08969932698190718,0.05303339247585811
1809,0.00587798269382047,0.013959891665487395
1810,0.08021589021938642,0.03314949003641033
1811,-0.08851936019578709,0.03363307222699694
1812,-0.027161087317542174,0.01590698870298641
1813,0.03655711913294293,0.03254341132877454
1814,-0.054300323398304345,0.024950348763497478
1815,-0.062560090901145,0.05194929209132637
1816,-0.06020015732890482,0.027488396528278405
1817,0.04717682020802377,0.011878200874216415
1818,-0.0637400576872651,0.02257711911617959
1819,-0.062560090901145,0.05194929209132637
1820,0.08611572414998689,0.05108112445037876
1821,-0.11211869591818897,0.06596311576007431
1822,0.09319552486670746,0.04348250137141105
1823,0.011777816624420942,0.011421843900706467
1824,-0.027161087317542174,0.01590698870298641
1825,0.004698015907700376,0.019020466979674192
1826,0.010597849838300848,0.050309347492426305
1827,-0.07671969233458614,0.05986481418176755
1828,-0.027161087317542174,0.01590698870298641
1829,-0.03424088803426274,0.023505611781954136
1830,-0.08851936019578709,0.03363307222699694
1831,-0.027161087317542174,0.01590698870298641
1832,0.004698015907700376,0.019020466979674192
1833,-0.04368062232322349,0.07772212044923536
1834,-0.02362118695918189,0.020818266115085225
1835,-0.027161087317542174,0.03388485349067562
1836,-0.08969932698190718,0.05303339247585811
1837,-0.017721353028581417,0.018280218350304297
1838,0.04009701949130321,0.019476823953184143
1839,-0.0637400576872651,0.02257711911617959
1840,0.17343326632287387,0.09744023454689378
1841,0.04953675378026396,0.053453050132805144
1842,0.14157416309763132,0.07815794897475807
1843,-0.054300323398304345,0.024950348763497478
1844,0.12151472773358972,0.0515674398984214
1845,0.04717682020802377,0.10005590706273525
1846,-0.055480290184424436,0.044350669012358644
1847,0.04363691984966349,0.02494478824980681
1848,-0.054300323398304345,0.024950348763497478
1849,0.00587798269382047,0.013959891665487395
1850,-0.003561751595140285,0.07551018209463374
1851,0.025937418057862077,0.08662967243272511
1852,-0.027161087317542174,0.01590698870298641
1853,-0.08025959269294643,0.055406622123176
1854,0.03655711913294293,0.03254341132877454
1855,0.08729569093610698,0.06328380073382071
1856,0.17697316668123417,0.07511624249887608
1857,0.05897648806922472,0.04524965231109314
1858,0.17343326632287387,0.06502765951334785
1859,-0.01890131981470151,0.03768053859916547
1860,-0.06020015732890482,0.027488396528278405
1861,0.04953675378026396,0.04287642266377525
1862,-0.0012018180229000962,0.021558514744455123
1863,0.004698015907700376,0.019020466979674192
1864,0.03419718556070274,0.13555952863625242
1865,-0.02362118695918189,0.020818266115085225
1866,0.00587798269382047,0.013959891665487395
1867,0.053076654138624245,0.027318017897124697
1868,0.023577484485621886,0.04479329533758319
1869,0.03655711913294293,0.03254341132877454
1870,-0.0637400576872651,0.02257711911617959
1871,-0.03424088803426274,0.023505611781954136
1872,0.002338082335460187,0.02702647904107779
1873,0.011777816624420942,0.029399708688395677
1874,-0.0425006555371034,0.05118209071826808
1875,-0.02598112053142208,0.045279161678133194
1876,-0.06020015732890482,0.027488396528278405
1877,-0.0637400576872651,0.02257711911617959
1878,0.014137750196661131,0.0424200656902653
1879,0.053076654138624245,0.027318017897124697
1880,-0.02362118695918189,0.020818266115085225
1881,-0.02598112053142208,0.045279161678133194
1882,0.011777816624420942,0.011421843900706467
1883,0.04835678699414387,0.04793699797796205
1884,0.04953675378026396,0.04287642266377525
1885,-0.08025959269294643,0.055406622123176
1886,0.04363691984966349,0.02494478824980681
1887,-0.027161087317542174,0.03388485349067562
1888,-0.08851936019578709,0.03363307222699694
1889,-0.11211869591818897,0.06596311576007431
1890,0.023577484485621886,0.05563145064316628
1891,-0.08851936019578709,0.03363307222699694
1892,-0.027161087317542174,0.03388485349067562
1893,-0.08969932698190718,0.05303339247585811
1894,-0.06020015732890482,0.027488396528278405
1895,0.06369635521370509,0.10724609589021085
1896,-0.07671969233458614,0.05986481418176755
1897,-0.02362118695918189,0.020818266115085225
1898,0.04009701949130321,0.019476823953184143
1899,0.0412769862774233,0.031679500236626086
1900,0.011777816624420942,0.029399708688395677
1901,-0.055480290184424436,0.044350669012358644
1902,-0.027161087317542174,0.03388485349067562
1903,0.00823791626606066,0.05553474092407613
1904,-0.11211869591818897,0.06596311576007431
1905,0.011777816624420942,0.029399708688395677
1906,-0.0425006555371034,0.05118209071826808
1907,0.17697316668123417,0.07511624249887608
1908,-0.03424088803426274,0.023505611781954136
1909,-0.11211869591818897,0.06596311576007431
1910,0.07549602307490604,0.04789021408463321
1911,-0.015361419456341228,0.06011659544544622
1912,-0.055480290184424436,0.044350669012358644
1913,0.053076654138624245,0.027318017897124697
1914,0.00587798269382047,0.013959891665487395
1915,0.04009701949130321,0.019476823953184143
1916,-0.055480290184424436,0.044350669012358644
1917,-0.027161087317542174,0.01590698870298641
1918,-0.027161087317542174,0.03388485349067562
1919,-0.017721353028581417,0.018280218350304297
1920,0.13567432916703084,0.06022631456078964
1921,-0.02362118695918189,0.020818266115085225
1922,-0.046040555895463686,0.04672389865967653
1923,-0.08261952626518661,0.062402861946548475
1924,0.002338082335460187,0.02702647904107779
1925,-0.027161087317542174,0.03388485349067562
1926,-0.033060921248142645,0.018445036467767337
1927,-0.062560090901145,0.05194929209132637
1928,-0.062560090901145,0.05194929209132637
1929,-0.07671969233458614,0.05986481418176755
1930,0.011777816624420942,0.011421843900706467
1931,0.00587798269382047,0.013959891665487395
1932,-0.08851936019578709,0.03363307222699694
1933,0.07903592343326632,0.034823626709042814
1934,0.015317716982781225,0.01633312131280528
1935,0.015317716982781225,0.01633312131280528
1936,-0.06020015732890482,0.027488396528278405
1937,-0.027161087317542174,0.01590698870298641
1938,-0.03424088803426274,0.023505611781954136
1939,-0.02598112053142208,0.045279161678133194
1940,0.004698015907700376,0.019020466979674192
1941,0.04363691984966349,0.02494478824980681
1942,-0.06020015732890482,0.027488396528278405
1943,0.004698015907700376,0.019020466979674192
1944,0.004698015907700376,0.019020466979674192
1945,0.08729569093610698,0.025550866957442606
1946,-0.055480290184424436,0.044350669012358644
1947,-0.054300323398304345,0.024950348763497478
1948,-0.030700987675902455,0.06001988572635607
1949,-0.02598112053142208,0.045279161678133194
1950,-0.08851936019578709,0.03363307222699694
1951,-0.048400489467703874,0.05372013848304901
1952,0.12505462809195,0.057736354654229154
1953,-0.03424088803426274,0.023505611781954136
1954,-0.08025959269294643,0.055406622123176
1955,0.03655711913294293,0.03254341132877454
1956,-0.016541386242461324,0.0686787603887243
1957,0.011777816624420942,0.029399708688395677
1958,0.09791539201118783,0.10547894495052874
1959,0.00587798269382047,0.013959891665487395
1960,0.023577484485621886,0.04479329533758319
1961,-0.027161087317542174,0.01590698870298641
1962,-0.0637400576872651,0.02257711911617959
1963,-0.0637400576872651,0.02257711911617959
1964,-0.03424088803426274,0.023505611781954136
1965,0.053076654138624245,0.027318017897124697
1966,0.00587798269382047,0.013959891665487395
1967,-0.06020015732890482,0.027488396528278405
1968,0.04717682020802377,0.011878200874216415
1969,0.08021589021938642,0.03314949003641033
1970,-0.0012018180229000962,0.021558514744455123
1971,0.00587798269382047,0.013959891665487395
1972,0.07667598986102614,0.05547348208442803
1973,-0.08851936019578709,0.03363307222699694
1974,-0.055480290184424436,0.044350669012358644
1975,0.07549602307490604,0.04789021408463321
1976,-0.027161087317542174,0.01590698870298641
1977,-0.08851936019578709,0.03363307222699694
1978,0.04009701949130321,0.019476823953184143
1979,0.022397517699501792,0.07654108944719691
1980,0.08729569093610698,0.025550866957442606
1981,0.04717682020802377,0.011878200874216415
1982,-0.02362118695918189,0.020818266115085225
1983,0.12269469451970981,0.05915070789821623
1984,-0.06020015732890482,0.027488396528278405
1985,-0.02362118695918189,0.020818266115085225
1986,0.0412769862774233,0.031679500236626086
1987,-0.08851936019578709,0.03363307222699694
1988,-0.0637400576872651,0.02257711911617959
1989,0.05543658771086443,0.04033837489899432
1990,-0.05194038982606416,0.0667867258586394
1991,0.04009701949130321,0.019476823953184143
1992,-0.08025959269294643,0.055406622123176
1993,-0.015361419456341228,0.049278440139863135
1994,-0.033060921248142645,0.018445036467767337
1995,-0.08025959269294643,0.055406622123176
1996,-0.011821519097980945,0.047050008069855834
1997,-0.054300323398304345,0.024950348763497478
1998,-0.027161087317542174,0.01590698870298641
1999,0.00587798269382047,0.013959891665487395
2000,-0.027161087317542174,0.01590698870298641
2001,0.03537715234682283,0.03421754800140702
2002,0.011777816624420942,0.011421843900706467
2003,-0.033060921248142645,0.018445036467767337
2004,-0.048400489467703874,0.05372013848304901
2005,0.09555545843894764,0.08505735062999978
2006,-0.027161087317542174,0.01590698870298641
2007,0.011777816624420942,0.029399708688395677
2008,0.011777816624420942,0.029399708688395677
2009,-0.055480290184424436,0.044350669012358644
2010,-0.027161087317542174,0.01590698870298641
2011,0.08611572414998689,0.05108112445037876
2012,-0.08969932698190718,0.05303339247585811
2013,-0.055480290184424436,0.044350669012358644
2014,-0.02598112053142208,0.045279161678133194
2015,0.0837557905777467,0.020082902660819937
2016,0.0412769862774233,0.031679500236626086
2017,-0.0637400576872651,0.02257711911617959
2018,-0.07671969233458614,0.05986481418176755
2019,0.00823791626606066,0.05553474092407613
2020,-0.05194038982606416,0.0667867258586394
2021,0.13567432916703084,0.06022631456078964
2022,0.00587798269382047,0.013959891665487395
2023,-0.062560090901145,0.05194929209132637
2024,-0.033060921248142645,0.018445036467767337
2025,0.004698015907700376,0.019020466979674192
2026,-0.08851936019578709,0.03363307222699694
2027,-0.0637400576872651,0.02257711911617959
2028,-0.015361419456341228,0.049278440139863135
2029,-0.0012018180229000962,0.021558514744455123
2030,-0.027161087317542174,0.01590698870298641
2031,0.004698015907700376,0.019020466979674192
2032,0.011777816624420942,0.029399708688395677
2033,-0.027161087317542174,0.01590698870298641
2034,0.004698015907700376,0.019020466979674192
2035,0.00587798269382047,0.013959891665487395
2036,-0.02598112053142208,0.045279161678133194
2037,0.04009701949130321,0.019476823953184143
2038,0.04009701949130321,0.019476823953184143
2039,0.014137750196661131,0.0424200656902653
2040,0.09319552486670746,0.04348250137141105
2041,-0.03424088803426274,0.023505611781954136
2042,-0.054300323398304345,0.024950348763497478
2043,-0.033060921248142645,0.018445036467767337
2044,-0.01890131981470151,0.03768053859916547
2045,-0.03424088803426274,0.023505611781954136
2046,0.053076654138624245,0.027318017897124697
2047,0.00587798269382047,0.013959891665487395
2048,-0.03424088803426274,0.023505611781954136
2049,0.03655711913294293,0.03254341132877454
2050,-0.06020015732890482,0.027488396528278405
2051,-0.0012018180229000962,0.021558514744455123
2052,0.04009701949130321,0.019476823953184143
2053,-0.06020015732890482,0.027488396528278405
2054,-0.017721353028581417,0.018280218350304297
2055,0.09673542522506774,0.07656329408509452
2056,-0.033060921248142645,0.018445036467767337
2057,0.04835678699414387,0.04793699797796205
2058,-0.0637400576872651,0.02257711911617959
2059,-0.02362118695918189,0.020818266115085225
2060,-0.02598112053142208,0.045279161678133194
2061,-0.054300323398304345,0.024950348763497478
2062,0.03655711913294293,0.03254341132877454
2063,0.011777816624420942,0.029399708688395677
2064,0.03655711913294293,0.03254341132877454
2065,-0.009461585525740756,0.07804822985941466
2066,-0.030700987675902455,0.06001988572635607
2067,-0.016541386242461324,0.0686787603887243
2068,-0.027161087317542174,0.01590698870298641
2069,0.014137750196661131,0.0424200656902653
2070,-0.08261952626518661,0.062402861946548475
2071,-0.027161087317542174,0.03388485349067562
2072,0.004698015907700376,0.019020466979674192
2073,0.07903592343326632,0.05405912884044096
2074,0.04009701949130321,0.019476823953184143
2075,0.04009701949130321,0.019476823953184143
2076,-0.027161087317542174,0.03388485349067562
2077,0.03537715234682283,0.03421754800140702
2078,-0.0637400576872651,0.02257711911617959
2079,0.0825758237916266,0.07888843587419198
2080,-2.185123678000175e-05,0.03376119102789707
2081,0.0412769862774233,0.031679500236626086
2082,-0.07671969233458614,0.05986481418176755
2083,-0.033060921248142645,0.018445036467767337
2084,0.08965562450834717,0.05654908874700145
2085,0.002338082335460187,0.02702647904107779
2086,0.04599685342190368,0.016938776188403212
2087,-0.015361419456341228,0.06011659544544622
2088,0.08729569093610698,0.025550866957442606
2089,-0.055480290184424436,0.044350669012358644
2090,-0.08851936019578709,0.03363307222699694
2091,-0.08025959269294643,0.055406622123176
2092,0.04009701949130321,0.019476823953184143
2093,0.014137750196661131,0.0424200656902653
2094,-0.0637400576872651,0.02257711911617959
2095,-2.185123678000175e-05,0.03376119102789707
2096,0.00587798269382047,0.013959891665487395
2097,-0.027161087317542174,0.01590698870298641
2098,0.08611572414998689,0.05108112445037876
2099,-0.027161087317542174,0.03388485349067562
2100,-0.033060921248142645,0.018445036467767337
2101,0.00587798269382047,0.013959891665487395
2102,-0.0012018180229000962,0.021558514744455123
2103,-0.027161087317542174,0.01590698870298641
2104,-0.03424088803426274,0.023505611781954136
2105,0.015317716982781225,0.07179223866541208
2106,0.04363691984966349,0.02494478824980681
2107,0.09319552486670746,0.04348250137141105
2108,-0.08261952626518661,0.062402861946548475
2109,0.03537715234682283,0.03421754800140702
2110,-0.007101651953500568,0.07105199003604219
2111,-0.02598112053142208,0.045279161678133194
2112,0.04009701949130321,0.019476823953184143
2113,-0.0637400576872651,0.02257711911617959
2114,-0.055480290184424436,0.044350669012358644
2115,0.07667598986102614,0.05547348208442803
2116,-0.0637400576872651,0.02257711911617959
2117,0.023577484485621886,0.04479329533758319
2118,0.004698015907700376,0.019020466979674192
2119,-0.062560090901145,0.05194929209132637
2120,-0.055480290184424436,0.044350669012358644
2121,-0.06020015732890482,0.027488396528278405
2122,-0.054300323398304345,0.024950348763497478
2123,0.014137750196661131,0.0424200656902653
2124,-0.08025959269294643,0.055406622123176
2125,0.0825758237916266,0.052935434319647104
2126,-0.01890131981470151,0.03768053859916547
2127,-0.054300323398304345,0.024950348763497478
2128,-0.08851936019578709,0.03363307222699694
2129,-0.02598112053142208,0.045279161678133194
2130,0.002338082335460187,0.02702647904107779
2131,0.015317716982781225,0.01633312131280528
2132,0.004698015907700376,0.019020466979674192
2133,-0.03424088803426274,0.023505611781954136
2134,0.053076654138624245,0.027318017897124697
2135,-0.0637400576872651,0.02257711911617959
2136,-0.0012018180229000962,0.021558514744455123
2137,-0.027161087317542174,0.01590698870298641
2138,0.038917052705183114,0.05232935561201131
2139,-0.07671969233458614,0.05986481418176755
2140,0.08729569093610698,0.06328380073382071
2141,-0.0637400576872651,0.02257711911617959
2142,-0.0012018180229000962,0.021558514744455123
2143,-0.0012018180229000962,0.021558514744455123
2144,-0.027161087317542174,0.01590698870298641
2145,-0.0012018180229000962,0.021558514744455123
2146,-0.0637400576872651,0.02257711911617959
2147,-0.030700987675902455,0.06001988572635607
2148,0.11915479416134954,0.07221729527380662
2149,-0.0012018180229000962,0.021558514744455123
2150,0.002338082335460187,0.02702647904107779
2151,0.015317716982781225,0.01633312131280528
2152,0.03655711913294293,0.03254341132877454
2153,-0.03424088803426274,0.023505611781954136
2154,0.03655711913294293,0.03254341132877454
2155,0.00587798269382047,0.013959891665487395
2156,0.022397517699501792,0.06419361558644436
2157,0.04009701949130321,0.019476823953184143
2158,0.00587798269382047,0.013959891665487395
2159,-0.027161087317542174,0.01590698870298641
2160,-0.017721353028581417,0.018280218350304297
2161,0.023577484485621886,0.05563145064316628
2162,0.07667598986102614,0.05547348208442803
2163,0.05661655449698453,0.06971054787414109
2164,-0.03424088803426274,0.023505611781954136
2165,0.002338082335460187,0.02702647904107779
2166,0.04717682020802377,0.07410290550819036
2167,-0.0637400576872651,0.02257711911617959
2168,0.04599685342190368,0.016938776188403212
2169,-0.11211869591818897,0.06596311576007431
2170,0.0412769862774233,0.031679500236626086
2171,0.017677650555021414,0.047331343102364115
2172,0.0412769862774233,0.031679500236626086
2173,-0.02362118695918189,0.020818266115085225
2174,-0.0637400576872651,0.02257711911617959
2175,-0.06020015732890482,0.027488396528278405
2176,-0.027161087317542174,0.01590698870298641
2177,0.010597849838300848,0.050309347492426305
2178,0.053076654138624245,0.027318017897124697
2179,-0.027161087317542174,0.03388485349067562
2180,-0.02362118695918189,0.020818266115085225
2181,-0.06020015732890482,0.027488396528278405
2182,0.04717682020802377,0.011878200874216415
2183,0.0424569530635434,0.04585442705383744
2184,-0.03424088803426274,0.023505611781954136
2185,-0.009461585525740756,0.07804822985941466
2186,-0.08969932698190718,0.05303339247585811
2187,0.012957783410541037,0.040794016875853246
2188,0.002338082335460187,0.02702647904107779
2189,0.004698015907700376,0.019020466979674192
2190,0.011777816624420942,0.029399708688395677
2191,-0.054300323398304345,0.024950348763497478
2192,-0.08969932698190718,0.05303339247585811
2193,0.08611572414998689,0.04646050576147323
2194,0.09319552486670746,0.10570720600538501
2195,-0.02362118695918189,0.020818266115085225
2196,-0.02362118695918189,0.020818266115085225
2197,-0.033060921248142645,0.018445036467767337
2198,-0.06020015732890482,0.027488396528278405
2199,-0.003561751595140285,0.07551018209463374
2200,-0.0637400576872651,0.02257711911617959
2201,-0.055480290184424436,0.044350669012358644
2202,0.08021589021938642,0.03314949003641033
2203,0.12859452845031027,0.06782493763975737
2204,0.053076654138624245,0.027318017897124697
2205,-0.027161087317542174,0.01590698870298641
2206,0.023577484485621886,0.05563145064316628
2207,0.004698015907700376,0.019020466979674192
2208,-0.08261952626518661,0.062402861946548475
2209,0.04717682020802377,0.011878200874216415
2210,-0.054300323398304345,0.024950348763497478
2211,-2.185123678000175e-05,0.03376119102789707
2212,0.04717682020802377,0.011878200874216415
2213,0.025937418057862077,0.08662967243272511
2214,-0.062560090901145,0.05194929209132637
2215,-2.185123678000175e-05,0.03376119102789707
2216,-0.027161087317542174,0.01590698870298641
2217,-0.11211869591818897,0.06596311576007431
2218,-0.011821519097980945,0.047050008069855834
2219,0.011777816624420942,0.029399708688395677
2220,0.03655711913294293,0.03254341132877454
2221,0.0412769862774233,0.031679500236626086
2222,-0.08851936019578709,0.03363307222699694
2223,-0.08851936019578709,0.03363307222699694
2224,-0.054300323398304345,0.024950348763497478
2225,0.004698015907700376,0.019020466979674192
2226,0.010597849838300848,0.050309347492426305
2227,-0.08025959269294643,0.055406622123176
2228,0.00587798269382047,0.013959891665487395
2229,0.025937418057862077,0.08662967243272511
2230,0.04717682020802377,0.011878200874216415
2231,0.053076654138624245,0.027318017897124697
2232,0.010597849838300848,0.050309347492426305
2233,-0.017721353028581417,0.018280218350304297
2234,0.0412769862774233,0.031679500236626086
2235,-0.02362118695918189,0.020818266115085225
2236,0.12505462809195,0.057736354654229154
2237,-0.03424088803426274,0.023505611781954136
2238,0.022397517699501792,0.07654108944719691
2239,-0.054300323398304345,0.024950348763497478
2240,-0.054300323398304345,0.024950348763497478
2241,0.03655711913294293,0.03254341132877454
2242,-0.027161087317542174,0.01590698870298641
2243,-0.054300323398304345,0.024950348763497478
2244,-2.185123678000175e-05,0.03376119102789707
2245,0.04009701949130321,0.019476823953184143
2246,-0.048400489467703874,0.05372013848304901
2247,0.05897648806922472,0.04524965231109314
2248,-0.027161087317542174,0.01590698870298641
2249,-0.011821519097980945,0.047050008069855834
2250,-0.0012018180229000962,0.021558514744455123
2251,-0.015361419456341228,0.06011659544544622
2252,-0.046040555895463686,0.04672389865967653
2253,-0.027161087317542174,0.03388485349067562
2254,-0.06020015732890482,0.027488396528278405
2255,-0.06020015732890482,0.027488396528278405
2256,-0.03424088803426274,0.023505611781954136
2257,0.011777816624420942,0.011421843900706467
2258,-0.02362118695918189,0.020818266115085225
2259,0.12269469451970981,0.0851037094527611
2260,-0.06020015732890482,0.027488396528278405
2261,0.04009701949130321,0.019476823953184143
2262,0.07903592343326632,0.05405912884044096
2263,-0.055480290184424436,0.044350669012358644
2264,-0.033060921248142645,0.018445036467767337
2265,-0.048400489467703874,0.05372013848304901
2266,0.09555545843894764,0.04883373540879112
2267,0.002338082335460187,0.02702647904107779
2268,-0.040140721964863214,0.08218031250782691
2269,0.04953675378026396,0.04287642266377525
2270,-0.0637400576872651,0.02257711911617959
2271,-0.055480290184424436,0.044350669012358644
2272,0.023577484485621886,0.04479329533758319
2273,0.00587798269382047,0.013959891665487395
2274,-0.027161087317542174,0.03388485349067562
2275,0.00823791626606066,0.05553474092407613
2276,0.0837557905777467,0.020082902660819937
2277,0.00823791626606066,0.05553474092407613
2278,-0.054300323398304345,0.024950348763497478
2279,-0.0637400576872651,0.02257711911617959
2280,0.011777816624420942,0.029399708688395677
2281,0.053076654138624245,0.027318017897124697
2282,0.012957783410541037,0.040794016875853246
2283,-0.046040555895463686,0.04672389865967653
2284,-0.10857879555982869,0.07042130781866587
2285,0.04363691984966349,0.02494478824980681
2286,-0.03424088803426274,0.023505611781954136
2287,0.017677650555021414,0.047331343102364115
2288,-0.062560090901145,0.05194929209132637
2289,0.09673542522506774,0.07656329408509452
2290,0.07903592343326632,0.05405912884044096
2291,-0.027161087317542174,0.01590698870298641
2292,0.03655711913294293,0.03254341132877454
2293,-0.02598112053142208,0.045279161678133194
2294,0.09791539201118783,0.07983195719834996
2295,-0.06020015732890482,0.027488396528278405
2296,-0.055480290184424436,0.044350669012358644
2297,0.09201555808058737,0.04854307668559785
2298,0.004698015907700376,0.019020466979674192
2299,-0.0012018180229000962,0.021558514744455123
2300,0.004698015907700376,0.019020466979674192
2301,-0.048400489467703874,0.05372013848304901
2302,-0.027161087317542174,0.01590698870298641
2303,-0.0012018180229000962,0.021558514744455123
2304,0.004698015907700376,0.019020466979674192
2305,0.04835678699414387,0.04793699797796205
2306,0.14511406345599162,0.11123874168844156
2307,0.1262345948780701,0.036826715850198526
2308,-0.054300323398304345,0.024950348763497478
2309,-0.03424088803426274,0.023505611781954136
2310,-0.027161087317542174,0.01590698870298641
2311,-0.0637400576872651,0.02257711911617959
2312,0.08611572414998689,0.04646050576147323
2313,-0.0012018180229000962,0.021558514744455123
2314,-0.0012018180229000962,0.021558514744455123
2315,-0.08261952626518661,0.062402861946548475
2316,0.051896687352504155,0.04822765670115532
2317,0.04953675378026396,0.04287642266377525
2318,0.002338082335460187,0.02702647904107779
2319,-0.03424088803426274,0.023505611781954136
2320,0.00823791626606066,0.05553474092407613
2321,0.04363691984966349,0.02494478824980681
2322,-0.08851936019578709,0.03363307222699694
2323,-0.06020015732890482,0.027488396528278405
2324,0.08611572414998689,0.05108112445037876
2325,-0.054300323398304345,0.024950348763497478
2326,-0.027161087317542174,0.03388485349067562
2327,0.03655711913294293,0.03254341132877454
2328,-0.003561751595140285,0.07551018209463374
2329,0.012957783410541037,0.040794016875853246
2330,0.022397517699501792,0.07654108944719691
2331,-0.027161087317542174,0.01590698870298641
2332,-0.055480290184424436,0.044350669012358644
2333,0.015317716982781225,0.01633312131280528
2334,0.07903592343326632,0.034823626709042814
2335,-0.027161087317542174,0.03388485349067562
2336,-0.027161087317542174,0.01590698870298641
2337,-0.033060921248142645,0.018445036467767337
2338,0.023577484485621886,0.04479329533758319
2339,0.00587798269382047,0.013959891665487395
2340,-0.062560090901145,0.05194929209132637
2341,0.12269469451970981,0.05915070789821623
2342,-0.054300323398304345,0.024950348763497478
2343,0.011777816624420942,0.029399708688395677
2344,0.04363691984966349,0.02494478824980681
2345,-2.185123678000175e-05,0.03376119102789707
2346,0.04009701949130321,0.019476823953184143
2347,0.03537715234682283,0.03421754800140702
2348,0.004698015907700376,0.019020466979674192
2349,-0.030700987675902455,0.06001988572635607
2350,-0.027161087317542174,0.03388485349067562
2351,0.08611572414998689,0.05108112445037876
2352,0.07903592343326632,0.05405912884044096
2353,-0.1298181977099904,0.10451157379436778
2354,-0.062560090901145,0.05194929209132637
2355,-0.062560090901145,0.05194929209132637
2356,-0.027161087317542174,0.01590698870298641
2357,-0.027161087317542174,0.01590698870298641
2358,-0.003561751595140285,0.07551018209463374
2359,-0.08261952626518661,0.062402861946548475
2360,0.0837557905777467,0.020082902660819937
2361,0.13095446202255048,0.08761088192299414
2362,0.0837557905777467,0.020082902660819937
2363,-0.062560090901145,0.05194929209132637
2364,0.011777816624420942,0.029399708688395677
2365,0.015317716982781225,0.01633312131280528
2366,-0.06020015732890482,0.027488396528278405
2367,-0.017721353028581417,0.018280218350304297
2368,0.04009701949130321,0.019476823953184143
2369,0.011777816624420942,0.029399708688395677
2370,-0.015361419456341228,0.049278440139863135
2371,0.00587798269382047,0.013959891665487395
2372,-0.016541386242461324,0.0686787603887243
2373,-0.0012018180229000962,0.021558514744455123
2374,0.04363691984966349,0.02494478824980681
2375,0.12859452845031027,0.06782493763975737
2376,-0.016541386242461324,0.0686787603887243
2377,0.04009701949130321,0.019476823953184143
2378,-0.01890131981470151,0.03768053859916547
2379,-0.055480290184424436,0.044350669012358644
2380,-0.06020015732890482,0.027488396528278405
2381,0.04953675378026396,0.04287642266377525
2382,0.004698015907700376,0.019020466979674192
2383,0.08021589021938642,0.03314949003641033
2384,-0.0637400576872651,0.02257711911617959
2385,0.04835678699414387,0.04793699797796205
2386,-0.054300323398304345,0.024950348763497478
2387,-0.017721353028581417,0.018280218350304297
2388,-0.015361419456341228,0.049278440139863135
2389,0.04717682020802377,0.011878200874216415
2390,-0.03424088803426274,0.023505611781954136
2391,-0.027161087317542174,0.01590698870298641
2392,-0.08969932698190718,0.05303339247585811
2393,0.03537715234682283,0.03421754800140702
2394,0.03655711913294293,0.03254341132877454
2395,0.011777816624420942,0.029399708688395677
2396,-0.0637400576872651,0.02257711911617959
2397,-0.02362118695918189,0.020818266115085225
2398,-0.015361419456341228,0.06011659544544622
2399,0.07667598986102614,0.05547348208442803
2400,0.011777816624420942,0.029399708688395677
2401,-0.08969932698190718,0.05303339247585811
2402,-0.08969932698190718,0.05303339247585811
2403,-0.027161087317542174,0.01590698870298641
2404,0.03655711913294293,0.03254341132877454
2405,-0.03424088803426274,0.023505611781954136
2406,-0.0637400576872651,0.02257711911617959
2407,0.03655711913294293,0.03254341132877454
2408,-0.048400489467703874,0.05372013848304901
2409,-0.02362118695918189,0.020818266115085225
2410,0.03537715234682283,0.03421754800140702
2411,0.08729569093610698,0.06328380073382071
2412,-0.017721353028581417,0.018280218350304297
2413,-0.0012018180229000962,0.021558514744455123
2414,-0.027161087317542174,0.01590698870298641
2415,-0.02598112053142208,0.045279161678133194
2416,0.00823791626606066,0.05553474092407613
2417,-0.054300323398304345,0.024950348763497478
2418,0.051896687352504155,0.04822765670115532
2419,-0.02362118695918189,0.020818266115085225
2420,-0.06020015732890482,0.027488396528278405
2421,0.04717682020802377,0.011878200874216415
2422,0.04009701949130321,0.019476823953184143
2423,0.04953675378026396,0.04287642266377525
2424,-0.054300323398304345,0.024950348763497478
2425,0.00587798269382047,0.013959891665487395
2426,-0.015361419456341228,0.049278440139863135
2427,0.00587798269382047,0.013959891665487395
2428,-0.030700987675902455,0.06001988572635607
2429,-0.03424088803426274,0.023505611781954136
2430,0.0412769862774233,0.031679500236626086
2431,-0.030700987675902455,0.06001988572635607
2432,-0.0012018180229000962,0.021558514744455123
2433,0.022397517699501792,0.07654108944719691
2434,-0.046040555895463686,0.04672389865967653
2435,-0.08851936019578709,0.03363307222699694
2436,-0.016541386242461324,0.0686787603887243
2437,-0.017721353028581417,0.018280218350304297
2438,-0.027161087317542174,0.01590698870298641
2439,0.00587798269382047,0.013959891665487395
2440,0.08021589021938642,0.03314949003641033
2441,-0.08261952626518661,0.062402861946548475
2442,0.08611572414998689,0.04646050576147323
2443,-0.06020015732890482,0.027488396528278405
2444,-0.027161087317542174,0.03388485349067562
2445,-0.08025959269294643,0.055406622123176
2446,0.011777816624420942,0.029399708688395677
2447,0.06605628878594529,0.09311014658473221
2448,0.00587798269382047,0.013959891665487395
2449,0.09555545843894764,0.04883373540879112
2450,-0.02362118695918189,0.020818266115085225
2451,-0.027161087317542174,0.01590698870298641
2452,-2.185123678000175e-05,0.03376119102789707
2453,-0.06845992483174548,0.0816383640779466
2454,0.09791539201118783,0.07983195719834996
2455,0.002338082335460187,0.02702647904107779
2456,-0.0425006555371034,0.05118209071826808
2457,-0.06020015732890482,0.027488396528278405
2458,0.004698015907700376,0.019020466979674192
2459,0.010597849838300848,0.050309347492426305
2460,0.08729569093610698,0.07419006443777662
2461,-0.016541386242461324,0.0686787603887243
2462,0.00587798269382047,0.013959891665487395
2463,0.04363691984966349,0.02494478824980681
2464,-0.0012018180229000962,0.021558514744455123
2465,-2.185123678000175e-05,0.03376119102789707
2466,0.07903592343326632,0.034823626709042814
2467,0.00587798269382047,0.013959891665487395
2468,0.08729569093610698,0.025550866957442606
2469,0.002338082335460187,0.02702647904107779
2470,0.06723625557206538,0.08454798164145413
2471,-0.0012018180229000962,0.021558514744455123
2472,-0.07671969233458614,0.05986481418176755
2473,-0.055480290184424436,0.044350669012358644
2474,-0.048400489467703874,0.05372013848304901
2475,-0.08969932698190718,0.05303339247585811
2476,0.002338082335460187,0.02702647904107779
2477,0.04835678699414387,0.04793699797796205
2478,0.002338082335460187,0.02702647904107779
2479,0.002338082335460187,0.02702647904107779
2480,-0.055480290184424436,0.044350669012358644
2481,0.04717682020802377,0.011878200874216415
2482,0.08611572414998689,0.04646050576147323
2483,0.0825758237916266,0.052935434319647104
2484,-0.015361419456341228,0.06011659544544622
2485,-0.03424088803426274,0.023505611781954136
2486,-0.054300323398304345,0.024950348763497478
2487,-0.030700987675902455,0.06001988572635607
2488,0.023577484485621886,0.04479329533758319
2489,0.09555545843894764,0.04883373540879112
2490,0.12505462809195,0.057736354654229154
2491,0.0424569530635434,0.04585442705383744
2492,0.011777816624420942,0.011421843900706467
2493,0.03655711913294293,0.03254341132877454
2494,0.00587798269382047,0.013959891665487395
2495,-0.033060921248142645,0.018445036467767337
2496,0.04953675378026396,0.04287642266377525
2497,-0.027161087317542174,0.03388485349067562
2498,-0.06020015732890482,0.027488396528278405
2499,0.011777816624420942,0.011421843900706467
2500,-0.11211869591818897,0.06596311576007431
2501,0.023577484485621886,0.04479329533758319
2502,0.011777816624420942,0.029399708688395677
2503,0.0424569530635434,0.04585442705383744
2504,0.08021589021938642,0.03314949003641033
2505,0.03537715234682283,0.03421754800140702
2506,0.0412769862774233,0.031679500236626086
2507,0.00587798269382047,0.013959891665487395
2508,-0.0637400576872651,0.02257711911617959
2509,0.04599685342190368,0.016938776188403212
2510,-0.02362118695918189,0.020818266115085225
2511,0.04599685342190368,0.016938776188403212
2512,0.17579319989511408,0.07679037917150856
2513,0.06369635521370509,0.07445939865592593
2514,0.0837557905777467,0.020082902660819937
2515,0.051896687352504155,0.04822765670115532
2516,-0.10857879555982869,0.07042130781866587
2517,0.04599685342190368,0.016938776188403212
2518,-0.054300323398304345,0.024950348763497478
2519,0.05543658771086443,0.058316239686683535
2520,-0.055480290184424436,0.044350669012358644
2521,0.004698015907700376,0.019020466979674192
2522,-0.015361419456341228,0.06011659544544622
2523,-0.05194038982606416,0.0667867258586394
2524,0.12151472773358972,0.0515674398984214
2525,-0.048400489467703874,0.05372013848304901
2526,-0.0012018180229000962,0.021558514744455123
2527,-0.06020015732890482,0.027488396528278405
2528,-2.185123678000175e-05,0.03376119102789707
2529,-0.0012018180229000962,0.021558514744455123
2530,0.004698015907700376,0.019020466979674192
2531,0.1439340966698715,0.11973279823334679
2532,-0.027161087317542174,0.01590698870298641
2533,0.03537715234682283,0.03421754800140702
2534,0.002338082335460187,0.02702647904107779
2535,0.00587798269382047,0.013959891665487395
2536,0.004698015907700376,0.019020466979674192
2537,-0.08261952626518661,0.062402861946548475
2538,0.015317716982781225,0.01633312131280528
2539,-0.055480290184424436,0.044350669012358644
2540,0.004698015907700376,0.019020466979674192
2541,0.0412769862774233,0.031679500236626086
2542,0.03537715234682283,0.03421754800140702
2543,-0.017721353028581417,0.018280218350304297
2544,0.011777816624420942,0.029399708688395677
2545,0.004698015907700376,0.019020466979674192
2546,0.00587798269382047,0.013959891665487395
2547,-0.03424088803426274,0.023505611781954136
2548,-0.015361419456341228,0.06011659544544622
2549,0.13213442880867057,0.054758350264166956
2550,0.04009701949130321,0.019476823953184143
2551,0.051896687352504155,0.08445127192236399
2552,0.002338082335460187,0.02702647904107779
2553,-0.054300323398304345,0.024950348763497478
2554,-0.08851936019578709,0.03363307222699694
2555,0.09201555808058737,0.04854307668559785
2556,-0.046040555895463686,0.04672389865967653
2557,-0.0012018180229000962,0.021558514744455123
2558,-0.017721353028581417,0.018280218350304297
2559,-0.055480290184424436,0.044350669012358644
2560,-0.0012018180229000962,0.021558514744455123
2561,-0.04368062232322349,0.07772212044923536
2562,-0.07671969233458614,0.05986481418176755
2563,-0.08969932698190718,0.05303339247585811
2564,-0.06020015732890482,0.027488396528278405
2565,-0.017721353028581417,0.018280218350304297
2566,-0.02362118695918189,0.020818266115085225
2567,0.015317716982781225,0.01633312131280528
2568,0.05543658771086443,0.04033837489899432
2569,-0.062560090901145,0.05194929209132637
2570,0.004698015907700376,0.019020466979674192
2571,-0.01890131981470151,0.03768053859916547
2572,-0.08969932698190718,0.05303339247585811
2573,0.011777816624420942,0.011421843900706467
2574,0.08729569093610698,0.025550866957442606
2575,-0.06020015732890482,0.027488396528278405
2576,0.0837557905777467,0.020082902660819937
2577,-0.02362118695918189,0.020818266115085225
2578,0.12269469451970981,0.05915070789821623
2579,-0.027161087317542174,0.01590698870298641
2580,0.09083559129446726,0.10066198577037104
2581,0.0412769862774233,0.031679500236626086
2582,0.0837557905777467,0.020082902660819937
2583,-0.027161087317542174,0.01590698870298641
2584,-0.054300323398304345,0.024950348763497478
2585,0.1687133991783935,0.07976838356157073
2586,0.0825758237916266,0.052935434319647104
2587,0.08021589021938642,0.03314949003641033
2588,-0.10857879555982869,0.07042130781866587
2589,0.010597849838300848,0.050309347492426305
2590,0.07903592343326632,0.034823626709042814
2591,-0.015361419456341228,0.06011659544544622
2592,0.00587798269382047,0.013959891665487395
2593,-0.062560090901145,0.05194929209132637
2594,0.08021589021938642,0.03314949003641033
2595,0.03655711913294293,0.03254341132877454
2596,0.1687133991783935,0.07976838356157073
2597,-0.030700987675902455,0.06001988572635607
2598,-0.017721353028581417,0.018280218350304297
2599,0.12741456166419018,0.06949907431238984
2600,0.011777816624420942,0.011421843900706467
2601,-0.055480290184424436,0.044350669012358644
2602,-0.017721353028581417,0.018280218350304297
2603,-0.054300323398304345,0.024950348763497478
2604,0.004698015907700376,0.019020466979674192
2605,-0.0637400576872651,0.02257711911617959
2606,0.03537715234682283,0.03421754800140702
2607,-0.015361419456341228,0.06011659544544622
2608,-0.009461585525740756,0.07804822985941466
2609,-0.08969932698190718,0.05303339247585811
2610,-0.027161087317542174,0.01590698870298641
2611,0.00587798269382047,0.013959891665487395
2612,-0.08851936019578709,0.03363307222699694
2613,-0.08969932698190718,0.05303339247585811
2614,-0.062560090901145,0.05194929209132637
2615,0.04717682020802377,0.10005590706273525
2616,-0.08969932698190718,0.05303339247585811
2617,0.00587798269382047,0.013959891665487395
2618,0.09673542522506774,0.07656329408509452
2619,-0.033060921248142645,0.018445036467767337
2620,-0.054300323398304345,0.024950348763497478
2621,-0.02362118695918189,0.020818266115085225
2622,0.1262345948780701,0.036826715850198526
2623,0.002338082335460187,0.02702647904107779
2624,0.00587798269382047,0.013959891665487395
2625,0.002338082335460187,0.02702647904107779
2626,0.0412769862774233,0.031679500236626086
2627,-0.08025959269294643,0.055406622123176
2628,0.015317716982781225,0.07179223866541208
2629,0.015317716982781225,0.01633312131280528
2630,-0.06020015732890482,0.027488396528278405
2631,-0.040140721964863214,0.08218031250782691
2632,0.014137750196661131,0.0424200656902653
2633,-0.04368062232322349,0.07772212044923536
2634,0.10145529236954812,0.07194267539618895
2635,-0.02598112053142208,0.045279161678133194
2636,-0.027161087317542174,0.03388485349067562
2637,-0.030700987675902455,0.06001988572635607
2638,0.00587798269382047,0.013959891665487395
2639,-0.054300323398304345,0.024950348763497478
2640,-0.08969932698190718,0.05303339247585811
2641,0.014137750196661131,0.0424200656902653
2642,0.05543658771086443,0.04033837489899432
2643,-0.08969932698190718,0.05303339247585811
2644,-0.027161087317542174,0.01590698870298641
2645,0.0825758237916266,0.07888843587419198
2646,-0.040140721964863214,0.08218031250782691
2647,0.011777816624420942,0.011421843900706467
2648,-0.015361419456341228,0.049278440139863135
2649,-0.06020015732890482,0.027488396528278405
2650,0.00823791626606066,0.05553474092407613
2651,-0.027161087317542174,0.01590698870298641
2652,-0.027161087317542174,0.01590698870298641
2653,-0.033060921248142645,0.018445036467767337
2654,0.00823791626606066,0.05553474092407613
2655,-0.017721353028581417,0.018280218350304297
2656,0.12269469451970981,0.05915070789821623
2657,-0.03424088803426274,0.023505611781954136
2658,-0.0012018180229000962,0.021558514744455123
2659,-0.033060921248142645,0.018445036467767337
2660,0.011777816624420942,0.029399708688395677
2661,-0.08851936019578709,0.03363307222699694
2662,0.004698015907700376,0.019020466979674192
2663,0.011777816624420942,0.011421843900706467
2664,0.011777816624420942,0.011421843900706467
2665,0.04953675378026396,0.04287642266377525
2666,-0.08261952626518661,0.062402861946548475
2667,0.08611572414998689,0.04646050576147323
2668,0.025937418057862077,0.08662967243272511
2669,-0.03188095446202255,0.10395386240400598
2670,-0.062560090901145,0.05194929209132637
2671,0.04717682020802377,0.011878200874216415
2672,0.12505462809195,0.038500852522831
2673,0.12741456166419018,0.06949907431238984
2674,0.0837557905777467,0.020082902660819937
2675,-0.017721353028581417,0.018280218350304297
2676,-0.0012018180229000962,0.021558514744455123
2677,-0.033060921248142645,0.018445036467767337
2678,-0.054300323398304345,0.024950348763497478
2679,0.04953675378026396,0.04287642266377525
2680,0.08021589021938642,0.03314949003641033
2681,0.04717682020802377,0.011878200874216415
2682,0.00587798269382047,0.013959891665487395
2683,-0.02362118695918189,0.020818266115085225
2684,0.011777816624420942,0.011421843900706467
2685,0.0412769862774233,0.031679500236626086
2686,-0.027161087317542174,0.01590698870298641
2687,-0.054300323398304345,0.024950348763497478
2688,0.04009701949130321,0.019476823953184143
2689,-0.04368062232322349,0.07772212044923536
2690,0.00587798269382047,0.07618459629946135
2691,-0.02598112053142208,0.045279161678133194
2692,-0.040140721964863214,0.08218031250782691
2693,-0.02362118695918189,0.020818266115085225
2694,0.0825758237916266,0.07888843587419198
2695,-0.015361419456341228,0.049278440139863135
2696,-0.027161087317542174,0.03388485349067562
2697,-0.03424088803426274,0.023505611781954136
2698,-0.03424088803426274,0.023505611781954136
2699,0.03655711913294293,0.03254341132877454
2700,0.1049951927279084,0.07685395280828776
2701,0.04363691984966349,0.02494478824980681
2702,-0.033060921248142645,0.018445036467767337
2703,-0.027161087317542174,0.01590698870298641
2704,0.023577484485621886,0.04479329533758319
2705,0.00587798269382047,0.013959891665487395
2706,-0.0012018180229000962,0.021558514744455123
2707,-0.046040555895463686,0.04672389865967653
2708,0.05897648806922472,0.04524965231109314
2709,-0.033060921248142645,0.018445036467767337
2710,0.0825758237916266,0.07888843587419198
2711,-0.10857879555982869,0.07042130781866587
2712,0.0837557905777467,0.020082902660819937
2713,-0.02362118695918189,0.020818266115085225
2714,0.00587798269382047,0.013959891665487395
2715,-0.054300323398304345,0.024950348763497478
2716,0.022397517699501792,0.06419361558644436
2717,-0.07671969233458614,0.05986481418176755
2718,0.05543658771086443,0.04033837489899432
2719,-0.027161087317542174,0.01590698870298641
2720,-0.0637400576872651,0.02257711911617959
2721,-0.02598112053142208,0.045279161678133194
2722,0.004698015907700376,0.019020466979674192
2723,-0.06020015732890482,0.027488396528278405
2724,-0.02362118695918189,0.020818266115085225
2725,-0.027161087317542174,0.01590698870298641
2726,0.04009701949130321,0.019476823953184143
2727,0.00587798269382047,0.013959891665487395
2728,-0.054300323398304345,0.024950348763497478
2729,0.011777816624420942,0.011421843900706467
2730,0.08021589021938642,0.03314949003641033
2731,-0.0012018180229000962,0.021558514744455123
2732,-0.02598112053142208,0.045279161678133194
2733,0.00587798269382047,0.013959891665487395
2734,-0.02362118695918189,0.020818266115085225
2735,-0.06020015732890482,0.027488396528278405
2736,0.09201555808058737,0.04854307668559785
2737,-0.027161087317542174,0.01590698870298641
2738,-0.027161087317542174,0.01590698870298641
2739,-0.062560090901145,0.05194929209132637
2740,-0.0637400576872651,0.02257711911617959
2741,-0.055480290184424436,0.044350669012358644
2742,-0.048400489467703874,0.05372013848304901
2743,-0.015361419456341228,0.049278440139863135
2744,-0.03424088803426274,0.023505611781954136
2745,-0.0637400576872651,0.02257711911617959
2746,-0.0012018180229000962,0.021558514744455123
2747,-0.048400489467703874,0.05372013848304901
2748,0.004698015907700376,0.019020466979674192
2749,0.08729569093610698,0.025550866957442606
2750,-0.062560090901145,0.05194929209132637
2751,-0.015361419456341228,0.06011659544544622
2752,0.08729569093610698,0.06328380073382071
2753,0.022397517699501792,0.06419361558644436
2754,0.011777816624420942,0.029399708688395677
2755,0.0825758237916266,0.052935434319647104
2756,0.011777816624420942,0.029399708688395677
2757,-0.03424088803426274,0.023505611781954136
2758,0.04717682020802377,0.011878200874216415
2759,0.00587798269382047,0.013959891665487395
2760,-0.08969932698190718,0.05303339247585811
2761,-0.033060921248142645,0.018445036467767337
2762,0.04717682020802377,0.07410290550819036
2763,0.0412769862774233,0.031679500236626086
2764,0.12859452845031027,0.0566126601334353
2765,0.08965562450834717,0.05654908874700145
2766,0.004698015907700376,0.019020466979674192
2767,-0.017721353028581417,0.018280218350304297
2768,-0.0425006555371034,0.05118209071826808
2769,0.1427541298837514,0.08024051989888271
2770,0.0424569530635434,0.04585442705383744
2771,-0.054300323398304345,0.024950348763497478
2772,-0.033060921248142645,0.018445036467767337
2773,0.05543658771086443,0.058316239686683535
2774,-0.03424088803426274,0.023505611781954136
2775,-0.048400489467703874,0.05372013848304901
2776,-0.08851936019578709,0.03363307222699694
2777,-0.062560090901145,0.05194929209132637
2778,-0.048400489467703874,0.05372013848304901
2779,0.004698015907700376,0.019020466979674192
2780,-0.08851936019578709,0.03363307222699694
2781,-0.0637400576872651,0.02257711911617959
2782,-0.0012018180229000962,0.021558514744455123
2783,0.004698015907700376,0.019020466979674192
2784,-0.03424088803426274,0.023505611781954136
2785,0.00823791626606066,0.05553474092407613
2786,0.015317716982781225,0.01633312131280528
2787,0.0424569530635434,0.04585442705383744
2788,0.051896687352504155,0.04822765670115532
2789,-0.027161087317542174,0.01590698870298641
2790,0.08729569093610698,0.07419006443777662
2791,-0.027161087317542174,0.01590698870298641
2792,0.0825758237916266,0.052935434319647104
2793,-0.08969932698190718,0.05303339247585811
2794,-0.06020015732890482,0.027488396528278405
2795,0.0424569530635434,0.04585442705383744
2796,0.015317716982781225,0.01633312131280528
2797,-0.02598112053142208,0.045279161678133194
2798,0.0825758237916266,0.052935434319647104
2799,-0.0637400576872651,0.02257711911617959
2800,-0.02362118695918189,0.020818266115085225
2801,0.07903592343326632,0.05405912884044096
2802,0.07903592343326632,0.034823626709042814
2803,-0.033060921248142645,0.018445036467767337
2804,0.0412769862774233,0.031679500236626086
2805,-0.062560090901145,0.05194929209132637
2806,-0.0012018180229000962,0.021558514744455123
2807,0.04599685342190368,0.016938776188403212
2808,0.011777816624420942,0.029399708688395677
2809,0.004698015907700376,0.019020466979674192
2810,0.022397517699501792,0.06419361558644436
2811,0.010597849838300848,0.050309347492426305
2812,0.00587798269382047,0.013959891665487395
2813,-0.048400489467703874,0.05372013848304901
2814,0.04953675378026396,0.04287642266377525
2815,0.12505462809195,0.057736354654229154
2816,-0.0012018180229000962,0.021558514744455123
2817,-0.048400489467703874,0.05372013848304901
2818,-0.0637400576872651,0.02257711911617959
2819,0.0412769862774233,0.031679500236626086
2820,0.014137750196661131,0.0424200656902653
2821,0.015317716982781225,0.01633312131280528
2822,0.004698015907700376,0.019020466979674192
2823,-0.0012018180229000962,0.021558514744455123
2824,-0.03424088803426274,0.023505611781954136
2825,-0.08025959269294643,0.055406622123176
2826,-0.027161087317542174,0.01590698870298641
2827,0.04363691984966349,0.02494478824980681
2828,0.04363691984966349,0.02494478824980681
2829,0.004698015907700376,0.019020466979674192
2830,0.1698933659645136,0.058858744757540105
2831,-0.046040555895463686,0.04672389865967653
2832,-0.017721353028581417,0.018280218350304297
2833,0.09319552486670746,0.04348250137141105
2834,-0.0637400576872651,0.02257711911617959
2835,0.00587798269382047,0.013959891665487395
2836,0.13213442880867057,0.054758350264166956
2837,0.07903592343326632,0.034823626709042814
2838,0.13213442880867057,0.05013773157526143
2839,-0.08851936019578709,0.03363307222699694
2840,-0.015361419456341228,0.06011659544544622
2841,0.004698015907700376,0.019020466979674192
2842,0.09909535879730792,0.05892231839431933
2843,0.017677650555021414,0.047331343102364115
2844,-0.0637400576872651,0.02257711911617959
2845,-0.062560090901145,0.05194929209132637
2846,0.08021589021938642,0.03314949003641033
2847,0.04953675378026396,0.04287642266377525
2848,0.004698015907700376,0.019020466979674192
2849,-0.048400489467703874,0.05372013848304901
2850,-0.10031902805698803,0.09219485771484492
2851,0.00587798269382047,0.013959891665487395
2852,-0.02362118695918189,0.020818266115085225
2853,0.03537715234682283,0.03421754800140702
2854,-0.0637400576872651,0.02257711911617959
2855,0.004698015907700376,0.019020466979674192
2856,0.038917052705183114,0.05232935561201131
2857,-0.040140721964863214,0.08218031250782691
2858,0.05897648806922472,0.04524965231109314
2859,-0.08851936019578709,0.03363307222699694
2860,0.08965562450834717,0.05654908874700145
2861,0.08611572414998689,0.05108112445037876
2862,-0.07671969233458614,0.05986481418176755
2863,-0.054300323398304345,0.024950348763497478
2864,-0.027161087317542174,0.03388485349067562
2865,0.0837557905777467,0.020082902660819937
2866,-0.0012018180229000962,0.021558514744455123
2867,-0.054300323398304345,0.024950348763497478
2868,-0.017721353028581417,0.018280218350304297
2869,-0.027161087317542174,0.03388485349067562
2870,0.004698015907700376,0.019020466979674192
2871,-0.03188095446202255,0.10395386240400598
2872,0.004698015907700376,0.019020466979674192
2873,-0.0637400576872651,0.02257711911617959
2874,-0.0637400576872651,0.02257711911617959
2875,-0.054300323398304345,0.024950348763497478
2876,0.00587798269382047,0.013959891665487395
2877,0.1049951927279084,0.07685395280828776
2878,-0.02362118695918189,0.020818266115085225
2879,-0.033060921248142645,0.018445036467767337
2880,0.010597849838300848,0.050309347492426305
2881,-0.027161087317542174,0.03388485349067562
2882,-0.0012018180229000962,0.021558514744455123
2883,0.0825758237916266,0.052935434319647104
2884,-0.03424088803426274,0.023505611781954136
2885,-0.04368062232322349,0.07772212044923536
2886,0.002338082335460187,0.02702647904107779
2887,-0.055480290184424436,0.044350669012358644
2888,0.011777816624420942,0.011421843900706467
2889,-0.027161087317542174,0.01590698870298641
2890,0.014137750196661131,0.0424200656902653
2891,-0.0637400576872651,0.02257711911617959
2892,0.04835678699414387,0.04793699797796205
2893,0.04009701949130321,0.019476823953184143
2894,-0.0012018180229000962,0.021558514744455123
2895,-0.0637400576872651,0.02257711911617959
2896,0.06369635521370509,0.10724609589021085
2897,0.004698015907700376,0.019020466979674192
2898,-0.027161087317542174,0.01590698870298641
2899,0.023577484485621886,0.05563145064316628
2900,0.04363691984966349,0.02494478824980681
2901,0.04717682020802377,0.07410290550819036
2902,0.015317716982781225,0.01633312131280528
2903,0.00587798269382047,0.013959891665487395
2904,0.04363691984966349,0.02494478824980681
2905,0.07903592343326632,0.034823626709042814
2906,0.13095446202255048,0.08761088192299414
2907,0.12151472773358972,0.0515674398984214
2908,-0.0425006555371034,0.05118209071826808
2909,0.0412769862774233,0.031679500236626086
2910,0.004698015907700376,0.019020466979674192
2911,-0.10031902805698803,0.09219485771484492
2912,0.09319552486670746,0.10570720600538501
2913,0.0412769862774233,0.031679500236626086
2914,-2.185123678000175e-05,0.03376119102789707
2915,-0.02598112053142208,0.045279161678133194
2916,-0.0637400576872651,0.02257711911617959
2917,0.04717682020802377,0.07410290550819036
2918,0.014137750196661131,0.0424200656902653
2919,-0.027161087317542174,0.03388485349067562
2920,0.015317716982781225,0.01633312131280528
2921,0.09201555808058737,0.04854307668559785
2922,0.014137750196661131,0.0424200656902653
2923,-0.02598112053142208,0.045279161678133194
2924,0.053076654138624245,0.027318017897124697
2925,-0.0012018180229000962,0.021558514744455123
2926,0.017677650555021414,0.047331343102364115
2927,0.004698015907700376,0.019020466979674192
2928,0.1262345948780701,0.036826715850198526
2929,-0.048400489467703874,0.05372013848304901
2930,0.00587798269382047,0.013959891665487395
2931,0.004698015907700376,0.019020466979674192
2932,-0.033060921248142645,0.018445036467767337
2933,0.03655711913294293,0.03254341132877454
2934,-0.0012018180229000962,0.021558514744455123
2935,-0.08969932698190718,0.05303339247585811
2936,0.012957783410541037,0.040794016875853246
2937,-0.046040555895463686,0.04672389865967653
2938,-0.06020015732890482,0.027488396528278405
2939,-0.0637400576872651,0.02257711911617959
2940,-0.030700987675902455,0.06001988572635607
2941,0.023577484485621886,0.05563145064316628
2942,0.00587798269382047,0.013959891665487395
2943,-0.10031902805698803,0.09219485771484492
2944,0.010597849838300848,0.050309347492426305
2945,-0.027161087317542174,0.01590698870298641
2946,0.002338082335460187,0.02702647904107779
2947,0.00587798269382047,0.013959891665487395
2948,-0.03424088803426274,0.023505611781954136
2949,0.004698015907700376,0.019020466979674192
2950,-0.0637400576872651,0.02257711911617959
2951,0.09083559129446726,0.07470898421582615
2952,-0.0637400576872651,0.02257711911617959
2953,-0.027161087317542174,0.01590698870298641
2954,0.07903592343326632,0.034823626709042814
2955,0.028297351630102264,0.10678973891670088
2956,0.04363691984966349,0.02494478824980681
2957,-0.055480290184424436,0.044350669012358644
2958,-0.027161087317542174,0.01590698870298641
2959,-0.055480290184424436,0.044350669012358644
2960,-0.062560090901145,0.05194929209132637
2961,-0.017721353028581417,0.018280218350304297
2962,-0.027161087317542174,0.01590698870298641
2963,-0.02362118695918189,0.020818266115085225
2964,-0.06020015732890482,0.027488396528278405
2965,-0.08851936019578709,0.03363307222699694
2966,0.00823791626606066,0.05553474092407613
2967,-0.054300323398304345,0.024950348763497478
2968,0.04363691984966349,0.02494478824980681
2969,-0.02362118695918189,0.020818266115085225
2970,0.04363691984966349,0.02494478824980681
2971,-0.054300323398304345,0.024950348763497478
2972,-0.02362118695918189,0.020818266115085225
2973,0.002338082335460187,0.02702647904107779
2974,-0.0637400576872651,0.02257711911617959
2975,0.08021589021938642,0.03314949003641033
2976,-0.027161087317542174,0.01590698870298641
2977,0.004698015907700376,0.019020466979674192
2978,0.04717682020802377,0.011878200874216415
2979,-0.055480290184424436,0.044350669012358644
2980,-0.040140721964863214,0.08218031250782691
2981,-0.015361419456341228,0.049278440139863135
2982,-0.0637400576872651,0.02257711911617959
2983,-0.02362118695918189,0.020818266115085225
2984,0.03537715234682283,0.03421754800140702
2985,-0.015361419456341228,0.049278440139863135
2986,-0.10857879555982869,0.07042130781866587
2987,0.04717682020802377,0.011878200874216415
2988,-0.055480290184424436,0.044350669012358644
2989,0.04717682020802377,0.07410290550819036
2990,0.07903592343326632,0.034823626709042814
2991,0.00587798269382047,0.013959891665487395
2992,0.08021589021938642,0.03314949003641033
2993,0.004698015907700376,0.019020466979674192
2994,-0.08851936019578709,0.03363307222699694
2995,0.21827200419543746,0.09123982261724102
2996,-0.027161087317542174,0.01590698870298641
2997,-0.027161087317542174,0.01590698870298641
2998,-0.02362118695918189,0.020818266115085225
2999,0.00587798269382047,0.013959891665487395
3000,0.12033476094746963,0.07247707870245203
3001,0.12859452845031027,0.06782493763975737
3002,-0.027161087317542174,0.01590698870298641
3003,0.004698015907700376,0.019020466979674192
3004,-0.033060921248142645,0.018445036467767337
3005,0.0424569530635434,0.04585442705383744
3006,0.011777816624420942,0.029399708688395677
3007,-0.0637400576872651,0.02257711911617959
3008,-0.015361419456341228,0.06011659544544622
3009,-0.054300323398304345,0.024950348763497478
3010,0.12151472773358972,0.0515674398984214
3011,-0.027161087317542174,0.01590698870298641
3012,0.011777816624420942,0.029399708688395677
3013,-0.03424088803426274,0.023505611781954136
3014,-0.0012018180229000962,0.021558514744455123
3015,-0.04368062232322349,0.07772212044923536
3016,-0.08851936019578709,0.03363307222699694
3017,0.023577484485621886,0.04479329533758319
3018,0.04953675378026396,0.053453050132805144
3019,-0.015361419456341228,0.049278440139863135
3020,0.038917052705183114,0.05232935561201131
3021,0.05543658771086443,0.04033837489899432
3022,-0.01890131981470151,0.03768053859916547
3023,0.04363691984966349,0.02494478824980681
3024,0.04363691984966349,0.02494478824980681
3025,0.13331439559479066,0.0669610265476089
3026,-0.054300323398304345,0.024950348763497478
3027,-0.048400489467703874,0.05372013848304901
3028,-0.03424088803426274,0.023505611781954136
3029,-0.0012018180229000962,0.021558514744455123
3030,-0.027161087317542174,0.01590698870298641
3031,0.022397517699501792,0.06419361558644436
3032,-0.027161087317542174,0.03388485349067562
3033,0.038917052705183114,0.05232935561201131
3034,0.015317716982781225,0.01633312131280528
3035,0.00587798269382047,0.013959891665487395
3036,0.05897648806922472,0.04524965231109314
3037,-0.08969932698190718,0.05303339247585811
3038,0.12151472773358972,0.0515674398984214
3039,0.04717682020802377,0.011878200874216415
3040,0.00587798269382047,0.013959891665487395
3041,0.011777816624420942,0.029399708688395677
3042,0.00587798269382047,0.013959891665487395
3043,0.0825758237916266,0.052935434319647104
3044,0.00587798269382047,0.013959891665487395
3045,-0.054300323398304345,0.024950348763497478
3046,-0.0637400576872651,0.02257711911617959
3047,0.011777816624420942,0.011421843900706467
3048,-0.08851936019578709,0.03363307222699694
3049,-0.0637400576872651,0.02257711911617959
3050,0.04363691984966349,0.02494478824980681
3051,0.004698015907700376,0.019020466979674192
3052,0.002338082335460187,0.02702647904107779
3053,0.1675334323922734,0.10546160168747021
3054,0.09555545843894764,0.08505735062999976
3055,-0.08851936019578709,0.03363307222699694
3056,0.23479153920111878,0.12788803938455806
3057,-0.1298181977099904,0.10451157379436778
3058,0.04599685342190368,0.016938776188403212
3059,0.09319552486670746,0.04348250137141105
3060,-0.0637400576872651,0.02257711911617959
3061,0.03537715234682283,0.03421754800140702
3062,0.05543658771086443,0.04033837489899432
3063,-0.02362118695918189,0.020818266115085225
3064,0.011777816624420942,0.011421843900706467
3065,0.04363691984966349,0.02494478824980681
3066,-0.027161087317542174,0.01590698870298641
3067,-0.054300323398304345,0.024950348763497478
3068,-0.016541386242461324,0.0686787603887243
3069,0.04717682020802377,0.011878200874216415
3070,-0.055480290184424436,0.044350669012358644
3071,-0.055480290184424436,0.044350669012358644
3072,-0.10857879555982869,0.07042130781866587
3073,-0.027161087317542174,0.01590698870298641
3074,0.0412769862774233,0.031679500236626086
3075,0.04363691984966349,0.02494478824980681
3076,-0.007101651953500568,0.07105199003604219
3077,-0.027161087317542174,0.01590698870298641
3078,-0.01890131981470151,0.03768053859916547
3079,0.0849357573638668,0.032285578944261886
3080,-0.048400489467703874,0.05372013848304901
3081,-0.0637400576872651,0.02257711911617959
3082,-0.02362118695918189,0.020818266115085225
3083,-0.048400489467703874,0.05372013848304901
3084,-0.08969932698190718,0.05303339247585811
3085,0.011777816624420942,0.029399708688395677
3086,0.07549602307490604,0.04789021408463321
3087,0.09673542522506774,0.07656329408509452
3088,-0.06020015732890482,0.027488396528278405
3089,0.03537715234682283,0.03421754800140702
3090,-0.027161087317542174,0.03388485349067562
3091,-0.0637400576872651,0.02257711911617959
3092,0.0648763219998252,0.10218895733222932
3093,0.0424569530635434,0.04585442705383744
3094,-0.048400489467703874,0.05372013848304901
3095,-0.030700987675902455,0.06001988572635607
3096,0.03655711913294293,0.03254341132877454
3097,-0.033060921248142645,0.018445036467767337
3098,0.038917052705183114,0.05232935561201131
3099,0.0849357573638668,0.032285578944261886
3100,0.011777816624420942,0.029399708688395677
3101,-0.017721353028581417,0.018280218350304297
3102,-0.054300323398304345,0.024950348763497478
3103,-0.08025959269294643,0.055406622123176
3104,0.00823791626606066,0.05553474092407613
3105,-0.062560090901145,0.05194929209132637
3106,-0.033060921248142645,0.018445036467767337
3107,-0.054300323398304345,0.024950348763497478
3108,0.0412769862774233,0.031679500236626086
3109,0.08611572414998689,0.05108112445037876
3110,-0.030700987675902455,0.06001988572635607
3111,-0.027161087317542174,0.01590698870298641
3112,0.12151472773358972,0.0515674398984214
3113,-0.027161087317542174,0.01590698870298641
3114,-0.033060921248142645,0.018445036467767337
3115,-0.03424088803426274,0.023505611781954136
3116,-0.0012018180229000962,0.021558514744455123
3117,-0.05194038982606416,0.0667867258586394
3118,-0.027161087317542174,0.01590698870298641
3119,-0.06020015732890482,0.027488396528278405
3120,0.07549602307490604,0.04789021408463321
3121,0.015317716982781225,0.01633312131280528
3122,0.010597849838300848,0.050309347492426305
3123,-0.0012018180229000962,0.021558514744455123
3124,-0.0012018180229000962,0.021558514744455123
3125,-0.08261952626518661,0.062402861946548475
3126,-0.033060921248142645,0.018445036467767337
3127,-0.07671969233458614,0.05986481418176755
3128,0.05543658771086443,0.04033837489899432
3129,-2.185123678000175e-05,0.03376119102789707
3130,-0.027161087317542174,0.01590698870298641
3131,0.002338082335460187,0.02702647904107779
3132,-0.07671969233458614,0.05986481418176755
3133,0.0825758237916266,0.07888843587419198
3134,-0.054300323398304345,0.024950348763497478
3135,0.09555545843894764,0.08505735062999976
3136,0.05661655449698453,0.06971054787414109
3137,0.00587798269382047,0.013959891665487395
3138,0.023577484485621886,0.04479329533758319
3139,0.0837557905777467,0.020082902660819937
3140,-0.08851936019578709,0.03363307222699694
3141,-0.02362118695918189,0.020818266115085225
3142,-0.0012018180229000962,0.021558514744455123
3143,-0.01890131981470151,0.03768053859916547
3144,-0.06020015732890482,0.027488396528278405
3145,0.04363691984966349,0.02494478824980681
3146,-0.03424088803426274,0.023505611781954136
3147,-0.02362118695918189,0.020818266115085225
3148,-0.0637400576872651,0.02257711911617959
3149,-0.054300323398304345,0.024950348763497478
3150,0.13331439559479066,0.07786729025156482
3151,0.04717682020802377,0.011878200874216415
3152,0.1675334323922734,0.10546160168747021
3153,-0.0012018180229000962,0.021558514744455123
3154,0.04009701949130321,0.019476823953184143
3155,0.002338082335460187,0.02702647904107779
3156,0.002338082335460187,0.02702647904107779
3157,0.13213442880867057,0.054758350264166956
3158,-0.054300323398304345,0.024950348763497478
3159,-0.027161087317542174,0.03388485349067562
3160,-0.0637400576872651,0.02257711911617959
3161,0.011777816624420942,0.011421843900706467
3162,-0.07671969233458614,0.05986481418176755
3163,-0.015361419456341228,0.06011659544544622
3164,0.04363691984966349,0.02494478824980681
3165,0.04363691984966349,0.02494478824980681
3166,-2.185123678000175e-05,0.03376119102789707
3167,0.004698015907700376,0.019020466979674192
3168,-0.030700987675902455,0.06001988572635607
3169,-2.185123678000175e-05,0.03376119102789707
3170,-0.054300323398304345,0.024950348763497478
3171,-0.02598112053142208,0.045279161678133194
3172,0.00587798269382047,0.013959891665487395
3173,0.038917052705183114,0.05232935561201131
3174,0.04717682020802377,0.10005590706273525
3175,0.05897648806922472,0.04524965231109314
3176,0.051896687352504155,0.08445127192236399
3177,0.029477318416222358,0.07356308505713473
3178,-0.033060921248142645,0.018445036467767337
3179,-0.02362118695918189,0.020818266115085225
3180,-0.033060921248142645,0.018445036467767337
3181,0.015317716982781225,0.01633312131280528
3182,0.04953675378026396,0.04287642266377525
3183,-0.048400489467703874,0.05372013848304901
3184,-0.027161087317542174,0.03388485349067562
3185,0.04835678699414387,0.04793699797796205
3186,0.00587798269382047,0.013959891665487395
3187,-0.06020015732890482,0.027488396528278405
3188,0.00587798269382047,0.013959891665487395
3189,-0.048400489467703874,0.05372013848304901
3190,-0.030700987675902455,0.06001988572635607
3191,0.07903592343326632,0.034823626709042814
3192,0.04953675378026396,0.04287642266377525
3193,0.00587798269382047,0.013959891665487395
3194,0.0837557905777467,0.020082902660819937
3195,-0.015361419456341228,0.06011659544544622
3196,-0.08025959269294643,0.055406622123176
3197,0.04363691984966349,0.02494478824980681
3198,0.002338082335460187,0.02702647904107779
3199,0.017677650555021414,0.047331343102364115
3200,-0.04368062232322349,0.07772212044923536
3201,0.0412769862774233,0.031679500236626086
3202,-0.02598112053142208,0.045279161678133194
3203,0.004698015907700376,0.019020466979674192
3204,0.04717682020802377,0.011878200874216415
3205,-0.048400489467703874,0.05372013848304901
3206,-0.08851936019578709,0.03363307222699694
3207,0.08021589021938642,0.03314949003641033
3208,-0.054300323398304345,0.024950348763497478
3209,0.07903592343326632,0.034823626709042814
3210,-0.054300323398304345,0.024950348763497478
3211,0.03537715234682283,0.03421754800140702
3212,0.03655711913294293,0.03254341132877454
3213,0.07903592343326632,0.034823626709042814
3214,0.004698015907700376,0.019020466979674192
3215,-0.015361419456341228,0.06011659544544622
3216,0.04717682020802377,0.011878200874216415
3217,0.04599685342190368,0.016938776188403212
3218,0.08729569093610698,0.025550866957442606
3219,-0.10857879555982869,0.07042130781866587
3220,-0.06020015732890482,0.027488396528278405
3221,0.015317716982781225,0.01633312131280528
3222,0.004698015907700376,0.019020466979674192
3223,-0.0637400576872651,0.02257711911617959
3224,-0.033060921248142645,0.018445036467767337
3225,-0.08851936019578709,0.03363307222699694
3226,0.04599685342190368,0.016938776188403212
3227,-0.06020015732890482,0.027488396528278405
3228,-0.033060921248142645,0.018445036467767337
3229,0.004698015907700376,0.019020466979674192
3230,-0.027161087317542174,0.01590698870298641
3231,-0.033060921248142645,0.018445036467767337
3232,-0.054300323398304345,0.024950348763497478
3233,-0.027161087317542174,0.01590698870298641
3234,-0.055480290184424436,0.044350669012358644
3235,-0.03424088803426274,0.023505611781954136
3236,-0.04368062232322349,0.07772212044923536
3237,-0.02362118695918189,0.020818266115085225
3238,-0.02362118695918189,0.020818266115085225
3239,0.04717682020802377,0.07410290550819036
3240,-0.03424088803426274,0.023505611781954136
3241,0.12505462809195,0.038500852522831
3242,0.06723625557206538,0.07370982633587106
3243,-0.054300323398304345,0.024950348763497478
3244,0.09673542522506774,0.07656329408509452
3245,-0.03424088803426274,0.023505611781954136
3246,-0.055480290184424436,0.044350669012358644
3247,-0.027161087317542174,0.01590698870298641
3248,-0.02362118695918189,0.020818266115085225
3249,-0.0637400576872651,0.02257711911617959
3250,0.00587798269382047,0.013959891665487395
3251,0.00587798269382047,0.013959891665487395
3252,0.04835678699414387,0.04793699797796205
3253,0.051896687352504155,0.04822765670115532
3254,0.011777816624420942,0.011421843900706467
3255,0.08611572414998689,0.05108112445037876
3256,-0.054300323398304345,0.024950348763497478
3257,0.015317716982781225,0.01633312131280528
3258,0.04009701949130321,0.019476823953184143
3259,-0.10857879555982869,0.07042130781866587
3260,0.002338082335460187,0.02702647904107779
3261,-0.027161087317542174,0.01590698870298641
3262,-0.02362118695918189,0.020818266115085225
3263,0.022397517699501792,0.06419361558644436
3264,-0.027161087317542174,0.01590698870298641
3265,0.03655711913294293,0.03254341132877454
3266,-0.03424088803426274,0.023505611781954136
3267,0.04363691984966349,0.02494478824980681
3268,0.00587798269382047,0.013959891665487395
3269,0.00587798269382047,0.07618459629946135
3270,-0.0637400576872651,0.02257711911617959
3271,0.014137750196661131,0.0424200656902653
3272,-0.02598112053142208,0.045279161678133194
3273,-0.08851936019578709,0.03363307222699694
3274,0.002338082335460187,0.02702647904107779
3275,0.04599685342190368,0.016938776188403212
3276,0.002338082335460187,0.02702647904107779
3277,0.08611572414998689,0.05108112445037876
3278,0.022397517699501792,0.07654108944719691
3279,-0.015361419456341228,0.049278440139863135
3280,0.03655711913294293,0.03254341132877454
3281,-0.054300323398304345,0.024950348763497478
3282,-0.003561751595140285,0.07551018209463374
3283,-0.054300323398304345,0.024950348763497478
3284,-0.048400489467703874,0.05372013848304901
3285,0.004698015907700376,0.019020466979674192
3286,-0.02362118695918189,0.020818266115085225
3287,0.04363691984966349,0.02494478824980681
3288,-0.027161087317542174,0.01590698870298641
3289,0.011777816624420942,0.011421843900706467
3290,-0.015361419456341228,0.049278440139863135
3291,0.04599685342190368,0.016938776188403212
3292,0.011777816624420942,0.029399708688395677
3293,0.05661655449698453,0.06971054787414109
3294,0.004698015907700376,0.019020466979674192
3295,0.03655711913294293,0.03254341132877454
3296,0.012957783410541037,0.040794016875853246
3297,0.09791539201118783,0.10547894495052874
3298,0.10853509308626869,0.10279503603986512
3299,-0.03424088803426274,0.023505611781954136
3300,-0.062560090901145,0.05194929209132637
3301,-0.027161087317542174,0.01590698870298641
3302,-0.027161087317542174,0.01590698870298641
3303,-0.0012018180229000962,0.021558514744455123
3304,-0.033060921248142645,0.018445036467767337
3305,-0.0012018180229000962,0.021558514744455123
3306,-0.062560090901145,0.05194929209132637
3307,-0.027161087317542174,0.03388485349067562
3308,-0.0637400576872651,0.02257711911617959
3309,0.00587798269382047,0.013959891665487395
3310,-0.0637400576872651,0.02257711911617959
3311,0.0825758237916266,0.052935434319647104
3312,0.03655711913294293,0.03254341132877454
3313,0.015317716982781225,0.07179223866541208
3314,-0.054300323398304345,0.024950348763497478
3315,-0.0012018180229000962,0.021558514744455123
3316,0.022397517699501792,0.07654108944719691
3317,-0.01890131981470151,0.03768053859916547
3318,0.011777816624420942,0.011421843900706467
3319,-0.027161087317542174,0.01590698870298641
3320,-0.033060921248142645,0.018445036467767337
3321,0.00587798269382047,0.013959891665487395
3322,-0.055480290184424436,0.044350669012358644
3323,-0.0012018180229000962,0.021558514744455123
3324,-0.054300323398304345,0.024950348763497478
3325,0.0837557905777467,0.020082902660819937
3326,-0.007101651953500568,0.07105199003604219
3327,0.004698015907700376,0.019020466979674192
3328,-0.03424088803426274,0.023505611781954136
3329,-0.02362118695918189,0.020818266115085225
3330,-0.054300323398304345,0.024950348763497478
3331,-0.027161087317542174,0.01590698870298641
3332,0.004698015907700376,0.019020466979674192
3333,-2.185123678000175e-05,0.03376119102789707
3334,-0.033060921248142645,0.018445036467767337
3335,-0.027161087317542174,0.01590698870298641
3336,-0.0012018180229000962,0.021558514744455123
3337,-0.054300323398304345,0.024950348763497478
3338,-0.027161087317542174,0.01590698870298641
3339,0.13331439559479066,0.07786729025156482
3340,-0.046040555895463686,0.04672389865967653
3341,0.13213442880867057,0.054758350264166956
3342,0.04599685342190368,0.016938776188403212
3343,0.00587798269382047,0.013959891665487395
3344,-0.011821519097980945,0.047050008069855834
3345,-0.02598112053142208,0.045279161678133194
3346,-0.06020015732890482,0.027488396528278405
3347,-0.055480290184424436,0.044350669012358644
3348,-0.03424088803426274,0.023505611781954136
3349,0.004698015907700376,0.019020466979674192
3350,-0.027161087317542174,0.01590698870298641
3351,0.08021589021938642,0.03314949003641033
3352,0.05897648806922472,0.04524965231109314
3353,-0.054300323398304345,0.024950348763497478
3354,0.07903592343326632,0.034823626709042814
3355,-0.054300323398304345,0.024950348763497478
3356,-0.054300323398304345,0.024950348763497478
3357,-0.08851936019578709,0.03363307222699694
3358,-0.055480290184424436,0.044350669012358644
3359,-0.08851936019578709,0.03363307222699694
3360,0.08611572414998689,0.05108112445037876
3361,0.014137750196661131,0.0424200656902653
3362,-0.054300323398304345,0.024950348763497478
3363,0.00587798269382047,0.013959891665487395
3364,-0.015361419456341228,0.049278440139863135
3365,-0.046040555895463686,0.04672389865967653
3366,0.09319552486670746,0.04348250137141105
3367,0.04363691984966349,0.02494478824980681
3368,-2.185123678000175e-05,0.03376119102789707
3369,0.03655711913294293,0.03254341132877454
3370,-0.055480290184424436,0.044350669012358644
3371,-0.08851936019578709,0.03363307222699694
3372,0.004698015907700376,0.019020466979674192
3373,-0.0012018180229000962,0.021558514744455123
3374,0.04009701949130321,0.019476823953184143
3375,-0.0637400576872651,0.02257711911617959
3376,-0.027161087317542174,0.01590698870298641
3377,-0.027161087317542174,0.01590698870298641
3378,-0.055480290184424436,0.044350669012358644
3379,-0.0012018180229000962,0.021558514744455123
3380,0.03655711913294293,0.03254341132877454
3381,-0.0012018180229000962,0.021558514744455123
3382,-0.027161087317542174,0.03388485349067562
3383,-0.033060921248142645,0.018445036467767337
3384,-0.048400489467703874,0.05372013848304901
3385,-0.027161087317542174,0.01590698870298641
3386,-0.027161087317542174,0.01590698870298641
3387,0.0412769862774233,0.031679500236626086
3388,0.022397517699501792,0.06419361558644436
3389,-0.04368062232322349,0.07772212044923536
3390,-0.033060921248142645,0.018445036467767337
3391,0.08611572414998689,0.05108112445037876
3392,0.09555545843894764,0.04883373540879112
3393,0.04009701949130321,0.019476823953184143
3394,0.04953675378026396,0.04287642266377525
3395,0.03655711913294293,0.03254341132877454
3396,0.004698015907700376,0.019020466979674192
3397,0.09555545843894764,0.04883373540879112
3398,-0.05194038982606416,0.0667867258586394
3399,0.011777816624420942,0.011421843900706467
3400,0.18287300061183462,0.08842725822393896
3401,0.04717682020802377,0.011878200874216415
3402,0.00587798269382047,0.013959891665487395
3403,-0.046040555895463686,0.04672389865967653
3404,-0.08025959269294643,0.055406622123176
3405,-0.0012018180229000962,0.021558514744455123
3406,-0.054300323398304345,0.024950348763497478
3407,0.002338082335460187,0.02702647904107779
3408,0.08021589021938642,0.03314949003641033
3409,0.0825758237916266,0.052935434319647104
3410,-0.08969932698190718,0.05303339247585811
3411,-0.015361419456341228,0.049278440139863135
3412,0.04599685342190368,0.016938776188403212
3413,0.08611572414998689,0.05108112445037876
3414,-0.02362118695918189,0.020818266115085225
3415,-0.06020015732890482,0.027488396528278405
3416,0.00587798269382047,0.013959891665487395
3417,0.04717682020802377,0.07410290550819036
3418,-0.10857879555982869,0.07042130781866587
3419,0.004698015907700376,0.019020466979674192
3420,0.012957783410541037,0.040794016875853246
3421,0.0825758237916266,0.07888843587419198
3422,-0.033060921248142645,0.018445036467767337
3423,0.17461323310899396,0.09275721818965126
3424,0.004698015907700376,0.019020466979674192
3425,-0.0637400576872651,0.02257711911617959
3426,-0.08851936019578709,0.03363307222699694
3427,-0.06020015732890482,0.027488396528278405
3428,-0.0637400576872651,0.02257711911617959
3429,0.004698015907700376,0.019020466979674192
3430,-0.1298181977099904,0.10451157379436778
3431,0.015317716982781225,0.01633312131280528
3432,0.00587798269382047,0.013959891665487395
3433,0.05543658771086443,0.04033837489899432
3434,0.17461323310899396,0.09275721818965126
3435,-0.027161087317542174,0.01590698870298641
3436,0.011777816624420942,0.029399708688395677
3437,-0.0637400576872651,0.02257711911617959
3438,-0.08969932698190718,0.05303339247585811
3439,0.022397517699501792,0.06419361558644436
3440,-0.02362118695918189,0.020818266115085225
3441,0.04009701949130321,0.019476823953184143
3442,-0.02362118695918189,0.020818266115085225
3443,0.038917052705183114,0.05232935561201131
3444,0.04717682020802377,0.011878200874216415
3445,-0.11211869591818897,0.06596311576007431
3446,0.002338082335460187,0.02702647904107779
3447,0.011777816624420942,0.029399708688395677
3448,-0.0637400576872651,0.02257711911617959
3449,-0.027161087317542174,0.01590698870298641
3450,-2.185123678000175e-05,0.03376119102789707
3451,-0.02362118695918189,0.020818266115085225
3452,0.00587798269382047,0.013959891665487395
3453,0.1049951927279084,0.07685395280828776
3454,-0.11211869591818897,0.06596311576007431
3455,-0.054300323398304345,0.024950348763497478
3456,-0.05194038982606416,0.0667867258586394
3457,0.002338082335460187,0.02702647904107779
3458,-0.054300323398304345,0.024950348763497478
3459,0.015317716982781225,0.07179223866541208
3460,-0.027161087317542174,0.03388485349067562
3461,-0.0012018180229000962,0.021558514744455123
3462,-0.11211869591818897,0.06596311576007431
3463,-0.0637400576872651,0.02257711911617959
3464,0.04009701949130321,0.019476823953184143
3465,-0.02362118695918189,0.020818266115085225
3466,-0.07671969233458614,0.05986481418176755
3467,-0.0637400576872651,0.02257711911617959
3468,-0.06020015732890482,0.027488396528278405
3469,0.00587798269382047,0.013959891665487395
3470,-0.033060921248142645,0.018445036467767337
3471,0.0412769862774233,0.031679500236626086
3472,0.04953675378026396,0.04287642266377525
3473,0.004698015907700376,0.019020466979674192
3474,0.015317716982781225,0.01633312131280528
3475,0.023577484485621886,0.04479329533758319
3476,0.029477318416222358,0.07356308505713473
3477,-0.033060921248142645,0.018445036467767337
3478,0.13567432916703084,0.06022631456078964
3479,0.03537715234682283,0.03421754800140702
3480,0.0849357573638668,0.032285578944261886
3481,-0.033060921248142645,0.018445036467767337
3482,-0.10031902805698803,0.09219485771484492
3483,0.07549602307490604,0.04789021408463321
3484,0.010597849838300848,0.050309347492426305
3485,0.12505462809195,0.057736354654229154
3486,-0.11211869591818897,0.06596311576007431
3487,-0.027161087317542174,0.01590698870298641
3488,0.08611572414998689,0.04646050576147323
3489,0.07667598986102614,0.05547348208442803
3490,0.00587798269382047,0.013959891665487395
3491,-0.0012018180229000962,0.021558514744455123
3492,-0.027161087317542174,0.01590698870298641
3493,-0.0012018180229000962,0.021558514744455123
3494,-0.033060921248142645,0.018445036467767337
3495,-0.0637400576872651,0.02257711911617959
3496,-0.033060921248142645,0.018445036467767337
3497,0.011777816624420942,0.011421843900706467
3498,0.0412769862774233,0.031679500236626086
3499,-0.08851936019578709,0.03363307222699694
3500,0.04599685342190368,0.016938776188403212
3501,0.07903592343326632,0.034823626709042814
3502,0.011777816624420942,0.011421843900706467
3503,-0.027161087317542174,0.01590698870298641
3504,-0.030700987675902455,0.06001988572635607
3505,-0.02362118695918189,0.020818266115085225
3506,0.04009701949130321,0.019476823953184143
3507,-0.0637400576872651,0.02257711911617959
3508,0.00587798269382047,0.013959891665487395
3509,-0.033060921248142645,0.018445036467767337
3510,0.0412769862774233,0.031679500236626086
3511,0.00587798269382047,0.013959891665487395
3512,-0.033060921248142645,0.018445036467767337
3513,0.004698015907700376,0.019020466979674192
3514,0.00587798269382047,0.013959891665487395
3515,-0.03424088803426274,0.023505611781954136
3516,0.053076654138624245,0.027318017897124697
3517,0.023577484485621886,0.04479329533758319
3518,0.05543658771086443,0.04033837489899432
3519,-0.0012018180229000962,0.021558514744455123
3520,-0.02362118695918189,0.020818266115085225
3521,0.00587798269382047,0.07618459629946135
3522,-0.027161087317542174,0.01590698870298641
3523,0.00587798269382047,0.013959891665487395
3524,0.004698015907700376,0.019020466979674192
3525,0.011777816624420942,0.029399708688395677
3526,-0.054300323398304345,0.024950348763497478
3527,-0.08851936019578709,0.03363307222699694
3528,0.04717682020802377,0.07410290550819036
3529,0.011777816624420942,0.029399708688395677
3530,-0.054300323398304345,0.024950348763497478
3531,0.060156454855344814,0.10233481847811202
3532,0.08965562450834717,0.05654908874700145
3533,0.12505462809195,0.038500852522831
3534,0.17933310025347435,0.12085518833665775
3535,0.004698015907700376,0.019020466979674192
3536,0.03537715234682283,0.03421754800140702
3537,0.00587798269382047,0.013959891665487395
3538,-0.048400489467703874,0.05372013848304901
3539,-0.07671969233458614,0.05986481418176755
3540,-0.033060921248142645,0.018445036467767337
3541,0.00587798269382047,0.013959891665487395
3542,-0.08969932698190718,0.05303339247585811
3543,-0.03424088803426274,0.023505611781954136
3544,0.08965562450834717,0.05654908874700145
3545,0.17579319989511408,0.07679037917150856
3546,-0.054300323398304345,0.024950348763497478
3547,0.03655711913294293,0.03254341132877454
3548,-0.07671969233458614,0.05986481418176755
3549,-0.04368062232322349,0.07772212044923536
3550,-0.055480290184424436,0.044350669012358644
3551,-0.02362118695918189,0.020818266115085225
3552,-0.033060921248142645,0.018445036467767337
3553,-0.015361419456341228,0.049278440139863135
3554,-0.0012018180229000962,0.021558514744455123
3555,-0.003561751595140285,0.07551018209463374
3556,0.017677650555021414,0.047331343102364115
3557,0.04599685342190368,0.016938776188403212
3558,0.00823791626606066,0.05553474092407613
3559,-0.08025959269294643,0.055406622123176
3560,-0.027161087317542174,0.01590698870298641
3561,0.08611572414998689,0.04646050576147323
3562,-0.02598112053142208,0.045279161678133194
3563,-0.033060921248142645,0.018445036467767337
3564,-0.027161087317542174,0.03388485349067562
3565,-0.055480290184424436,0.044350669012358644
3566,-0.02598112053142208,0.045279161678133194
3567,-0.08851936019578709,0.03363307222699694
3568,-0.0637400576872651,0.02257711911617959
3569,0.04835678699414387,0.04793699797796205
3570,-0.02362118695918189,0.020818266115085225
3571,-0.027161087317542174,0.01590698870298641
3572,-0.08851936019578709,0.03363307222699694
3573,0.04009701949130321,0.019476823953184143
3574,-0.007101651953500568,0.07105199003604219
3575,0.0412769862774233,0.031679500236626086
3576,-0.07671969233458614,0.05986481418176755
3577,0.03655711913294293,0.03254341132877454
3578,-0.08851936019578709,0.03363307222699694
3579,0.004698015907700376,0.019020466979674192
3580,0.07903592343326632,0.034823626709042814
3581,-0.017721353028581417,0.018280218350304297
3582,0.051896687352504155,0.04822765670115532
3583,0.09555545843894764,0.08505735062999978
3584,-0.08025959269294643,0.055406622123176
3585,0.014137750196661131,0.0424200656902653
3586,-0.054300323398304345,0.024950348763497478
3587,0.04953675378026396,0.04287642266377525
3588,-0.048400489467703874,0.05372013848304901
3589,0.002338082335460187,0.02702647904107779
3590,-0.0637400576872651,0.02257711911617959
3591,0.07903592343326632,0.05405912884044096
3592,0.13685429595315096,0.11675479384328466
3593,-0.062560090901145,0.05194929209132637
3594,-0.0012018180229000962,0.021558514744455123
3595,-0.055480290184424436,0.044350669012358644
3596,-0.0637400576872651,0.02257711911617959
3597,-0.08851936019578709,0.03363307222699694
3598,0.0849357573638668,0.032285578944261886
3599,-0.0637400576872651,0.02257711911617959
3600,-0.02598112053142208,0.045279161678133194
3601,0.12741456166419018,0.06949907431238984
3602,-0.03424088803426274,0.023505611781954136
3603,0.012957783410541037,0.040794016875853246
3604,0.04009701949130321,0.019476823953184143
3605,0.025937418057862077,0.08662967243272511
3606,-0.015361419456341228,0.049278440139863135
3607,-0.0425006555371034,0.05118209071826808
3608,0.04363691984966349,0.02494478824980681
3609,0.03537715234682283,0.03421754800140702
3610,0.07903592343326632,0.034823626709042814
3611,0.04363691984966349,0.02494478824980681
3612,-0.033060921248142645,0.018445036467767337
3613,0.17225329953675378,0.08985696654709895
3614,-0.06020015732890482,0.027488396528278405
3615,0.04009701949130321,0.019476823953184143
3616,-0.07671969233458614,0.05986481418176755
3617,0.0412769862774233,0.031679500236626086
3618,0.04717682020802377,0.07410290550819036
3619,-0.02598112053142208,0.045279161678133194
3620,0.04717682020802377,0.07410290550819036
3621,0.002338082335460187,0.02702647904107779
3622,0.03655711913294293,0.03254341132877454
3623,-0.02598112053142208,0.045279161678133194
3624,-0.015361419456341228,0.049278440139863135
3625,-0.08851936019578709,0.03363307222699694
3626,-0.0637400576872651,0.02257711911617959
3627,-0.02362118695918189,0.020818266115085225
3628,-0.016541386242461324,0.0686787603887243
3629,0.011777816624420942,0.029399708688395677
3630,-0.030700987675902455,0.06001988572635607
3631,-0.08025959269294643,0.055406622123176
3632,-0.055480290184424436,0.044350669012358644
3633,-0.033060921248142645,0.018445036467767337
3634,-0.0012018180229000962,0.021558514744455123
3635,0.12505462809195,0.057736354654229154
3636,0.023577484485621886,0.04479329533758319
3637,0.05897648806922472,0.04524965231109314
3638,-0.08969932698190718,0.05303339247585811
3639,-0.055480290184424436,0.044350669012358644
3640,0.07549602307490604,0.04789021408463321
3641,-2.185123678000175e-05,0.03376119102789707
3642,-0.08969932698190718,0.05303339247585811
3643,0.011777816624420942,0.029399708688395677
3644,0.00587798269382047,0.013959891665487395
3645,0.08021589021938642,0.03314949003641033
3646,0.03655711913294293,0.03254341132877454
3647,-0.054300323398304345,0.024950348763497478
3648,0.05897648806922472,0.04524965231109314
3649,0.06369635521370509,0.10724609589021085
3650,0.08611572414998689,0.04646050576147323
3651,-0.055480290184424436,0.044350669012358644
3652,0.04009701949130321,0.019476823953184143
3653,-0.027161087317542174,0.03388485349067562
3654,-0.06020015732890482,0.027488396528278405
3655,-0.054300323398304345,0.024950348763497478
3656,0.13213442880867057,0.054758350264166956
3657,-0.03424088803426274,0.023505611781954136
3658,0.0412769862774233,0.031679500236626086
3659,0.0825758237916266,0.07888843587419198
3660,-0.07671969233458614,0.05986481418176755
3661,0.04363691984966349,0.02494478824980681
3662,0.08729569093610698,0.06328380073382071
3663,0.04717682020802377,0.011878200874216415
3664,-0.0012018180229000962,0.021558514744455123
3665,0.04835678699414387,0.04793699797796205
3666,-0.02362118695918189,0.020818266115085225
3667,-0.033060921248142645,0.018445036467767337
3668,0.025937418057862077,0.08662967243272511
3669,0.08729569093610698,0.07419006443777662
3670,-0.027161087317542174,0.01590698870298641
3671,0.12741456166419018,0.06949907431238984
3672,0.0412769862774233,0.031679500236626086
3673,-0.015361419456341228,0.049278440139863135
3674,-0.055480290184424436,0.044350669012358644
3675,-0.03424088803426274,0.023505611781954136
3676,0.04717682020802377,0.011878200874216415
3677,0.09201555808058737,0.04854307668559785
3678,-0.033060921248142645,0.018445036467767337
3679,-0.08025959269294643,0.055406622123176
3680,0.015317716982781225,0.01633312131280528
3681,0.04717682020802377,0.011878200874216415
3682,-0.0012018180229000962,0.021558514744455123
3683,-0.08025959269294643,0.055406622123176
3684,-0.02362118695918189,0.020818266115085225
3685,0.04363691984966349,0.02494478824980681
3686,0.07903592343326632,0.034823626709042814
3687,0.017677650555021414,0.047331343102364115
3688,-0.0637400576872651,0.02257711911617959
3689,0.00823791626606066,0.05553474092407613
3690,-0.027161087317542174,0.01590698870298641
3691,0.00823791626606066,0.05553474092407613
3692,0.004698015907700376,0.019020466979674192
3693,0.0424569530635434,0.04585442705383744
3694,-0.03424088803426274,0.023505611781954136
3695,-0.08025959269294643,0.055406622123176
3696,-0.02362118695918189,0.020818266115085225
3697,-0.0012018180229000962,0.021558514744455123
3698,0.011777816624420942,0.029399708688395677
3699,0.00823791626606066,0.05553474092407613
3700,-0.0012018180229000962,0.021558514744455123
3701,-0.0637400576872651,0.02257711911617959
3702,0.04835678699414387,0.04793699797796205
3703,0.09083559129446726,0.10066198577037104
3704,-0.02598112053142208,0.045279161678133194
3705,-0.055480290184424436,0.044350669012358644
3706,0.004698015907700376,0.019020466979674192
3707,0.03537715234682283,0.03421754800140702
3708,-0.016541386242461324,0.0686787603887243
3709,-0.08851936019578709,0.03363307222699694
3710,-2.185123678000175e-05,0.03376119102789707
3711,0.00587798269382047,0.013959891665487395
3712,0.011777816624420942,0.011421843900706467
3713,-0.01890131981470151,0.03768053859916547
3714,0.002338082335460187,0.02702647904107779
3715,-0.048400489467703874,0.05372013848304901
3716,0.04009701949130321,0.019476823953184143
3717,-0.033060921248142645,0.018445036467767337
3718,0.011777816624420942,0.011421843900706467
3719,-0.06020015732890482,0.027488396528278405
3720,0.04363691984966349,0.02494478824980681
3721,-0.055480290184424436,0.044350669012358644
3722,0.00823791626606066,0.05553474092407613
3723,-0.03424088803426274,0.023505611781954136
3724,0.05897648806922472,0.04524965231109314
3725,0.004698015907700376,0.019020466979674192
3726,0.04717682020802377,0.07410290550819036
3727,0.012957783410541037,0.040794016875853246
3728,-0.027161087317542174,0.01590698870298641
3729,-0.03424088803426274,0.023505611781954136
3730,0.00587798269382047,0.013959891665487395
3731,0.00587798269382047,0.013959891665487395
3732,-0.0637400576872651,0.02257711911617959
3733,-0.0637400576872651,0.02257711911617959
3734,0.00587798269382047,0.013959891665487395
3735,-0.027161087317542174,0.01590698870298641
3736,-0.0012018180229000962,0.021558514744455123
3737,0.04009701949130321,0.019476823953184143
3738,-0.054300323398304345,0.024950348763497478
3739,-0.027161087317542174,0.01590698870298641
3740,-0.11211869591818897,0.06596311576007431
3741,0.04717682020802377,0.011878200874216415
3742,-0.08969932698190718,0.05303339247585811
3743,-0.02362118695918189,0.020818266115085225
3744,-0.10857879555982869,0.07042130781866587
3745,0.12505462809195,0.057736354654229154
3746,0.002338082335460187,0.02702647904107779
3747,-0.08969932698190718,0.05303339247585811
3748,-0.0012018180229000962,0.021558514744455123
3749,-0.08025959269294643,0.055406622123176
3750,-0.009461585525740756,0.07804822985941466
3751,0.04599685342190368,0.016938776188403212
3752,0.017677650555021414,0.047331343102364115
3753,-0.05194038982606416,0.0667867258586394
3754,0.07903592343326632,0.05405912884044096
3755,-0.016541386242461324,0.0686787603887243
3756,0.08611572414998689,0.04646050576147323
3757,0.08611572414998689,0.05108112445037876
3758,-0.011821519097980945,0.047050008069855834
3759,0.015317716982781225,0.07179223866541208
3760,-0.048400489467703874,0.05372013848304901
3761,-0.01890131981470151,0.03768053859916547
3762,-0.01890131981470151,0.03768053859916547
3763,0.017677650555021414,0.047331343102364115
3764,-0.01890131981470151,0.03768053859916547
3765,0.07903592343326632,0.034823626709042814
3766,-0.033060921248142645,0.018445036467767337
3767,-0.027161087317542174,0.01590698870298641
3768,-0.033060921248142645,0.018445036467767337
3769,0.004698015907700376,0.019020466979674192
3770,0.004698015907700376,0.019020466979674192
3771,-0.0012018180229000962,0.021558514744455123
3772,0.09201555808058737,0.04854307668559785
3773,-0.054300323398304345,0.024950348763497478
3774,0.04717682020802377,0.011878200874216415
3775,0.022397517699501792,0.06419361558644436
3776,0.08965562450834717,0.05654908874700145
3777,-0.048400489467703874,0.05372013848304901
3778,0.04009701949130321,0.019476823953184143
3779,0.04953675378026396,0.053453050132805144
3780,0.04009701949130321,0.019476823953184143
3781,0.014137750196661131,0.0424200656902653
3782,0.05897648806922472,0.04524965231109314
3783,0.04009701949130321,0.019476823953184143
3784,-0.0637400576872651,0.02257711911617959
3785,0.004698015907700376,0.019020466979674192
3786,-0.05194038982606416,0.0667867258586394
3787,0.004698015907700376,0.019020466979674192
3788,0.015317716982781225,0.07179223866541208
3789,-0.05194038982606416,0.0667867258586394
3790,0.13331439559479066,0.07786729025156482
3791,0.053076654138624245,0.027318017897124697
3792,-0.07671969233458614,0.05986481418176755
3793,-0.062560090901145,0.05194929209132637
3794,0.023577484485621886,0.1042706481235003
3795,0.017677650555021414,0.047331343102364115
3796,-0.08025959269294643,0.055406622123176
3797,-0.055480290184424436,0.044350669012358644
3798,-0.08851936019578709,0.03363307222699694
3799,0.04363691984966349,0.02494478824980681
3800,-0.01890131981470151,0.03768053859916547
3801,0.04953675378026396,0.04287642266377525
3802,0.0825758237916266,0.052935434319647104
3803,-0.054300323398304345,0.024950348763497478
3804,-0.046040555895463686,0.04672389865967653
3805,0.04009701949130321,0.019476823953184143
3806,-0.02362118695918189,0.020818266115085225
3807,-0.015361419456341228,0.06011659544544622
3808,0.08965562450834717,0.05654908874700145
3809,-0.02362118695918189,0.020818266115085225
3810,-0.017721353028581417,0.018280218350304297
3811,0.04363691984966349,0.02494478824980681
3812,-0.015361419456341228,0.049278440139863135
3813,0.004698015907700376,0.019020466979674192
3814,-0.03424088803426274,0.023505611781954136
3815,0.12505462809195,0.057736354654229154
3816,0.004698015907700376,0.019020466979674192
3817,-0.08261952626518661,0.062402861946548475
3818,-0.015361419456341228,0.049278440139863135
3819,-0.10031902805698803,0.09219485771484492
3820,0.00587798269382047,0.013959891665487395
3821,-0.07671969233458614,0.05986481418176755
3822,-0.02598112053142208,0.045279161678133194
3823,0.04363691984966349,0.02494478824980681
3824,0.053076654138624245,0.027318017897124697
3825,-0.03424088803426274,0.023505611781954136
3826,0.004698015907700376,0.019020466979674192
3827,0.004698015907700376,0.019020466979674192
3828,0.004698015907700376,0.019020466979674192
3829,-0.02598112053142208,0.045279161678133194
3830,-0.0637400576872651,0.02257711911617959
3831,0.03537715234682283,0.03421754800140702
3832,0.002338082335460187,0.02702647904107779
3833,-0.0637400576872651,0.02257711911617959
3834,-0.048400489467703874,0.05372013848304901
3835,0.011777816624420942,0.011421843900706467
3836,0.05543658771086443,0.04033837489899432
3837,-0.033060921248142645,0.018445036467767337
3838,0.04009701949130321,0.019476823953184143
3839,0.09319552486670746,0.04348250137141105
3840,0.0837557905777467,0.020082902660819937
3841,0.04009701949130321,0.019476823953184143
3842,-0.0012018180229000962,0.021558514744455123
3843,-0.027161087317542174,0.03388485349067562
3844,0.023577484485621886,0.04479329533758319
3845,-0.003561751595140285,0.07551018209463374
3846,-0.08851936019578709,0.03363307222699694
3847,0.12033476094746963,0.07247707870245203
3848,-0.033060921248142645,0.018445036467767337
3849,0.011777816624420942,0.029399708688395677
3850,0.00587798269382047,0.013959891665487395
3851,0.04009701949130321,0.019476823953184143
3852,0.07667598986102614,0.05547348208442803
3853,-0.0012018180229000962,0.021558514744455123
3854,-0.017721353028581417,0.018280218350304297
3855,-0.0637400576872651,0.02257711911617959
3856,-0.055480290184424436,0.044350669012358644
3857,0.12033476094746963,0.07247707870245203
3858,-0.01890131981470151,0.03768053859916547
3859,0.04009701949130321,0.019476823953184143
3860,0.03537715234682283,0.03421754800140702
3861,-0.027161087317542174,0.01590698870298641
3862,0.04953675378026396,0.04287642266377525
3863,0.04717682020802377,0.07410290550819036
3864,-0.04368062232322349,0.07772212044923536
3865,0.07667598986102614,0.05547348208442803
3866,-0.033060921248142645,0.018445036467767337
3867,-0.027161087317542174,0.01590698870298641
3868,0.14157416309763132,0.07815794897475807
3869,0.07903592343326632,0.05405912884044096
3870,-0.08025959269294643,0.055406622123176
3871,0.04363691984966349,0.02494478824980681
3872,0.038917052705183114,0.05232935561201131
3873,-0.08025959269294643,0.055406622123176
3874,-0.03424088803426274,0.023505611781954136
3875,0.0837557905777467,0.020082902660819937
3876,0.07903592343326632,0.034823626709042814
3877,0.1710733327506337,0.06644201275733494
3878,0.023577484485621886,0.05563145064316628
3879,-0.048400489467703874,0.05372013848304901
3880,-0.02598112053142208,0.045279161678133194
3881,-0.033060921248142645,0.018445036467767337
3882,-0.027161087317542174,0.03388485349067562
3883,-0.0637400576872651,0.02257711911617959
3884,0.023577484485621886,0.04479329533758319
3885,0.022397517699501792,0.07654108944719691
3886,0.04363691984966349,0.02494478824980681
3887,-0.054300323398304345,0.024950348763497478
3888,-0.08025959269294643,0.055406622123176
3889,0.004698015907700376,0.019020466979674192
3890,0.04009701949130321,0.019476823953184143
3891,-0.06020015732890482,0.027488396528278405
3892,-0.062560090901145,0.05194929209132637
3893,0.04835678699414387,0.04793699797796205
3894,0.09791539201118783,0.07983195719834996
3895,0.051896687352504155,0.04822765670115532
3896,0.09319552486670746,0.10570720600538501
3897,-0.027161087317542174,0.01590698870298641
3898,0.08729569093610698,0.06328380073382071
3899,0.002338082335460187,0.02702647904107779
3900,0.12859452845031027,0.08256566168798017
3901,-0.08261952626518661,0.062402861946548475
3902,0.09319552486670746,0.04348250137141105
3903,0.00587798269382047,0.013959891665487395
3904,0.015317716982781225,0.01633312131280528
3905,-0.02362118695918189,0.020818266115085225
3906,-0.027161087317542174,0.01590698870298641
3907,0.00823791626606066,0.05553474092407613
3908,-0.06020015732890482,0.027488396528278405
3909,-0.0637400576872651,0.02257711911617959
3910,0.05543658771086443,0.04033837489899432
3911,-0.054300323398304345,0.024950348763497478
3912,-0.054300323398304345,0.024950348763497478
3913,-0.10031902805698803,0.09219485771484492
3914,-0.033060921248142645,0.018445036467767337
3915,-0.054300323398304345,0.024950348763497478
3916,-0.02598112053142208,0.045279161678133194
3917,0.04717682020802377,0.011878200874216415
3918,-0.0637400576872651,0.02257711911617959
3919,-0.08969932698190718,0.05303339247585811
3920,-0.054300323398304345,0.024950348763497478
3921,-0.027161087317542174,0.01590698870298641
3922,-0.03424088803426274,0.023505611781954136
3923,-0.08969932698190718,0.05303339247585811
3924,0.10735512630014858,0.10785217459784664
3925,-0.055480290184424436,0.044350669012358644
3926,-0.03424088803426274,0.023505611781954136
3927,0.1439340966698715,0.10915617076431694
3928,0.04009701949130321,0.019476823953184143
3929,-0.0012018180229000962,0.021558514744455123
3930,0.08021589021938642,0.03314949003641033
3931,-0.02362118695918189,0.020818266115085225
3932,0.00587798269382047,0.013959891665487395
3933,-0.033060921248142645,0.018445036467767337
3934,-0.027161087317542174,0.01590698870298641
3935,-0.016541386242461324,0.0686787603887243
3936,0.04599685342190368,0.016938776188403212
3937,0.015317716982781225,0.07179223866541208
3938,0.04599685342190368,0.016938776188403212
3939,-0.015361419456341228,0.06011659544544622
3940,0.05543658771086443,0.058316239686683535
3941,0.04953675378026396,0.04287642266377525
3942,0.04363691984966349,0.02494478824980681
3943,0.07903592343326632,0.034823626709042814
3944,0.002338082335460187,0.02702647904107779
3945,-0.01890131981470151,0.03768053859916547
3946,-0.027161087317542174,0.01590698870298641
3947,0.03537715234682283,0.03421754800140702
3948,-0.0012018180229000962,0.021558514744455123
3949,-0.033060921248142645,0.018445036467767337
3950,0.011777816624420942,0.029399708688395677
3951,-0.017721353028581417,0.018280218350304297
3952,-0.054300323398304345,0.024950348763497478
3953,0.05897648806922472,0.04524965231109314
3954,0.04363691984966349,0.02494478824980681
3955,0.08729569093610698,0.06328380073382071
3956,0.07549602307490604,0.04789021408463321
3957,-0.033060921248142645,0.018445036467767337
3958,0.1675334323922734,0.07950860013292532
3959,0.04363691984966349,0.02494478824980681
3960,-0.055480290184424436,0.044350669012358644
3961,-0.033060921248142645,0.018445036467767337
3962,-0.054300323398304345,0.024950348763497478
3963,0.00587798269382047,0.013959891665487395
3964,0.002338082335460187,0.02702647904107779
3965,-0.05194038982606416,0.0667867258586394
3966,-0.07671969233458614,0.05986481418176755
3967,-0.054300323398304345,0.024950348763497478
3968,-0.05194038982606416,0.0667867258586394
3969,-0.08851936019578709,0.03363307222699694
3970,0.03537715234682283,0.03421754800140702
3971,-0.027161087317542174,0.01590698870298641
3972,-0.08851936019578709,0.03363307222699694
3973,0.04717682020802377,0.10005590706273525
3974,-0.02598112053142208,0.045279161678133194
3975,0.04009701949130321,0.019476823953184143
3976,-0.07671969233458614,0.05986481418176755
3977,-0.054300323398304345,0.024950348763497478
3978,0.13921422952539114,0.13533743337371812
3979,0.04835678699414387,0.04793699797796205
3980,-0.011821519097980945,0.047050008069855834
3981,0.04363691984966349,0.02494478824980681
3982,-0.048400489467703874,0.05372013848304901
3983,0.014137750196661131,0.0424200656902653
3984,0.00823791626606066,0.05553474092407613
3985,0.015317716982781225,0.07179223866541208
3986,0.09319552486670746,0.04348250137141105
3987,0.0825758237916266,0.052935434319647104
3988,0.12151472773358972,0.0515674398984214
3989,0.10145529236954812,0.07194267539618895
3990,0.0849357573638668,0.032285578944261886
3991,0.04953675378026396,0.04287642266377525
3992,-0.054300323398304345,0.024950348763497478
3993,-0.03424088803426274,0.023505611781954136
3994,-0.033060921248142645,0.018445036467767337
3995,0.04717682020802377,0.011878200874216415
3996,-0.08851936019578709,0.03363307222699694
3997,0.04009701949130321,0.019476823953184143
3998,-0.02362118695918189,0.020818266115085225
3999,-0.033060921248142645,0.018445036467767337
4000,-0.11211869591818897,0.06596311576007431
4001,-0.07671969233458614,0.05986481418176755
4002,-0.08969932698190718,0.05303339247585811
4003,-0.0012018180229000962,0.021558514744455123
4004,-0.0637400576872651,0.02257711911617959
4005,-0.055480290184424436,0.044350669012358644
4006,0.010597849838300848,0.050309347492426305
4007,-0.0637400576872651,0.02257711911617959
4008,-0.06020015732890482,0.027488396528278405
4009,-0.007101651953500568,0.07105199003604219
4010,-0.027161087317542174,0.01590698870298641
4011,0.09319552486670746,0.04348250137141105
4012,-0.015361419456341228,0.049278440139863135
4013,0.002338082335460187,0.02702647904107779
4014,-0.08969932698190718,0.05303339247585811
4015,0.011777816624420942,0.029399708688395677
4016,0.002338082335460187,0.02702647904107779
4017,0.0412769862774233,0.031679500236626086
4018,-0.0012018180229000962,0.021558514744455123
4019,-0.027161087317542174,0.01590698870298641
4020,-0.03424088803426274,0.023505611781954136
4021,-0.02362118695918189,0.020818266115085225
4022,-0.027161087317542174,0.01590698870298641
4023,0.002338082335460187,0.02702647904107779
4024,-0.0637400576872651,0.02257711911617959
4025,0.08729569093610698,0.07419006443777662
4026,0.08611572414998689,0.05108112445037876
4027,-2.185123678000175e-05,0.03376119102789707
4028,0.00587798269382047,0.013959891665487395
4029,-0.062560090901145,0.05194929209132637
4030,-0.06020015732890482,0.027488396528278405
4031,-0.048400489467703874,0.05372013848304901
4032,-0.08261952626518661,0.062402861946548475
4033,-0.017721353028581417,0.018280218350304297
4034,0.00587798269382047,0.013959891665487395
4035,-0.027161087317542174,0.03388485349067562
4036,0.004698015907700376,0.019020466979674192
4037,-0.027161087317542174,0.01590698870298641
4038,0.00587798269382047,0.013959891665487395
4039,-0.015361419456341228,0.049278440139863135
4040,-0.02598112053142208,0.045279161678133194
4041,0.04599685342190368,0.016938776188403212
4042,-0.048400489467703874,0.05372013848304901
4043,0.04363691984966349,0.02494478824980681
4044,-0.02362118695918189,0.020818266115085225
4045,-0.02598112053142208,0.045279161678133194
4046,0.00587798269382047,0.013959891665487395
4047,0.04717682020802377,0.011878200874216415
4048,-0.05194038982606416,0.0667867258586394
4049,0.002338082335460187,0.02702647904107779
4050,-0.054300323398304345,0.024950348763497478
4051,0.004698015907700376,0.019020466979674192
4052,-0.02362118695918189,0.020818266115085225
4053,0.03655711913294293,0.03254341132877454
4054,-0.027161087317542174,0.01590698870298641
4055,-0.07671969233458614,0.05986481418176755
4056,-0.033060921248142645,0.018445036467767337
4057,0.07667598986102614,0.05547348208442803
4058,-0.0637400576872651,0.02257711911617959
4059,-0.06020015732890482,0.027488396528278405
4060,0.011777816624420942,0.011421843900706467
4061,-0.027161087317542174,0.01590698870298641
4062,-0.10031902805698803,0.09219485771484492
4063,0.011777816624420942,0.011421843900706467
4064,-0.027161087317542174,0.01590698870298641
4065,0.00823791626606066,0.05553474092407613
4066,-0.0012018180229000962,0.021558514744455123
4067,0.011777816624420942,0.011421843900706467
4068,0.0825758237916266,0.052935434319647104
4069,-0.062560090901145,0.05194929209132637
4070,-0.0012018180229000962,0.021558514744455123
4071,-0.08261952626518661,0.062402861946548475
4072,0.07903592343326632,0.034823626709042814
4073,-0.027161087317542174,0.01590698870298641
4074,-0.055480290184424436,0.044350669012358644
4075,0.00587798269382047,0.013959891665487395
4076,-0.033060921248142645,0.018445036467767337
4077,0.00587798269382047,0.013959891665487395
4078,0.00587798269382047,0.013959891665487395
4079,-0.054300323398304345,0.024950348763497478
4080,-2.185123678000175e-05,0.03376119102789707
4081,-0.10857879555982869,0.07042130781866587
4082,-0.0012018180229000962,0.021558514744455123
4083,-0.02362118695918189,0.020818266115085225
4084,-0.027161087317542174,0.01590698870298641
4085,-0.033060921248142645,0.018445036467767337
4086,0.038917052705183114,0.05232935561201131
4087,-0.08025959269294643,0.055406622123176
4088,0.07903592343326632,0.034823626709042814
4089,0.00587798269382047,0.013959891665487395
4090,0.00587798269382047,0.07618459629946135
4091,-0.02362118695918189,0.020818266115085225
4092,0.004698015907700376,0.019020466979674192
4093,0.12269469451970981,0.0851037094527611
4094,0.02711738484398217,0.12619005916556206
4095,0.00587798269382047,0.013959891665487395
4096,0.07667598986102614,0.05547348208442803
4097,-0.048400489467703874,0.05372013848304901
4098,-0.11211869591818897,0.06596311576007431
4099,0.00587798269382047,0.013959891665487395
4100,0.05543658771086443,0.04033837489899432
4101,-0.05194038982606416,0.0667867258586394
4102,-0.08969932698190718,0.05303339247585811
4103,-0.033060921248142645,0.018445036467767337
4104,0.011777816624420942,0.011421843900706467
4105,0.07903592343326632,0.034823626709042814
4106,0.12505462809195,0.057736354654229154
4107,-0.08851936019578709,0.03363307222699694
4108,-0.0637400576872651,0.02257711911617959
4109,0.022397517699501792,0.07654108944719691
4110,0.08965562450834717,0.05654908874700145
4111,0.05543658771086443,0.058316239686683535
4112,-0.054300323398304345,0.024950348763497478
4113,-0.027161087317542174,0.03388485349067562
4114,-0.08025959269294643,0.055406622123176
4115,-0.04368062232322349,0.07772212044923536
4116,0.04717682020802377,0.011878200874216415
4117,0.011777816624420942,0.011421843900706467
4118,-0.02598112053142208,0.045279161678133194
4119,-0.08851936019578709,0.03363307222699694
4120,-0.033060921248142645,0.018445036467767337
4121,0.08611572414998689,0.04646050576147323
4122,0.08021589021938642,0.03314949003641033
4123,-0.07671969233458614,0.05986481418176755
4124,-0.02362118695918189,0.020818266115085225
4125,0.04009701949130321,0.019476823953184143
4126,0.011777816624420942,0.029399708688395677
4127,0.03655711913294293,0.03254341132877454
4128,-2.185123678000175e-05,0.03376119102789707
4129,-0.02362118695918189,0.020818266115085225
4130,-0.062560090901145,0.05194929209132637
4131,-0.08025959269294643,0.055406622123176
4132,-0.0012018180229000962,0.021558514744455123
4133,0.00823791626606066,0.05553474092407613
4134,-0.027161087317542174,0.01590698870298641
4135,-0.017721353028581417,0.018280218350304297
4136,0.04363691984966349,0.02494478824980681
4137,-0.05194038982606416,0.0667867258586394
4138,0.011777816624420942,0.029399708688395677
4139,0.023577484485621886,0.04479329533758319
4140,0.015317716982781225,0.01633312131280528
4141,-0.0637400576872651,0.02257711911617959
4142,0.00587798269382047,0.013959891665487395
4143,0.12151472773358972,0.0515674398984214
4144,0.0412769862774233,0.031679500236626086
4145,-0.033060921248142645,0.018445036467767337
4146,0.0412769862774233,0.031679500236626086
4147,0.004698015907700376,0.019020466979674192
4148,0.017677650555021414,0.047331343102364115
4149,0.015317716982781225,0.01633312131280528
4150,0.011777816624420942,0.011421843900706467
4151,0.00587798269382047,0.013959891665487395
4152,-0.054300323398304345,0.024950348763497478
4153,0.002338082335460187,0.02702647904107779
4154,-0.054300323398304345,0.024950348763497478
4155,-0.055480290184424436,0.044350669012358644
4156,-0.08851936019578709,0.03363307222699694
4157,0.051896687352504155,0.04822765670115532
4158,0.00587798269382047,0.013959891665487395
4159,0.05897648806922472,0.04524965231109314
4160,0.03537715234682283,0.03421754800140702
4161,-0.048400489467703874,0.05372013848304901
4162,-0.033060921248142645,0.018445036467767337
4163,0.07903592343326632,0.034823626709042814
4164,-0.08969932698190718,0.05303339247585811
4165,0.04953675378026396,0.04287642266377525
4166,0.00587798269382047,0.013959891665487395
4167,0.0837557905777467,0.020082902660819937
4168,0.12269469451970981,0.05915070789821623
4169,-0.048400489467703874,0.05372013848304901
4170,-0.054300323398304345,0.024950348763497478
4171,-0.0637400576872651,0.02257711911617959
4172,-0.02362118695918189,0.020818266115085225
4173,-0.08851936019578709,0.03363307222699694
4174,0.13567432916703084,0.06022631456078964
4175,0.015317716982781225,0.01633312131280528
4176,0.04009701949130321,0.019476823953184143
4177,0.03655711913294293,0.03254341132877454
4178,-0.08851936019578709,0.03363307222699694
4179,-0.027161087317542174,0.01590698870298641
4180,-0.07671969233458614,0.05986481418176755
4181,0.011777816624420942,0.011421843900706467
4182,0.004698015907700376,0.019020466979674192
4183,-0.0637400576872651,0.02257711911617959
4184,0.017677650555021414,0.047331343102364115
4185,-0.0425006555371034,0.05118209071826808
4186,0.00587798269382047,0.013959891665487395
4187,0.1675334323922734,0.07950860013292532
4188,-0.055480290184424436,0.044350669012358644
4189,0.0849357573638668,0.032285578944261886
4190,0.08729569093610698,0.025550866957442606
4191,-0.1298181977099904,0.10451157379436778
4192,-0.027161087317542174,0.01590698870298641
4193,0.03537715234682283,0.03421754800140702
4194,-0.027161087317542174,0.01590698870298641
4195,-0.06609999125950529,0.11263658586750543
4196,0.09909535879730792,0.05892231839431933
4197,0.00587798269382047,0.013959891665487395
4198,-0.027161087317542174,0.01590698870298641
4199,-0.02598112053142208,0.045279161678133194
4200,0.012957783410541037,0.040794016875853246
4201,0.05543658771086443,0.04033837489899432
4202,0.00587798269382047,0.013959891665487395
4203,-0.0637400576872651,0.02257711911617959
4204,-0.06020015732890482,0.027488396528278405
4205,-0.054300323398304345,0.024950348763497478
4206,0.09673542522506774,0.07656329408509452
4207,0.015317716982781225,0.07179223866541208
4208,0.0424569530635434,0.04585442705383744
4209,0.053076654138624245,0.027318017897124697
4210,-0.0012018180229000962,0.021558514744455123
4211,0.08729569093610698,0.025550866957442606
4212,-0.07671969233458614,0.05986481418176755
4213,0.012957783410541037,0.040794016875853246
4214,0.07667598986102614,0.05547348208442803
4215,0.014137750196661131,0.0424200656902653
4216,-0.033060921248142645,0.018445036467767337
4217,0.04717682020802377,0.011878200874216415
4218,-0.027161087317542174,0.03388485349067562
4219,0.08021589021938642,0.03314949003641033
4220,-0.02598112053142208,0.045279161678133194
4221,-0.062560090901145,0.05194929209132637
4222,0.04953675378026396,0.053453050132805144
4223,-0.017721353028581417,0.018280218350304297
4224,0.010597849838300848,0.050309347492426305
4225,-2.185123678000175e-05,0.03376119102789707
4226,-0.033060921248142645,0.018445036467767337
4227,-0.02598112053142208,0.045279161678133194
4228,0.004698015907700376,0.019020466979674192
4229,0.07667598986102614,0.05547348208442803
4230,-0.054300323398304345,0.024950348763497478
4231,0.0424569530635434,0.04585442705383744
4232,0.04599685342190368,0.016938776188403212
4233,-0.027161087317542174,0.03388485349067562
4234,0.053076654138624245,0.07595721537745871
4235,0.051896687352504155,0.04822765670115532
4236,-0.06020015732890482,0.027488396528278405
4237,-0.0012018180229000962,0.021558514744455123
4238,0.00823791626606066,0.05553474092407613
4239,-0.07671969233458614,0.05986481418176755
4240,0.011777816624420942,0.029399708688395677
4241,-0.02598112053142208,0.045279161678133194
4242,0.0412769862774233,0.031679500236626086
4243,0.00587798269382047,0.013959891665487395
4244,-0.08025959269294643,0.055406622123176
4245,0.004698015907700376,0.019020466979674192
4246,-2.185123678000175e-05,0.03376119102789707
4247,0.04363691984966349,0.02494478824980681
4248,-0.027161087317542174,0.03388485349067562
4249,0.04363691984966349,0.02494478824980681
4250,0.04953675378026396,0.04287642266377525
4251,0.023577484485621886,0.04479329533758319
4252,0.1262345948780701,0.036826715850198526
4253,0.00587798269382047,0.013959891665487395
4254,0.023577484485621886,0.04479329533758319
4255,0.0837557905777467,0.020082902660819937
4256,0.04009701949130321,0.019476823953184143
4257,0.023577484485621886,0.1042706481235003
4258,-0.033060921248142645,0.018445036467767337
4259,0.00587798269382047,0.013959891665487395
4260,-0.054300323398304345,0.024950348763497478
4261,0.04599685342190368,0.016938776188403212
4262,0.029477318416222358,0.07356308505713473
4263,-0.027161087317542174,0.01590698870298641
4264,0.17579319989511408,0.07679037917150856
4265,-0.033060921248142645,0.018445036467767337
4266,-0.06020015732890482,0.027488396528278405
4267,0.03537715234682283,0.03421754800140702
4268,0.07903592343326632,0.034823626709042814
4269,0.0825758237916266,0.052935434319647104
4270,0.002338082335460187,0.02702647904107779
4271,0.1262345948780701,0.036826715850198526
4272,0.13213442880867057,0.05013773157526143
4273,0.00587798269382047,0.013959891665487395
4274,-0.062560090901145,0.05194929209132637
4275,-0.062560090901145,0.05194929209132637
4276,0.03537715234682283,0.03421754800140702
4277,0.03655711913294293,0.03254341132877454
4278,-0.03424088803426274,0.023505611781954136
4279,-0.0637400576872651,0.02257711911617959
4280,-0.033060921248142645,0.018445036467767337
4281,-2.185123678000175e-05,0.03376119102789707
4282,-0.054300323398304345,0.024950348763497478
4283,-0.027161087317542174,0.03388485349067562
4284,0.011777816624420942,0.011421843900706467
4285,-0.054300323398304345,0.024950348763497478
4286,0.002338082335460187,0.02702647904107779
4287,0.04953675378026396,0.04287642266377525
4288,-0.02362118695918189,0.020818266115085225
4289,-0.08261952626518661,0.062402861946548475
4290,0.017677650555021414,0.047331343102364115
4291,-0.03424088803426274,0.023505611781954136
4292,0.12741456166419018,0.06949907431238984
4293,0.04009701949130321,0.019476823953184143
4294,-0.027161087317542174,0.01590698870298641
4295,-0.054300323398304345,0.024950348763497478
4296,0.03655711913294293,0.03254341132877454
4297,-0.017721353028581417,0.018280218350304297
4298,-0.0012018180229000962,0.021558514744455123
4299,-0.054300323398304345,0.024950348763497478
4300,-0.0012018180229000962,0.021558514744455123
4301,0.04717682020802377,0.011878200874216415
4302,0.00587798269382047,0.013959891665487395
4303,0.05543658771086443,0.058316239686683535
4304,0.04363691984966349,0.02494478824980681
4305,0.00587798269382047,0.013959891665487395
4306,-0.08025959269294643,0.055406622123176
4307,0.04363691984966349,0.02494478824980681
4308,-0.054300323398304345,0.024950348763497478
4309,-0.0012018180229000962,0.021558514744455123
4310,-0.033060921248142645,0.018445036467767337
4311,0.04599685342190368,0.016938776188403212
4312,-0.0012018180229000962,0.021558514744455123
4313,0.0412769862774233,0.031679500236626086
4314,0.04717682020802377,0.011878200874216415
4315,-0.048400489467703874,0.05372013848304901
4316,0.004698015907700376,0.019020466979674192
4317,-0.0012018180229000962,0.021558514744455123
4318,-0.08969932698190718,0.05303339247585811
4319,0.010597849838300848,0.050309347492426305
4320,0.03655711913294293,0.03254341132877454
4321,-0.027161087317542174,0.03388485349067562
4322,0.004698015907700376,0.019020466979674192
4323,0.004698015907700376,0.019020466979674192
4324,-0.055480290184424436,0.044350669012358644
4325,-0.06020015732890482,0.027488396528278405
4326,-0.03424088803426274,0.023505611781954136
4327,0.015317716982781225,0.01633312131280528
4328,-0.027161087317542174,0.01590698870298641
4329,-0.027161087317542174,0.01590698870298641
4330,-0.03424088803426274,0.023505611781954136
4331,0.07549602307490604,0.04789021408463321
4332,-0.027161087317542174,0.03388485349067562
4333,-0.02598112053142208,0.045279161678133194
4334,-0.03424088803426274,0.023505611781954136
4335,-0.08025959269294643,0.055406622123176
4336,-0.016541386242461324,0.0686787603887243
4337,-0.08969932698190718,0.05303339247585811
4338,0.015317716982781225,0.07179223866541208
4339,-0.048400489467703874,0.05372013848304901
4340,-0.027161087317542174,0.01590698870298641
4341,-0.046040555895463686,0.04672389865967653
4342,-0.0012018180229000962,0.021558514744455123
4343,-0.0637400576872651,0.02257711911617959
4344,-0.027161087317542174,0.01590698870298641
4345,0.053076654138624245,0.027318017897124697
4346,-0.027161087317542174,0.01590698870298641
4347,0.12033476094746963,0.07247707870245203
4348,0.015317716982781225,0.01633312131280528
4349,0.08021589021938642,0.03314949003641033
4350,0.00823791626606066,0.05553474092407613
4351,-0.054300323398304345,0.024950348763497478
4352,0.04363691984966349,0.02494478824980681
4353,0.011777816624420942,0.029399708688395677
4354,0.05543658771086443,0.058316239686683535
4355,0.002338082335460187,0.02702647904107779
4356,-0.027161087317542174,0.01590698870298641
4357,0.04717682020802377,0.011878200874216415
4358,-0.08025959269294643,0.055406622123176
4359,0.04599685342190368,0.016938776188403212
4360,-0.027161087317542174,0.01590698870298641
4361,0.014137750196661131,0.0424200656902653
4362,0.022397517699501792,0.06419361558644436
4363,-0.08851936019578709,0.03363307222699694
4364,-0.02362118695918189,0.020818266115085225
4365,0.00587798269382047,0.013959891665487395
4366,-0.016541386242461324,0.0686787603887243
4367,0.08729569093610698,0.06328380073382071
4368,-0.06020015732890482,0.027488396528278405
4369,-0.055480290184424436,0.044350669012358644
4370,-0.046040555895463686,0.04672389865967653
4371,-0.0637400576872651,0.02257711911617959
4372,-0.055480290184424436,0.044350669012358644
4373,-0.027161087317542174,0.03388485349067562
4374,-0.027161087317542174,0.03388485349067562
4375,-0.030700987675902455,0.06001988572635607
4376,-0.0637400576872651,0.02257711911617959
4377,-0.054300323398304345,0.024950348763497478
4378,-0.016541386242461324,0.0686787603887243
4379,0.12151472773358972,0.0515674398984214
4380,0.00587798269382047,0.013959891665487395
4381,-0.054300323398304345,0.024950348763497478
4382,0.004698015907700376,0.019020466979674192
4383,0.08611572414998689,0.04646050576147323
4384,-0.0637400576872651,0.02257711911617959
4385,0.014137750196661131,0.0424200656902653
4386,0.03537715234682283,0.03421754800140702
4387,-0.048400489467703874,0.05372013848304901
4388,0.12505462809195,0.038500852522831
4389,0.002338082335460187,0.02702647904107779
4390,0.004698015907700376,0.019020466979674192
4391,-0.08261952626518661,0.062402861946548475
4392,0.13331439559479066,0.0669610265476089
4393,-0.04368062232322349,0.07772212044923536
4394,-0.0637400576872651,0.02257711911617959
4395,0.08611572414998689,0.05108112445037876
4396,-0.02598112053142208,0.045279161678133194
4397,0.09319552486670746,0.04348250137141105
4398,-0.0637400576872651,0.02257711911617959
4399,-0.015361419456341228,0.049278440139863135
4400,-0.0012018180229000962,0.021558514744455123
4401,0.0412769862774233,0.031679500236626086
4402,-0.0637400576872651,0.02257711911617959
4403,0.07667598986102614,0.05547348208442803
4404,0.053076654138624245,0.027318017897124697
4405,0.0825758237916266,0.052935434319647104
4406,0.010597849838300848,0.050309347492426305
4407,0.015317716982781225,0.01633312131280528
4408,-0.0012018180229000962,0.021558514744455123
4409,0.012957783410541037,0.040794016875853246
4410,-0.06020015732890482,0.027488396528278405
4411,-0.02598112053142208,0.045279161678133194
4412,0.011777816624420942,0.029399708688395677
4413,0.0412769862774233,0.031679500236626086
4414,-0.01890131981470151,0.03768053859916547
4415,-0.05194038982606416,0.0667867258586394
4416,0.00823791626606066,0.05553474092407613
4417,0.08021589021938642,0.03314949003641033
4418,0.04363691984966349,0.02494478824980681
4419,0.022397517699501792,0.06419361558644436
4420,-0.02362118695918189,0.020818266115085225
4421,-0.08025959269294643,0.055406622123176
4422,0.04599685342190368,0.016938776188403212
4423,0.010597849838300848,0.050309347492426305
4424,0.004698015907700376,0.019020466979674192
4425,0.025937418057862077,0.08662967243272511
4426,-0.007101651953500568,0.07105199003604219
4427,0.09319552486670746,0.04348250137141105
4428,0.051896687352504155,0.04822765670115532
4429,-0.03424088803426274,0.023505611781954136
4430,-2.185123678000175e-05,0.03376119102789707
4431,0.017677650555021414,0.047331343102364115
4432,-0.08851936019578709,0.03363307222699694
4433,0.00587798269382047,0.013959891665487395
4434,-0.03424088803426274,0.023505611781954136
4435,0.014137750196661131,0.0424200656902653
4436,0.00587798269382047,0.07618459629946135
4437,0.08965562450834717,0.05654908874700145
4438,-0.11211869591818897,0.06596311576007431
4439,0.04363691984966349,0.02494478824980681
4440,0.04835678699414387,0.04793699797796205
4441,0.051896687352504155,0.04822765670115532
4442,0.00587798269382047,0.013959891665487395
4443,0.04835678699414387,0.04793699797796205
4444,-0.033060921248142645,0.018445036467767337
4445,-0.0637400576872651,0.02257711911617959
4446,0.0412769862774233,0.031679500236626086
4447,0.13331439559479066,0.0669610265476089
4448,0.0412769862774233,0.031679500236626086
4449,0.014137750196661131,0.0424200656902653
4450,-0.027161087317542174,0.01590698870298641
4451,0.022397517699501792,0.07654108944719691
4452,0.022397517699501792,0.07654108944719691
4453,-0.05194038982606416,0.0667867258586394
4454,0.002338082335460187,0.02702647904107779
4455,-0.11211869591818897,0.06596311576007431
4456,0.09201555808058737,0.04854307668559785
4457,0.07549602307490604,0.04789021408463321
4458,-0.06609999125950529,0.11263658586750545
4459,-0.030700987675902455,0.06001988572635607
4460,0.04835678699414387,0.04793699797796205
4461,-0.054300323398304345,0.024950348763497478
4462,-0.046040555895463686,0.04672389865967653
4463,-0.054300323398304345,0.024950348763497478
4464,-0.06020015732890482,0.027488396528278405
4465,-0.055480290184424436,0.044350669012358644
4466,-0.027161087317542174,0.01590698870298641
4467,-0.02598112053142208,0.045279161678133194
4468,-0.03424088803426274,0.023505611781954136
4469,-0.03424088803426274,0.023505611781954136
4470,0.05897648806922472,0.04524965231109314
4471,0.002338082335460187,0.02702647904107779
4472,-0.016541386242461324,0.0686787603887243
4473,-0.033060921248142645,0.018445036467767337
4474,-0.11211869591818897,0.06596311576007431
4475,0.011777816624420942,0.029399708688395677
4476,0.002338082335460187,0.02702647904107779
4477,0.004698015907700376,0.019020466979674192
4478,0.07903592343326632,0.034823626709042814
4479,0.04717682020802377,0.10005590706273525
4480,0.12269469451970981,0.05915070789821623
4481,0.04009701949130321,0.019476823953184143
4482,0.04363691984966349,0.02494478824980681
4483,0.04363691984966349,0.02494478824980681
4484,0.004698015907700376,0.019020466979674192
4485,-0.015361419456341228,0.049278440139863135
4486,0.04599685342190368,0.016938776188403212
4487,0.011777816624420942,0.029399708688395677
4488,0.08611572414998689,0.04646050576147323
4489,-0.08851936019578709,0.03363307222699694
4490,0.1698933659645136,0.058858744757540105
4491,0.17579319989511408,0.07679037917150856
4492,0.00823791626606066,0.05553474092407613
4493,-0.015361419456341228,0.06011659544544622
4494,0.08021589021938642,0.03314949003641033
4495,-0.033060921248142645,0.018445036467767337
4496,0.011777816624420942,0.029399708688395677
4497,0.00587798269382047,0.013959891665487395
4498,-0.062560090901145,0.05194929209132637
4499,0.03537715234682283,0.03421754800140702
4500,-0.06020015732890482,0.027488396528278405
4501,-0.033060921248142645,0.018445036467767337
4502,0.004698015907700376,0.019020466979674192
4503,0.08965562450834717,0.05654908874700145
4504,-0.10031902805698803,0.09219485771484492
4505,-0.048400489467703874,0.05372013848304901
4506,0.04835678699414387,0.04793699797796205
4507,-0.02362118695918189,0.020818266115085225
4508,0.004698015907700376,0.019020466979674192
4509,-0.054300323398304345,0.024950348763497478
4510,0.04009701949130321,0.019476823953184143
4511,0.04009701949130321,0.019476823953184143
4512,0.0849357573638668,0.032285578944261886
4513,-0.027161087317542174,0.03388485349067562
4514,-0.007101651953500568,0.07105199003604219
4515,0.002338082335460187,0.02702647904107779
4516,0.05543658771086443,0.04033837489899432
4517,-0.017721353028581417,0.018280218350304297
4518,0.009417883052180753,0.1592801755699305
4519,0.00587798269382047,0.013959891665487395
4520,-0.033060921248142645,0.018445036467767337
4521,-0.054300323398304345,0.024950348763497478
4522,0.04363691984966349,0.02494478824980681
4523,-0.027161087317542174,0.03388485349067562
4524,0.1262345948780701,0.036826715850198526
4525,-0.0637400576872651,0.02257711911617959
4526,-0.06020015732890482,0.027488396528278405
4527,0.00587798269382047,0.013959891665487395
4528,-0.009461585525740756,0.07804822985941466
4529,0.014137750196661131,0.0424200656902653
4530,0.011777816624420942,0.029399708688395677
4531,-0.08025959269294643,0.055406622123176
4532,-0.048400489467703874,0.05372013848304901
4533,0.00587798269382047,0.07618459629946135
4534,-0.007101651953500568,0.07105199003604219
4535,0.07667598986102614,0.05547348208442803
4536,0.00587798269382047,0.013959891665487395
4537,0.08021589021938642,0.03314949003641033
4538,0.04363691984966349,0.02494478824980681
4539,0.04363691984966349,0.02494478824980681
4540,0.05543658771086443,0.04033837489899432
4541,0.12859452845031027,0.06782493763975737
4542,-0.11211869591818897,0.06596311576007431
4543,-0.046040555895463686,0.04672389865967653
4544,0.038917052705183114,0.05232935561201131
4545,-0.030700987675902455,0.06001988572635607
4546,-0.009461585525740756,0.07804822985941466
4547,-0.030700987675902455,0.06001988572635607
4548,-0.02362118695918189,0.020818266115085225
4549,0.004698015907700376,0.019020466979674192
4550,0.017677650555021414,0.047331343102364115
4551,0.03655711913294293,0.03254341132877454
4552,0.13449436238091075,0.08113595336482027
4553,-0.015361419456341228,0.06011659544544622
4554,0.011777816624420942,0.029399708688395677
4555,-0.027161087317542174,0.01590698870298641
4556,0.011777816624420942,0.029399708688395677
4557,0.12859452845031027,0.0566126601334353
4558,-0.08851936019578709,0.03363307222699694
4559,-0.048400489467703874,0.05372013848304901
4560,0.04363691984966349,0.02494478824980681
4561,0.025937418057862077,0.08662967243272511
4562,0.04009701949130321,0.019476823953184143
4563,-0.02362118695918189,0.020818266115085225
4564,0.0412769862774233,0.031679500236626086
4565,-0.10857879555982869,0.07042130781866587
4566,0.00823791626606066,0.05553474092407613
4567,0.011777816624420942,0.011421843900706467
4568,-0.027161087317542174,0.03388485349067562
4569,0.07903592343326632,0.05405912884044096
4570,-0.08261952626518661,0.062402861946548475
4571,0.04009701949130321,0.019476823953184143
4572,0.04717682020802377,0.07410290550819036
4573,0.04717682020802377,0.011878200874216415
4574,-0.10031902805698803,0.09219485771484492
4575,-0.062560090901145,0.05194929209132637
4576,-0.03424088803426274,0.023505611781954136
4577,0.00587798269382047,0.013959891665487395
4578,-0.01890131981470151,0.03768053859916547
4579,0.0849357573638668,0.032285578944261886
4580,-0.062560090901145,0.05194929209132637
4581,0.09555545843894764,0.08505735062999976
4582,-0.0637400576872651,0.02257711911617959
4583,0.015317716982781225,0.01633312131280528
4584,0.004698015907700376,0.019020466979674192
4585,-0.02598112053142208,0.045279161678133194
4586,0.0837557905777467,0.020082902660819937
4587,0.011777816624420942,0.029399708688395677
4588,-0.11211869591818897,0.06596311576007431
4589,-0.08851936019578709,0.03363307222699694
4590,-0.040140721964863214,0.08218031250782691
4591,-0.03424088803426274,0.023505611781954136
4592,-0.06020015732890482,0.027488396528278405
4593,0.015317716982781225,0.01633312131280528
4594,-2.185123678000175e-05,0.03376119102789707
4595,0.08021589021938642,0.03314949003641033
4596,0.004698015907700376,0.019020466979674192
4597,0.04599685342190368,0.016938776188403212
4598,0.04363691984966349,0.02494478824980681
4599,0.002338082335460187,0.02702647904107779
4600,0.004698015907700376,0.019020466979674192
4601,-0.007101651953500568,0.07105199003604219
4602,0.04363691984966349,0.02494478824980681
4603,0.04009701949130321,0.019476823953184143
4604,0.08021589021938642,0.03314949003641033
4605,-0.0012018180229000962,0.021558514744455123
4606,0.03655711913294293,0.03254341132877454
4607,-0.08025959269294643,0.055406622123176
4608,0.08611572414998689,0.05108112445037876
4609,0.038917052705183114,0.05232935561201131
4610,-0.033060921248142645,0.018445036467767337
4611,0.09791539201118783,0.07983195719834996
4612,-0.0637400576872651,0.02257711911617959
4613,-0.01890131981470151,0.03768053859916547
4614,-0.046040555895463686,0.04672389865967653
4615,0.03655711913294293,0.03254341132877454
4616,-0.017721353028581417,0.018280218350304297
4617,-0.027161087317542174,0.01590698870298641
4618,-0.10031902805698803,0.09219485771484492
4619,-0.054300323398304345,0.024950348763497478
4620,0.011777816624420942,0.029399708688395677
4621,-0.033060921248142645,0.018445036467767337
4622,0.12505462809195,0.038500852522831
4623,0.12859452845031027,0.08256566168798017
4624,-0.08025959269294643,0.055406622123176
4625,-0.016541386242461324,0.0686787603887243
4626,0.015317716982781225,0.01633312131280528
4627,0.011777816624420942,0.011421843900706467
4628,-0.02598112053142208,0.045279161678133194
4629,-0.0637400576872651,0.02257711911617959
4630,0.04363691984966349,0.02494478824980681
4631,-2.185123678000175e-05,0.03376119102789707
4632,0.022397517699501792,0.06419361558644436
4633,-0.033060921248142645,0.018445036467767337
4634,0.014137750196661131,0.0424200656902653
4635,0.08611572414998689,0.04646050576147323
4636,0.012957783410541037,0.040794016875853246
4637,0.004698015907700376,0.019020466979674192
4638,-0.03424088803426274,0.023505611781954136
4639,0.04835678699414387,0.04793699797796205
4640,-0.11211869591818897,0.06596311576007431
4641,0.00587798269382047,0.013959891665487395
4642,0.011777816624420942,0.029399708688395677
4643,0.04717682020802377,0.10005590706273525
4644,-0.08969932698190718,0.05303339247585811
4645,-0.0637400576872651,0.02257711911617959
4646,-0.027161087317542174,0.01590698870298641
4647,-0.10857879555982869,0.07042130781866587
4648,0.04009701949130321,0.019476823953184143
4649,-0.015361419456341228,0.06011659544544622
4650,0.13331439559479066,0.0669610265476089
4651,0.00587798269382047,0.013959891665487395
4652,-0.06020015732890482,0.027488396528278405
4653,0.004698015907700376,0.019020466979674192
4654,-0.06020015732890482,0.027488396528278405
4655,0.00587798269382047,0.013959891665487395
4656,-0.03424088803426274,0.023505611781954136
4657,0.00587798269382047,0.013959891665487395
4658,0.05543658771086443,0.058316239686683535
4659,-0.027161087317542174,0.03388485349067562
4660,-0.027161087317542174,0.01590698870298641
4661,-0.033060921248142645,0.018445036467767337
4662,0.002338082335460187,0.02702647904107779
4663,0.04009701949130321,0.019476823953184143
4664,0.04363691984966349,0.02494478824980681
4665,-0.08025959269294643,0.055406622123176
4666,0.07903592343326632,0.034823626709042814
4667,0.022397517699501792,0.07654108944719691
4668,-0.062560090901145,0.05194929209132637
4669,0.004698015907700376,0.019020466979674192
4670,0.00587798269382047,0.013959891665487395
4671,-0.054300323398304345,0.024950348763497478
4672,-0.055480290184424436,0.044350669012358644
4673,-0.015361419456341228,0.049278440139863135
4674,-0.007101651953500568,0.07105199003604219
4675,0.0849357573638668,0.032285578944261886
4676,-0.062560090901145,0.05194929209132637
4677,0.029477318416222358,0.07356308505713473
4678,0.03655711913294293,0.03254341132877454
4679,0.12151472773358972,0.0515674398984214
4680,-0.027161087317542174,0.03388485349067562
4681,0.08611572414998689,0.05108112445037876
4682,-0.048400489467703874,0.05372013848304901
4683,-0.08969932698190718,0.05303339247585811
4684,-0.03424088803426274,0.023505611781954136
4685,-0.03424088803426274,0.023505611781954136
4686,0.04835678699414387,0.04793699797796205
4687,-0.054300323398304345,0.024950348763497478
4688,-0.08261952626518661,0.062402861946548475
4689,0.12033476094746963,0.07247707870245203
4690,0.1427541298837514,0.11421674607850374
4691,-0.0012018180229000962,0.021558514744455123
4692,-0.0012018180229000962,0.021558514744455123
4693,-0.054300323398304345,0.024950348763497478
4694,-0.03424088803426274,0.023505611781954136
4695,0.004698015907700376,0.019020466979674192
4696,0.002338082335460187,0.02702647904107779
4697,0.04009701949130321,0.019476823953184143
4698,0.015317716982781225,0.01633312131280528
4699,-0.027161087317542174,0.01590698870298641
4700,-2.185123678000175e-05,0.03376119102789707
4701,-0.027161087317542174,0.01590698870298641
4702,-0.06020015732890482,0.027488396528278405
4703,0.13449436238091075,0.08113595336482027
4704,-0.06845992483174548,0.0816383640779466
4705,0.08611572414998689,0.05108112445037876
4706,-0.011821519097980945,0.047050008069855834
4707,-0.033060921248142645,0.018445036467767337
4708,-0.055480290184424436,0.044350669012358644
4709,-0.0012018180229000962,0.021558514744455123
4710,0.07903592343326632,0.05405912884044096
4711,-0.06020015732890482,0.027488396528278405
4712,-0.06020015732890482,0.027488396528278405
4713,0.012957783410541037,0.040794016875853246
4714,0.10145529236954812,0.07194267539618895
4715,0.051896687352504155,0.04822765670115532
4716,0.08021589021938642,0.03314949003641033
4717,-0.08851936019578709,0.03363307222699694
4718,-2.185123678000175e-05,0.03376119102789707
4719,-0.033060921248142645,0.018445036467767337
4720,-0.08851936019578709,0.03363307222699694
4721,-0.02362118695918189,0.020818266115085225
4722,0.002338082335460187,0.02702647904107779
4723,0.04009701949130321,0.019476823953184143
4724,0.03655711913294293,0.03254341132877454
4725,0.012957783410541037,0.040794016875853246
4726,-0.03424088803426274,0.023505611781954136
4727,0.04363691984966349,0.02494478824980681
4728,-0.033060921248142645,0.018445036467767337
4729,0.022397517699501792,0.06419361558644436
4730,0.03537715234682283,0.03421754800140702
4731,-0.027161087317542174,0.03388485349067562
4732,-0.08851936019578709,0.03363307222699694
4733,-0.0637400576872651,0.02257711911617959
4734,-0.033060921248142645,0.018445036467767337
4735,0.03655711913294293,0.03254341132877454
4736,-0.03424088803426274,0.023505611781954136
4737,0.038917052705183114,0.05232935561201131
4738,-0.048400489467703874,0.05372013848304901
4739,-0.06020015732890482,0.027488396528278405
4740,-0.015361419456341228,0.06011659544544622
4741,0.04363691984966349,0.02494478824980681
4742,0.023577484485621886,0.04479329533758319
4743,-0.027161087317542174,0.01590698870298641
4744,0.04835678699414387,0.04793699797796205
4745,0.014137750196661131,0.0424200656902653
4746,-0.0012018180229000962,0.021558514744455123
4747,0.00823791626606066,0.05553474092407613
4748,-2.185123678000175e-05,0.03376119102789707
4749,0.17697316668123417,0.07511624249887608
4750,0.004698015907700376,0.019020466979674192
4751,-0.054300323398304345,0.024950348763497478
4752,-0.027161087317542174,0.01590698870298641
4753,-0.054300323398304345,0.024950348763497478
4754,0.051896687352504155,0.04822765670115532
4755,0.08021589021938642,0.03314949003641033
4756,0.002338082335460187,0.02702647904107779
4757,0.12151472773358972,0.0515674398984214
4758,0.04009701949130321,0.019476823953184143
4759,-2.185123678000175e-05,0.03376119102789707
4760,-0.015361419456341228,0.06011659544544622
4761,0.11325496023074906,0.11615228213864877
4762,0.010597849838300848,0.050309347492426305
4763,-0.02362118695918189,0.020818266115085225
4764,-2.185123678000175e-05,0.03376119102789707
4765,-0.03424088803426274,0.023505611781954136
4766,-0.055480290184424436,0.044350669012358644
4767,-0.011821519097980945,0.047050008069855834
4768,-0.0637400576872651,0.02257711911617959
4769,0.014137750196661131,0.0424200656902653
4770,-0.048400489467703874,0.05372013848304901
4771,-0.0012018180229000962,0.021558514744455123
4772,0.03655711913294293,0.03254341132877454
4773,-0.10857879555982869,0.07042130781866587
4774,0.08021589021938642,0.03314949003641033
4775,-0.0425006555371034,0.05118209071826808
4776,-0.02598112053142208,0.045279161678133194
4777,0.06369635521370509,0.07445939865592593
4778,-0.015361419456341228,0.06011659544544622
4779,0.04599685342190368,0.016938776188403212
4780,0.00587798269382047,0.013959891665487395
4781,0.051896687352504155,0.04822765670115532
4782,0.0412769862774233,0.031679500236626086
4783,-0.0637400576872651,0.02257711911617959
4784,-0.0637400576872651,0.02257711911617959
4785,-0.0637400576872651,0.02257711911617959
4786,0.0849357573638668,0.032285578944261886
4787,-0.0637400576872651,0.02257711911617959
4788,-0.015361419456341228,0.049278440139863135
4789,-0.027161087317542174,0.01590698870298641
4790,-0.040140721964863214,0.08218031250782691
4791,0.05661655449698453,0.06971054787414109
4792,0.12151472773358972,0.0515674398984214
4793,0.08965562450834717,0.05654908874700145
4794,0.04009701949130321,0.019476823953184143
4795,0.002338082335460187,0.02702647904107779
4796,-0.0637400576872651,0.02257711911617959
4797,-0.015361419456341228,0.06011659544544622
4798,0.00587798269382047,0.013959891665487395
4799,-0.03424088803426274,0.023505611781954136
4800,-0.08851936019578709,0.03363307222699694
4801,-0.04368062232322349,0.07772212044923536
4802,-0.027161087317542174,0.01590698870298641
4803,0.08729569093610698,0.025550866957442606
4804,-0.06020015732890482,0.027488396528278405
4805,-0.040140721964863214,0.08218031250782691
4806,0.0424569530635434,0.04585442705383744
4807,-0.027161087317542174,0.01590698870298641
4808,0.0837557905777467,0.020082902660819937
4809,0.00587798269382047,0.013959891665487395
4810,-0.015361419456341228,0.049278440139863135
4811,0.0837557905777467,0.020082902660819937
4812,0.010597849838300848,0.050309347492426305
4813,0.05543658771086443,0.04033837489899432
4814,0.011777816624420942,0.029399708688395677
4815,0.011777816624420942,0.029399708688395677
4816,0.017677650555021414,0.047331343102364115
4817,-0.033060921248142645,0.018445036467767337
4818,0.17343326632287387,0.06502765951334785
4819,-0.062560090901145,0.05194929209132637
4820,-0.033060921248142645,0.018445036467767337
4821,0.010597849838300848,0.050309347492426305
4822,-0.062560090901145,0.05194929209132637
4823,0.00587798269382047,0.013959891665487395
4824,-0.08851936019578709,0.03363307222699694
4825,0.025937418057862077,0.08662967243272511
4826,-0.02598112053142208,0.045279161678133194
4827,0.04953675378026396,0.053453050132805144
4828,-0.06020015732890482,0.027488396528278405
4829,-0.015361419456341228,0.049278440139863135
4830,0.002338082335460187,0.02702647904107779
4831,-0.06020015732890482,0.027488396528278405
4832,-0.027161087317542174,0.03388485349067562
4833,0.07903592343326632,0.034823626709042814
4834,-0.0012018180229000962,0.021558514744455123
4835,0.03537715234682283,0.03421754800140702
4836,-0.062560090901145,0.05194929209132637
4837,-0.08851936019578709,0.03363307222699694
4838,0.04835678699414387,0.04793699797796205
4839,-0.027161087317542174,0.01590698870298641
4840,-0.062560090901145,0.05194929209132637
4841,-0.08851936019578709,0.03363307222699694
4842,-0.055480290184424436,0.044350669012358644
4843,0.12505462809195,0.057736354654229154
4844,0.00587798269382047,0.013959891665487395
4845,0.010597849838300848,0.050309347492426305
4846,0.04009701949130321,0.019476823953184143
4847,-0.027161087317542174,0.01590698870298641
4848,0.038917052705183114,0.05232935561201131
4849,0.029477318416222358,0.07356308505713473
4850,0.017677650555021414,0.047331343102364115
4851,-0.027161087317542174,0.01590698870298641
4852,0.04599685342190368,0.016938776188403212
4853,-0.08025959269294643,0.055406622123176
4854,0.04363691984966349,0.02494478824980681
4855,0.023577484485621886,0.04479329533758319
4856,0.04717682020802377,0.011878200874216415
4857,0.0424569530635434,0.04585442705383744
4858,-0.08261952626518661,0.062402861946548475
4859,0.011777816624420942,0.029399708688395677
4860,-0.046040555895463686,0.04672389865967653
4861,0.08021589021938642,0.03314949003641033
4862,-0.062560090901145,0.05194929209132637
4863,0.002338082335460187,0.02702647904107779
4864,-0.02598112053142208,0.045279161678133194
4865,-0.054300323398304345,0.024950348763497478
4866,-0.02598112053142208,0.045279161678133194
4867,-0.08969932698190718,0.05303339247585811
4868,-2.185123678000175e-05,0.03376119102789707
4869,0.04953675378026396,0.04287642266377525
4870,-0.048400489467703874,0.05372013848304901
4871,-0.033060921248142645,0.018445036467767337
4872,0.029477318416222358,0.07356308505713473
4873,-0.07671969233458614,0.05986481418176755
4874,0.014137750196661131,0.0424200656902653
4875,-0.017721353028581417,0.018280218350304297
4876,0.004698015907700376,0.019020466979674192
4877,0.04835678699414387,0.04793699797796205
4878,-0.10857879555982869,0.07042130781866587
4879,0.13213442880867057,0.05013773157526143
4880,0.03655711913294293,0.03254341132877454
4881,0.06959618914430557,0.1047080481254299
4882,0.00587798269382047,0.013959891665487395
4883,0.00587798269382047,0.013959891665487395
4884,-0.03424088803426274,0.023505611781954136
4885,-0.033060921248142645,0.018445036467767337
4886,0.010597849838300848,0.050309347492426305
4887,-0.054300323398304345,0.024950348763497478
4888,0.015317716982781225,0.01633312131280528
4889,-0.03424088803426274,0.023505611781954136
4890,0.08611572414998689,0.05108112445037876
4891,-0.02598112053142208,0.045279161678133194
4892,-0.08851936019578709,0.03363307222699694
4893,0.011777816624420942,0.029399708688395677
4894,0.004698015907700376,0.019020466979674192
4895,-0.03424088803426274,0.023505611781954136
4896,-0.003561751595140285,0.07551018209463374
4897,0.0825758237916266,0.052935434319647104
4898,0.09319552486670746,0.10570720600538501
4899,-0.027161087317542174,0.01590698870298641
4900,-0.048400489467703874,0.05372013848304901
4901,-0.04368062232322349,0.07772212044923536
4902,0.011777816624420942,0.029399708688395677
4903,-0.02362118695918189,0.020818266115085225
4904,-0.11211869591818897,0.06596311576007431
4905,-0.062560090901145,0.05194929209132637
4906,0.12151472773358972,0.0515674398984214
4907,0.04363691984966349,0.02494478824980681
4908,-0.027161087317542174,0.01590698870298641
4909,0.08729569093610698,0.025550866957442606
4910,-0.027161087317542174,0.03388485349067562
4911,0.07903592343326632,0.034823626709042814
4912,0.03537715234682283,0.03421754800140702
4913,0.00587798269382047,0.07618459629946135
4914,0.053076654138624245,0.027318017897124697
4915,0.004698015907700376,0.019020466979674192
4916,-0.03424088803426274,0.023505611781954136
4917,-0.0012018180229000962,0.021558514744455123
4918,-0.017721353028581417,0.018280218350304297
4919,0.002338082335460187,0.02702647904107779
4920,0.004698015907700376,0.019020466979674192
4921,0.011777816624420942,0.011421843900706467
4922,-0.0637400576872651,0.02257711911617959
4923,0.012957783410541037,0.040794016875853246
4924,-0.015361419456341228,0.06011659544544622
4925,0.04009701949130321,0.019476823953184143
4926,-0.0012018180229000962,0.021558514744455123
4927,0.0412769862774233,0.031679500236626086
4928,-0.02598112053142208,0.045279161678133194
4929,0.22653177169827812,0.10775710378722238
4930,0.07903592343326632,0.034823626709042814
4931,-0.048400489467703874,0.05372013848304901
4932,-0.08025959269294643,0.055406622123176
4933,-0.015361419456341228,0.06011659544544622
4934,-0.0637400576872651,0.02257711911617959
4935,-0.054300323398304345,0.024950348763497478
4936,-2.185123678000175e-05,0.03376119102789707
4937,-0.0637400576872651,0.02257711911617959
4938,-0.02362118695918189,0.020818266115085225
4939,-0.08851936019578709,0.03363307222699694
4940,0.04599685342190368,0.016938776188403212
4941,-0.02598112053142208,0.045279161678133194
4942,-0.02362118695918189,0.020818266115085225
4943,-0.027161087317542174,0.01590698870298641
4944,-0.02362118695918189,0.020818266115085225
4945,-0.033060921248142645,0.018445036467767337
4946,-0.08851936019578709,0.03363307222699694
4947,0.011777816624420942,0.029399708688395677
4948,-0.11211869591818897,0.06596311576007431
4949,0.011777816624420942,0.029399708688395677
4950,0.12269469451970981,0.05915070789821623
4951,-2.185123678000175e-05,0.03376119102789707
4952,-0.03424088803426274,0.023505611781954136
4953,-0.08969932698190718,0.05303339247585811
4954,0.002338082335460187,0.02702647904107779
4955,-0.03424088803426274,0.023505611781954136
4956,-0.027161087317542174,0.03388485349067562
4957,-0.02362118695918189,0.020818266115085225
4958,0.011777816624420942,0.029399708688395677
4959,0.04009701949130321,0.019476823953184143
4960,0.004698015907700376,0.019020466979674192
4961,-0.01890131981470151,0.03768053859916547
4962,-0.015361419456341228,0.06011659544544622
4963,-0.0637400576872651,0.02257711911617959
4964,-0.03424088803426274,0.023505611781954136
4965,-0.06020015732890482,0.027488396528278405
4966,-0.027161087317542174,0.01590698870298641
4967,0.004698015907700376,0.019020466979674192
4968,0.022397517699501792,0.07654108944719691
4969,0.07903592343326632,0.034823626709042814
4970,-0.054300323398304345,0.024950348763497478
4971,0.04953675378026396,0.04287642266377525
4972,-0.033060921248142645,0.018445036467767337
4973,-0.0637400576872651,0.02257711911617959
4974,-0.055480290184424436,0.044350669012358644
4975,0.03655711913294293,0.03254341132877454
4976,-0.054300323398304345,0.024950348763497478
4977,0.022397517699501792,0.07654108944719691
4978,0.04717682020802377,0.011878200874216415
4979,-0.08261952626518661,0.062402861946548475
4980,-0.06845992483174548,0.0816383640779466
4981,-0.027161087317542174,0.01590698870298641
4982,-0.054300323398304345,0.024950348763497478
4983,0.051896687352504155,0.04822765670115532
4984,0.038917052705183114,0.05232935561201131
4985,-2.185123678000175e-05,0.03376119102789707
4986,0.014137750196661131,0.0424200656902653
4987,-0.033060921248142645,0.018445036467767337
4988,0.07549602307490604,0.04789021408463321
4989,0.00587798269382047,0.013959891665487395
4990,0.00587798269382047,0.07618459629946135
4991,-0.033060921248142645,0.018445036467767337
4992,0.004698015907700376,0.019020466979674192
4993,0.04599685342190368,0.016938776188403212
4994,0.04009701949130321,0.019476823953184143
4995,-0.062560090901145,0.05194929209132637
4996,0.04009701949130321,0.019476823953184143
4997,-0.016541386242461324,0.0686787603887243
4998,0.07903592343326632,0.034823626709042814
4999,-0.08851936019578709,0.03363307222699694
5000,-0.055480290184424436,0.044350669012358644
5001,-0.02362118695918189,0.020818266115085225
5002,-0.054300323398304345,0.024950348763497478
5003,-0.015361419456341228,0.06011659544544622
5004,0.08611572414998689,0.04646050576147323
5005,-0.08261952626518661,0.062402861946548475
5006,-0.08969932698190718,0.05303339247585811
5007,0.002338082335460187,0.02702647904107779
5008,-0.08851936019578709,0.03363307222699694
5009,-0.0012018180229000962,0.021558514744455123
5010,0.04363691984966349,0.02494478824980681
5011,0.00587798269382047,0.013959891665487395
5012,-0.04368062232322349,0.07772212044923536
5013,0.03655711913294293,0.03254341132877454
5014,-0.06020015732890482,0.027488396528278405
5015,0.022397517699501792,0.06419361558644436
5016,0.0424569530635434,0.04585442705383744
5017,0.0837557905777467,0.020082902660819937
5018,-0.030700987675902455,0.06001988572635607
5019,0.00587798269382047,0.013959891665487395
5020,-0.054300323398304345,0.024950348763497478
5021,-0.040140721964863214,0.08218031250782691
5022,0.04599685342190368,0.016938776188403212
5023,-0.062560090901145,0.05194929209132637
5024,-0.08851936019578709,0.03363307222699694
5025,0.0412769862774233,0.031679500236626086
5026,0.04599685342190368,0.016938776188403212
5027,-0.10031902805698803,0.09219485771484492
5028,0.03537715234682283,0.03421754800140702
5029,-0.0012018180229000962,0.021558514744455123
5030,0.004698015907700376,0.019020466979674192
5031,0.05661655449698453,0.06971054787414109
5032,0.00587798269382047,0.013959891665487395
5033,0.04953675378026396,0.04287642266377525
5034,0.04599685342190368,0.016938776188403212
5035,0.002338082335460187,0.02702647904107779
5036,-2.185123678000175e-05,0.03376119102789707
5037,0.002338082335460187,0.02702647904107779
5038,-0.0012018180229000962,0.021558514744455123
5039,0.00587798269382047,0.013959891665487395
5040,-0.0637400576872651,0.02257711911617959
5041,0.00587798269382047,0.07618459629946135
5042,0.03655711913294293,0.03254341132877454
5043,0.09673542522506774,0.07656329408509452
5044,-0.016541386242461324,0.0686787603887243
5045,0.0849357573638668,0.032285578944261886
5046,-0.02362118695918189,0.020818266115085225
5047,0.07667598986102614,0.05547348208442803
5048,-0.054300323398304345,0.024950348763497478
5049,0.011777816624420942,0.011421843900706467
5050,-0.027161087317542174,0.01590698870298641
5051,0.07903592343326632,0.034823626709042814
5052,-0.030700987675902455,0.06001988572635607
5053,0.00587798269382047,0.013959891665487395
5054,-0.033060921248142645,0.018445036467767337
5055,0.04363691984966349,0.02494478824980681
5056,0.015317716982781225,0.01633312131280528
5057,-0.0425006555371034,0.05118209071826808
5058,-0.08969932698190718,0.05303339247585811
5059,0.051896687352504155,0.04822765670115532
5060,0.08021589021938642,0.03314949003641033
5061,-0.027161087317542174,0.01590698870298641
5062,-0.03424088803426274,0.023505611781954136
5063,0.05661655449698453,0.06971054787414109
5064,-0.06020015732890482,0.027488396528278405
5065,0.00587798269382047,0.013959891665487395
5066,-0.0637400576872651,0.02257711911617959
5067,-0.054300323398304345,0.024950348763497478
5068,-0.054300323398304345,0.024950348763497478
5069,0.002338082335460187,0.02702647904107779
5070,0.0849357573638668,0.032285578944261886
5071,-0.027161087317542174,0.01590698870298641
5072,-0.0012018180229000962,0.021558514744455123
5073,0.012957783410541037,0.040794016875853246
5074,-0.06020015732890482,0.027488396528278405
5075,-0.027161087317542174,0.01590698870298641
5076,0.0424569530635434,0.04585442705383744
5077,-0.027161087317542174,0.03388485349067562
5078,-0.027161087317542174,0.01590698870298641
5079,0.03655711913294293,0.03254341132877454
5080,0.015317716982781225,0.01633312131280528
5081,-0.055480290184424436,0.044350669012358644
5082,0.017677650555021414,0.047331343102364115
5083,-0.016541386242461324,0.0686787603887243
5084,-0.08969932698190718,0.05303339247585811
5085,0.13685429595315096,0.11213417515437911
5086,-0.054300323398304345,0.024950348763497478
5087,-0.015361419456341228,0.049278440139863135
5088,-0.016541386242461324,0.08102623424947686
5089,0.004698015907700376,0.019020466979674192
5090,0.07903592343326632,0.034823626709042814
5091,-0.054300323398304345,0.024950348763497478
5092,-0.055480290184424436,0.044350669012358644
5093,-0.030700987675902455,0.06001988572635607
5094,0.04009701949130321,0.019476823953184143
5095,0.07903592343326632,0.05405912884044096
5096,0.00587798269382047,0.013959891665487395
5097,-0.10857879555982869,0.07042130781866587
5098,-0.054300323398304345,0.024950348763497478
5099,-0.01890131981470151,0.03768053859916547
5100,0.04717682020802377,0.07410290550819036
5101,-0.0012018180229000962,0.021558514744455123
5102,-0.046040555895463686,0.04672389865967653
5103,0.014137750196661131,0.0424200656902653
5104,-0.06020015732890482,0.027488396528278405
5105,0.004698015907700376,0.019020466979674192
5106,0.0825758237916266,0.052935434319647104
5107,-0.08025959269294643,0.055406622123176
5108,0.011777816624420942,0.011421843900706467
5109,-0.054300323398304345,0.024950348763497478
5110,-0.03424088803426274,0.023505611781954136
5111,-0.0012018180229000962,0.021558514744455123
5112,0.010597849838300848,0.050309347492426305
5113,-0.07671969233458614,0.05986481418176755
5114,-0.027161087317542174,0.01590698870298641
5115,0.00587798269382047,0.013959891665487395
5116,-0.048400489467703874,0.05372013848304901
5117,0.015317716982781225,0.01633312131280528
5118,-0.02362118695918189,0.020818266115085225
5119,-0.0637400576872651,0.02257711911617959
5120,-0.027161087317542174,0.01590698870298641
5121,-0.0637400576872651,0.02257711911617959
5122,0.010597849838300848,0.050309347492426305
5123,-0.055480290184424436,0.044350669012358644
5124,0.002338082335460187,0.02702647904107779
5125,0.00823791626606066,0.05553474092407613
5126,-0.08025959269294643,0.055406622123176
5127,0.004698015907700376,0.019020466979674192
5128,0.03537715234682283,0.03421754800140702
5129,-0.054300323398304345,0.024950348763497478
5130,-0.08969932698190718,0.05303339247585811
5131,0.04009701949130321,0.019476823953184143
5132,-0.08969932698190718,0.05303339247585811
5133,-0.054300323398304345,0.024950348763497478
5134,0.04363691984966349,0.02494478824980681
5135,0.04009701949130321,0.019476823953184143
5136,-0.03424088803426274,0.023505611781954136
5137,0.004698015907700376,0.019020466979674192
5138,-0.0425006555371034,0.05118209071826808
5139,0.011777816624420942,0.029399708688395677
5140,-0.06020015732890482,0.027488396528278405
5141,-0.07671969233458614,0.05986481418176755
5142,-0.033060921248142645,0.018445036467767337
5143,0.002338082335460187,0.02702647904107779
5144,0.002338082335460187,0.02702647904107779
5145,-0.0637400576872651,0.02257711911617959
5146,-0.06020015732890482,0.027488396528278405
5147,0.00587798269382047,0.07618459629946135
5148,-0.009461585525740756,0.07804822985941466
5149,-0.08261952626518661,0.062402861946548475
5150,0.004698015907700376,0.019020466979674192
5151,-0.055480290184424436,0.044350669012358644
5152,0.014137750196661131,0.0424200656902653
5153,0.004698015907700376,0.019020466979674192
5154,0.0412769862774233,0.031679500236626086
5155,-0.040140721964863214,0.08218031250782691
5156,-0.07671969233458614,0.05986481418176755
5157,-0.033060921248142645,0.018445036467767337
5158,0.08729569093610698,0.06328380073382071
5159,0.04363691984966349,0.02494478824980681
5160,-0.03424088803426274,0.023505611781954136
5161,0.010597849838300848,0.050309347492426305
5162,-0.03424088803426274,0.023505611781954136
5163,-0.02362118695918189,0.020818266115085225
5164,0.05543658771086443,0.04033837489899432
5165,0.08729569093610698,0.025550866957442606
5166,0.00587798269382047,0.013959891665487395
5167,0.011777816624420942,0.029399708688395677
5168,-0.0637400576872651,0.02257711911617959
5169,0.011777816624420942,0.029399708688395677
5170,0.04717682020802377,0.011878200874216415
5171,-0.054300323398304345,0.024950348763497478
5172,-0.033060921248142645,0.018445036467767337
5173,-0.07671969233458614,0.05986481418176755
5174,-0.06609999125950529,0.11263658586750545
5175,-0.08851936019578709,0.03363307222699694
5176,-0.033060921248142645,0.018445036467767337
5177,0.08021589021938642,0.03314949003641033
5178,0.07313608950266585,0.10247961605542256
5179,0.00587798269382047,0.013959891665487395
5180,0.05543658771086443,0.04033837489899432
5181,-0.02598112053142208,0.045279161678133194
5182,0.014137750196661131,0.0424200656902653
5183,-0.015361419456341228,0.049278440139863135
5184,-0.11211869591818897,0.06596311576007431
5185,-0.11211869591818897,0.06596311576007431
5186,-0.054300323398304345,0.024950348763497478
5187,0.08965562450834717,0.05654908874700145
5188,0.051896687352504155,0.04822765670115532
5189,0.011777816624420942,0.029399708688395677
5190,-0.054300323398304345,0.024950348763497478
5191,-0.08025959269294643,0.055406622123176
5192,-0.02362118695918189,0.020818266115085225
5193,0.07903592343326632,0.05405912884044096
5194,0.1262345948780701,0.036826715850198526
5195,-0.030700987675902455,0.06001988572635607
5196,-0.048400489467703874,0.05372013848304901
5197,0.09201555808058737,0.04854307668559785
5198,0.04835678699414387,0.04793699797796205
5199,-0.02362118695918189,0.020818266115085225
5200,0.002338082335460187,0.02702647904107779
5201,-0.06020015732890482,0.027488396528278405
5202,-0.02362118695918189,0.020818266115085225
5203,-0.054300323398304345,0.024950348763497478
5204,0.04009701949130321,0.019476823953184143
5205,0.004698015907700376,0.019020466979674192
5206,0.04009701949130321,0.019476823953184143
5207,-0.015361419456341228,0.06011659544544622
5208,-0.03188095446202255,0.10395386240400598
5209,-0.055480290184424436,0.044350669012358644
5210,-0.0637400576872651,0.02257711911617959
5211,-0.062560090901145,0.05194929209132637
5212,-0.01890131981470151,0.03768053859916547
5213,-0.0637400576872651,0.02257711911617959
5214,0.00587798269382047,0.013959891665487395
5215,-0.03424088803426274,0.023505611781954136
5216,0.04835678699414387,0.04793699797796205
5217,-0.08969932698190718,0.05303339247585811
5218,-0.10031902805698803,0.09219485771484492
5219,0.017677650555021414,0.047331343102364115
5220,-0.030700987675902455,0.06001988572635607
5221,-0.003561751595140285,0.07551018209463374
5222,-0.02362118695918189,0.020818266115085225
5223,0.05543658771086443,0.04033837489899432
5224,-0.016541386242461324,0.0686787603887243
5225,0.04363691984966349,0.02494478824980681
5226,-0.048400489467703874,0.05372013848304901
5227,-0.08025959269294643,0.055406622123176
5228,0.00587798269382047,0.013959891665487395
5229,-0.10857879555982869,0.07042130781866587
5230,-0.0637400576872651,0.02257711911617959
5231,0.011777816624420942,0.029399708688395677
5232,0.004698015907700376,0.019020466979674192
5233,0.011777816624420942,0.011421843900706467
5234,0.025937418057862077,0.08662967243272511
5235,-0.033060921248142645,0.018445036467767337
5236,-0.03424088803426274,0.023505611781954136
5237,-0.054300323398304345,0.024950348763497478
5238,0.015317716982781225,0.01633312131280528
5239,0.03537715234682283,0.03421754800140702
5240,-0.017721353028581417,0.018280218350304297
5241,-0.04368062232322349,0.07772212044923536
5242,0.07667598986102614,0.05547348208442803
5243,-0.06020015732890482,0.027488396528278405
5244,0.00587798269382047,0.013959891665487395
5245,-0.0637400576872651,0.02257711911617959
5246,-0.02598112053142208,0.045279161678133194
5247,-0.02362118695918189,0.020818266115085225
5248,-0.02362118695918189,0.020818266115085225
5249,0.12269469451970981,0.05915070789821623
5250,0.05661655449698453,0.06971054787414109
5251,0.04009701949130321,0.019476823953184143
5252,0.09319552486670746,0.04348250137141105
5253,-0.08969932698190718,0.05303339247585811
5254,-0.0012018180229000962,0.021558514744455123
5255,0.08021589021938642,0.03314949003641033
5256,-0.040140721964863214,0.08218031250782691
5257,-0.08025959269294643,0.055406622123176
5258,-0.03424088803426274,0.023505611781954136
5259,-0.03424088803426274,0.023505611781954136
5260,-0.027161087317542174,0.01590698870298641
5261,0.0412769862774233,0.031679500236626086
5262,0.08021589021938642,0.03314949003641033
5263,0.004698015907700376,0.019020466979674192
5264,-0.08851936019578709,0.03363307222699694
5265,0.13331439559479066,0.07786729025156482
5266,0.00587798269382047,0.013959891665487395
5267,-0.017721353028581417,0.018280218350304297
5268,0.08729569093610698,0.06328380073382071
5269,0.04599685342190368,0.016938776188403212
5270,0.004698015907700376,0.019020466979674192
5271,-0.0012018180229000962,0.021558514744455123
5272,-0.08261952626518661,0.062402861946548475
5273,0.08611572414998689,0.04646050576147323
5274,0.0412769862774233,0.031679500236626086
5275,-0.03424088803426274,0.023505611781954136
5276,-0.08261952626518661,0.062402861946548475
5277,-0.06020015732890482,0.027488396528278405
5278,0.004698015907700376,0.019020466979674192
5279,0.022397517699501792,0.07654108944719691
5280,0.00587798269382047,0.013959891665487395
5281,0.03655711913294293,0.03254341132877454
5282,0.04717682020802377,0.011878200874216415
5283,0.011777816624420942,0.029399708688395677
5284,-0.033060921248142645,0.018445036467767337
5285,-0.06020015732890482,0.027488396528278405
5286,0.04363691984966349,0.02494478824980681
5287,0.002338082335460187,0.02702647904107779
5288,-0.033060921248142645,0.018445036467767337
5289,-0.015361419456341228,0.049278440139863135
5290,-0.062560090901145,0.05194929209132637
5291,0.04953675378026396,0.04287642266377525
5292,-0.007101651953500568,0.07105199003604219
5293,-0.03424088803426274,0.023505611781954136
5294,-0.02362118695918189,0.020818266115085225
5295,0.05897648806922472,0.04524965231109314
5296,-0.06020015732890482,0.027488396528278405
5297,-0.046040555895463686,0.04672389865967653
5298,-2.185123678000175e-05,0.03376119102789707
5299,0.04009701949130321,0.019476823953184143
5300,0.04717682020802377,0.011878200874216415
5301,-0.07671969233458614,0.05986481418176755
5302,-0.033060921248142645,0.018445036467767337
5303,-0.08261952626518661,0.062402861946548475
5304,-0.048400489467703874,0.05372013848304901
5305,0.12151472773358972,0.0515674398984214
5306,0.04599685342190368,0.016938776188403212
5307,-0.017721353028581417,0.018280218350304297
5308,-0.06020015732890482,0.027488396528278405
5309,0.04363691984966349,0.02494478824980681
5310,0.004698015907700376,0.019020466979674192
5311,0.00587798269382047,0.013959891665487395
5312,0.05897648806922472,0.04524965231109314
5313,0.051896687352504155,0.04822765670115532
5314,-0.03424088803426274,0.023505611781954136
5315,-0.048400489467703874,0.05372013848304901
5316,0.004698015907700376,0.019020466979674192
5317,-0.06020015732890482,0.027488396528278405
5318,0.12741456166419018,0.06949907431238984
5319,-0.08261952626518661,0.062402861946548475
5320,0.012957783410541037,0.040794016875853246
5321,-0.055480290184424436,0.044350669012358644
5322,-0.055480290184424436,0.044350669012358644
5323,0.08729569093610698,0.025550866957442606
5324,-2.185123678000175e-05,0.03376119102789707
5325,-0.02362118695918189,0.020818266115085225
5326,-0.033060921248142645,0.018445036467767337
5327,-0.027161087317542174,0.01590698870298641
5328,-0.0637400576872651,0.02257711911617959
5329,-0.055480290184424436,0.044350669012358644
5330,0.07903592343326632,0.034823626709042814
5331,-0.046040555895463686,0.04672389865967653
5332,-0.03424088803426274,0.023505611781954136
5333,0.0849357573638668,0.032285578944261886
5334,0.04599685342190368,0.016938776188403212
5335,-0.003561751595140285,0.07551018209463374
5336,0.08611572414998689,0.05108112445037876
5337,-0.01890131981470151,0.03768053859916547
5338,-2.185123678000175e-05,0.03376119102789707
5339,0.010597849838300848,0.050309347492426305
5340,-0.046040555895463686,0.04672389865967653
5341,0.07549602307490604,0.04789021408463321
5342,0.04363691984966349,0.02494478824980681
5343,0.04009701949130321,0.019476823953184143
5344,0.011777816624420942,0.029399708688395677
5345,-0.08025959269294643,0.055406622123176
5346,0.004698015907700376,0.019020466979674192
5347,0.04717682020802377,0.10005590706273525
5348,0.22535180491215803,0.10448844067396695
5349,-0.03424088803426274,0.023505611781954136
5350,0.051896687352504155,0.04822765670115532
5351,-0.027161087317542174,0.01590698870298641
5352,-0.055480290184424436,0.044350669012358644
5353,-0.048400489467703874,0.05372013848304901
5354,0.04009701949130321,0.019476823953184143
5355,0.04009701949130321,0.019476823953184143
5356,-0.0012018180229000962,0.021558514744455123
5357,0.08021589021938642,0.03314949003641033
5358,-0.08025959269294643,0.055406622123176
5359,0.04009701949130321,0.019476823953184143
5360,-0.0012018180229000962,0.021558514744455123
5361,0.04009701949130321,0.019476823953184143
5362,0.014137750196661131,0.0424200656902653
5363,-0.027161087317542174,0.01590698870298641
5364,-0.01890131981470151,0.03768053859916547
5365,-0.027161087317542174,0.01590698870298641
5366,0.022397517699501792,0.06419361558644436
5367,0.04363691984966349,0.02494478824980681
5368,0.0412769862774233,0.031679500236626086
5369,-0.03424088803426274,0.023505611781954136
5370,-0.027161087317542174,0.03388485349067562
5371,0.0412769862774233,0.031679500236626086
5372,-0.02362118695918189,0.020818266115085225
5373,-0.033060921248142645,0.018445036467767337
5374,0.04717682020802377,0.011878200874216415
5375,-0.027161087317542174,0.01590698870298641
5376,0.02711738484398217,0.12619005916556206
5377,-0.0012018180229000962,0.021558514744455123
5378,-0.02598112053142208,0.045279161678133194
5379,0.023577484485621886,0.04479329533758319
5380,-0.027161087317542174,0.01590698870298641
5381,0.038917052705183114,0.05232935561201131
5382,0.00587798269382047,0.013959891665487395
5383,0.05543658771086443,0.04033837489899432
5384,0.04009701949130321,0.019476823953184143
5385,0.004698015907700376,0.019020466979674192
5386,0.011777816624420942,0.029399708688395677
5387,0.1474739970282318,0.09359776599766637
5388,0.002338082335460187,0.02702647904107779
5389,-0.033060921248142645,0.018445036467767337
5390,0.08021589021938642,0.03314949003641033
5391,-0.11211869591818897,0.06596311576007431
5392,-0.07671969233458614,0.05986481418176755
5393,-0.033060921248142645,0.018445036467767337
5394,-0.08025959269294643,0.055406622123176
5395,-0.03424088803426274,0.023505611781954136
5396,0.04599685342190368,0.016938776188403212
5397,-0.0637400576872651,0.02257711911617959
5398,0.051896687352504155,0.04822765670115532
5399,0.04363691984966349,0.02494478824980681
5400,0.011777816624420942,0.011421843900706467
5401,0.004698015907700376,0.019020466979674192
5402,-0.02362118695918189,0.020818266115085225
5403,0.00587798269382047,0.013959891665487395
5404,0.04717682020802377,0.011878200874216415
5405,-0.08025959269294643,0.055406622123176
5406,-0.06020015732890482,0.027488396528278405
5407,0.04835678699414387,0.04793699797796205
5408,-0.054300323398304345,0.024950348763497478
5409,0.12151472773358972,0.0515674398984214
5410,0.13921422952539114,0.13533743337371812
5411,0.04363691984966349,0.02494478824980681
5412,-0.0637400576872651,0.02257711911617959
5413,-0.054300323398304345,0.024950348763497478
5414,-0.0637400576872651,0.02257711911617959
5415,0.08021589021938642,0.03314949003641033
5416,0.053076654138624245,0.07595721537745871
5417,0.05897648806922472,0.04524965231109314
5418,0.017677650555021414,0.047331343102364115
5419,-0.10857879555982869,0.07042130781866587
5420,0.0412769862774233,0.031679500236626086
5421,0.04953675378026396,0.053453050132805144
5422,-0.06845992483174548,0.0816383640779466
5423,0.010597849838300848,0.050309347492426305
5424,-0.06020015732890482,0.027488396528278405
5425,0.011777816624420942,0.029399708688395677
5426,0.015317716982781225,0.01633312131280528
5427,-0.01890131981470151,0.03768053859916547
5428,-0.0637400576872651,0.02257711911617959
5429,0.0837557905777467,0.020082902660819937
5430,-0.02362118695918189,0.020818266115085225
5431,-0.033060921248142645,0.018445036467767337
5432,-0.027161087317542174,0.01590698870298641
5433,0.00587798269382047,0.07618459629946135
5434,-0.033060921248142645,0.018445036467767337
5435,-0.08025959269294643,0.055406622123176
5436,0.022397517699501792,0.07654108944719691
5437,0.04953675378026396,0.04287642266377525
5438,0.06841622235818548,0.12410836837429108
5439,-0.054300323398304345,0.024950348763497478
5440,0.04599685342190368,0.016938776188403212
5441,0.07903592343326632,0.034823626709042814
5442,-0.0637400576872651,0.02257711911617959
5443,-0.06845992483174548,0.0816383640779466
5444,0.05543658771086443,0.04033837489899432
5445,-0.015361419456341228,0.049278440139863135
5446,0.12151472773358972,0.0515674398984214
5447,-0.062560090901145,0.05194929209132637
5448,-0.017721353028581417,0.018280218350304297
5449,0.011777816624420942,0.029399708688395677
5450,-0.033060921248142645,0.018445036467767337
5451,-0.08851936019578709,0.03363307222699694
5452,-0.027161087317542174,0.01590698870298641
5453,0.00587798269382047,0.013959891665487395
5454,0.002338082335460187,0.02702647904107779
5455,-0.10857879555982869,0.07042130781866587
5456,-0.06020015732890482,0.027488396528278405
5457,0.04363691984966349,0.02494478824980681
5458,-0.01890131981470151,0.03768053859916547
5459,-0.03424088803426274,0.023505611781954136
5460,-0.011821519097980945,0.047050008069855834
5461,-0.03424088803426274,0.023505611781954136
5462,-0.055480290184424436,0.044350669012358644
5463,0.05543658771086443,0.04033837489899432
5464,-0.062560090901145,0.05194929209132637
5465,0.12505462809195,0.038500852522831
5466,-0.015361419456341228,0.06011659544544622
5467,0.17343326632287387,0.06502765951334785
5468,0.002338082335460187,0.02702647904107779
5469,0.04009701949130321,0.019476823953184143
5470,-0.0012018180229000962,0.021558514744455123
5471,0.011777816624420942,0.029399708688395677
5472,-0.08851936019578709,0.03363307222699694
5473,-0.03424088803426274,0.023505611781954136
5474,-0.027161087317542174,0.01590698870298641
5475,-0.08851936019578709,0.03363307222699694
5476,-0.0637400576872651,0.02257711911617959
5477,0.07667598986102614,0.05547348208442803
5478,0.012957783410541037,0.040794016875853246
5479,-0.027161087317542174,0.01590698870298641
5480,0.011777816624420942,0.011421843900706467
5481,-0.0012018180229000962,0.021558514744455123
5482,0.017677650555021414,0.047331343102364115
5483,0.0412769862774233,0.031679500236626086
5484,-0.027161087317542174,0.03388485349067562
5485,-0.02362118695918189,0.020818266115085225
5486,0.011777816624420942,0.029399708688395677
5487,-0.017721353028581417,0.018280218350304297
5488,-0.0012018180229000962,0.021558514744455123
5489,0.03655711913294293,0.03254341132877454
5490,-0.048400489467703874,0.05372013848304901
5491,0.07549602307490604,0.04789021408463321
5492,-0.02598112053142208,0.045279161678133194
5493,0.04009701949130321,0.019476823953184143
5494,-2.185123678000175e-05,0.03376119102789707
5495,-0.08025959269294643,0.055406622123176
5496,0.00587798269382047,0.013959891665487395
5497,-0.06020015732890482,0.027488396528278405
5498,-0.027161087317542174,0.01590698870298641
5499,-0.027161087317542174,0.03388485349067562
5500,-0.054300323398304345,0.024950348763497478
5501,0.004698015907700376,0.019020466979674192
5502,0.04009701949130321,0.019476823953184143
5503,0.08021589021938642,0.03314949003641033
5504,-0.0637400576872651,0.02257711911617959
5505,-0.03424088803426274,0.023505611781954136
5506,-0.0425006555371034,0.05118209071826808
5507,0.08729569093610698,0.025550866957442606
5508,-0.015361419456341228,0.049278440139863135
5509,0.004698015907700376,0.019020466979674192
5510,-2.185123678000175e-05,0.03376119102789707
5511,0.04717682020802377,0.011878200874216415
5512,0.13213442880867057,0.054758350264166956
5513,0.011777816624420942,0.011421843900706467
5514,-0.08851936019578709,0.03363307222699694
5515,-0.048400489467703874,0.05372013848304901
5516,-0.027161087317542174,0.01590698870298641
5517,-0.11211869591818897,0.06596311576007431
5518,0.017677650555021414,0.047331343102364115
5519,0.1710733327506337,0.09239501431187981
5520,0.1710733327506337,0.09239501431187981
5521,0.011777816624420942,0.011421843900706467
5522,0.010597849838300848,0.050309347492426305
5523,0.004698015907700376,0.019020466979674192
5524,-0.048400489467703874,0.05372013848304901
5525,0.03655711913294293,0.03254341132877454
5526,-0.055480290184424436,0.044350669012358644
5527,0.12151472773358972,0.0515674398984214
5528,0.00823791626606066,0.05553474092407613
5529,0.00587798269382047,0.013959891665487395
5530,0.004698015907700376,0.019020466979674192
5531,0.03655711913294293,0.03254341132877454
5532,0.004698015907700376,0.019020466979674192
5533,0.00587798269382047,0.013959891665487395
5534,-0.017721353028581417,0.018280218350304297
5535,-0.06020015732890482,0.027488396528278405
5536,-0.04368062232322349,0.07772212044923536
5537,0.022397517699501792,0.07654108944719691
5538,0.002338082335460187,0.02702647904107779
5539,0.04717682020802377,0.07410290550819036
5540,-0.027161087317542174,0.01590698870298641
5541,0.04953675378026396,0.053453050132805144
5542,-0.027161087317542174,0.01590698870298641
5543,0.0424569530635434,0.04585442705383744
5544,0.002338082335460187,0.02702647904107779
5545,-0.02362118695918189,0.020818266115085225
5546,-0.11211869591818897,0.06596311576007431
5547,-0.033060921248142645,0.018445036467767337
5548,-0.0637400576872651,0.02257711911617959
5549,0.038917052705183114,0.05232935561201131
5550,-0.054300323398304345,0.024950348763497478
5551,-0.02598112053142208,0.045279161678133194
5552,0.011777816624420942,0.029399708688395677
5553,-0.08025959269294643,0.055406622123176
5554,0.08729569093610698,0.07419006443777662
5555,-0.02362118695918189,0.020818266115085225
5556,-0.03424088803426274,0.023505611781954136
5557,-0.030700987675902455,0.06001988572635607
5558,0.04953675378026396,0.04287642266377525
5559,-0.0637400576872651,0.02257711911617959
5560,0.004698015907700376,0.019020466979674192
5561,-0.03424088803426274,0.023505611781954136
5562,0.08021589021938642,0.03314949003641033
5563,-0.017721353028581417,0.018280218350304297
5564,0.011777816624420942,0.029399708688395677
5565,-0.02598112053142208,0.045279161678133194
5566,-0.0637400576872651,0.02257711911617959
5567,-0.06020015732890482,0.027488396528278405
5568,-0.054300323398304345,0.024950348763497478
5569,0.04009701949130321,0.019476823953184143
5570,0.04363691984966349,0.02494478824980681
5571,0.12859452845031027,0.06782493763975737
5572,0.12505462809195,0.038500852522831
5573,0.17225329953675378,0.08985696654709895
5574,0.04009701949130321,0.019476823953184143
5575,-0.033060921248142645,0.018445036467767337
5576,-0.027161087317542174,0.01590698870298641
5577,-0.033060921248142645,0.018445036467767337
5578,-0.054300323398304345,0.024950348763497478
5579,-0.02598112053142208,0.045279161678133194
5580,-0.054300323398304345,0.024950348763497478
5581,-0.08025959269294643,0.055406622123176
5582,0.07903592343326632,0.034823626709042814
5583,0.07903592343326632,0.034823626709042814
5584,0.08021589021938642,0.03314949003641033
5585,0.011777816624420942,0.029399708688395677
5586,0.04009701949130321,0.019476823953184143
5587,0.002338082335460187,0.02702647904107779
5588,0.00587798269382047,0.013959891665487395
5589,0.06605628878594529,0.10545762044548478
5590,-0.0637400576872651,0.02257711911617959
5591,-0.027161087317542174,0.03388485349067562
5592,-0.016541386242461324,0.0686787603887243
5593,-0.06020015732890482,0.027488396528278405
5594,0.00587798269382047,0.013959891665487395
5595,-0.02598112053142208,0.045279161678133194
5596,-0.02362118695918189,0.020818266115085225
5597,-0.02362118695918189,0.020818266115085225
5598,0.04009701949130321,0.019476823953184143
5599,-0.08851936019578709,0.03363307222699694
5600,0.04599685342190368,0.016938776188403212
5601,0.04953675378026396,0.04287642266377525
5602,-0.033060921248142645,0.018445036467767337
5603,-0.033060921248142645,0.018445036467767337
5604,0.04717682020802377,0.011878200874216415
5605,0.07549602307490604,0.04789021408463321
5606,-0.015361419456341228,0.06011659544544622
5607,-0.02362118695918189,0.020818266115085225
5608,0.03655711913294293,0.03254341132877454
5609,0.011777816624420942,0.011421843900706467
5610,0.05543658771086443,0.04033837489899432
5611,0.12505462809195,0.057736354654229154
5612,-0.08969932698190718,0.05303339247585811
5613,0.002338082335460187,0.02702647904107779
5614,-0.033060921248142645,0.018445036467767337
5615,0.011777816624420942,0.029399708688395677
5616,-0.027161087317542174,0.01590698870298641
5617,-0.030700987675902455,0.06001988572635607
5618,0.0825758237916266,0.07888843587419198
5619,-0.11211869591818897,0.06596311576007431
5620,-2.185123678000175e-05,0.03376119102789707
5621,0.00587798269382047,0.013959891665487395
5622,0.08729569093610698,0.025550866957442606
5623,-0.033060921248142645,0.018445036467767337
5624,-0.02362118695918189,0.020818266115085225
5625,-0.08969932698190718,0.05303339247585811
5626,0.04717682020802377,0.011878200874216415
5627,-0.033060921248142645,0.018445036467767337
5628,0.17461323310899396,0.09275721818965126
5629,0.08611572414998689,0.05108112445037876
5630,-0.027161087317542174,0.01590698870298641
5631,0.04363691984966349,0.02494478824980681
5632,-0.03424088803426274,0.023505611781954136
5633,0.011777816624420942,0.029399708688395677
5634,0.1262345948780701,0.036826715850198526
5635,-0.046040555895463686,0.04672389865967653
5636,-0.027161087317542174,0.01590698870298641
5637,0.0837557905777467,0.020082902660819937
5638,0.00587798269382047,0.013959891665487395
5639,0.002338082335460187,0.02702647904107779
5640,-0.08025959269294643,0.055406622123176
5641,-0.08969932698190718,0.05303339247585811
5642,0.004698015907700376,0.019020466979674192
5643,0.0412769862774233,0.031679500236626086
5644,0.038917052705183114,0.05232935561201131
5645,0.05543658771086443,0.058316239686683535
5646,0.004698015907700376,0.019020466979674192
5647,0.12859452845031027,0.06782493763975737
5648,-0.027161087317542174,0.03388485349067562
5649,-0.08969932698190718,0.05303339247585811
5650,-0.0023817848090201908,0.1330484336151599
5651,0.09909535879730792,0.05892231839431933
5652,0.00587798269382047,0.013959891665487395
5653,-0.0637400576872651,0.02257711911617959
5654,0.011777816624420942,0.011421843900706467
5655,0.13213442880867057,0.054758350264166956
5656,-0.03424088803426274,0.023505611781954136
5657,0.053076654138624245,0.027318017897124697
5658,-0.03188095446202255,0.10395386240400596
5659,0.011777816624420942,0.011421843900706467
5660,0.04953675378026396,0.04287642266377525
5661,0.051896687352504155,0.04822765670115532
5662,-0.046040555895463686,0.04672389865967653
5663,0.04599685342190368,0.016938776188403212
5664,-0.027161087317542174,0.01590698870298641
5665,0.004698015907700376,0.019020466979674192
5666,-0.02362118695918189,0.020818266115085225
5667,-0.0637400576872651,0.02257711911617959
5668,-0.02598112053142208,0.045279161678133194
5669,-2.185123678000175e-05,0.03376119102789707
5670,0.08021589021938642,0.03314949003641033
5671,0.12269469451970981,0.0851037094527611
5672,-0.054300323398304345,0.024950348763497478
5673,-0.027161087317542174,0.03388485349067562
5674,-0.027161087317542174,0.01590698870298641
5675,0.09673542522506774,0.07656329408509452
5676,0.1474739970282318,0.09359776599766637
5677,0.08021589021938642,0.03314949003641033
5678,-0.02362118695918189,0.020818266115085225
5679,0.05897648806922472,0.04524965231109314
5680,0.05543658771086443,0.058316239686683535
5681,-0.08851936019578709,0.03363307222699694
5682,-0.0012018180229000962,0.021558514744455123
5683,0.00587798269382047,0.013959891665487395
5684,0.13449436238091075,0.08113595336482027
5685,0.03655711913294293,0.03254341132877454
5686,-0.06020015732890482,0.027488396528278405
5687,0.08021589021938642,0.03314949003641033
5688,0.07903592343326632,0.034823626709042814
5689,-0.054300323398304345,0.024950348763497478
5690,-0.0637400576872651,0.02257711911617959
5691,0.00587798269382047,0.013959891665487395
5692,0.08729569093610698,0.07419006443777662
5693,0.13331439559479066,0.07786729025156482
5694,0.025937418057862077,0.08662967243272511
5695,0.004698015907700376,0.019020466979674192
5696,0.08021589021938642,0.03314949003641033
5697,-0.027161087317542174,0.01590698870298641
5698,-0.0637400576872651,0.02257711911617959
5699,0.18287300061183462,0.08842725822393896
5700,-0.033060921248142645,0.018445036467767337
5701,0.17225329953675378,0.08985696654709895
5702,-0.003561751595140285,0.07551018209463374
5703,-0.033060921248142645,0.018445036467767337
5704,0.011777816624420942,0.011421843900706467
5705,-0.02598112053142208,0.045279161678133194
5706,-0.017721353028581417,0.018280218350304297
5707,0.04835678699414387,0.04793699797796205
5708,-0.027161087317542174,0.01590698870298641
5709,-0.03424088803426274,0.023505611781954136
5710,-0.027161087317542174,0.03388485349067562
5711,0.12859452845031027,0.06782493763975737
5712,-0.048400489467703874,0.05372013848304901
5713,0.004698015907700376,0.019020466979674192
5714,-0.05194038982606416,0.0667867258586394
5715,-0.08969932698190718,0.05303339247585811
5716,0.04363691984966349,0.02494478824980681
5717,0.029477318416222358,0.07356308505713473
5718,0.0412769862774233,0.031679500236626086
5719,-0.027161087317542174,0.01590698870298641
5720,0.014137750196661131,0.0424200656902653
5721,0.0837557905777467,0.020082902660819937
5722,0.04009701949130321,0.019476823953184143
5723,0.011777816624420942,0.011421843900706467
5724,0.011777816624420942,0.011421843900706467
5725,0.04835678699414387,0.04793699797796205
5726,-0.017721353028581417,0.018280218350304297
5727,-0.027161087317542174,0.01590698870298641
5728,-0.06020015732890482,0.027488396528278405
5729,-0.054300323398304345,0.024950348763497478
5730,-0.054300323398304345,0.024950348763497478
5731,-0.02362118695918189,0.020818266115085225
5732,0.0412769862774233,0.031679500236626086
5733,0.0825758237916266,0.052935434319647104
5734,0.0837557905777467,0.020082902660819937
5735,0.00587798269382047,0.013959891665487395
5736,-0.08851936019578709,0.03363307222699694
5737,0.07549602307490604,0.04789021408463321
5738,-0.027161087317542174,0.03388485349067562
5739,-0.08969932698190718,0.05303339247585811
5740,0.00587798269382047,0.013959891665487395
5741,0.04009701949130321,0.019476823953184143
5742,-0.04368062232322349,0.07772212044923536
5743,-0.02362118695918189,0.020818266115085225
5744,-0.016541386242461324,0.08102623424947686
5745,0.0412769862774233,0.031679500236626086
5746,-0.08025959269294643,0.055406622123176
5747,-0.02598112053142208,0.045279161678133194
5748,0.04953675378026396,0.053453050132805144
5749,-0.08851936019578709,0.03363307222699694
5750,-0.054300323398304345,0.024950348763497478
5751,-0.10857879555982869,0.07042130781866587
5752,-0.027161087317542174,0.03388485349067562
5753,0.011777816624420942,0.029399708688395677
5754,-0.07671969233458614,0.05986481418176755
5755,0.015317716982781225,0.01633312131280528
5756,-0.027161087317542174,0.01590698870298641
5757,-0.08851936019578709,0.03363307222699694
5758,0.011777816624420942,0.029399708688395677
5759,0.00823791626606066,0.05553474092407613
5760,-0.07671969233458614,0.05986481418176755
5761,-0.033060921248142645,0.018445036467767337
5762,0.03537715234682283,0.03421754800140702
5763,0.011777816624420942,0.029399708688395677
5764,0.00587798269382047,0.013959891665487395
5765,-0.027161087317542174,0.01590698870298641
5766,0.03655711913294293,0.03254341132877454
5767,0.08729569093610698,0.06328380073382071
5768,0.05897648806922472,0.04524965231109314
5769,-0.0637400576872651,0.02257711911617959
5770,0.00587798269382047,0.013959891665487395
5771,0.04363691984966349,0.02494478824980681
5772,0.09319552486670746,0.04348250137141105
5773,0.04009701949130321,0.019476823953184143
5774,-0.02362118695918189,0.020818266115085225
5775,-0.0637400576872651,0.02257711911617959
5776,0.1687133991783935,0.07976838356157073
5777,0.04009701949130321,0.019476823953184143
5778,0.03655711913294293,0.03254341132877454
5779,-0.08851936019578709,0.03363307222699694
5780,0.004698015907700376,0.019020466979674192
5781,0.0412769862774233,0.031679500236626086
5782,0.00587798269382047,0.013959891665487395
5783,-0.027161087317542174,0.03388485349067562
5784,0.04953675378026396,0.04287642266377525
5785,-0.06020015732890482,0.027488396528278405
5786,-0.003561751595140285,0.07551018209463374
5787,0.002338082335460187,0.02702647904107779
5788,-0.054300323398304345,0.024950348763497478
5789,0.08021589021938642,0.03314949003641033
5790,0.07903592343326632,0.034823626709042814
5791,-0.08025959269294643,0.055406622123176
5792,-0.0637400576872651,0.02257711911617959
5793,0.08021589021938642,0.03314949003641033
5794,-0.08851936019578709,0.03363307222699694
5795,-0.02598112053142208,0.045279161678133194
5796,0.04009701949130321,0.019476823953184143
5797,0.06723625557206538,0.08454798164145413
5798,-0.06020015732890482,0.027488396528278405
5799,-0.062560090901145,0.05194929209132637
5800,0.04953675378026396,0.053453050132805144
5801,0.002338082335460187,0.02702647904107779
5802,0.04009701949130321,0.019476823953184143
5803,-0.048400489467703874,0.05372013848304901
5804,0.015317716982781225,0.01633312131280528
5805,-0.03424088803426274,0.023505611781954136
5806,-0.02362118695918189,0.020818266115085225
5807,0.09319552486670746,0.04348250137141105
5808,-0.033060921248142645,0.018445036467767337
5809,-0.08851936019578709,0.03363307222699694
5810,-0.08025959269294643,0.055406622123176
5811,-0.02598112053142208,0.045279161678133194
5812,0.00823791626606066,0.05553474092407613
5813,0.07903592343326632,0.05405912884044096
5814,0.051896687352504155,0.04822765670115532
5815,0.08611572414998689,0.05108112445037876
5816,0.015317716982781225,0.01633312131280528
5817,0.015317716982781225,0.01633312131280528
5818,-0.027161087317542174,0.03388485349067562
5819,0.00587798269382047,0.013959891665487395
5820,0.002338082335460187,0.02702647904107779
5821,-0.046040555895463686,0.04672389865967653
5822,0.00587798269382047,0.013959891665487395
5823,0.011777816624420942,0.029399708688395677
5824,0.12859452845031027,0.08256566168798017
5825,-0.033060921248142645,0.018445036467767337
5826,-0.02362118695918189,0.020818266115085225
5827,0.004698015907700376,0.019020466979674192
5828,0.04009701949130321,0.019476823953184143
5829,-0.030700987675902455,0.06001988572635607
5830,0.017677650555021414,0.047331343102364115
5831,-0.03424088803426274,0.023505611781954136
5832,0.04953675378026396,0.04287642266377525
5833,0.04363691984966349,0.02494478824980681
5834,0.002338082335460187,0.02702647904107779
5835,-0.03424088803426274,0.023505611781954136
5836,-0.04368062232322349,0.07772212044923536
5837,0.1262345948780701,0.036826715850198526
5838,-0.027161087317542174,0.01590698870298641
5839,0.04599685342190368,0.016938776188403212
5840,0.07903592343326632,0.034823626709042814
5841,-0.027161087317542174,0.01590698870298641
5842,-0.07671969233458614,0.05986481418176755
5843,0.0412769862774233,0.031679500236626086
5844,-0.015361419456341228,0.049278440139863135
5845,0.04009701949130321,0.019476823953184143
5846,-0.027161087317542174,0.01590698870298641
5847,0.015317716982781225,0.01633312131280528
5848,-0.0637400576872651,0.02257711911617959
5849,-0.02362118695918189,0.020818266115085225
5850,-0.0012018180229000962,0.021558514744455123
5851,0.00587798269382047,0.013959891665487395
5852,0.13095446202255048,0.08761088192299414
5853,0.04009701949130321,0.019476823953184143
5854,-0.02362118695918189,0.020818266115085225
5855,-0.0637400576872651,0.02257711911617959
5856,0.05543658771086443,0.058316239686683535
5857,0.04009701949130321,0.019476823953184143
5858,-0.055480290184424436,0.044350669012358644
5859,-0.027161087317542174,0.01590698870298641
5860,-0.03424088803426274,0.023505611781954136
5861,0.09201555808058737,0.04854307668559785
5862,-0.08025959269294643,0.055406622123176
5863,0.08611572414998689,0.05108112445037876
5864,0.0837557905777467,0.020082902660819937
5865,-2.185123678000175e-05,0.03376119102789707
5866,-0.0012018180229000962,0.021558514744455123
5867,-0.017721353028581417,0.018280218350304297
5868,-0.062560090901145,0.05194929209132637
5869,0.00587798269382047,0.013959891665487395
5870,-0.02598112053142208,0.045279161678133194
5871,0.04009701949130321,0.019476823953184143
5872,-0.011821519097980945,0.047050008069855834
5873,0.04009701949130321,0.019476823953184143
5874,-0.011821519097980945,0.047050008069855834
5875,-0.02362118695918189,0.020818266115085225
5876,-0.062560090901145,0.05194929209132637
5877,0.04363691984966349,0.02494478824980681
5878,-0.033060921248142645,0.018445036467767337
5879,0.00823791626606066,0.05553474092407613
5880,-0.06020015732890482,0.027488396528278405
5881,0.04009701949130321,0.019476823953184143
5882,-0.0637400576872651,0.02257711911617959
5883,-0.10857879555982869,0.07042130781866587
5884,-0.08851936019578709,0.03363307222699694
5885,0.08611572414998689,0.05108112445037876
5886,0.09201555808058737,0.04854307668559785
5887,0.04363691984966349,0.02494478824980681
5888,-0.062560090901145,0.05194929209132637
5889,-0.048400489467703874,0.05372013848304901
5890,-0.055480290184424436,0.044350669012358644
5891,0.04953675378026396,0.04287642266377525
5892,0.09555545843894764,0.04883373540879112
5893,-0.08969932698190718,0.05303339247585811
5894,0.00587798269382047,0.013959891665487395
5895,0.002338082335460187,0.02702647904107779
5896,-0.0425006555371034,0.05118209071826808
5897,0.002338082335460187,0.02702647904107779
5898,0.002338082335460187,0.02702647904107779
5899,-0.027161087317542174,0.01590698870298641
5900,-0.027161087317542174,0.01590698870298641
5901,0.051896687352504155,0.04822765670115532
5902,0.03655711913294293,0.03254341132877454
5903,-0.03424088803426274,0.023505611781954136
5904,0.025937418057862077,0.08662967243272511
5905,-0.054300323398304345,0.024950348763497478
5906,-0.017721353028581417,0.018280218350304297
5907,0.011777816624420942,0.011421843900706467
5908,-0.0637400576872651,0.02257711911617959
5909,0.004698015907700376,0.019020466979674192
5910,0.053076654138624245,0.027318017897124697
5911,0.011777816624420942,0.029399708688395677
5912,0.0825758237916266,0.07888843587419198
5913,-0.07671969233458614,0.05986481418176755
5914,0.014137750196661131,0.0424200656902653
5915,0.07903592343326632,0.034823626709042814
5916,-0.017721353028581417,0.018280218350304297
5917,-0.033060921248142645,0.018445036467767337
5918,0.004698015907700376,0.019020466979674192
5919,-0.02598112053142208,0.045279161678133194
5920,0.002338082335460187,0.02702647904107779
5921,-0.0012018180229000962,0.021558514744455123
5922,-0.02362118695918189,0.020818266115085225
5923,0.04009701949130321,0.019476823953184143
5924,-0.0637400576872651,0.02257711911617959
5925,0.03537715234682283,0.03421754800140702
5926,0.004698015907700376,0.019020466979674192
5927,-2.185123678000175e-05,0.03376119102789707
5928,-0.027161087317542174,0.01590698870298641
5929,-0.03424088803426274,0.023505611781954136
5930,-0.03424088803426274,0.023505611781954136
5931,0.04599685342190368,0.016938776188403212
5932,0.022397517699501792,0.07654108944719691
5933,-0.027161087317542174,0.01590698870298641
5934,0.06369635521370509,0.07445939865592593
5935,0.002338082335460187,0.02702647904107779
5936,0.08611572414998689,0.04646050576147323
5937,0.0825758237916266,0.07888843587419198
5938,-0.06020015732890482,0.027488396528278405
5939,-0.033060921248142645,0.018445036467767337
5940,0.12151472773358972,0.0515674398984214
5941,-0.06020015732890482,0.027488396528278405
5942,-0.055480290184424436,0.044350669012358644
5943,-0.054300323398304345,0.024950348763497478
5944,-0.02362118695918189,0.020818266115085225
5945,-0.055480290184424436,0.044350669012358644
5946,0.0825758237916266,0.052935434319647104
5947,-0.0637400576872651,0.02257711911617959
5948,0.04953675378026396,0.053453050132805144
5949,-0.03424088803426274,0.023505611781954136
5950,-0.027161087317542174,0.01590698870298641
5951,-0.055480290184424436,0.044350669012358644
5952,-0.07671969233458614,0.05986481418176755
5953,-0.033060921248142645,0.018445036467767337
5954,-0.11211869591818897,0.06596311576007431
5955,0.08729569093610698,0.025550866957442606
5956,0.00587798269382047,0.013959891665487395
5957,0.0825758237916266,0.052935434319647104
5958,0.12151472773358972,0.0515674398984214
5959,-2.185123678000175e-05,0.03376119102789707
5960,-0.0012018180229000962,0.021558514744455123
5961,-0.054300323398304345,0.024950348763497478
5962,0.004698015907700376,0.019020466979674192
5963,0.08611572414998689,0.05108112445037876
5964,0.015317716982781225,0.01633312131280528
5965,-0.0637400576872651,0.02257711911617959
5966,-0.02598112053142208,0.045279161678133194
5967,0.00587798269382047,0.013959891665487395
5968,-0.030700987675902455,0.06001988572635607
5969,-0.08025959269294643,0.055406622123176
5970,-0.033060921248142645,0.018445036467767337
5971,-0.027161087317542174,0.01590698870298641
5972,0.04953675378026396,0.053453050132805144
5973,0.051896687352504155,0.08445127192236399
5974,0.00587798269382047,0.013959891665487395
5975,-0.062560090901145,0.05194929209132637
5976,-0.055480290184424436,0.044350669012358644
5977,0.08729569093610698,0.025550866957442606
5978,-0.08851936019578709,0.03363307222699694
5979,-0.054300323398304345,0.024950348763497478
5980,-0.017721353028581417,0.018280218350304297
5981,0.00823791626606066,0.05553474092407613
5982,0.0412769862774233,0.031679500236626086
5983,-0.046040555895463686,0.04672389865967653
5984,0.12033476094746963,0.07247707870245203
5985,-0.02362118695918189,0.020818266115085225
5986,0.02711738484398217,0.12619005916556206
5987,0.051896687352504155,0.04822765670115532
5988,0.004698015907700376,0.019020466979674192
5989,-0.054300323398304345,0.024950348763497478
5990,-0.0637400576872651,0.02257711911617959
5991,0.07667598986102614,0.05547348208442803
5992,-0.06020015732890482,0.027488396528278405
5993,0.011777816624420942,0.029399708688395677
5994,0.04717682020802377,0.011878200874216415
5995,0.04717682020802377,0.011878200874216415
5996,-0.027161087317542174,0.03388485349067562
5997,-0.016541386242461324,0.0686787603887243
5998,-0.055480290184424436,0.044350669012358644
5999,-0.10031902805698803,0.09219485771484492
6000,0.011777816624420942,0.029399708688395677
6001,-0.02362118695918189,0.020818266115085225
6002,0.004698015907700376,0.019020466979674192
6003,-0.033060921248142645,0.018445036467767337
6004,0.04717682020802377,0.011878200874216415
6005,0.04953675378026396,0.053453050132805144
6006,-0.055480290184424436,0.044350669012358644
6007,0.0849357573638668,0.032285578944261886
6008,-0.06020015732890482,0.027488396528278405
6009,0.03655711913294293,0.03254341132877454
6010,-0.0012018180229000962,0.021558514744455123
6011,0.011777816624420942,0.011421843900706467
6012,0.0837557905777467,0.020082902660819937
6013,0.08611572414998689,0.04646050576147323
6014,0.0825758237916266,0.052935434319647104
6015,0.08965562450834717,0.05654908874700145
6016,0.08021589021938642,0.03314949003641033
6017,0.011777816624420942,0.029399708688395677
6018,0.04363691984966349,0.02494478824980681
6019,-0.055480290184424436,0.044350669012358644
6020,-0.033060921248142645,0.018445036467767337
6021,-0.054300323398304345,0.024950348763497478
6022,-0.03424088803426274,0.023505611781954136
6023,-0.02362118695918189,0.020818266115085225
6024,0.011777816624420942,0.029399708688395677
6025,-0.015361419456341228,0.049278440139863135
6026,0.011777816624420942,0.029399708688395677
6027,0.002338082335460187,0.02702647904107779
6028,0.017677650555021414,0.047331343102364115
6029,0.004698015907700376,0.019020466979674192
6030,0.04363691984966349,0.02494478824980681
6031,-0.027161087317542174,0.01590698870298641
6032,-0.062560090901145,0.05194929209132637
6033,-0.055480290184424436,0.044350669012358644
6034,0.004698015907700376,0.019020466979674192
6035,0.04835678699414387,0.04793699797796205
6036,0.12505462809195,0.057736354654229154
6037,-0.0012018180229000962,0.021558514744455123
6038,0.07549602307490604,0.04789021408463321
6039,-0.027161087317542174,0.01590698870298641
6040,0.00587798269382047,0.013959891665487395
6041,-0.0637400576872651,0.02257711911617959
6042,-0.08851936019578709,0.03363307222699694
6043,0.004698015907700376,0.019020466979674192
6044,0.04009701949130321,0.019476823953184143
6045,0.029477318416222358,0.07356308505713473
6046,0.09791539201118783,0.07983195719834996
6047,-0.054300323398304345,0.024950348763497478
6048,-0.03424088803426274,0.023505611781954136
6049,0.04009701949130321,0.019476823953184143
6050,0.002338082335460187,0.02702647904107779
6051,0.00587798269382047,0.013959891665487395
6052,-0.027161087317542174,0.01590698870298641
6053,0.10381522594178831,0.10294089718574781
6054,-0.02362118695918189,0.020818266115085225
6055,0.04363691984966349,0.02494478824980681
6056,0.04717682020802377,0.011878200874216415
6057,0.03537715234682283,0.03421754800140702
6058,-0.0012018180229000962,0.021558514744455123
6059,-0.0637400576872651,0.02257711911617959
6060,-0.05194038982606416,0.0667867258586394
6061,0.04835678699414387,0.04793699797796205
6062,-0.0012018180229000962,0.021558514744455123
6063,0.08611572414998689,0.04646050576147323
6064,-0.033060921248142645,0.018445036467767337
6065,-2.185123678000175e-05,0.03376119102789707
6066,0.04363691984966349,0.02494478824980681
6067,-0.0637400576872651,0.02257711911617959
6068,0.002338082335460187,0.02702647904107779
6069,0.00823791626606066,0.05553474092407613
6070,-0.033060921248142645,0.018445036467767337
6071,0.1675334323922734,0.07950860013292532
6072,0.00587798269382047,0.013959891665487395
6073,0.09201555808058737,0.04854307668559785
6074,-0.02362118695918189,0.020818266115085225
6075,-0.016541386242461324,0.0686787603887243
6076,-0.0637400576872651,0.02257711911617959
6077,-0.027161087317542174,0.01590698870298641
6078,-0.055480290184424436,0.044350669012358644
6079,-0.03424088803426274,0.023505611781954136
6080,-0.02362118695918189,0.020818266115085225
6081,-0.02362118695918189,0.020818266115085225
6082,-0.027161087317542174,0.01590698870298641
6083,-0.08025959269294643,0.055406622123176
6084,-0.033060921248142645,0.018445036467767337
6085,0.04363691984966349,0.02494478824980681
6086,-0.027161087317542174,0.01590698870298641
6087,-0.033060921248142645,0.018445036467767337
6088,0.08021589021938642,0.03314949003641033
6089,0.011777816624420942,0.011421843900706467
6090,0.04363691984966349,0.02494478824980681
6091,0.08729569093610698,0.025550866957442606
6092,-0.02362118695918189,0.020818266115085225
6093,0.08021589021938642,0.03314949003641033
6094,-0.015361419456341228,0.049278440139863135
6095,-0.027161087317542174,0.01590698870298641
6096,0.07549602307490604,0.04789021408463321
6097,0.04363691984966349,0.02494478824980681
6098,0.04953675378026396,0.04287642266377525
6099,-0.030700987675902455,0.06001988572635607
6100,0.04363691984966349,0.02494478824980681
6101,-0.0012018180229000962,0.021558514744455123
6102,-0.08851936019578709,0.03363307222699694
6103,-0.062560090901145,0.05194929209132637
6104,0.053076654138624245,0.07595721537745871
6105,0.0412769862774233,0.031679500236626086
6106,0.012957783410541037,0.040794016875853246
6107,0.00587798269382047,0.013959891665487395
6108,-0.08025959269294643,0.055406622123176
6109,-0.06020015732890482,0.027488396528278405
6110,0.017677650555021414,0.047331343102364115
6111,-0.03424088803426274,0.023505611781954136
6112,0.004698015907700376,0.019020466979674192
6113,0.011777816624420942,0.029399708688395677
6114,0.0412769862774233,0.031679500236626086
6115,0.0412769862774233,0.031679500236626086
6116,0.10145529236954812,0.07194267539618895
6117,0.004698015907700376,0.019020466979674192
6118,-0.0637400576872651,0.02257711911617959
6119,-0.08851936019578709,0.03363307222699694
6120,-0.027161087317542174,0.01590698870298641
6121,0.0849357573638668,0.032285578944261886
6122,0.07667598986102614,0.05547348208442803
6123,-0.06020015732890482,0.027488396528278405
6124,0.014137750196661131,0.0424200656902653
6125,-0.011821519097980945,0.047050008069855834
6126,0.002338082335460187,0.02702647904107779
6127,0.04363691984966349,0.02494478824980681
6128,-0.015361419456341228,0.06011659544544622
6129,0.04363691984966349,0.02494478824980681
6130,-0.055480290184424436,0.044350669012358644
6131,-0.027161087317542174,0.01590698870298641
6132,0.15691373131719255,0.13747048364321213
6133,0.00587798269382047,0.013959891665487395
6134,-0.11211869591818897,0.06596311576007431
6135,0.04009701949130321,0.019476823953184143
6136,-0.027161087317542174,0.01590698870298641
6137,0.0412769862774233,0.031679500236626086
6138,0.12859452845031027,0.0566126601334353
6139,-0.02362118695918189,0.020818266115085225
6140,0.0825758237916266,0.052935434319647104
6141,0.09319552486670746,0.04348250137141105
6142,0.04599685342190368,0.016938776188403212
6143,-0.02362118695918189,0.020818266115085225
6144,0.04717682020802377,0.011878200874216415
6145,0.002338082335460187,0.02702647904107779
6146,-0.054300323398304345,0.024950348763497478
6147,0.00587798269382047,0.013959891665487395
6148,0.21709203740931737,0.11214946142127165
6149,-0.02362118695918189,0.020818266115085225
6150,0.00823791626606066,0.05553474092407613
6151,0.12859452845031027,0.06782493763975737
6152,-0.0012018180229000962,0.021558514744455123
6153,-0.08261952626518661,0.062402861946548475
6154,-0.027161087317542174,0.03388485349067562
6155,0.060156454855344814,0.10233481847811202
6156,-0.033060921248142645,0.018445036467767337
6157,0.014137750196661131,0.0424200656902653
6158,0.002338082335460187,0.02702647904107779
6159,0.13331439559479066,0.0669610265476089
6160,0.00823791626606066,0.05553474092407613
6161,0.00587798269382047,0.013959891665487395
6162,0.011777816624420942,0.029399708688395677
6163,0.04717682020802377,0.07410290550819036
6164,0.04363691984966349,0.02494478824980681
6165,-0.07671969233458614,0.05986481418176755
6166,-0.027161087317542174,0.03388485349067562
6167,0.12151472773358972,0.0515674398984214
6168,0.05543658771086443,0.058316239686683535
6169,0.0412769862774233,0.031679500236626086
6170,0.051896687352504155,0.04822765670115532
6171,-0.06020015732890482,0.027488396528278405
6172,0.13567432916703084,0.06022631456078964
6173,0.08611572414998689,0.04646050576147323
6174,0.04717682020802377,0.011878200874216415
6175,0.03537715234682283,0.03421754800140702
6176,0.06369635521370509,0.07445939865592593
6177,-0.033060921248142645,0.018445036467767337
6178,-0.11211869591818897,0.06596311576007431
6179,-2.185123678000175e-05,0.03376119102789707
6180,-0.0012018180229000962,0.021558514744455123
6181,0.011777816624420942,0.011421843900706467
6182,-0.033060921248142645,0.018445036467767337
6183,-0.03424088803426274,0.023505611781954136
6184,-0.05194038982606416,0.0667867258586394
6185,0.04599685342190368,0.016938776188403212
6186,0.12033476094746963,0.07247707870245203
6187,0.03537715234682283,0.03421754800140702
6188,0.023577484485621886,0.05563145064316628
6189,-0.054300323398304345,0.024950348763497478
6190,-0.054300323398304345,0.024950348763497478
6191,-0.0637400576872651,0.02257711911617959
6192,-0.011821519097980945,0.047050008069855834
6193,-0.02598112053142208,0.045279161678133194
6194,-0.015361419456341228,0.06011659544544622
6195,-0.027161087317542174,0.01590698870298641
6196,-0.0637400576872651,0.02257711911617959
6197,-0.0012018180229000962,0.021558514744455123
6198,-0.0637400576872651,0.02257711911617959
6199,0.0837557905777467,0.020082902660819937
6200,-0.0637400576872651,0.02257711911617959
6201,0.0825758237916266,0.07888843587419198
6202,-0.027161087317542174,0.03388485349067562
6203,-0.0012018180229000962,0.021558514744455123
6204,0.04009701949130321,0.019476823953184143
6205,0.014137750196661131,0.0424200656902653
6206,0.00823791626606066,0.05553474092407613
6207,-0.0012018180229000962,0.021558514744455123
6208,0.023577484485621886,0.04479329533758319
6209,-0.054300323398304345,0.024950348763497478
6210,0.04363691984966349,0.02494478824980681
6211,0.04363691984966349,0.02494478824980681
6212,-0.05194038982606416,0.0667867258586394
6213,-0.02362118695918189,0.020818266115085225
6214,0.07549602307490604,0.04789021408463321
6215,-0.054300323398304345,0.024950348763497478
6216,-0.033060921248142645,0.018445036467767337
6217,-0.02362118695918189,0.020818266115085225
6218,-0.033060921248142645,0.018445036467767337
6219,0.04599685342190368,0.016938776188403212
6220,-0.02362118695918189,0.020818266115085225
6221,-0.02598112053142208,0.045279161678133194
6222,-0.055480290184424436,0.044350669012358644
6223,0.04953675378026396,0.04287642266377525
6224,0.04717682020802377,0.011878200874216415
6225,-0.03424088803426274,0.023505611781954136
6226,0.002338082335460187,0.02702647904107779
6227,-0.017721353028581417,0.018280218350304297
6228,0.02711738484398217,0.12619005916556206
6229,-0.10031902805698803,0.09219485771484492
6230,0.07549602307490604,0.04789021408463321
6231,-0.08969932698190718,0.05303339247585811
6232,0.012957783410541037,0.040794016875853246
6233,-0.027161087317542174,0.01590698870298641
6234,0.038917052705183114,0.05232935561201131
6235,0.03537715234682283,0.03421754800140702
6236,0.014137750196661131,0.0424200656902653
6237,0.04363691984966349,0.02494478824980681
6238,-0.0637400576872651,0.02257711911617959
6239,0.03537715234682283,0.03421754800140702
6240,0.011777816624420942,0.029399708688395677
6241,-0.0637400576872651,0.02257711911617959
6242,-0.0637400576872651,0.02257711911617959
6243,0.004698015907700376,0.019020466979674192
6244,-0.08025959269294643,0.055406622123176
6245,-0.02598112053142208,0.045279161678133194
6246,-0.11211869591818897,0.06596311576007431
6247,-0.033060921248142645,0.018445036467767337
6248,-0.02362118695918189,0.020818266115085225
6249,-0.0012018180229000962,0.021558514744455123
6250,0.04009701949130321,0.019476823953184143
6251,0.04363691984966349,0.02494478824980681
6252,-0.055480290184424436,0.044350669012358644
6253,-0.027161087317542174,0.03388485349067562
6254,-0.02362118695918189,0.020818266115085225
6255,0.00587798269382047,0.013959891665487395
6256,-2.185123678000175e-05,0.03376119102789707
6257,0.011777816624420942,0.029399708688395677
6258,-0.027161087317542174,0.01590698870298641
6259,-0.05194038982606416,0.0667867258586394
6260,0.0849357573638668,0.032285578944261886
6261,0.05897648806922472,0.04524965231109314
6262,-0.048400489467703874,0.05372013848304901
6263,0.04835678699414387,0.04793699797796205
6264,0.015317716982781225,0.01633312131280528
6265,-0.06020015732890482,0.027488396528278405
6266,-0.0637400576872651,0.02257711911617959
6267,0.004698015907700376,0.019020466979674192
6268,0.002338082335460187,0.02702647904107779
6269,0.04009701949130321,0.019476823953184143
6270,0.051896687352504155,0.04822765670115532
6271,-0.015361419456341228,0.049278440139863135
6272,0.03655711913294293,0.03254341132877454
6273,-0.033060921248142645,0.018445036467767337
6274,-0.08851936019578709,0.03363307222699694
6275,0.011777816624420942,0.029399708688395677
6276,0.0412769862774233,0.031679500236626086
6277,-0.027161087317542174,0.01590698870298641
6278,-0.062560090901145,0.05194929209132637
6279,0.09791539201118783,0.07983195719834996
6280,-0.027161087317542174,0.01590698870298641
6281,0.03537715234682283,0.03421754800140702
6282,0.03655711913294293,0.03254341132877454
6283,-0.02598112053142208,0.045279161678133194
6284,-0.054300323398304345,0.024950348763497478
6285,0.05543658771086443,0.04033837489899432
6286,-0.0012018180229000962,0.021558514744455123
6287,-0.055480290184424436,0.044350669012358644
6288,0.00587798269382047,0.013959891665487395
6289,-0.033060921248142645,0.018445036467767337
6290,0.023577484485621886,0.04479329533758319
6291,0.0837557905777467,0.020082902660819937
6292,0.002338082335460187,0.02702647904107779
6293,-0.027161087317542174,0.01590698870298641
6294,0.04599685342190368,0.016938776188403212
6295,-0.0637400576872651,0.02257711911617959
6296,-0.017721353028581417,0.018280218350304297
6297,0.015317716982781225,0.07179223866541208
6298,-0.027161087317542174,0.01590698870298641
6299,-0.01890131981470151,0.03768053859916547
6300,-0.033060921248142645,0.018445036467767337
6301,-0.06020015732890482,0.027488396528278405
6302,-0.033060921248142645,0.018445036467767337
6303,-2.185123678000175e-05,0.03376119102789707
6304,0.08611572414998689,0.05108112445037876
6305,0.11443492701686915,0.1557126688714857
6306,0.04717682020802377,0.07410290550819036
6307,-0.016541386242461324,0.08102623424947686
6308,-0.017721353028581417,0.018280218350304297
6309,-0.0637400576872651,0.02257711911617959
6310,0.00587798269382047,0.013959891665487395
6311,-0.015361419456341228,0.06011659544544622
6312,-0.054300323398304345,0.024950348763497478
6313,0.00823791626606066,0.05553474092407613
6314,0.03655711913294293,0.03254341132877454
6315,0.04599685342190368,0.016938776188403212
6316,-0.02362118695918189,0.020818266115085225
6317,-0.06020015732890482,0.027488396528278405
6318,-0.027161087317542174,0.01590698870298641
6319,-0.027161087317542174,0.01590698870298641
6320,-0.03424088803426274,0.023505611781954136
6321,0.08611572414998689,0.05108112445037876
6322,-0.030700987675902455,0.06001988572635607
6323,0.03537715234682283,0.03421754800140702
6324,-0.048400489467703874,0.05372013848304901
6325,0.00587798269382047,0.013959891665487395
6326,0.004698015907700376,0.019020466979674192
6327,0.08965562450834717,0.05654908874700145
6328,0.004698015907700376,0.019020466979674192
6329,0.04009701949130321,0.019476823953184143
6330,-0.027161087317542174,0.01590698870298641
6331,0.04009701949130321,0.019476823953184143
6332,0.011777816624420942,0.029399708688395677
6333,-0.0637400576872651,0.02257711911617959
6334,0.002338082335460187,0.02702647904107779
6335,-0.02362118695918189,0.020818266115085225
6336,0.0412769862774233,0.031679500236626086
6337,0.00587798269382047,0.013959891665487395
6338,-0.048400489467703874,0.05372013848304901
6339,0.03537715234682283,0.03421754800140702
6340,-0.0012018180229000962,0.021558514744455123
6341,-0.062560090901145,0.05194929209132637
6342,-0.08969932698190718,0.05303339247585811
6343,0.10381522594178831,0.12091876197343701
6344,-0.046040555895463686,0.04672389865967653
6345,-0.02362118695918189,0.020818266115085225
6346,-0.046040555895463686,0.04672389865967653
6347,0.0412769862774233,0.031679500236626086
6348,-0.027161087317542174,0.01590698870298641
6349,-0.02598112053142208,0.045279161678133194
6350,0.05897648806922472,0.04524965231109314
6351,-0.054300323398304345,0.024950348763497478
6352,-0.017721353028581417,0.018280218350304297
6353,-0.08261952626518661,0.062402861946548475
6354,-0.02362118695918189,0.020818266115085225
6355,-2.185123678000175e-05,0.03376119102789707
6356,0.08965562450834717,0.05654908874700145
6357,0.053076654138624245,0.07595721537745871
6358,0.08021589021938642,0.03314949003641033
6359,-0.027161087317542174,0.01590698870298641
6360,0.00587798269382047,0.013959891665487395
6361,-2.185123678000175e-05,0.03376119102789707
6362,-0.054300323398304345,0.024950348763497478
6363,0.00587798269382047,0.013959891665487395
6364,0.03537715234682283,0.03421754800140702
6365,0.08021589021938642,0.03314949003641033
6366,0.002338082335460187,0.02702647904107779
6367,-0.02362118695918189,0.020818266115085225
6368,-0.07671969233458614,0.05986481418176755
6369,0.0424569530635434,0.04585442705383744
6370,-0.027161087317542174,0.03388485349067562
6371,-0.08969932698190718,0.05303339247585811
6372,0.004698015907700376,0.019020466979674192
6373,-0.027161087317542174,0.01590698870298641
6374,-0.03424088803426274,0.023505611781954136
6375,0.022397517699501792,0.07654108944719691
6376,0.19467266847303558,0.14744569741299446
6377,0.07903592343326632,0.034823626709042814
6378,0.09083559129446726,0.10066198577037104
6379,0.023577484485621886,0.04479329533758319
6380,0.0412769862774233,0.031679500236626086
6381,-0.030700987675902455,0.06001988572635607
6382,0.00587798269382047,0.013959891665487395
6383,0.04363691984966349,0.02494478824980681
6384,0.04009701949130321,0.019476823953184143
6385,-0.06609999125950529,0.11263658586750543
6386,0.04835678699414387,0.04793699797796205
6387,-0.054300323398304345,0.024950348763497478
6388,0.05897648806922472,0.04524965231109314
6389,-0.0012018180229000962,0.021558514744455123
6390,-0.11211869591818897,0.06596311576007431
6391,0.09555545843894764,0.04883373540879112
6392,-0.033060921248142645,0.018445036467767337
6393,-0.02598112053142208,0.045279161678133194
6394,-0.027161087317542174,0.01590698870298641
6395,-0.08851936019578709,0.03363307222699694
6396,-0.048400489467703874,0.05372013848304901
6397,-0.08261952626518661,0.062402861946548475
6398,0.08611572414998689,0.05108112445037876
6399,0.12741456166419018,0.06949907431238984
6400,-0.06609999125950529,0.11263658586750543
6401,-0.017721353028581417,0.018280218350304297
6402,0.12741456166419018,0.06949907431238984
6403,-0.017721353028581417,0.018280218350304297
6404,0.004698015907700376,0.019020466979674192
6405,0.12505462809195,0.057736354654229154
6406,0.00587798269382047,0.013959891665487395
6407,0.004698015907700376,0.019020466979674192
6408,0.04835678699414387,0.04793699797796205
6409,-0.027161087317542174,0.03388485349067562
6410,-0.027161087317542174,0.03388485349067562
6411,-0.06845992483174548,0.0816383640779466
6412,0.04363691984966349,0.02494478824980681
6413,-0.0637400576872651,0.02257711911617959
6414,0.09791539201118783,0.10547894495052874
6415,0.002338082335460187,0.02702647904107779
6416,0.08611572414998689,0.05108112445037876
6417,-0.08025959269294643,0.055406622123176
6418,0.017677650555021414,0.047331343102364115
6419,0.00587798269382047,0.013959891665487395
6420,0.09201555808058737,0.04854307668559785
6421,0.004698015907700376,0.019020466979674192
6422,-0.040140721964863214,0.08218031250782691
6423,-0.048400489467703874,0.05372013848304901
6424,0.12859452845031027,0.0566126601334353
6425,-0.08851936019578709,0.03363307222699694
6426,0.04009701949130321,0.019476823953184143
6427,-0.054300323398304345,0.024950348763497478
6428,-0.10857879555982869,0.07042130781866587
6429,0.002338082335460187,0.02702647904107779
6430,-0.027161087317542174,0.03388485349067562
6431,0.00587798269382047,0.013959891665487395
6432,0.07903592343326632,0.034823626709042814
6433,0.038917052705183114,0.05232935561201131
6434,-0.055480290184424436,0.044350669012358644
6435,-0.054300323398304345,0.024950348763497478
6436,0.04363691984966349,0.02494478824980681
6437,-0.048400489467703874,0.05372013848304901
6438,-2.185123678000175e-05,0.03376119102789707
6439,-0.015361419456341228,0.049278440139863135
6440,0.00823791626606066,0.05553474092407613
6441,0.022397517699501792,0.06419361558644436
6442,-0.033060921248142645,0.018445036467767337
6443,0.004698015907700376,0.019020466979674192
6444,-0.054300323398304345,0.024950348763497478
6445,0.011777816624420942,0.029399708688395677
6446,0.0412769862774233,0.031679500236626086
6447,0.0412769862774233,0.031679500236626086
6448,0.011777816624420942,0.011421843900706467
6449,0.04599685342190368,0.016938776188403212
6450,0.00587798269382047,0.013959891665487395
6451,-0.0637400576872651,0.02257711911617959
6452,0.051896687352504155,0.04822765670115532
6453,0.05661655449698453,0.06971054787414109
6454,-0.05194038982606416,0.0667867258586394
6455,0.04599685342190368,0.016938776188403212
6456,0.05661655449698453,0.06971054787414109
6457,-0.033060921248142645,0.018445036467767337
6458,-0.08025959269294643,0.055406622123176
6459,-0.07671969233458614,0.05986481418176755
6460,-0.01890131981470151,0.03768053859916547
6461,-0.003561751595140285,0.07551018209463374
6462,0.004698015907700376,0.019020466979674192
6463,0.002338082335460187,0.02702647904107779
6464,0.0849357573638668,0.032285578944261886
6465,-0.054300323398304345,0.024950348763497478
6466,-0.02598112053142208,0.045279161678133194
6467,0.0837557905777467,0.020082902660819937
6468,-0.02362118695918189,0.020818266115085225
6469,-0.033060921248142645,0.018445036467767337
6470,0.017677650555021414,0.047331343102364115
6471,0.004698015907700376,0.019020466979674192
6472,-0.08851936019578709,0.03363307222699694
6473,0.04363691984966349,0.02494478824980681
6474,-0.07671969233458614,0.05986481418176755
6475,0.0412769862774233,0.031679500236626086
6476,-0.03424088803426274,0.023505611781954136
6477,-0.07671969233458614,0.05986481418176755
6478,0.04599685342190368,0.016938776188403212
6479,-0.02362118695918189,0.020818266115085225
6480,0.09791539201118783,0.07983195719834996
6481,-0.017721353028581417,0.018280218350304297
6482,-0.07671969233458614,0.05986481418176755
6483,-0.11211869591818897,0.06596311576007431
6484,0.011777816624420942,0.029399708688395677
6485,0.17933310025347435,0.09490218678211283
6486,0.0412769862774233,0.031679500236626086
6487,-0.03424088803426274,0.023505611781954136
6488,-0.033060921248142645,0.018445036467767337
6489,-0.08969932698190718,0.05303339247585811
6490,-0.054300323398304345,0.024950348763497478
6491,-0.0637400576872651,0.02257711911617959
6492,-0.02362118695918189,0.020818266115085225
6493,0.07667598986102614,0.05547348208442803
6494,0.18287300061183462,0.08842725822393896
6495,-0.048400489467703874,0.05372013848304901
6496,-0.054300323398304345,0.024950348763497478
6497,-0.04368062232322349,0.07772212044923536
6498,-0.08851936019578709,0.03363307222699694
6499,-0.02598112053142208,0.045279161678133194
6500,0.08021589021938642,0.03314949003641033
6501,0.004698015907700376,0.019020466979674192
6502,-0.027161087317542174,0.01590698870298641
6503,-0.027161087317542174,0.01590698870298641
6504,0.0825758237916266,0.07888843587419198
6505,-0.033060921248142645,0.018445036467767337
6506,-0.08851936019578709,0.03363307222699694
6507,0.053076654138624245,0.027318017897124697
6508,0.07903592343326632,0.034823626709042814
6509,0.015317716982781225,0.01633312131280528
6510,-0.0637400576872651,0.02257711911617959
6511,0.04835678699414387,0.04793699797796205
6512,-0.10031902805698803,0.09219485771484492
6513,0.023577484485621886,0.04479329533758319
6514,-0.0012018180229000962,0.021558514744455123
6515,-0.027161087317542174,0.01590698870298641
6516,0.00587798269382047,0.013959891665487395
6517,-0.027161087317542174,0.01590698870298641
6518,-0.017721353028581417,0.018280218350304297
6519,-0.06020015732890482,0.027488396528278405
6520,0.00587798269382047,0.013959891665487395
6521,-0.02362118695918189,0.020818266115085225
6522,-0.033060921248142645,0.018445036467767337
6523,-0.016541386242461324,0.0686787603887243
6524,0.05897648806922472,0.04524965231109314
6525,0.0825758237916266,0.052935434319647104
6526,-0.06020015732890482,0.027488396528278405
6527,0.09201555808058737,0.04854307668559785
6528,0.04717682020802377,0.011878200874216415
6529,-0.062560090901145,0.05194929209132637
6530,-0.048400489467703874,0.05372013848304901
6531,-0.027161087317542174,0.01590698870298641
6532,0.017677650555021414,0.047331343102364115
6533,0.038917052705183114,0.05232935561201131
6534,0.04363691984966349,0.02494478824980681
6535,0.05543658771086443,0.04033837489899432
6536,-0.027161087317542174,0.01590698870298641
6537,-0.11211869591818897,0.06596311576007431
6538,0.0837557905777467,0.020082902660819937
6539,-2.185123678000175e-05,0.03376119102789707
6540,-0.03424088803426274,0.023505611781954136
6541,-2.185123678000175e-05,0.03376119102789707
6542,0.12151472773358972,0.0515674398984214
6543,0.04363691984966349,0.02494478824980681
6544,-0.03424088803426274,0.023505611781954136
6545,0.04363691984966349,0.02494478824980681
6546,-0.030700987675902455,0.06001988572635607
6547,-0.0637400576872651,0.02257711911617959
6548,-0.027161087317542174,0.01590698870298641
6549,-0.08851936019578709,0.03363307222699694
6550,0.017677650555021414,0.047331343102364115
6551,0.00587798269382047,0.013959891665487395
6552,0.004698015907700376,0.019020466979674192
6553,-0.05194038982606416,0.0667867258586394
6554,0.07667598986102614,0.05547348208442803
6555,0.0825758237916266,0.052935434319647104
6556,-0.02362118695918189,0.020818266115085225
6557,0.011777816624420942,0.029399708688395677
6558,-0.054300323398304345,0.024950348763497478
6559,0.053076654138624245,0.027318017897124697
6560,0.011777816624420942,0.011421843900706467
6561,-0.0637400576872651,0.02257711911617959
6562,-0.02598112053142208,0.045279161678133194
6563,-0.0637400576872651,0.02257711911617959
6564,-0.03424088803426274,0.023505611781954136
6565,-0.048400489467703874,0.05372013848304901
6566,-0.027161087317542174,0.01590698870298641
6567,0.04835678699414387,0.04793699797796205
6568,-0.08851936019578709,0.03363307222699694
6569,0.04009701949130321,0.019476823953184143
6570,0.004698015907700376,0.019020466979674192
6571,0.04009701949130321,0.019476823953184143
6572,-0.027161087317542174,0.01590698870298641
6573,-0.046040555895463686,0.04672389865967653
6574,-0.033060921248142645,0.018445036467767337
6575,-0.054300323398304345,0.024950348763497478
6576,0.03537715234682283,0.03421754800140702
6577,-0.0012018180229000962,0.021558514744455123
6578,0.00587798269382047,0.013959891665487395
6579,-0.01890131981470151,0.03768053859916547
6580,-0.08851936019578709,0.03363307222699694
6581,0.014137750196661131,0.0424200656902653
6582,0.04363691984966349,0.02494478824980681
6583,0.04009701949130321,0.019476823953184143
6584,0.0837557905777467,0.020082902660819937
6585,0.0412769862774233,0.031679500236626086
6586,-0.054300323398304345,0.024950348763497478
6587,0.08021589021938642,0.03314949003641033
6588,0.03537715234682283,0.03421754800140702
6589,-0.027161087317542174,0.01590698870298641
6590,0.00587798269382047,0.013959891665487395
6591,-0.08851936019578709,0.03363307222699694
6592,-0.033060921248142645,0.018445036467767337
6593,0.08729569093610698,0.025550866957442606
6594,-0.03424088803426274,0.023505611781954136
6595,-0.030700987675902455,0.06001988572635607
6596,-0.11211869591818897,0.06596311576007431
6597,0.015317716982781225,0.01633312131280528
6598,-0.03424088803426274,0.023505611781954136
6599,0.04363691984966349,0.02494478824980681
6600,0.012957783410541037,0.040794016875853246
6601,-0.0012018180229000962,0.021558514744455123
6602,0.05543658771086443,0.058316239686683535
6603,0.08729569093610698,0.025550866957442606
6604,0.1687133991783935,0.07976838356157073
6605,-0.054300323398304345,0.024950348763497478
6606,-0.02362118695918189,0.020818266115085225
6607,-0.06020015732890482,0.027488396528278405
6608,-0.027161087317542174,0.01590698870298641
6609,-0.0637400576872651,0.02257711911617959
6610,0.0837557905777467,0.020082902660819937
6611,0.002338082335460187,0.02702647904107779
6612,-0.030700987675902455,0.06001988572635607
6613,0.1262345948780701,0.08546591333053254
6614,-0.03424088803426274,0.023505611781954136
6615,0.00823791626606066,0.05553474092407613
6616,-2.185123678000175e-05,0.03376119102789707
6617,0.053076654138624245,0.027318017897124697
6618,0.023577484485621886,0.04479329533758319
6619,0.04363691984966349,0.02494478824980681
6620,-0.0012018180229000962,0.021558514744455123
6621,-0.08025959269294643,0.055406622123176
6622,-0.08851936019578709,0.03363307222699694
6623,0.011777816624420942,0.029399708688395677
6624,-0.027161087317542174,0.01590698870298641
6625,-0.0637400576872651,0.02257711911617959
6626,0.002338082335460187,0.02702647904107779
6627,-0.033060921248142645,0.018445036467767337
6628,-0.0012018180229000962,0.021558514744455123
6629,-0.027161087317542174,0.03388485349067562
6630,0.00587798269382047,0.013959891665487395
6631,0.09555545843894764,0.08505735062999976
6632,0.04363691984966349,0.02494478824980681
6633,-0.02362118695918189,0.020818266115085225
6634,-0.027161087317542174,0.01590698870298641
6635,0.0412769862774233,0.031679500236626086
6636,-0.0637400576872651,0.02257711911617959
6637,0.03537715234682283,0.03421754800140702
6638,-0.030700987675902455,0.06001988572635607
6639,0.04717682020802377,0.07410290550819036
6640,0.0424569530635434,0.04585442705383744
6641,0.1687133991783935,0.07976838356157073
6642,0.04009701949130321,0.019476823953184143
6643,-0.027161087317542174,0.01590698870298641
6644,0.04363691984966349,0.02494478824980681
6645,-2.185123678000175e-05,0.03376119102789707
6646,0.04363691984966349,0.02494478824980681
6647,-0.054300323398304345,0.024950348763497478
6648,-0.048400489467703874,0.05372013848304901
6649,-0.0637400576872651,0.02257711911617959
6650,0.07549602307490604,0.04789021408463321
6651,0.09555545843894764,0.04883373540879112
6652,0.00587798269382047,0.013959891665487395
6653,-0.03424088803426274,0.023505611781954136
6654,0.00587798269382047,0.013959891665487395
6655,0.00587798269382047,0.013959891665487395
6656,-0.02362118695918189,0.020818266115085225
6657,-0.11211869591818897,0.06596311576007431
6658,0.04835678699414387,0.04793699797796205
6659,-0.06020015732890482,0.027488396528278405
6660,0.00823791626606066,0.05553474092407613
6661,-0.03424088803426274,0.023505611781954136
6662,0.03655711913294293,0.03254341132877454
6663,0.04953675378026396,0.04287642266377525
6664,0.1687133991783935,0.07976838356157073
6665,0.0424569530635434,0.04585442705383744
6666,0.00587798269382047,0.013959891665487395
6667,-0.03424088803426274,0.023505611781954136
6668,0.03655711913294293,0.03254341132877454
6669,0.011777816624420942,0.011421843900706467
6670,-0.02362118695918189,0.020818266115085225
6671,-0.02362118695918189,0.020818266115085225
6672,0.002338082335460187,0.02702647904107779
6673,0.04009701949130321,0.019476823953184143
6674,0.00823791626606066,0.05553474092407613
6675,0.023577484485621886,0.04479329533758319
6676,-0.02362118695918189,0.020818266115085225
6677,0.05543658771086443,0.058316239686683535
6678,-0.0012018180229000962,0.021558514744455123
6679,0.011777816624420942,0.029399708688395677
6680,-0.08851936019578709,0.03363307222699694
6681,-0.009461585525740756,0.07804822985941466
6682,0.051896687352504155,0.04822765670115532
6683,0.004698015907700376,0.019020466979674192
6684,0.004698015907700376,0.019020466979674192
6685,-0.11211869591818897,0.06596311576007431
6686,0.04835678699414387,0.04793699797796205
6687,0.17225329953675378,0.08985696654709895
6688,-0.017721353028581417,0.018280218350304297
6689,0.03655711913294293,0.03254341132877454
6690,0.04717682020802377,0.011878200874216415
6691,0.053076654138624245,0.027318017897124697
6692,0.13685429595315096,0.11213417515437911
6693,0.0849357573638668,0.032285578944261886
6694,-0.054300323398304345,0.024950348763497478
6695,0.022397517699501792,0.07654108944719691
6696,0.04009701949130321,0.019476823953184143
6697,-0.062560090901145,0.05194929209132637
6698,-0.03424088803426274,0.023505611781954136
6699,0.002338082335460187,0.02702647904107779
6700,-0.0637400576872651,0.02257711911617959
6701,0.04009701949130321,0.019476823953184143
6702,0.00587798269382047,0.013959891665487395
6703,0.08729569093610698,0.06328380073382071
6704,0.015317716982781225,0.07179223866541208
6705,0.00587798269382047,0.013959891665487395
6706,-0.02362118695918189,0.020818266115085225
6707,-0.06020015732890482,0.027488396528278405
6708,0.011777816624420942,0.011421843900706467
6709,-0.06020015732890482,0.027488396528278405
6710,0.011777816624420942,0.029399708688395677
6711,0.04363691984966349,0.02494478824980681
6712,0.010597849838300848,0.050309347492426305
6713,0.04009701949130321,0.019476823953184143
6714,-0.033060921248142645,0.018445036467767337
6715,0.05543658771086443,0.058316239686683535
6716,-0.033060921248142645,0.018445036467767337
6717,-0.027161087317542174,0.01590698870298641
6718,-0.08261952626518661,0.062402861946548475
6719,-0.0637400576872651,0.02257711911617959
6720,0.05543658771086443,0.04033837489899432
6721,0.011777816624420942,0.011421843900706467
6722,0.07903592343326632,0.034823626709042814
6723,-0.08969932698190718,0.05303339247585811
6724,0.015317716982781225,0.07179223866541208
6725,-0.07671969233458614,0.05986481418176755
6726,-0.017721353028581417,0.018280218350304297
6727,0.015317716982781225,0.07179223866541208
6728,0.08611572414998689,0.04646050576147323
6729,-0.033060921248142645,0.018445036467767337
6730,-0.07671969233458614,0.05986481418176755
6731,0.053076654138624245,0.027318017897124697
6732,0.04009701949130321,0.019476823953184143
6733,-0.027161087317542174,0.01590698870298641
6734,0.011777816624420942,0.011421843900706467
6735,-0.05194038982606416,0.0667867258586394
6736,0.00587798269382047,0.013959891665487395
6737,-0.08261952626518661,0.062402861946548475
6738,-0.054300323398304345,0.024950348763497478
6739,0.0412769862774233,0.031679500236626086
6740,0.05543658771086443,0.058316239686683535
6741,0.015317716982781225,0.07179223866541208
6742,0.05543658771086443,0.04033837489899432
6743,-0.054300323398304345,0.024950348763497478
6744,0.08965562450834717,0.05654908874700145
6745,0.04009701949130321,0.019476823953184143
6746,0.011777816624420942,0.029399708688395677
6747,-0.0012018180229000962,0.021558514744455123
6748,-0.10031902805698803,0.09219485771484492
6749,-0.01890131981470151,0.03768053859916547
6750,-0.027161087317542174,0.01590698870298641
6751,-0.015361419456341228,0.049278440139863135
6752,-0.027161087317542174,0.01590698870298641
6753,-0.048400489467703874,0.05372013848304901
6754,-0.02362118695918189,0.020818266115085225
6755,-0.055480290184424436,0.044350669012358644
6756,0.03655711913294293,0.03254341132877454
6757,0.12505462809195,0.057736354654229154
6758,0.010597849838300848,0.050309347492426305
6759,0.08021589021938642,0.03314949003641033
6760,-0.03424088803426274,0.023505611781954136
6761,-0.027161087317542174,0.03388485349067562
6762,-0.054300323398304345,0.024950348763497478
6763,0.04599685342190368,0.016938776188403212
6764,-0.0637400576872651,0.02257711911617959
6765,-0.06020015732890482,0.027488396528278405
6766,-0.046040555895463686,0.04672389865967653
6767,0.12033476094746963,0.07247707870245203
6768,0.00587798269382047,0.013959891665487395
6769,-0.027161087317542174,0.01590698870298641
6770,0.014137750196661131,0.0424200656902653
6771,0.07549602307490604,0.04789021408463321
6772,-0.033060921248142645,0.018445036467767337
6773,0.07903592343326632,0.034823626709042814
6774,0.015317716982781225,0.01633312131280528
6775,-0.1298181977099904,0.10451157379436778
6776,0.004698015907700376,0.019020466979674192
6777,-0.06020015732890482,0.027488396528278405
6778,0.00823791626606066,0.05553474092407613
6779,0.03655711913294293,0.03254341132877454
6780,-0.0012018180229000962,0.021558514744455123
6781,0.04717682020802377,0.011878200874216415
6782,0.12269469451970981,0.0851037094527611
6783,0.17343326632287387,0.06502765951334785
6784,-0.033060921248142645,0.018445036467767337
6785,-0.02598112053142208,0.045279161678133194
6786,-0.08851936019578709,0.03363307222699694
6787,0.07667598986102614,0.05547348208442803
6788,-0.06020015732890482,0.027488396528278405
6789,0.10145529236954812,0.07194267539618895
6790,0.1439340966698715,0.11973279823334679
6791,-0.055480290184424436,0.044350669012358644
6792,0.00587798269382047,0.07618459629946135
6793,0.011777816624420942,0.029399708688395677
6794,0.03537715234682283,0.03421754800140702
6795,0.04717682020802377,0.011878200874216415
6796,-0.027161087317542174,0.01590698870298641
6797,-0.054300323398304345,0.024950348763497478
6798,0.004698015907700376,0.019020466979674192
6799,-0.055480290184424436,0.044350669012358644
6800,-0.033060921248142645,0.018445036467767337
6801,-0.0637400576872651,0.02257711911617959
6802,0.014137750196661131,0.0424200656902653
6803,-0.03424088803426274,0.023505611781954136
6804,0.053076654138624245,0.027318017897124697
6805,0.13213442880867057,0.054758350264166956
6806,0.04363691984966349,0.02494478824980681
6807,0.011777816624420942,0.029399708688395677
6808,-0.033060921248142645,0.018445036467767337
6809,0.011777816624420942,0.029399708688395677
6810,-0.033060921248142645,0.018445036467767337
6811,0.04717682020802377,0.011878200874216415
6812,-0.015361419456341228,0.049278440139863135
6813,-0.08969932698190718,0.05303339247585811
6814,-0.046040555895463686,0.04672389865967653
6815,0.12505462809195,0.038500852522831
6816,0.004698015907700376,0.019020466979674192
6817,0.017677650555021414,0.047331343102364115
6818,0.04009701949130321,0.019476823953184143
6819,-0.033060921248142645,0.018445036467767337
6820,0.004698015907700376,0.019020466979674192
6821,-0.07671969233458614,0.05986481418176755
6822,0.011777816624420942,0.029399708688395677
6823,-0.08969932698190718,0.05303339247585811
6824,0.04363691984966349,0.02494478824980681
6825,0.00587798269382047,0.013959891665487395
6826,-0.054300323398304345,0.024950348763497478
6827,-0.027161087317542174,0.01590698870298641
6828,-0.033060921248142645,0.018445036467767337
6829,0.04953675378026396,0.053453050132805144
6830,-0.027161087317542174,0.01590698870298641
6831,-0.05194038982606416,0.0667867258586394
6832,0.13567432916703084,0.06022631456078964
6833,-0.02362118695918189,0.020818266115085225
6834,-0.033060921248142645,0.018445036467767337
6835,0.08611572414998689,0.04646050576147323
6836,0.00587798269382047,0.013959891665487395
6837,-0.046040555895463686,0.04672389865967653
6838,0.04009701949130321,0.019476823953184143
6839,0.0412769862774233,0.031679500236626086
6840,-0.03424088803426274,0.023505611781954136
6841,-0.027161087317542174,0.03388485349067562
6842,-0.055480290184424436,0.044350669012358644
6843,-0.033060921248142645,0.018445036467767337
6844,0.004698015907700376,0.019020466979674192
6845,0.014137750196661131,0.0424200656902653
6846,0.029477318416222358,0.07356308505713473
6847,0.010597849838300848,0.050309347492426305
6848,0.0837557905777467,0.020082902660819937
6849,0.04009701949130321,0.019476823953184143
6850,0.04599685342190368,0.016938776188403212
6851,-0.0637400576872651,0.02257711911617959
6852,-0.03424088803426274,0.023505611781954136
6853,-0.0012018180229000962,0.021558514744455123
6854,0.029477318416222358,0.07356308505713473
6855,-0.07671969233458614,0.05986481418176755
6856,0.00587798269382047,0.013959891665487395
6857,0.04953675378026396,0.04287642266377525
6858,-0.0637400576872651,0.02257711911617959
6859,0.09201555808058737,0.04854307668559785
6860,-0.03424088803426274,0.023505611781954136
6861,0.015317716982781225,0.01633312131280528
6862,0.022397517699501792,0.06419361558644436
6863,-0.015361419456341228,0.049278440139863135
6864,-0.033060921248142645,0.018445036467767337
6865,0.011777816624420942,0.029399708688395677
6866,0.12151472773358972,0.0515674398984214
6867,0.03655711913294293,0.03254341132877454
6868,-0.08851936019578709,0.03363307222699694
6869,-0.02362118695918189,0.020818266115085225
6870,-0.033060921248142645,0.018445036467767337
6871,-0.0012018180229000962,0.021558514744455123
6872,-0.03424088803426274,0.023505611781954136
6873,-0.033060921248142645,0.018445036467767337
6874,0.004698015907700376,0.019020466979674192
6875,-0.0012018180229000962,0.021558514744455123
6876,0.00587798269382047,0.013959891665487395
6877,-0.011821519097980945,0.047050008069855834
6878,-0.08261952626518661,0.062402861946548475
6879,-0.02362118695918189,0.020818266115085225
6880,0.09083559129446726,0.07470898421582615
6881,0.004698015907700376,0.019020466979674192
6882,-0.033060921248142645,0.018445036467767337
6883,0.08611572414998689,0.05108112445037876
6884,0.011777816624420942,0.011421843900706467
6885,0.002338082335460187,0.02702647904107779
6886,-0.0637400576872651,0.02257711911617959
6887,-0.06020015732890482,0.027488396528278405
6888,-0.062560090901145,0.05194929209132637
6889,0.04009701949130321,0.019476823953184143
6890,0.07667598986102614,0.05547348208442803
6891,-0.08851936019578709,0.03363307222699694
6892,0.07903592343326632,0.034823626709042814
6893,0.011777816624420942,0.029399708688395677
6894,0.09201555808058737,0.04854307668559785
6895,-0.016541386242461324,0.0686787603887243
6896,0.00587798269382047,0.013959891665487395
6897,0.04953675378026396,0.04287642266377525
6898,0.03537715234682283,0.03421754800140702
6899,0.03537715234682283,0.03421754800140702
6900,0.05543658771086443,0.04033837489899432
6901,0.0849357573638668,0.032285578944261886
6902,0.011777816624420942,0.011421843900706467
6903,0.00587798269382047,0.013959891665487395
6904,-2.185123678000175e-05,0.03376119102789707
6905,-0.03424088803426274,0.023505611781954136
6906,-0.06020015732890482,0.027488396528278405
6907,0.004698015907700376,0.019020466979674192
6908,0.03419718556070274,0.09756506702332107
6909,-0.007101651953500568,0.07105199003604219
6910,-0.062560090901145,0.05194929209132637
6911,0.015317716982781225,0.01633312131280528
6912,-0.0637400576872651,0.02257711911617959
6913,-0.03424088803426274,0.023505611781954136
6914,0.025937418057862077,0.08662967243272511
6915,0.00587798269382047,0.013959891665487395
6916,-0.0637400576872651,0.02257711911617959
6917,-0.0637400576872651,0.02257711911617959
6918,0.004698015907700376,0.019020466979674192
6919,-0.0637400576872651,0.02257711911617959
6920,0.07549602307490604,0.04789021408463321
6921,0.04363691984966349,0.02494478824980681
6922,0.00587798269382047,0.013959891665487395
6923,0.04009701949130321,0.019476823953184143
6924,-0.04368062232322349,0.07772212044923536
6925,-0.02362118695918189,0.020818266115085225
6926,0.04599685342190368,0.016938776188403212
6927,0.015317716982781225,0.07179223866541208
6928,-0.027161087317542174,0.01590698870298641
6929,0.04363691984966349,0.02494478824980681
6930,-0.033060921248142645,0.018445036467767337
6931,0.00587798269382047,0.013959891665487395
6932,-0.01890131981470151,0.03768053859916547
6933,0.0412769862774233,0.031679500236626086
6934,0.08729569093610698,0.06328380073382071
6935,-0.06020015732890482,0.027488396528278405
6936,-0.0637400576872651,0.02257711911617959
6937,-0.0012018180229000962,0.021558514744455123
6938,-0.033060921248142645,0.018445036467767337
6939,-0.0637400576872651,0.02257711911617959
6940,-0.08969932698190718,0.05303339247585811
6941,0.03655711913294293,0.03254341132877454
6942,-0.030700987675902455,0.06001988572635607
6943,0.00587798269382047,0.013959891665487395
6944,-0.027161087317542174,0.03388485349067562
6945,0.08611572414998689,0.04646050576147323
6946,-0.1298181977099904,0.10451157379436778
6947,0.04717682020802377,0.011878200874216415
6948,0.03655711913294293,0.03254341132877454
6949,-0.08025959269294643,0.055406622123176
6950,0.002338082335460187,0.02702647904107779
6951,0.04717682020802377,0.011878200874216415
6952,-0.05194038982606416,0.0667867258586394
6953,0.0424569530635434,0.04585442705383744
6954,0.004698015907700376,0.019020466979674192
6955,-0.06020015732890482,0.027488396528278405
6956,0.07903592343326632,0.034823626709042814
6957,-0.0012018180229000962,0.021558514744455123
6958,-0.05194038982606416,0.0667867258586394
6959,-0.048400489467703874,0.05372013848304901
6960,-0.054300323398304345,0.024950348763497478
6961,0.004698015907700376,0.019020466979674192
6962,-0.055480290184424436,0.044350669012358644
6963,0.04009701949130321,0.019476823953184143
6964,-0.054300323398304345,0.024950348763497478
6965,-0.01890131981470151,0.03768053859916547
6966,-0.062560090901145,0.05194929209132637
6967,0.011777816624420942,0.029399708688395677
6968,-0.03424088803426274,0.023505611781954136
6969,-0.017721353028581417,0.018280218350304297
6970,-0.10031902805698803,0.09219485771484492
6971,-0.08851936019578709,0.03363307222699694
6972,0.08965562450834717,0.05654908874700145
6973,0.00587798269382047,0.013959891665487395
6974,-0.0637400576872651,0.02257711911617959
6975,0.00823791626606066,0.05553474092407613
6976,0.0412769862774233,0.031679500236626086
6977,-0.027161087317542174,0.01590698870298641
6978,-0.015361419456341228,0.06011659544544622
6979,-0.055480290184424436,0.044350669012358644
6980,-0.03424088803426274,0.023505611781954136
6981,0.012957783410541037,0.040794016875853246
6982,-0.055480290184424436,0.044350669012358644
6983,-0.007101651953500568,0.07105199003604219
6984,0.07549602307490604,0.04789021408463321
6985,-0.07671969233458614,0.05986481418176755
6986,0.04363691984966349,0.02494478824980681
6987,-0.07671969233458614,0.05986481418176755
6988,-0.02598112053142208,0.045279161678133194
6989,0.022397517699501792,0.06419361558644436
6990,0.017677650555021414,0.047331343102364115
6991,0.022397517699501792,0.06419361558644436
6992,-0.027161087317542174,0.01590698870298641
6993,0.09319552486670746,0.04348250137141105
6994,0.05543658771086443,0.058316239686683535
6995,-0.02362118695918189,0.020818266115085225
6996,0.015317716982781225,0.07179223866541208
6997,-0.033060921248142645,0.018445036467767337
6998,-0.08969932698190718,0.05303339247585811
6999,-0.048400489467703874,0.05372013848304901
7000,0.03655711913294293,0.03254341132877454
7001,-0.0012018180229000962,0.021558514744455123
7002,-0.027161087317542174,0.01590698870298641
7003,0.014137750196661131,0.0424200656902653
7004,0.08021589021938642,0.03314949003641033
7005,-0.048400489467703874,0.05372013848304901
7006,-0.055480290184424436,0.044350669012358644
7007,-0.048400489467703874,0.05372013848304901
7008,0.04953675378026396,0.04287642266377525
7009,0.03655711913294293,0.03254341132877454
7010,0.00587798269382047,0.013959891665487395
7011,-0.07671969233458614,0.05986481418176755
7012,0.051896687352504155,0.04822765670115532
7013,0.015317716982781225,0.01633312131280528
7014,0.011777816624420942,0.029399708688395677
7015,-0.11211869591818897,0.06596311576007431
7016,-0.03424088803426274,0.023505611781954136
7017,-0.02598112053142208,0.045279161678133194
7018,-0.08969932698190718,0.05303339247585811
7019,-0.062560090901145,0.05194929209132637
7020,-0.017721353028581417,0.018280218350304297
7021,0.04009701949130321,0.019476823953184143
7022,0.05897648806922472,0.04524965231109314
7023,0.0412769862774233,0.031679500236626086
7024,-0.027161087317542174,0.01590698870298641
7025,0.00587798269382047,0.07618459629946135
7026,0.00587798269382047,0.013959891665487395
7027,0.12505462809195,0.038500852522831
7028,-0.02362118695918189,0.020818266115085225
7029,-0.027161087317542174,0.01590698870298641
7030,-0.0637400576872651,0.02257711911617959
7031,-0.017721353028581417,0.018280218350304297
7032,0.09909535879730792,0.05892231839431933
7033,-0.02362118695918189,0.020818266115085225
7034,-0.054300323398304345,0.024950348763497478
7035,-0.033060921248142645,0.018445036467767337
7036,0.011777816624420942,0.011421843900706467
7037,0.0424569530635434,0.04585442705383744
7038,-0.062560090901145,0.05194929209132637
7039,0.00823791626606066,0.05553474092407613
7040,-0.033060921248142645,0.018445036467767337
7041,-0.027161087317542174,0.01590698870298641
7042,-0.05194038982606416,0.0667867258586394
7043,0.011777816624420942,0.029399708688395677
7044,-0.11211869591818897,0.06596311576007431
7045,-0.027161087317542174,0.01590698870298641
7046,0.0424569530635434,0.04585442705383744
7047,-0.08851936019578709,0.03363307222699694
7048,-0.03424088803426274,0.023505611781954136
7049,-0.08851936019578709,0.03363307222699694
7050,0.014137750196661131,0.0424200656902653
7051,0.002338082335460187,0.02702647904107779
7052,0.004698015907700376,0.019020466979674192
7053,-0.08969932698190718,0.05303339247585811
7054,-0.02598112053142208,0.045279161678133194
7055,-0.033060921248142645,0.018445036467767337
7056,0.04009701949130321,0.019476823953184143
7057,-0.02598112053142208,0.045279161678133194
7058,-2.185123678000175e-05,0.03376119102789707
7059,0.04009701949130321,0.019476823953184143
7060,-0.0637400576872651,0.02257711911617959
7061,-0.0012018180229000962,0.021558514744455123
7062,-0.007101651953500568,0.07105199003604219
7063,-0.02362118695918189,0.020818266115085225
7064,-0.02362118695918189,0.020818266115085225
7065,-0.03424088803426274,0.023505611781954136
7066,-0.027161087317542174,0.01590698870298641
7067,-0.0637400576872651,0.02257711911617959
7068,-0.055480290184424436,0.044350669012358644
7069,0.014137750196661131,0.0424200656902653
7070,-0.11211869591818897,0.06596311576007431
7071,-0.08851936019578709,0.03363307222699694
7072,0.017677650555021414,0.047331343102364115
7073,0.17343326632287387,0.06502765951334785
7074,-0.033060921248142645,0.018445036467767337
7075,0.00587798269382047,0.013959891665487395
7076,-0.015361419456341228,0.06011659544544622
7077,0.015317716982781225,0.07179223866541208
7078,0.04009701949130321,0.019476823953184143
7079,0.04599685342190368,0.016938776188403212
7080,-0.02362118695918189,0.020818266115085225
7081,-0.030700987675902455,0.06001988572635607
7082,0.051896687352504155,0.04822765670115532
7083,0.04009701949130321,0.019476823953184143
7084,0.017677650555021414,0.047331343102364115
7085,-0.08261952626518661,0.062402861946548475
7086,-0.027161087317542174,0.01590698870298641
7087,-0.07671969233458614,0.05986481418176755
7088,0.017677650555021414,0.047331343102364115
7089,0.11915479416134954,0.07221729527380662
7090,0.04717682020802377,0.011878200874216415
7091,0.011777816624420942,0.011421843900706467
7092,0.00587798269382047,0.013959891665487395
7093,0.015317716982781225,0.01633312131280528
7094,-0.08261952626518661,0.062402861946548475
7095,0.053076654138624245,0.027318017897124697
7096,0.00587798269382047,0.013959891665487395
7097,-0.033060921248142645,0.018445036467767337
7098,0.04599685342190368,0.016938776188403212
7099,-0.055480290184424436,0.044350669012358644
7100,-0.048400489467703874,0.05372013848304901
7101,0.08611572414998689,0.04646050576147323
7102,-0.02362118695918189,0.020818266115085225
7103,-0.0637400576872651,0.02257711911617959
7104,-0.10857879555982869,0.07042130781866587
7105,0.0412769862774233,0.031679500236626086
7106,-0.027161087317542174,0.01590698870298641
7107,0.12505462809195,0.057736354654229154
7108,-0.027161087317542174,0.01590698870298641
7109,-0.06609999125950529,0.11263658586750545
7110,0.03537715234682283,0.03421754800140702
7111,-0.030700987675902455,0.06001988572635607
7112,-0.027161087317542174,0.01590698870298641
7113,-0.0637400576872651,0.02257711911617959
7114,0.08611572414998689,0.04646050576147323
7115,-0.027161087317542174,0.01590698870298641
7116,0.00587798269382047,0.07618459629946135
7117,-0.08851936019578709,0.03363307222699694
7118,-0.0012018180229000962,0.021558514744455123
7119,-0.08851936019578709,0.03363307222699694
7120,0.00587798269382047,0.07618459629946135
7121,0.053076654138624245,0.027318017897124697
7122,0.004698015907700376,0.019020466979674192
7123,0.03537715234682283,0.03421754800140702
7124,0.08021589021938642,0.03314949003641033
7125,-0.017721353028581417,0.018280218350304297
7126,0.010597849838300848,0.050309347492426305
7127,-0.027161087317542174,0.01590698870298641
7128,0.00587798269382047,0.013959891665487395
7129,-0.02598112053142208,0.045279161678133194
7130,-0.05194038982606416,0.0667867258586394
7131,-0.033060921248142645,0.018445036467767337
7132,-0.11211869591818897,0.06596311576007431
7133,-0.0637400576872651,0.02257711911617959
7134,-0.054300323398304345,0.024950348763497478
7135,0.04599685342190368,0.016938776188403212
7136,-0.033060921248142645,0.018445036467767337
7137,0.04363691984966349,0.02494478824980681
7138,0.06723625557206538,0.08454798164145413
7139,-0.02598112053142208,0.045279161678133194
7140,0.04009701949130321,0.019476823953184143
7141,0.08729569093610698,0.025550866957442606
7142,-0.048400489467703874,0.05372013848304901
7143,-0.0637400576872651,0.02257711911617959
7144,0.08611572414998689,0.04646050576147323
7145,-0.0012018180229000962,0.021558514744455123
7146,0.04009701949130321,0.019476823953184143
7147,0.004698015907700376,0.019020466979674192
7148,-0.017721353028581417,0.018280218350304297
7149,-0.017721353028581417,0.018280218350304297
7150,-0.08969932698190718,0.05303339247585811
7151,0.04363691984966349,0.02494478824980681
7152,0.002338082335460187,0.02702647904107779
7153,-0.009461585525740756,0.07804822985941466
7154,-0.033060921248142645,0.018445036467767337
7155,-0.054300323398304345,0.024950348763497478
7156,-0.027161087317542174,0.03388485349067562
7157,-0.062560090901145,0.05194929209132637
7158,0.012957783410541037,0.040794016875853246
7159,-0.11211869591818897,0.06596311576007431
7160,-0.08851936019578709,0.03363307222699694
7161,0.13331439559479066,0.0669610265476089
7162,-0.017721353028581417,0.018280218350304297
7163,0.038917052705183114,0.05232935561201131
7164,0.004698015907700376,0.019020466979674192
7165,-0.055480290184424436,0.044350669012358644
7166,-0.02362118695918189,0.020818266115085225
7167,0.04009701949130321,0.019476823953184143
7168,0.0424569530635434,0.04585442705383744
7169,-0.048400489467703874,0.05372013848304901
7170,-0.0637400576872651,0.02257711911617959
7171,0.04363691984966349,0.02494478824980681
7172,0.04599685342190368,0.016938776188403212
7173,0.017677650555021414,0.047331343102364115
7174,-0.06020015732890482,0.027488396528278405
7175,-2.185123678000175e-05,0.03376119102789707
7176,-0.08851936019578709,0.03363307222699694
7177,-0.02362118695918189,0.020818266115085225
7178,-0.015361419456341228,0.049278440139863135
7179,-0.06020015732890482,0.027488396528278405
7180,-0.007101651953500568,0.07105199003604219
7181,0.004698015907700376,0.019020466979674192
7182,-0.02362118695918189,0.020818266115085225
7183,-0.06609999125950529,0.11263658586750545
7184,0.09319552486670746,0.04348250137141105
7185,0.015317716982781225,0.01633312131280528
7186,-0.048400489467703874,0.05372013848304901
7187,-0.027161087317542174,0.01590698870298641
7188,-0.040140721964863214,0.08218031250782691
7189,0.04009701949130321,0.019476823953184143
7190,-0.06020015732890482,0.027488396528278405
7191,0.04953675378026396,0.04287642266377525
7192,0.011777816624420942,0.011421843900706467
7193,-0.054300323398304345,0.024950348763497478
7194,-0.03424088803426274,0.023505611781954136
7195,-2.185123678000175e-05,0.03376119102789707
7196,0.04953675378026396,0.04287642266377525
7197,-0.06020015732890482,0.027488396528278405
7198,-0.033060921248142645,0.018445036467767337
7199,-0.08025959269294643,0.055406622123176
7200,-0.015361419456341228,0.049278440139863135
7201,0.002338082335460187,0.02702647904107779
7202,0.0412769862774233,0.031679500236626086
7203,0.1710733327506337,0.09239501431187981
7204,0.053076654138624245,0.07595721537745871
7205,-0.054300323398304345,0.024950348763497478
7206,0.09319552486670746,0.04348250137141105
7207,0.09201555808058737,0.04854307668559785
7208,-0.08851936019578709,0.03363307222699694
7209,-0.015361419456341228,0.06011659544544622
7210,-0.01890131981470151,0.03768053859916547
7211,-0.08851936019578709,0.03363307222699694
7212,0.051896687352504155,0.08445127192236399
7213,0.09319552486670746,0.04348250137141105
7214,-0.0637400576872651,0.02257711911617959
7215,0.029477318416222358,0.07356308505713473
7216,0.04953675378026396,0.04287642266377525
7217,-0.054300323398304345,0.024950348763497478
7218,0.017677650555021414,0.047331343102364115
7219,-0.04368062232322349,0.07772212044923536
7220,0.07903592343326632,0.034823626709042814
7221,-0.08261952626518661,0.062402861946548475
7222,0.18523293418407483,0.12404609870240335
7223,0.015317716982781225,0.07179223866541208
7224,0.1262345948780701,0.036826715850198526
7225,-0.054300323398304345,0.024950348763497478
7226,-0.033060921248142645,0.018445036467767337
7227,-0.033060921248142645,0.018445036467767337
7228,0.04009701949130321,0.019476823953184143
7229,-0.055480290184424436,0.044350669012358644
7230,0.04009701949130321,0.019476823953184143
7231,0.011777816624420942,0.029399708688395677
7232,0.12859452845031027,0.08256566168798017
7233,0.09201555808058737,0.04854307668559785
7234,-0.015361419456341228,0.06011659544544622
7235,0.04009701949130321,0.019476823953184143
7236,-0.027161087317542174,0.01590698870298641
7237,-0.02362118695918189,0.020818266115085225
7238,-0.02598112053142208,0.045279161678133194
7239,0.13213442880867057,0.054758350264166956
7240,0.12151472773358972,0.0515674398984214
7241,-0.033060921248142645,0.018445036467767337
7242,0.011777816624420942,0.011421843900706467
7243,0.00587798269382047,0.013959891665487395
7244,0.038917052705183114,0.05232935561201131
7245,0.00587798269382047,0.013959891665487395
7246,-0.055480290184424436,0.044350669012358644
7247,-0.033060921248142645,0.018445036467767337
7248,-0.046040555895463686,0.04672389865967653
7249,-0.027161087317542174,0.03388485349067562
7250,-0.027161087317542174,0.01590698870298641
7251,-0.027161087317542174,0.01590698870298641
7252,-0.015361419456341228,0.049278440139863135
7253,0.023577484485621886,0.04479329533758319
7254,-0.054300323398304345,0.024950348763497478
7255,-0.017721353028581417,0.018280218350304297
7256,0.08729569093610698,0.025550866957442606
7257,0.00587798269382047,0.013959891665487395
7258,0.09201555808058737,0.04854307668559785
7259,-0.027161087317542174,0.01590698870298641
7260,0.08611572414998689,0.05108112445037876
7261,-0.046040555895463686,0.04672389865967653
7262,-0.011821519097980945,0.047050008069855834
7263,0.004698015907700376,0.019020466979674192
7264,-0.027161087317542174,0.01590698870298641
7265,-0.054300323398304345,0.024950348763497478
7266,0.12859452845031027,0.06782493763975737
7267,-0.016541386242461324,0.08102623424947686
7268,-0.055480290184424436,0.044350669012358644
7269,-0.054300323398304345,0.024950348763497478
7270,-0.02362118695918189,0.020818266115085225
7271,-0.0637400576872651,0.02257711911617959
7272,-0.02362118695918189,0.020818266115085225
7273,-0.02598112053142208,0.045279161678133194
7274,-0.054300323398304345,0.024950348763497478
7275,0.014137750196661131,0.0424200656902653
7276,0.004698015907700376,0.019020466979674192
7277,0.12859452845031027,0.0566126601334353
7278,-0.011821519097980945,0.047050008069855834
7279,-0.02362118695918189,0.020818266115085225
7280,0.07903592343326632,0.05405912884044096
7281,0.09201555808058737,0.04854307668559785
7282,-0.027161087317542174,0.01590698870298641
7283,-0.033060921248142645,0.018445036467767337
7284,-0.054300323398304345,0.024950348763497478
7285,0.04599685342190368,0.016938776188403212
7286,-0.08851936019578709,0.03363307222699694
7287,-0.055480290184424436,0.044350669012358644
7288,0.12505462809195,0.038500852522831
7289,-0.009461585525740756,0.07804822985941466
7290,-0.08851936019578709,0.03363307222699694
7291,0.04363691984966349,0.02494478824980681
7292,0.002338082335460187,0.02702647904107779
7293,0.04599685342190368,0.016938776188403212
7294,-0.027161087317542174,0.01590698870298641
7295,-0.06020015732890482,0.027488396528278405
7296,-0.015361419456341228,0.06011659544544622
7297,0.00587798269382047,0.013959891665487395
7298,-0.033060921248142645,0.018445036467767337
7299,-0.054300323398304345,0.024950348763497478
7300,0.04009701949130321,0.019476823953184143
7301,-0.0012018180229000962,0.021558514744455123
7302,-0.08969932698190718,0.05303339247585811
7303,0.0424569530635434,0.04585442705383744
7304,0.004698015907700376,0.019020466979674192
7305,0.002338082335460187,0.02702647904107779
7306,0.0412769862774233,0.031679500236626086
7307,0.12741456166419018,0.06949907431238984
7308,0.05543658771086443,0.04033837489899432
7309,-0.027161087317542174,0.01590698870298641
7310,-0.0425006555371034,0.05118209071826808
7311,0.07903592343326632,0.034823626709042814
7312,-0.015361419456341228,0.06011659544544622
7313,-0.027161087317542174,0.01590698870298641
7314,0.004698015907700376,0.019020466979674192
7315,-0.0012018180229000962,0.021558514744455123
7316,-0.054300323398304345,0.024950348763497478
7317,0.13685429595315096,0.11213417515437911
7318,-0.027161087317542174,0.01590698870298641
7319,-0.02362118695918189,0.020818266115085225
7320,-0.048400489467703874,0.05372013848304901
7321,-0.027161087317542174,0.03388485349067562
7322,-0.06020015732890482,0.027488396528278405
7323,0.03655711913294293,0.03254341132877454
7324,-0.0637400576872651,0.02257711911617959
7325,-0.08851936019578709,0.03363307222699694
7326,0.00587798269382047,0.013959891665487395
7327,0.08611572414998689,0.05108112445037876
7328,0.023577484485621886,0.04479329533758319
7329,-0.055480290184424436,0.044350669012358644
7330,0.04363691984966349,0.02494478824980681
7331,0.04009701949130321,0.019476823953184143
7332,0.00587798269382047,0.07618459629946135
7333,0.12859452845031027,0.08256566168798017
7334,-0.033060921248142645,0.018445036467767337
7335,-0.08851936019578709,0.03363307222699694
7336,-0.04368062232322349,0.07772212044923536
7337,0.038917052705183114,0.05232935561201131
7338,-0.02598112053142208,0.045279161678133194
7339,0.004698015907700376,0.019020466979674192
7340,0.07903592343326632,0.05405912884044096
7341,-0.055480290184424436,0.044350669012358644
7342,0.07903592343326632,0.034823626709042814
7343,-0.1298181977099904,0.10451157379436778
7344,-0.08025959269294643,0.055406622123176
7345,0.08965562450834717,0.05654908874700145
7346,-0.02362118695918189,0.020818266115085225
7347,-0.11211869591818897,0.06596311576007431
7348,0.053076654138624245,0.027318017897124697
7349,-0.08025959269294643,0.055406622123176
7350,0.011777816624420942,0.029399708688395677
7351,-0.08261952626518661,0.062402861946548475
7352,-0.0012018180229000962,0.021558514744455123
7353,-0.03424088803426274,0.023505611781954136
7354,-0.03424088803426274,0.023505611781954136
7355,-0.03424088803426274,0.023505611781954136
7356,-0.03424088803426274,0.023505611781954136
7357,0.051896687352504155,0.04822765670115532
7358,-0.033060921248142645,0.018445036467767337
7359,0.053076654138624245,0.027318017897124697
7360,-0.017721353028581417,0.018280218350304297
7361,0.12859452845031027,0.0566126601334353
7362,-0.027161087317542174,0.01590698870298641
7363,0.09673542522506774,0.11053952026471554
7364,0.004698015907700376,0.019020466979674192
7365,-0.0012018180229000962,0.021558514744455123
7366,0.023577484485621886,0.04479329533758319
7367,0.07903592343326632,0.034823626709042814
7368,0.09909535879730792,0.05892231839431933
7369,0.0825758237916266,0.07888843587419198
7370,-0.033060921248142645,0.018445036467767337
7371,0.00587798269382047,0.013959891665487395
7372,-0.027161087317542174,0.01590698870298641
7373,0.10735512630014858,0.10785217459784664
7374,0.00587798269382047,0.013959891665487395
7375,0.13331439559479066,0.0669610265476089
7376,0.04599685342190368,0.016938776188403212
7377,0.023577484485621886,0.04479329533758319
7378,0.07549602307490604,0.04789021408463321
7379,-0.11211869591818897,0.06596311576007431
7380,-0.01890131981470151,0.03768053859916547
7381,0.053076654138624245,0.027318017897124697
7382,0.13213442880867057,0.054758350264166956
7383,-0.054300323398304345,0.024950348763497478
7384,-0.015361419456341228,0.06011659544544622
7385,0.13567432916703084,0.06022631456078964
7386,0.04835678699414387,0.04793699797796205
7387,-0.08851936019578709,0.03363307222699694
7388,-0.048400489467703874,0.05372013848304901
7389,0.17933310025347435,0.12085518833665775
7390,0.004698015907700376,0.019020466979674192
7391,-0.027161087317542174,0.03388485349067562
7392,-0.027161087317542174,0.03388485349067562
7393,-0.015361419456341228,0.06011659544544622
7394,0.11915479416134954,0.07221729527380662
7395,0.002338082335460187,0.02702647904107779
7396,0.04599685342190368,0.016938776188403212
7397,0.08611572414998689,0.05108112445037876
7398,0.04009701949130321,0.019476823953184143
7399,0.00587798269382047,0.013959891665487395
7400,0.12269469451970981,0.05915070789821623
7401,-0.10857879555982869,0.07042130781866587
7402,0.07549602307490604,0.04789021408463321
7403,-0.054300323398304345,0.024950348763497478
7404,-0.08025959269294643,0.055406622123176
7405,0.04009701949130321,0.019476823953184143
7406,-0.048400489467703874,0.05372013848304901
7407,-0.07671969233458614,0.05986481418176755
7408,-0.055480290184424436,0.044350669012358644
7409,0.04009701949130321,0.019476823953184143
7410,-0.02598112053142208,0.045279161678133194
7411,-0.06020015732890482,0.027488396528278405
7412,0.03537715234682283,0.03421754800140702
7413,0.07667598986102614,0.05547348208442803
7414,-0.0637400576872651,0.02257711911617959
7415,-0.027161087317542174,0.01590698870298641
7416,0.04009701949130321,0.019476823953184143
7417,0.04009701949130321,0.019476823953184143
7418,0.00587798269382047,0.013959891665487395
7419,-0.03424088803426274,0.023505611781954136
7420,-0.033060921248142645,0.018445036467767337
7421,0.12151472773358972,0.0515674398984214
7422,0.04009701949130321,0.019476823953184143
7423,-0.0012018180229000962,0.021558514744455123
7424,-0.033060921248142645,0.018445036467767337
7425,-0.05194038982606416,0.0667867258586394
7426,-0.08851936019578709,0.03363307222699694
7427,-0.02362118695918189,0.020818266115085225
7428,-0.02362118695918189,0.020818266115085225
7429,0.0837557905777467,0.020082902660819937
7430,-0.0637400576872651,0.02257711911617959
7431,0.05897648806922472,0.04524965231109314
7432,-0.07671969233458614,0.05986481418176755
7433,0.04717682020802377,0.011878200874216415
7434,0.04009701949130321,0.019476823953184143
7435,-0.02362118695918189,0.020818266115085225
7436,-0.054300323398304345,0.024950348763497478
7437,-0.08261952626518661,0.062402861946548475
7438,-0.054300323398304345,0.024950348763497478
7439,0.1710733327506337,0.06644201275733494
7440,0.03537715234682283,0.03421754800140702
7441,0.03419718556070274,0.09756506702332107
7442,-0.0012018180229000962,0.021558514744455123
7443,0.1262345948780701,0.036826715850198526
7444,-0.02362118695918189,0.020818266115085225
7445,-0.030700987675902455,0.06001988572635607
7446,0.023577484485621886,0.05563145064316628
7447,0.10145529236954812,0.07194267539618895
7448,0.21945197098155755,0.09149960604588643
7449,-0.030700987675902455,0.06001988572635607
7450,0.004698015907700376,0.019020466979674192
7451,-0.027161087317542174,0.01590698870298641
7452,-2.185123678000175e-05,0.03376119102789707
7453,-0.062560090901145,0.05194929209132637
7454,0.004698015907700376,0.019020466979674192
7455,-2.185123678000175e-05,0.03376119102789707
7456,-0.062560090901145,0.05194929209132637
7457,0.053076654138624245,0.027318017897124697
7458,-0.07671969233458614,0.05986481418176755
7459,-0.033060921248142645,0.018445036467767337
7460,-0.0012018180229000962,0.021558514744455123
7461,-0.054300323398304345,0.024950348763497478
7462,0.011777816624420942,0.029399708688395677
7463,-0.055480290184424436,0.044350669012358644
7464,-0.10857879555982869,0.07042130781866587
7465,-0.02362118695918189,0.020818266115085225
7466,0.010597849838300848,0.050309347492426305
7467,-0.03424088803426274,0.023505611781954136
7468,-0.009461585525740756,0.07804822985941466
7469,-0.0637400576872651,0.02257711911617959
7470,0.13213442880867057,0.054758350264166956
7471,0.014137750196661131,0.0424200656902653
7472,-0.033060921248142645,0.018445036467767337
7473,-0.0012018180229000962,0.021558514744455123
7474,0.00823791626606066,0.05553474092407613
7475,-0.027161087317542174,0.01590698870298641
7476,0.004698015907700376,0.019020466979674192
7477,-0.02362118695918189,0.020818266115085225
7478,-0.062560090901145,0.05194929209132637
7479,-0.033060921248142645,0.018445036467767337
7480,-0.08851936019578709,0.03363307222699694
7481,0.08021589021938642,0.03314949003641033
7482,-0.054300323398304345,0.024950348763497478
7483,-0.07671969233458614,0.05986481418176755
7484,0.015317716982781225,0.01633312131280528
7485,-0.0012018180229000962,0.021558514744455123
7486,-0.054300323398304345,0.024950348763497478
7487,0.014137750196661131,0.0424200656902653
7488,0.07903592343326632,0.034823626709042814
7489,-0.02598112053142208,0.045279161678133194
7490,-0.027161087317542174,0.01590698870298641
7491,0.0412769862774233,0.031679500236626086
7492,-0.02362118695918189,0.020818266115085225
7493,0.0837557905777467,0.020082902660819937
7494,0.09555545843894764,0.08505735062999976
7495,-0.08851936019578709,0.03363307222699694
7496,-0.0012018180229000962,0.021558514744455123
7497,-0.033060921248142645,0.018445036467767337
7498,-2.185123678000175e-05,0.03376119102789707
7499,-0.062560090901145,0.05194929209132637
7500,0.053076654138624245,0.027318017897124697
7501,-0.017721353028581417,0.018280218350304297
7502,-0.11211869591818897,0.06596311576007431
7503,0.04599685342190368,0.016938776188403212
7504,-0.07671969233458614,0.05986481418176755
7505,0.004698015907700376,0.019020466979674192
7506,-0.03424088803426274,0.023505611781954136
7507,0.09319552486670746,0.04348250137141105
7508,0.004698015907700376,0.019020466979674192
7509,-0.0637400576872651,0.02257711911617959
7510,-0.03424088803426274,0.023505611781954136
7511,-0.08969932698190718,0.05303339247585811
7512,-0.009461585525740756,0.07804822985941466
7513,-0.027161087317542174,0.03388485349067562
7514,-0.0012018180229000962,0.021558514744455123
7515,-0.08261952626518661,0.062402861946548475
7516,0.04599685342190368,0.016938776188403212
7517,-0.08851936019578709,0.03363307222699694
7518,-0.08851936019578709,0.03363307222699694
7519,-0.054300323398304345,0.024950348763497478
7520,0.04717682020802377,0.07410290550819036
7521,-0.06020015732890482,0.027488396528278405
7522,0.04363691984966349,0.02494478824980681
7523,-0.03424088803426274,0.023505611781954136
7524,0.04363691984966349,0.02494478824980681
7525,0.12505462809195,0.057736354654229154
7526,0.004698015907700376,0.019020466979674192
7527,-0.04368062232322349,0.07772212044923536
7528,-0.02598112053142208,0.045279161678133194
7529,-0.07671969233458614,0.05986481418176755
7530,0.04009701949130321,0.019476823953184143
7531,-0.11211869591818897,0.06596311576007431
7532,0.17697316668123417,0.07511624249887608
7533,0.022397517699501792,0.06419361558644436
7534,-0.0637400576872651,0.02257711911617959
7535,-0.11211869591818897,0.06596311576007431
7536,-0.03424088803426274,0.023505611781954136
7537,-0.08851936019578709,0.03363307222699694
7538,0.1262345948780701,0.036826715850198526
7539,-0.033060921248142645,0.018445036467767337
7540,0.05543658771086443,0.058316239686683535
7541,0.010597849838300848,0.050309347492426305
7542,0.07903592343326632,0.05405912884044096
7543,-0.03424088803426274,0.023505611781954136
7544,-0.054300323398304345,0.024950348763497478
7545,0.06369635521370509,0.10724609589021085
7546,0.012957783410541037,0.040794016875853246
7547,-0.048400489467703874,0.05372013848304901
7548,-0.02362118695918189,0.020818266115085225
7549,0.0424569530635434,0.04585442705383744
7550,-0.033060921248142645,0.018445036467767337
7551,-0.06020015732890482,0.027488396528278405
7552,-0.015361419456341228,0.049278440139863135
7553,0.00587798269382047,0.013959891665487395
7554,0.00587798269382047,0.013959891665487395
7555,-0.017721353028581417,0.018280218350304297
7556,0.18287300061183462,0.08842725822393896
7557,-0.015361419456341228,0.049278440139863135
7558,0.00587798269382047,0.07618459629946135
7559,-0.06020015732890482,0.027488396528278405
7560,0.04363691984966349,0.02494478824980681
7561,-0.027161087317542174,0.01590698870298641
7562,0.04009701949130321,0.019476823953184143
7563,0.051896687352504155,0.04822765670115532
7564,0.07667598986102614,0.05547348208442803
7565,0.04717682020802377,0.011878200874216415
7566,0.011777816624420942,0.011421843900706467
7567,-0.03424088803426274,0.023505611781954136
7568,0.009417883052180753,0.1592801755699305
7569,0.03655711913294293,0.03254341132877454
7570,0.023577484485621886,0.04479329533758319
7571,0.07903592343326632,0.034823626709042814
7572,-0.054300323398304345,0.024950348763497478
7573,-0.06020015732890482,0.027488396528278405
7574,0.07549602307490604,0.04789021408463321
7575,-0.027161087317542174,0.03388485349067562
7576,-0.02598112053142208,0.045279161678133194
7577,0.017677650555021414,0.047331343102364115
7578,0.011777816624420942,0.029399708688395677
7579,0.08729569093610698,0.025550866957442606
7580,0.00587798269382047,0.013959891665487395
7581,0.010597849838300848,0.050309347492426305
7582,-0.033060921248142645,0.018445036467767337
7583,-0.033060921248142645,0.018445036467767337
7584,-0.054300323398304345,0.024950348763497478
7585,0.04835678699414387,0.04793699797796205
7586,-0.02362118695918189,0.020818266115085225
7587,0.00587798269382047,0.013959891665487395
7588,-0.03424088803426274,0.023505611781954136
7589,-0.027161087317542174,0.03388485349067562
7590,-0.06020015732890482,0.027488396528278405
7591,-0.027161087317542174,0.01590698870298641
7592,-0.08969932698190718,0.05303339247585811
7593,0.07903592343326632,0.034823626709042814
7594,0.0837557905777467,0.020082902660819937
7595,0.0837557905777467,0.020082902660819937
7596,-0.0012018180229000962,0.021558514744455123
7597,0.011777816624420942,0.029399708688395677
7598,-0.01890131981470151,0.03768053859916547
7599,0.002338082335460187,0.02702647904107779
7600,-0.0637400576872651,0.02257711911617959
7601,-2.185123678000175e-05,0.03376119102789707
7602,0.017677650555021414,0.047331343102364115
7603,0.13331439559479066,0.07786729025156482
7604,-0.02362118695918189,0.020818266115085225
7605,0.07903592343326632,0.034823626709042814
7606,0.0825758237916266,0.052935434319647104
7607,-0.027161087317542174,0.01590698870298641
7608,0.004698015907700376,0.019020466979674192
7609,0.07549602307490604,0.04789021408463321
7610,0.22535180491215803,0.10448844067396695
7611,0.03655711913294293,0.03254341132877454
7612,-0.0425006555371034,0.05118209071826808
7613,-0.027161087317542174,0.01590698870298641
7614,-0.0637400576872651,0.02257711911617959
7615,-0.03424088803426274,0.023505611781954136
7616,-0.062560090901145,0.05194929209132637
7617,0.015317716982781225,0.07179223866541208
7618,-0.0012018180229000962,0.021558514744455123
7619,0.00587798269382047,0.013959891665487395
7620,0.12505462809195,0.057736354654229154
7621,0.00587798269382047,0.013959891665487395
7622,0.07903592343326632,0.034823626709042814
7623,0.14157416309763132,0.07815794897475807
7624,0.05897648806922472,0.04524965231109314
7625,-0.054300323398304345,0.024950348763497478
7626,0.04363691984966349,0.02494478824980681
7627,0.0412769862774233,0.031679500236626086
7628,-0.02362118695918189,0.020818266115085225
7629,0.0412769862774233,0.031679500236626086
7630,-0.027161087317542174,0.01590698870298641
7631,-0.054300323398304345,0.024950348763497478
7632,-0.0637400576872651,0.02257711911617959
7633,0.002338082335460187,0.02702647904107779
7634,0.07667598986102614,0.05547348208442803
7635,0.011777816624420942,0.011421843900706467
7636,0.05897648806922472,0.04524965231109314
7637,0.04009701949130321,0.019476823953184143
7638,0.1439340966698715,0.10915617076431694
7639,0.012957783410541037,0.040794016875853246
7640,0.002338082335460187,0.02702647904107779
7641,-0.033060921248142645,0.018445036467767337
7642,0.03655711913294293,0.03254341132877454
7643,0.04009701949130321,0.019476823953184143
7644,-0.054300323398304345,0.024950348763497478
7645,0.011777816624420942,0.029399708688395677
7646,-2.185123678000175e-05,0.03376119102789707
7647,0.04009701949130321,0.019476823953184143
7648,-0.017721353028581417,0.018280218350304297
7649,0.015317716982781225,0.01633312131280528
7650,-0.08969932698190718,0.05303339247585811
7651,-0.08261952626518661,0.062402861946548475
7652,0.011777816624420942,0.029399708688395677
7653,-0.027161087317542174,0.01590698870298641
7654,0.08611572414998689,0.04646050576147323
7655,0.0837557905777467,0.020082902660819937
7656,-0.02362118695918189,0.020818266115085225
7657,-0.027161087317542174,0.03388485349067562
7658,-0.033060921248142645,0.018445036467767337
7659,-0.03424088803426274,0.023505611781954136
7660,-0.02362118695918189,0.020818266115085225
7661,-0.02362118695918189,0.020818266115085225
7662,-0.07671969233458614,0.05986481418176755
7663,-0.08969932698190718,0.05303339247585811
7664,-0.02598112053142208,0.045279161678133194
7665,-0.02598112053142208,0.045279161678133194
7666,0.00823791626606066,0.05553474092407613
7667,-0.02362118695918189,0.020818266115085225
7668,-0.027161087317542174,0.01590698870298641
7669,0.004698015907700376,0.019020466979674192
7670,0.0412769862774233,0.031679500236626086
7671,-0.027161087317542174,0.01590698870298641
7672,-0.05194038982606416,0.0667867258586394
7673,-0.027161087317542174,0.01590698870298641
7674,-0.1298181977099904,0.10451157379436778
7675,0.002338082335460187,0.02702647904107779
7676,-0.03424088803426274,0.023505611781954136
7677,-0.02598112053142208,0.045279161678133194
7678,-0.0637400576872651,0.02257711911617959
7679,0.04363691984966349,0.02494478824980681
7680,0.08965562450834717,0.05654908874700145
7681,0.03537715234682283,0.03421754800140702
7682,-0.0637400576872651,0.02257711911617959
7683,0.014137750196661131,0.0424200656902653
7684,-0.027161087317542174,0.03388485349067562
7685,0.002338082335460187,0.02702647904107779
7686,0.07667598986102614,0.05547348208442803
7687,0.00823791626606066,0.05553474092407613
7688,0.0412769862774233,0.031679500236626086
7689,-0.06020015732890482,0.027488396528278405
7690,0.011777816624420942,0.011421843900706467
7691,-0.0425006555371034,0.05118209071826808
7692,-0.04368062232322349,0.07772212044923536
7693,0.00587798269382047,0.013959891665487395
7694,-0.027161087317542174,0.03388485349067562
7695,-0.048400489467703874,0.05372013848304901
7696,0.12269469451970981,0.05915070789821623
7697,0.04363691984966349,0.02494478824980681
7698,0.015317716982781225,0.07179223866541208
7699,-0.048400489467703874,0.05372013848304901
7700,0.012957783410541037,0.040794016875853246
7701,-0.033060921248142645,0.018445036467767337
7702,0.053076654138624245,0.027318017897124697
7703,-2.185123678000175e-05,0.03376119102789707
7704,-0.06020015732890482,0.027488396528278405
7705,-0.01890131981470151,0.03768053859916547
7706,-0.03424088803426274,0.023505611781954136
7707,0.03655711913294293,0.03254341132877454
7708,-0.11211869591818897,0.06596311576007431
7709,-0.02362118695918189,0.020818266115085225
7710,0.012957783410541037,0.040794016875853246
7711,0.03537715234682283,0.03421754800140702
7712,-0.033060921248142645,0.018445036467767337
7713,-0.02362118695918189,0.020818266115085225
7714,0.051896687352504155,0.04822765670115532
7715,-0.10031902805698803,0.09219485771484492
7716,-0.02362118695918189,0.020818266115085225
7717,-0.017721353028581417,0.018280218350304297
7718,-0.027161087317542174,0.01590698870298641
7719,0.03537715234682283,0.03421754800140702
7720,0.00587798269382047,0.013959891665487395
7721,0.13449436238091075,0.08113595336482027
7722,-0.02362118695918189,0.020818266115085225
7723,0.011777816624420942,0.011421843900706467
7724,0.04009701949130321,0.019476823953184143
7725,-0.015361419456341228,0.049278440139863135
7726,0.00587798269382047,0.07618459629946135
7727,0.011777816624420942,0.011421843900706467
7728,0.011777816624420942,0.029399708688395677
7729,-0.08025959269294643,0.055406622123176
7730,0.12505462809195,0.057736354654229154
7731,-0.055480290184424436,0.044350669012358644
7732,0.12151472773358972,0.0515674398984214
7733,-0.054300323398304345,0.024950348763497478
7734,0.004698015907700376,0.019020466979674192
7735,-0.033060921248142645,0.018445036467767337
7736,-0.062560090901145,0.05194929209132637
7737,-0.046040555895463686,0.04672389865967653
7738,-0.027161087317542174,0.01590698870298641
7739,0.0424569530635434,0.04585442705383744
7740,-0.027161087317542174,0.01590698870298641
7741,0.04835678699414387,0.04793699797796205
7742,0.00587798269382047,0.013959891665487395
7743,-0.02362118695918189,0.020818266115085225
7744,0.004698015907700376,0.019020466979674192
7745,-0.033060921248142645,0.018445036467767337
7746,0.012957783410541037,0.040794016875853246
7747,0.053076654138624245,0.027318017897124697
7748,-0.05194038982606416,0.0667867258586394
7749,0.09201555808058737,0.04854307668559785
7750,-0.06020015732890482,0.027488396528278405
7751,-0.0637400576872651,0.02257711911617959
7752,-0.027161087317542174,0.01590698870298641
7753,0.08021589021938642,0.03314949003641033
7754,-0.0012018180229000962,0.021558514744455123
7755,0.011777816624420942,0.029399708688395677
7756,0.004698015907700376,0.019020466979674192
7757,0.03537715234682283,0.03421754800140702
7758,0.08729569093610698,0.025550866957442606
7759,-0.033060921248142645,0.018445036467767337
7760,0.017677650555021414,0.047331343102364115
7761,0.04009701949130321,0.019476823953184143
7762,-0.062560090901145,0.05194929209132637
7763,-0.07671969233458614,0.05986481418176755
7764,-0.033060921248142645,0.018445036467767337
7765,0.002338082335460187,0.02702647904107779
7766,-0.02598112053142208,0.045279161678133194
7767,-0.048400489467703874,0.05372013848304901
7768,0.04599685342190368,0.016938776188403212
7769,0.22181190455379773,0.12249782783544527
7770,0.004698015907700376,0.019020466979674192
7771,0.04363691984966349,0.02494478824980681
7772,-0.054300323398304345,0.024950348763497478
7773,0.11561489380298925,0.13631234862262454
7774,0.002338082335460187,0.02702647904107779
7775,-0.02362118695918189,0.020818266115085225
7776,-0.027161087317542174,0.03388485349067562
7777,-0.054300323398304345,0.024950348763497478
7778,0.05897648806922472,0.04524965231109314
7779,0.004698015907700376,0.019020466979674192
7780,0.04599685342190368,0.016938776188403212
7781,-0.02598112053142208,0.045279161678133194
7782,-0.02598112053142208,0.045279161678133194
7783,0.12741456166419018,0.06949907431238984
7784,0.12269469451970981,0.05915070789821623
7785,-0.03424088803426274,0.023505611781954136
7786,0.12033476094746963,0.07247707870245203
7787,-0.08261952626518661,0.062402861946548475
7788,-0.027161087317542174,0.01590698870298641
7789,0.011777816624420942,0.029399708688395677
7790,0.002338082335460187,0.02702647904107779
7791,0.04363691984966349,0.02494478824980681
7792,-2.185123678000175e-05,0.03376119102789707
7793,0.07903592343326632,0.034823626709042814
7794,-0.017721353028581417,0.018280218350304297
7795,-0.02362118695918189,0.020818266115085225
7796,0.03537715234682283,0.03421754800140702
7797,0.04363691984966349,0.02494478824980681
7798,0.08729569093610698,0.025550866957442606
7799,-0.02598112053142208,0.045279161678133194
7800,-0.027161087317542174,0.03388485349067562
7801,0.004698015907700376,0.019020466979674192
7802,-0.0637400576872651,0.02257711911617959
7803,0.08021589021938642,0.03314949003641033
7804,0.004698015907700376,0.019020466979674192
7805,0.07903592343326632,0.034823626709042814
7806,0.09319552486670746,0.10570720600538501
7807,0.06723625557206538,0.08454798164145413
7808,0.04599685342190368,0.016938776188403212
7809,-0.054300323398304345,0.024950348763497478
7810,-0.08025959269294643,0.055406622123176
7811,-0.03424088803426274,0.023505611781954136
7812,-0.033060921248142645,0.018445036467767337
7813,0.04717682020802377,0.011878200874216415
7814,-0.0012018180229000962,0.021558514744455123
7815,-0.02362118695918189,0.020818266115085225
7816,0.07903592343326632,0.034823626709042814
7817,0.05897648806922472,0.04524965231109314
7818,-0.027161087317542174,0.03388485349067562
7819,-0.027161087317542174,0.03388485349067562
7820,0.12151472773358972,0.0515674398984214
7821,0.038917052705183114,0.05232935561201131
7822,-0.0637400576872651,0.02257711911617959
7823,0.0424569530635434,0.04585442705383744
7824,-0.015361419456341228,0.049278440139863135
7825,-0.06845992483174548,0.0816383640779466
7826,0.015317716982781225,0.01633312131280528
7827,0.09319552486670746,0.04348250137141105
7828,-0.033060921248142645,0.018445036467767337
7829,-0.0637400576872651,0.02257711911617959
7830,-0.033060921248142645,0.018445036467767337
7831,-0.0012018180229000962,0.021558514744455123
7832,-0.0637400576872651,0.02257711911617959
7833,0.053076654138624245,0.027318017897124697
7834,-0.017721353028581417,0.018280218350304297
7835,0.13213442880867057,0.054758350264166956
7836,-0.0637400576872651,0.02257711911617959
7837,-0.033060921248142645,0.018445036467767337
7838,0.00823791626606066,0.05553474092407613
7839,0.011777816624420942,0.011421843900706467
7840,-0.046040555895463686,0.04672389865967653
7841,0.04009701949130321,0.019476823953184143
7842,-0.02362118695918189,0.020818266115085225
7843,-0.054300323398304345,0.024950348763497478
7844,-0.03424088803426274,0.023505611781954136
7845,-0.03424088803426274,0.023505611781954136
7846,-0.06020015732890482,0.027488396528278405
7847,0.04363691984966349,0.02494478824980681
7848,0.038917052705183114,0.05232935561201131
7849,-0.02362118695918189,0.020818266115085225
7850,-0.027161087317542174,0.01590698870298641
7851,0.051896687352504155,0.04822765670115532
7852,0.00587798269382047,0.013959891665487395
7853,-0.027161087317542174,0.01590698870298641
7854,-0.10857879555982869,0.07042130781866587
7855,-0.027161087317542174,0.01590698870298641
7856,-0.02598112053142208,0.045279161678133194
7857,-0.054300323398304345,0.024950348763497478
7858,-0.017721353028581417,0.018280218350304297
7859,-0.033060921248142645,0.018445036467767337
7860,0.00587798269382047,0.013959891665487395
7861,0.14039419631151123,0.08321852428894487
7862,0.04363691984966349,0.02494478824980681
7863,-0.0637400576872651,0.02257711911617959
7864,-0.02598112053142208,0.045279161678133194
7865,-0.08969932698190718,0.05303339247585811
7866,0.12269469451970981,0.05915070789821623
7867,-0.0012018180229000962,0.021558514744455123
7868,-0.03424088803426274,0.023505611781954136
7869,0.060156454855344814,0.10233481847811202
7870,-0.033060921248142645,0.018445036467767337
7871,0.06723625557206538,0.07370982633587106
7872,0.04717682020802377,0.011878200874216415
7873,-0.015361419456341228,0.049278440139863135
7874,0.07903592343326632,0.034823626709042814
7875,-0.0637400576872651,0.02257711911617959
7876,0.00587798269382047,0.013959891665487395
7877,0.051896687352504155,0.04822765670115532
7878,-0.030700987675902455,0.06001988572635607
7879,-0.03424088803426274,0.023505611781954136
7880,-0.048400489467703874,0.05372013848304901
7881,0.002338082335460187,0.02702647904107779
7882,-0.06020015732890482,0.027488396528278405
7883,0.03537715234682283,0.03421754800140702
7884,-2.185123678000175e-05,0.03376119102789707
7885,-2.185123678000175e-05,0.03376119102789707
7886,-0.027161087317542174,0.01590698870298641
7887,0.03537715234682283,0.03421754800140702
7888,-0.02362118695918189,0.020818266115085225
7889,-2.185123678000175e-05,0.03376119102789707
7890,0.18051306703959444,0.13878682275062623
7891,0.011777816624420942,0.029399708688395677
7892,0.05661655449698453,0.06971054787414109
7893,0.08021589021938642,0.03314949003641033
7894,-0.030700987675902455,0.06001988572635607
7895,0.08611572414998689,0.05108112445037876
7896,0.00587798269382047,0.013959891665487395
7897,0.023577484485621886,0.05563145064316628
7898,0.08611572414998689,0.05108112445037876
7899,0.07903592343326632,0.034823626709042814
7900,-0.0637400576872651,0.02257711911617959
7901,-0.027161087317542174,0.03388485349067562
7902,0.04009701949130321,0.019476823953184143
7903,-0.0637400576872651,0.02257711911617959
7904,-0.0012018180229000962,0.021558514744455123
7905,0.03655711913294293,0.03254341132877454
7906,0.12859452845031027,0.06782493763975737
7907,-0.055480290184424436,0.044350669012358644
7908,-0.033060921248142645,0.018445036467767337
7909,0.011777816624420942,0.029399708688395677
7910,0.17461323310899396,0.09275721818965126
7911,0.00587798269382047,0.013959891665487395
7912,-0.02598112053142208,0.045279161678133194
7913,-0.0637400576872651,0.02257711911617959
7914,-0.017721353028581417,0.018280218350304297
7915,0.04363691984966349,0.02494478824980681
7916,0.011777816624420942,0.011421843900706467
7917,-0.054300323398304345,0.024950348763497478
7918,0.04953675378026396,0.04287642266377525
7919,0.03655711913294293,0.03254341132877454
7920,0.04953675378026396,0.053453050132805144
7921,0.011777816624420942,0.029399708688395677
7922,-0.11211869591818897,0.06596311576007431
7923,-0.02598112053142208,0.045279161678133194
7924,-0.027161087317542174,0.03388485349067562
7925,0.011777816624420942,0.011421843900706467
7926,0.023577484485621886,0.04479329533758319
7927,0.011777816624420942,0.029399708688395677
7928,0.06605628878594529,0.09311014658473221
7929,-0.0637400576872651,0.02257711911617959
7930,-0.08025959269294643,0.055406622123176
7931,0.038917052705183114,0.05232935561201131
7932,0.04717682020802377,0.07410290550819036
7933,0.004698015907700376,0.019020466979674192
7934,-0.06020015732890482,0.027488396528278405
7935,-0.015361419456341228,0.06011659544544622
7936,-0.033060921248142645,0.018445036467767337
7937,-0.027161087317542174,0.01590698870298641
7938,0.004698015907700376,0.019020466979674192
7939,-0.048400489467703874,0.05372013848304901
7940,0.05543658771086443,0.04033837489899432
7941,-0.011821519097980945,0.047050008069855834
7942,-2.185123678000175e-05,0.03376119102789707
7943,-0.054300323398304345,0.024950348763497478
7944,0.00587798269382047,0.013959891665487395
7945,0.023577484485621886,0.04479329533758319
7946,0.002338082335460187,0.02702647904107779
7947,0.015317716982781225,0.07179223866541208
7948,0.04009701949130321,0.019476823953184143
7949,-0.055480290184424436,0.044350669012358644
7950,0.00587798269382047,0.013959891665487395
7951,-0.08025959269294643,0.055406622123176
7952,0.014137750196661131,0.0424200656902653
7953,-0.0012018180229000962,0.021558514744455123
7954,-0.02362118695918189,0.020818266115085225
7955,-2.185123678000175e-05,0.03376119102789707
7956,0.04717682020802377,0.011878200874216415
7957,-0.054300323398304345,0.024950348763497478
7958,-0.07671969233458614,0.05986481418176755
7959,0.0412769862774233,0.031679500236626086
7960,0.002338082335460187,0.02702647904107779
7961,0.00587798269382047,0.013959891665487395
7962,-0.04368062232322349,0.07772212044923536
7963,0.12505462809195,0.038500852522831
7964,0.015317716982781225,0.01633312131280528
7965,-0.02598112053142208,0.045279161678133194
7966,-0.08969932698190718,0.05303339247585811
7967,0.1262345948780701,0.036826715850198526
7968,0.04953675378026396,0.04287642266377525
7969,0.0837557905777467,0.020082902660819937
7970,-0.015361419456341228,0.049278440139863135
7971,-0.07671969233458614,0.05986481418176755
7972,-0.08851936019578709,0.03363307222699694
7973,-0.0637400576872651,0.02257711911617959
7974,0.053076654138624245,0.027318017897124697
7975,-0.054300323398304345,0.024950348763497478
7976,0.07903592343326632,0.034823626709042814
7977,-0.11211869591818897,0.06596311576007431
7978,0.12505462809195,0.057736354654229154
7979,0.00587798269382047,0.013959891665487395
7980,-0.0637400576872651,0.02257711911617959
7981,0.011777816624420942,0.011421843900706467
7982,0.011777816624420942,0.011421843900706467
7983,-0.08851936019578709,0.03363307222699694
7984,-0.06020015732890482,0.027488396528278405
7985,0.00587798269382047,0.013959891665487395
7986,-0.02362118695918189,0.020818266115085225
7987,-0.027161087317542174,0.01590698870298641
7988,-0.10857879555982869,0.07042130781866587
7989,-0.0637400576872651,0.02257711911617959
7990,0.04953675378026396,0.04287642266377525
7991,0.004698015907700376,0.019020466979674192
7992,-0.02598112053142208,0.045279161678133194
7993,0.04363691984966349,0.02494478824980681
7994,-0.08025959269294643,0.055406622123176
7995,0.00587798269382047,0.013959891665487395
7996,0.0412769862774233,0.031679500236626086
7997,0.04363691984966349,0.02494478824980681
7998,-0.03424088803426274,0.023505611781954136
7999,-0.02362118695918189,0.020818266115085225
8000,-0.08851936019578709,0.03363307222699694
8001,0.023577484485621886,0.1042706481235003
8002,-0.027161087317542174,0.03388485349067562
8003,-0.03424088803426274,0.023505611781954136
8004,0.0412769862774233,0.031679500236626086
8005,-0.08851936019578709,0.03363307222699694
8006,0.03537715234682283,0.03421754800140702
8007,0.011777816624420942,0.011421843900706467
8008,-0.08851936019578709,0.03363307222699694
8009,-0.027161087317542174,0.01590698870298641
8010,-0.08025959269294643,0.055406622123176
8011,0.12505462809195,0.057736354654229154
8012,-2.185123678000175e-05,0.03376119102789707
8013,0.051896687352504155,0.04822765670115532
8014,0.04363691984966349,0.02494478824980681
8015,0.12859452845031027,0.06782493763975737
8016,-0.055480290184424436,0.044350669012358644
8017,0.017677650555021414,0.047331343102364115
8018,-0.04368062232322349,0.07772212044923536
8019,-0.0637400576872651,0.02257711911617959
8020,0.03655711913294293,0.03254341132877454
8021,-0.02362118695918189,0.020818266115085225
8022,0.05543658771086443,0.058316239686683535
8023,-0.054300323398304345,0.024950348763497478
8024,-0.02598112053142208,0.045279161678133194
8025,-0.03424088803426274,0.023505611781954136
8026,0.0849357573638668,0.032285578944261886
8027,0.03655711913294293,0.03254341132877454
8028,-0.030700987675902455,0.06001988572635607
8029,-0.027161087317542174,0.01590698870298641
8030,0.08021589021938642,0.03314949003641033
8031,-0.03424088803426274,0.023505611781954136
8032,-2.185123678000175e-05,0.03376119102789707
8033,-0.08025959269294643,0.055406622123176
8034,-0.048400489467703874,0.05372013848304901
8035,-0.01890131981470151,0.03768053859916547
8036,0.038917052705183114,0.05232935561201131
8037,-0.027161087317542174,0.01590698870298641
8038,0.017677650555021414,0.047331343102364115
8039,0.004698015907700376,0.019020466979674192
8040,-0.055480290184424436,0.044350669012358644
8041,0.04009701949130321,0.019476823953184143
8042,0.03655711913294293,0.03254341132877454
8043,0.07903592343326632,0.034823626709042814
8044,-0.015361419456341228,0.049278440139863135
8045,-0.06020015732890482,0.027488396528278405
8046,0.022397517699501792,0.07654108944719691
8047,-0.027161087317542174,0.01590698870298641
8048,-0.08969932698190718,0.05303339247585811
8049,-2.185123678000175e-05,0.03376119102789707
8050,-0.03424088803426274,0.023505611781954136
8051,0.011777816624420942,0.029399708688395677
8052,-0.06020015732890482,0.027488396528278405
8053,0.1710733327506337,0.06644201275733494
8054,-0.027161087317542174,0.01590698870298641
8055,0.07549602307490604,0.04789021408463321
8056,0.12269469451970981,0.05915070789821623
8057,-0.027161087317542174,0.03388485349067562
8058,0.04009701949130321,0.019476823953184143
8059,0.011777816624420942,0.011421843900706467
8060,-0.0012018180229000962,0.021558514744455123
8061,0.004698015907700376,0.019020466979674192
8062,-0.07671969233458614,0.05986481418176755
8063,0.07903592343326632,0.034823626709042814
8064,-0.10857879555982869,0.07042130781866587
8065,0.04009701949130321,0.019476823953184143
8066,0.002338082335460187,0.02702647904107779
8067,-2.185123678000175e-05,0.03376119102789707
8068,-0.033060921248142645,0.018445036467767337
8069,-0.015361419456341228,0.049278440139863135
8070,-0.016541386242461324,0.0686787603887243
8071,0.04363691984966349,0.02494478824980681
8072,0.004698015907700376,0.019020466979674192
8073,0.011777816624420942,0.029399708688395677
8074,-0.08025959269294643,0.055406622123176
8075,-0.033060921248142645,0.018445036467767337
8076,-0.0637400576872651,0.02257711911617959
8077,0.09909535879730792,0.05892231839431933
8078,0.004698015907700376,0.019020466979674192
8079,0.017677650555021414,0.047331343102364115
8080,0.09319552486670746,0.04348250137141105
8081,-0.027161087317542174,0.01590698870298641
8082,-0.06020015732890482,0.027488396528278405
8083,0.00587798269382047,0.07618459629946135
8084,0.08611572414998689,0.05108112445037876
8085,0.04717682020802377,0.07410290550819036
8086,0.004698015907700376,0.019020466979674192
8087,-0.08851936019578709,0.03363307222699694
8088,0.051896687352504155,0.04822765670115532
8089,-0.08851936019578709,0.03363307222699694
8090,0.09555545843894764,0.04883373540879112
8091,-0.009461585525740756,0.07804822985941466
8092,0.017677650555021414,0.047331343102364115
8093,0.08729569093610698,0.07419006443777662
8094,0.04009701949130321,0.019476823953184143
8095,-0.0637400576872651,0.02257711911617959
8096,-0.08025959269294643,0.055406622123176
8097,0.014137750196661131,0.0424200656902653
8098,0.0849357573638668,0.032285578944261886
8099,0.004698015907700376,0.019020466979674192
8100,0.014137750196661131,0.0424200656902653
8101,-0.02362118695918189,0.020818266115085225
8102,0.04009701949130321,0.019476823953184143
8103,-0.06020015732890482,0.027488396528278405
8104,-0.08261952626518661,0.062402861946548475
8105,0.004698015907700376,0.019020466979674192
8106,-0.011821519097980945,0.047050008069855834
8107,-0.08969932698190718,0.05303339247585811
8108,-2.185123678000175e-05,0.03376119102789707
8109,-0.08851936019578709,0.03363307222699694
8110,0.12741456166419018,0.06949907431238984
8111,-0.08025959269294643,0.055406622123176
8112,0.04599685342190368,0.016938776188403212
8113,-0.01890131981470151,0.03768053859916547
8114,0.04363691984966349,0.02494478824980681
8115,0.04009701949130321,0.019476823953184143
8116,-0.033060921248142645,0.018445036467767337
8117,0.051896687352504155,0.08445127192236399
8118,-0.02362118695918189,0.020818266115085225
8119,0.00587798269382047,0.013959891665487395
8120,0.05897648806922472,0.04524965231109314
8121,0.04717682020802377,0.011878200874216415
8122,-2.185123678000175e-05,0.03376119102789707
8123,-0.054300323398304345,0.024950348763497478
8124,0.011777816624420942,0.011421843900706467
8125,0.014137750196661131,0.0424200656902653
8126,0.012957783410541037,0.040794016875853246
8127,0.04009701949130321,0.019476823953184143
8128,0.10145529236954812,0.07194267539618895
8129,-0.027161087317542174,0.03388485349067562
8130,-0.08851936019578709,0.03363307222699694
8131,0.014137750196661131,0.0424200656902653
8132,-0.03424088803426274,0.023505611781954136
8133,0.051896687352504155,0.04822765670115532
8134,-0.03424088803426274,0.023505611781954136
8135,-0.027161087317542174,0.01590698870298641
8136,0.12505462809195,0.038500852522831
8137,-0.015361419456341228,0.06011659544544622
8138,0.011777816624420942,0.011421843900706467
8139,-0.10857879555982869,0.07042130781866587
8140,0.04009701949130321,0.019476823953184143
8141,-0.07671969233458614,0.05986481418176755
8142,-0.011821519097980945,0.047050008069855834
8143,0.038917052705183114,0.05232935561201131
8144,-0.06020015732890482,0.027488396528278405
8145,-0.06020015732890482,0.027488396528278405
8146,-0.027161087317542174,0.01590698870298641
8147,-0.06020015732890482,0.027488396528278405
8148,0.04599685342190368,0.016938776188403212
8149,-0.055480290184424436,0.044350669012358644
8150,0.08729569093610698,0.06328380073382071
8151,-0.062560090901145,0.05194929209132637
8152,0.03537715234682283,0.03421754800140702
8153,-0.08851936019578709,0.03363307222699694
8154,0.04363691984966349,0.02494478824980681
8155,0.00587798269382047,0.013959891665487395
8156,0.1262345948780701,0.08546591333053254
8157,0.00587798269382047,0.013959891665487395
8158,0.04363691984966349,0.02494478824980681
8159,0.1049951927279084,0.07685395280828776
8160,-0.027161087317542174,0.01590698870298641
8161,-0.054300323398304345,0.024950348763497478
8162,-0.06020015732890482,0.027488396528278405
8163,-0.054300323398304345,0.024950348763497478
8164,-0.0012018180229000962,0.021558514744455123
8165,-0.08969932698190718,0.05303339247585811
8166,-0.0012018180229000962,0.021558514744455123
8167,0.03655711913294293,0.03254341132877454
8168,0.03537715234682283,0.03421754800140702
8169,-0.054300323398304345,0.024950348763497478
8170,-0.0637400576872651,0.02257711911617959
8171,0.004698015907700376,0.019020466979674192
8172,0.0424569530635434,0.04585442705383744
8173,0.002338082335460187,0.02702647904107779
8174,0.09909535879730792,0.05892231839431933
8175,-0.055480290184424436,0.044350669012358644
8176,-0.08025959269294643,0.055406622123176
8177,-0.048400489467703874,0.05372013848304901
8178,0.0412769862774233,0.031679500236626086
8179,0.002338082335460187,0.02702647904107779
8180,0.0412769862774233,0.031679500236626086
8181,-0.08851936019578709,0.03363307222699694
8182,0.04953675378026396,0.04287642266377525
8183,-0.0637400576872651,0.02257711911617959
8184,0.00587798269382047,0.013959891665487395
8185,-0.08025959269294643,0.055406622123176
8186,-0.08851936019578709,0.03363307222699694
8187,-0.02598112053142208,0.045279161678133194
8188,-0.08025959269294643,0.055406622123176
8189,-0.0012018180229000962,0.021558514744455123
8190,-0.016541386242461324,0.0686787603887243
8191,0.004698015907700376,0.019020466979674192
8192,0.13567432916703084,0.06022631456078964
8193,-2.185123678000175e-05,0.03376119102789707
8194,-0.054300323398304345,0.024950348763497478
8195,-0.015361419456341228,0.049278440139863135
8196,-0.02362118695918189,0.020818266115085225
8197,-0.017721353028581417,0.018280218350304297
8198,-0.048400489467703874,0.05372013848304901
8199,-0.048400489467703874,0.05372013848304901
8200,0.053076654138624245,0.027318017897124697
8201,-0.027161087317542174,0.01590698870298641
8202,0.04599685342190368,0.016938776188403212
8203,0.017677650555021414,0.047331343102364115
8204,0.08021589021938642,0.03314949003641033
8205,-0.055480290184424436,0.044350669012358644
8206,0.09201555808058737,0.04854307668559785
8207,0.017677650555021414,0.047331343102364115
8208,0.025937418057862077,0.08662967243272511
8209,-0.0012018180229000962,0.021558514744455123
8210,0.004698015907700376,0.019020466979674192
8211,-0.0012018180229000962,0.021558514744455123
8212,0.08021589021938642,0.03314949003641033
8213,0.004698015907700376,0.019020466979674192
8214,0.08021589021938642,0.03314949003641033
8215,0.03537715234682283,0.03421754800140702
8216,0.04009701949130321,0.019476823953184143
8217,0.07549602307490604,0.04789021408463321
8218,0.00587798269382047,0.013959891665487395
8219,0.011777816624420942,0.011421843900706467
8220,-0.011821519097980945,0.047050008069855834
8221,-0.027161087317542174,0.01590698870298641
8222,0.011777816624420942,0.029399708688395677
8223,-0.046040555895463686,0.04672389865967653
8224,-0.08851936019578709,0.03363307222699694
8225,-0.08851936019578709,0.03363307222699694
8226,0.13331439559479066,0.07786729025156482
8227,0.04363691984966349,0.02494478824980681
8228,0.04009701949130321,0.019476823953184143
8229,0.04599685342190368,0.016938776188403212
8230,0.00587798269382047,0.013959891665487395
8231,-2.185123678000175e-05,0.03376119102789707
8232,0.03655711913294293,0.03254341132877454
8233,0.004698015907700376,0.019020466979674192
8234,0.004698015907700376,0.019020466979674192
8235,0.0412769862774233,0.031679500236626086
8236,0.09555545843894764,0.08505735062999976
8237,-0.017721353028581417,0.018280218350304297
8238,-0.0012018180229000962,0.021558514744455123
8239,-0.08851936019578709,0.03363307222699694
8240,0.00823791626606066,0.05553474092407613
8241,-0.0012018180229000962,0.021558514744455123
8242,0.015317716982781225,0.01633312131280528
8243,-0.033060921248142645,0.018445036467767337
8244,0.038917052705183114,0.05232935561201131
8245,-0.033060921248142645,0.018445036467767337
8246,0.02711738484398217,0.12619005916556206
8247,0.002338082335460187,0.02702647904107779
8248,-0.027161087317542174,0.03388485349067562
8249,-0.054300323398304345,0.024950348763497478
8250,0.13685429595315096,0.11675479384328466
8251,0.015317716982781225,0.01633312131280528
8252,-2.185123678000175e-05,0.03376119102789707
8253,0.05543658771086443,0.058316239686683535
8254,-0.0637400576872651,0.02257711911617959
8255,0.07667598986102614,0.05547348208442803
8256,-0.0012018180229000962,0.021558514744455123
8257,-0.06845992483174548,0.0816383640779466
8258,-0.016541386242461324,0.0686787603887243
8259,-0.054300323398304345,0.024950348763497478
8260,-0.07671969233458614,0.05986481418176755
8261,-0.08025959269294643,0.055406622123176
8262,-0.055480290184424436,0.044350669012358644
8263,-0.01890131981470151,0.03768053859916547
8264,-0.02598112053142208,0.045279161678133194
8265,0.04717682020802377,0.011878200874216415
8266,-0.11211869591818897,0.06596311576007431
8267,0.022397517699501792,0.07654108944719691
8268,0.08965562450834717,0.05654908874700145
8269,0.12151472773358972,0.0515674398984214
8270,-0.054300323398304345,0.024950348763497478
8271,0.11915479416134954,0.07221729527380662
8272,-0.06845992483174548,0.0816383640779466
8273,0.017677650555021414,0.047331343102364115
8274,-0.02598112053142208,0.045279161678133194
8275,0.011777816624420942,0.029399708688395677
8276,0.011777816624420942,0.011421843900706467
8277,-0.03424088803426274,0.023505611781954136
8278,0.00587798269382047,0.013959891665487395
8279,0.015317716982781225,0.07179223866541208
8280,-0.0637400576872651,0.02257711911617959
8281,-0.03424088803426274,0.023505611781954136
8282,-0.003561751595140285,0.07551018209463374
8283,0.13331439559479066,0.0669610265476089
8284,0.017677650555021414,0.047331343102364115
8285,0.002338082335460187,0.02702647904107779
8286,0.04717682020802377,0.011878200874216415
8287,-0.016541386242461324,0.0686787603887243
8288,-0.062560090901145,0.05194929209132637
8289,-0.06020015732890482,0.027488396528278405
8290,0.002338082335460187,0.02702647904107779
8291,-0.02598112053142208,0.045279161678133194
8292,-0.054300323398304345,0.024950348763497478
8293,0.004698015907700376,0.019020466979674192
8294,-0.062560090901145,0.05194929209132637
8295,0.029477318416222358,0.07356308505713473
8296,0.00823791626606066,0.05553474092407613
8297,0.00587798269382047,0.013959891665487395
8298,0.07903592343326632,0.034823626709042814
8299,0.012957783410541037,0.040794016875853246
8300,-0.03424088803426274,0.023505611781954136
8301,-0.0012018180229000962,0.021558514744455123
8302,-0.027161087317542174,0.01590698870298641
8303,0.0825758237916266,0.07888843587419198
8304,0.04363691984966349,0.02494478824980681
8305,-0.06020015732890482,0.027488396528278405
8306,0.08729569093610698,0.025550866957442606
8307,0.015317716982781225,0.07179223866541208
8308,-0.027161087317542174,0.03388485349067562
8309,0.011777816624420942,0.011421843900706467
8310,-0.06020015732890482,0.027488396528278405
8311,-0.027161087317542174,0.03388485349067562
8312,0.00587798269382047,0.013959891665487395
8313,-0.0637400576872651,0.02257711911617959
8314,0.04009701949130321,0.019476823953184143
8315,-0.08261952626518661,0.062402861946548475
8316,0.002338082335460187,0.02702647904107779
8317,0.00823791626606066,0.05553474092407613
8318,0.04717682020802377,0.011878200874216415
8319,-0.04368062232322349,0.07772212044923536
8320,0.012957783410541037,0.040794016875853246
8321,-0.054300323398304345,0.024950348763497478
8322,-0.08969932698190718,0.05303339247585811
8323,0.011777816624420942,0.029399708688395677
8324,0.002338082335460187,0.02702647904107779
8325,-0.04368062232322349,0.07772212044923536
8326,0.12859452845031027,0.08256566168798017
8327,-0.06020015732890482,0.027488396528278405
8328,-0.08025959269294643,0.055406622123176
8329,0.12269469451970981,0.05915070789821623
8330,-0.02598112053142208,0.045279161678133194
8331,-0.02362118695918189,0.020818266115085225
8332,0.04009701949130321,0.019476823953184143
8333,-0.054300323398304345,0.024950348763497478
8334,-0.08025959269294643,0.055406622123176
8335,0.10145529236954812,0.07194267539618895
8336,-0.027161087317542174,0.03388485349067562
8337,-0.017721353028581417,0.018280218350304297
8338,0.03655711913294293,0.03254341132877454
8339,0.04009701949130321,0.019476823953184143
8340,-0.016541386242461324,0.0686787603887243
8341,-0.02362118695918189,0.020818266115085225
8342,0.04363691984966349,0.02494478824980681
8343,-0.02362118695918189,0.020818266115085225
8344,0.03655711913294293,0.03254341132877454
8345,-0.027161087317542174,0.01590698870298641
8346,0.011777816624420942,0.011421843900706467
8347,0.011777816624420942,0.029399708688395677
8348,-0.015361419456341228,0.06011659544544622
8349,-0.0012018180229000962,0.021558514744455123
8350,-0.015361419456341228,0.049278440139863135
8351,0.004698015907700376,0.019020466979674192
8352,-2.185123678000175e-05,0.03376119102789707
8353,0.0412769862774233,0.031679500236626086
8354,0.002338082335460187,0.02702647904107779
8355,-0.03424088803426274,0.023505611781954136
8356,0.10027532558342803,0.14705379420911746
8357,-0.011821519097980945,0.047050008069855834
8358,-2.185123678000175e-05,0.03376119102789707
8359,-0.02362118695918189,0.020818266115085225
8360,0.00587798269382047,0.013959891665487395
8361,-0.027161087317542174,0.03388485349067562
8362,0.12505462809195,0.038500852522831
8363,-0.046040555895463686,0.04672389865967653
8364,-0.06020015732890482,0.027488396528278405
8365,-0.027161087317542174,0.01590698870298641
8366,0.011777816624420942,0.029399708688395677
8367,0.011777816624420942,0.011421843900706467
8368,-0.0012018180229000962,0.021558514744455123
8369,0.004698015907700376,0.019020466979674192
8370,-0.0425006555371034,0.05118209071826808
8371,0.22535180491215803,0.10448844067396695
8372,0.00587798269382047,0.013959891665487395
8373,-0.027161087317542174,0.01590698870298641
8374,0.00823791626606066,0.05553474092407613
8375,0.04599685342190368,0.016938776188403212
8376,0.12151472773358972,0.0515674398984214
8377,0.0837557905777467,0.020082902660819937
8378,-0.027161087317542174,0.03388485349067562
8379,-0.054300323398304345,0.024950348763497478
8380,-0.055480290184424436,0.044350669012358644
8381,-0.02598112053142208,0.045279161678133194
8382,0.012957783410541037,0.040794016875853246
8383,-2.185123678000175e-05,0.03376119102789707
8384,0.0424569530635434,0.04585442705383744
8385,0.04953675378026396,0.053453050132805144
8386,-0.027161087317542174,0.01590698870298641
8387,-0.0637400576872651,0.02257711911617959
8388,-0.02598112053142208,0.045279161678133194
8389,0.015317716982781225,0.07179223866541208
8390,-0.033060921248142645,0.018445036467767337
8391,-0.08851936019578709,0.03363307222699694
8392,0.0837557905777467,0.020082902660819937
8393,-0.027161087317542174,0.01590698870298641
8394,0.08611572414998689,0.05108112445037876
8395,-0.03188095446202255,0.10395386240400596
8396,-0.0637400576872651,0.02257711911617959
8397,0.05661655449698453,0.06971054787414109
8398,0.0412769862774233,0.031679500236626086
8399,-0.08851936019578709,0.03363307222699694
8400,-0.062560090901145,0.05194929209132637
8401,0.04953675378026396,0.04287642266377525
8402,-0.0012018180229000962,0.021558514744455123
8403,0.06605628878594529,0.10545762044548478
8404,-0.027161087317542174,0.01590698870298641
8405,0.0849357573638668,0.032285578944261886
8406,0.00587798269382047,0.013959891665487395
8407,-0.055480290184424436,0.044350669012358644
8408,0.04009701949130321,0.019476823953184143
8409,-0.027161087317542174,0.03388485349067562
8410,-0.033060921248142645,0.018445036467767337
8411,-0.06020015732890482,0.027488396528278405
8412,0.09201555808058737,0.04854307668559785
8413,-0.03424088803426274,0.023505611781954136
8414,-0.027161087317542174,0.03388485349067562
8415,0.004698015907700376,0.019020466979674192
8416,0.0412769862774233,0.031679500236626086
8417,-0.011821519097980945,0.047050008069855834
8418,0.04835678699414387,0.04793699797796205
8419,-0.046040555895463686,0.04672389865967653
8420,-0.02362118695918189,0.020818266115085225
8421,0.09201555808058737,0.04854307668559785
8422,0.03655711913294293,0.03254341132877454
8423,0.04009701949130321,0.019476823953184143
8424,-0.033060921248142645,0.018445036467767337
8425,-0.05194038982606416,0.0667867258586394
8426,0.002338082335460187,0.02702647904107779
8427,0.08965562450834717,0.05654908874700145
8428,-0.02598112053142208,0.045279161678133194
8429,0.09555545843894764,0.04883373540879112
8430,-0.04368062232322349,0.07772212044923536
8431,-0.08969932698190718,0.05303339247585811
8432,0.04953675378026396,0.053453050132805144
8433,0.023577484485621886,0.1042706481235003
8434,0.09673542522506774,0.11053952026471554
8435,-0.007101651953500568,0.07105199003604219
8436,-0.08851936019578709,0.03363307222699694
8437,-0.03424088803426274,0.023505611781954136
8438,-0.016541386242461324,0.0686787603887243
8439,-0.06020015732890482,0.027488396528278405
8440,-0.0637400576872651,0.02257711911617959
8441,0.002338082335460187,0.02702647904107779
8442,-0.027161087317542174,0.01590698870298641
8443,-0.003561751595140285,0.07551018209463374
8444,-2.185123678000175e-05,0.03376119102789707
8445,-0.07671969233458614,0.05986481418176755
8446,-0.033060921248142645,0.018445036467767337
8447,0.015317716982781225,0.01633312131280528
8448,-0.016541386242461324,0.0686787603887243
8449,0.051896687352504155,0.04822765670115532
8450,-0.03424088803426274,0.023505611781954136
8451,-0.0012018180229000962,0.021558514744455123
8452,0.011777816624420942,0.029399708688395677
8453,-0.054300323398304345,0.024950348763497478
8454,0.010597849838300848,0.050309347492426305
8455,-0.054300323398304345,0.024950348763497478
8456,-0.017721353028581417,0.018280218350304297
8457,0.09791539201118783,0.07983195719834996
8458,0.00587798269382047,0.013959891665487395
8459,0.011777816624420942,0.011421843900706467
8460,-0.015361419456341228,0.049278440139863135
8461,-0.033060921248142645,0.018445036467767337
8462,0.13213442880867057,0.05013773157526143
8463,-0.02362118695918189,0.020818266115085225
8464,-0.027161087317542174,0.01590698870298641
8465,0.004698015907700376,0.019020466979674192
8466,0.004698015907700376,0.019020466979674192
8467,0.12859452845031027,0.06782493763975737
8468,0.04363691984966349,0.02494478824980681
8469,-0.055480290184424436,0.044350669012358644
8470,0.04009701949130321,0.019476823953184143
8471,-0.046040555895463686,0.04672389865967653
8472,0.13449436238091075,0.08113595336482027
8473,0.00823791626606066,0.05553474092407613
8474,0.011777816624420942,0.011421843900706467
8475,-0.08025959269294643,0.055406622123176
8476,0.014137750196661131,0.0424200656902653
8477,-0.08969932698190718,0.05303339247585811
8478,-0.03424088803426274,0.023505611781954136
8479,-0.016541386242461324,0.0686787603887243
8480,-0.08261952626518661,0.062402861946548475
8481,-0.03424088803426274,0.023505611781954136
8482,0.004698015907700376,0.019020466979674192
8483,0.015317716982781225,0.01633312131280528
8484,-0.08025959269294643,0.055406622123176
8485,-0.08969932698190718,0.05303339247585811
8486,-0.08969932698190718,0.05303339247585811
8487,-0.0012018180229000962,0.021558514744455123
8488,-0.027161087317542174,0.01590698870298641
8489,-0.048400489467703874,0.05372013848304901
8490,-0.030700987675902455,0.06001988572635607
8491,0.05543658771086443,0.04033837489899432
8492,-0.0012018180229000962,0.021558514744455123
8493,0.004698015907700376,0.019020466979674192
8494,-0.055480290184424436,0.044350669012358644
8495,-0.030700987675902455,0.06001988572635607
8496,-0.06020015732890482,0.027488396528278405
8497,-0.11211869591818897,0.06596311576007431
8498,0.08611572414998689,0.05108112445037876
8499,0.017677650555021414,0.047331343102364115
8500,-0.02362118695918189,0.020818266115085225
8501,0.13213442880867057,0.054758350264166956
8502,0.04717682020802377,0.011878200874216415
8503,-0.046040555895463686,0.04672389865967653
8504,0.011777816624420942,0.029399708688395677
8505,-0.0012018180229000962,0.021558514744455123
8506,-0.062560090901145,0.05194929209132637
8507,0.038917052705183114,0.05232935561201131
8508,-0.015361419456341228,0.06011659544544622
8509,0.10735512630014858,0.10785217459784664
8510,-0.033060921248142645,0.018445036467767337
8511,-0.009461585525740756,0.07804822985941466
8512,0.002338082335460187,0.02702647904107779
8513,0.004698015907700376,0.019020466979674192
8514,-0.054300323398304345,0.024950348763497478
8515,-0.01890131981470151,0.03768053859916547
8516,-0.01890131981470151,0.03768053859916547
8517,0.011777816624420942,0.029399708688395677
8518,-0.03424088803426274,0.023505611781954136
8519,-0.046040555895463686,0.04672389865967653
8520,0.12505462809195,0.038500852522831
8521,-0.0012018180229000962,0.021558514744455123
8522,-0.062560090901145,0.05194929209132637
8523,0.10263525915566821,0.10131484837133574
8524,-0.08969932698190718,0.05303339247585811
8525,0.023577484485621886,0.04479329533758319
8526,0.053076654138624245,0.027318017897124697
8527,-0.02598112053142208,0.045279161678133194
8528,-0.033060921248142645,0.018445036467767337
8529,-0.027161087317542174,0.03388485349067562
8530,-0.06020015732890482,0.027488396528278405
8531,-0.02362118695918189,0.020818266115085225
8532,-0.054300323398304345,0.024950348763497478
8533,0.08965562450834717,0.05654908874700145
8534,-0.03424088803426274,0.023505611781954136
8535,-0.027161087317542174,0.01590698870298641
8536,0.0837557905777467,0.020082902660819937
8537,0.00587798269382047,0.013959891665487395
8538,0.03537715234682283,0.03421754800140702
8539,-0.07671969233458614,0.05986481418176755
8540,-0.048400489467703874,0.05372013848304901
8541,-0.01890131981470151,0.03768053859916547
8542,-0.017721353028581417,0.018280218350304297
8543,0.07903592343326632,0.034823626709042814
8544,0.00823791626606066,0.05553474092407613
8545,-0.08969932698190718,0.05303339247585811
8546,-0.027161087317542174,0.01590698870298641
8547,-0.055480290184424436,0.044350669012358644
8548,-0.08851936019578709,0.03363307222699694
8549,0.011777816624420942,0.029399708688395677
8550,-0.06020015732890482,0.027488396528278405
8551,0.07667598986102614,0.05547348208442803
8552,-0.03424088803426274,0.023505611781954136
8553,0.028297351630102264,0.10678973891670088
8554,0.13331439559479066,0.07786729025156482
8555,0.00587798269382047,0.013959891665487395
8556,0.004698015907700376,0.019020466979674192
8557,-0.01890131981470151,0.03768053859916547
8558,-0.054300323398304345,0.024950348763497478
8559,0.04363691984966349,0.02494478824980681
8560,-0.033060921248142645,0.018445036467767337
8561,0.00587798269382047,0.013959891665487395
8562,0.05543658771086443,0.058316239686683535
8563,-0.027161087317542174,0.01590698870298641
8564,-0.054300323398304345,0.024950348763497478
8565,0.00587798269382047,0.013959891665487395
8566,0.04363691984966349,0.02494478824980681
8567,-0.07671969233458614,0.05986481418176755
8568,-0.048400489467703874,0.05372013848304901
8569,-0.10857879555982869,0.07042130781866587
8570,-0.02362118695918189,0.020818266115085225
8571,-0.033060921248142645,0.018445036467767337
8572,-0.08969932698190718,0.05303339247585811
8573,-0.055480290184424436,0.044350669012358644
8574,0.038917052705183114,0.05232935561201131
8575,0.04363691984966349,0.02494478824980681
8576,-0.0012018180229000962,0.021558514744455123
8577,-0.10031902805698803,0.09219485771484492
8578,0.015317716982781225,0.01633312131280528
8579,-0.0012018180229000962,0.021558514744455123
8580,0.022397517699501792,0.06419361558644436
8581,-0.030700987675902455,0.06001988572635607
8582,-0.027161087317542174,0.01590698870298641
8583,0.011777816624420942,0.029399708688395677
8584,-0.08969932698190718,0.05303339247585811
8585,-0.009461585525740756,0.07804822985941466
8586,-0.02362118695918189,0.020818266115085225
8587,-0.10857879555982869,0.07042130781866587
8588,0.004698015907700376,0.019020466979674192
8589,0.08965562450834717,0.05654908874700145
8590,-0.054300323398304345,0.024950348763497478
8591,-0.033060921248142645,0.018445036467767337
8592,-0.08969932698190718,0.05303339247585811
8593,0.011777816624420942,0.011421843900706467
8594,0.012957783410541037,0.040794016875853246
8595,-0.06020015732890482,0.027488396528278405
8596,-2.185123678000175e-05,0.03376119102789707
8597,-2.185123678000175e-05,0.03376119102789707
8598,-0.02598112053142208,0.045279161678133194
8599,0.015317716982781225,0.01633312131280528
8600,-0.05194038982606416,0.0667867258586394
8601,0.03537715234682283,0.03421754800140702
8602,0.04599685342190368,0.016938776188403212
8603,0.011777816624420942,0.029399708688395677
8604,0.015317716982781225,0.07179223866541208
8605,-0.054300323398304345,0.024950348763497478
8606,-0.06020015732890482,0.027488396528278405
8607,0.03655711913294293,0.03254341132877454
8608,-0.027161087317542174,0.01590698870298641
8609,0.0849357573638668,0.032285578944261886
8610,0.004698015907700376,0.019020466979674192
8611,0.08965562450834717,0.05654908874700145
8612,0.0412769862774233,0.031679500236626086
8613,0.004698015907700376,0.019020466979674192
8614,-0.062560090901145,0.05194929209132637
8615,-0.08025959269294643,0.055406622123176
8616,0.004698015907700376,0.019020466979674192
8617,0.0424569530635434,0.04585442705383744
8618,-0.027161087317542174,0.01590698870298641
8619,0.00587798269382047,0.013959891665487395
8620,-0.04368062232322349,0.07772212044923536
8621,0.04953675378026396,0.04287642266377525
8622,0.09791539201118783,0.07983195719834996
8623,0.023577484485621886,0.04479329533758319
8624,0.004698015907700376,0.019020466979674192
8625,-0.027161087317542174,0.03388485349067562
8626,-0.07671969233458614,0.05986481418176755
8627,0.1427541298837514,0.11421674607850374
8628,0.012957783410541037,0.040794016875853246
8629,-0.0637400576872651,0.02257711911617959
8630,0.08611572414998689,0.05108112445037876
8631,-0.0637400576872651,0.02257711911617959
8632,0.002338082335460187,0.02702647904107779
8633,0.00587798269382047,0.013959891665487395
8634,0.002338082335460187,0.02702647904107779
8635,0.08965562450834717,0.05654908874700145
8636,-0.11211869591818897,0.06596311576007431
8637,0.09319552486670746,0.04348250137141105
8638,-0.07671969233458614,0.05986481418176755
8639,0.04009701949130321,0.019476823953184143
8640,-2.185123678000175e-05,0.03376119102789707
8641,0.011777816624420942,0.029399708688395677
8642,-0.02598112053142208,0.045279161678133194
8643,0.07549602307490604,0.04789021408463321
8644,0.03655711913294293,0.03254341132877454
8645,-0.054300323398304345,0.024950348763497478
8646,-0.040140721964863214,0.08218031250782691
8647,-0.062560090901145,0.05194929209132637
8648,-0.062560090901145,0.05194929209132637
8649,-0.017721353028581417,0.018280218350304297
8650,0.06723625557206538,0.08454798164145413
8651,-0.02362118695918189,0.020818266115085225
8652,0.00587798269382047,0.013959891665487395
8653,0.04363691984966349,0.02494478824980681
8654,-0.03424088803426274,0.023505611781954136
8655,0.07903592343326632,0.05405912884044096
8656,0.053076654138624245,0.027318017897124697
8657,-0.055480290184424436,0.044350669012358644
8658,-0.08261952626518661,0.062402861946548475
8659,-0.03424088803426274,0.023505611781954136
8660,-0.011821519097980945,0.047050008069855834
8661,0.03655711913294293,0.03254341132877454
8662,-0.11211869591818897,0.06596311576007431
8663,-0.055480290184424436,0.044350669012358644
8664,0.09909535879730792,0.05892231839431933
8665,0.03655711913294293,0.03254341132877454
8666,0.04009701949130321,0.019476823953184143
8667,-0.11211869591818897,0.06596311576007431
8668,-0.054300323398304345,0.024950348763497478
8669,-0.027161087317542174,0.01590698870298641
8670,-0.0425006555371034,0.05118209071826808
8671,0.12859452845031027,0.0566126601334353
8672,-0.03424088803426274,0.023505611781954136
8673,-0.033060921248142645,0.018445036467767337
8674,-0.062560090901145,0.05194929209132637
8675,0.00587798269382047,0.013959891665487395
8676,0.04717682020802377,0.011878200874216415
8677,0.053076654138624245,0.027318017897124697
8678,-0.08025959269294643,0.055406622123176
8679,0.04599685342190368,0.016938776188403212
8680,0.08729569093610698,0.025550866957442606
8681,0.04009701949130321,0.019476823953184143
8682,-0.03424088803426274,0.023505611781954136
8683,0.07903592343326632,0.034823626709042814
8684,-0.02598112053142208,0.045279161678133194
8685,0.014137750196661131,0.0424200656902653
8686,-0.027161087317542174,0.01590698870298641
8687,0.03655711913294293,0.03254341132877454
8688,-0.06020015732890482,0.027488396528278405
8689,-0.054300323398304345,0.024950348763497478
8690,0.015317716982781225,0.07179223866541208
8691,-0.027161087317542174,0.01590698870298641
8692,0.04953675378026396,0.04287642266377525
8693,-2.185123678000175e-05,0.03376119102789707
8694,0.04363691984966349,0.02494478824980681
8695,0.011777816624420942,0.029399708688395677
8696,0.08611572414998689,0.04646050576147323
8697,-0.055480290184424436,0.044350669012358644
8698,-0.0425006555371034,0.05118209071826808
8699,0.038917052705183114,0.05232935561201131
8700,-0.033060921248142645,0.018445036467767337
8701,0.12505462809195,0.057736354654229154
8702,-0.02362118695918189,0.020818266115085225
8703,0.053076654138624245,0.027318017897124697
8704,-0.02362118695918189,0.020818266115085225
8705,-0.02598112053142208,0.045279161678133194
8706,-0.02598112053142208,0.045279161678133194
8707,-0.040140721964863214,0.08218031250782691
8708,0.0424569530635434,0.04585442705383744
8709,0.04009701949130321,0.019476823953184143
8710,0.011777816624420942,0.029399708688395677
8711,-0.030700987675902455,0.06001988572635607
8712,-0.007101651953500568,0.07105199003604219
8713,0.011777816624420942,0.011421843900706467
8714,0.004698015907700376,0.019020466979674192
8715,-0.033060921248142645,0.018445036467767337
8716,-0.06020015732890482,0.027488396528278405
8717,0.004698015907700376,0.019020466979674192
8718,0.00587798269382047,0.013959891665487395
8719,0.07903592343326632,0.034823626709042814
8720,-0.015361419456341228,0.06011659544544622
8721,-0.027161087317542174,0.03388485349067562
8722,-2.185123678000175e-05,0.03376119102789707
8723,0.002338082335460187,0.02702647904107779
8724,0.014137750196661131,0.0424200656902653
8725,0.05897648806922472,0.04524965231109314
8726,0.053076654138624245,0.027318017897124697
8727,0.04363691984966349,0.02494478824980681
8728,-0.08851936019578709,0.03363307222699694
8729,0.04363691984966349,0.02494478824980681
8730,0.0825758237916266,0.052935434319647104
8731,0.04363691984966349,0.02494478824980681
8732,-0.10031902805698803,0.09219485771484492
8733,0.053076654138624245,0.027318017897124697
8734,-0.054300323398304345,0.024950348763497478
8735,-0.027161087317542174,0.03388485349067562
8736,-0.02362118695918189,0.020818266115085225
8737,0.011777816624420942,0.029399708688395677
8738,-0.027161087317542174,0.01590698870298641
8739,0.022397517699501792,0.07654108944719691
8740,-0.054300323398304345,0.024950348763497478
8741,-0.08969932698190718,0.05303339247585811
8742,0.011777816624420942,0.029399708688395677
8743,0.0412769862774233,0.031679500236626086
8744,-0.02598112053142208,0.045279161678133194
8745,-0.03424088803426274,0.023505611781954136
8746,-0.0637400576872651,0.02257711911617959
8747,-0.10857879555982869,0.07042130781866587
8748,0.011777816624420942,0.011421843900706467
8749,0.1474739970282318,0.09359776599766637
8750,-0.08969932698190718,0.05303339247585811
8751,0.015317716982781225,0.01633312131280528
8752,-0.06020015732890482,0.027488396528278405
8753,0.04835678699414387,0.04793699797796205
8754,-0.030700987675902455,0.06001988572635607
8755,-2.185123678000175e-05,0.03376119102789707
8756,0.010597849838300848,0.050309347492426305
8757,-0.02598112053142208,0.045279161678133194
8758,-0.027161087317542174,0.01590698870298641
8759,-0.02362118695918189,0.020818266115085225
8760,-0.11211869591818897,0.06596311576007431
8761,0.08729569093610698,0.025550866957442606
8762,0.00823791626606066,0.05553474092407613
8763,0.011777816624420942,0.011421843900706467
8764,0.004698015907700376,0.019020466979674192
8765,0.04835678699414387,0.04793699797796205
8766,-0.055480290184424436,0.044350669012358644
8767,-0.033060921248142645,0.018445036467767337
8768,-0.030700987675902455,0.06001988572635607
8769,-0.0425006555371034,0.05118209071826808
8770,0.00587798269382047,0.013959891665487395
8771,-0.027161087317542174,0.01590698870298641
8772,0.03655711913294293,0.03254341132877454
8773,0.07549602307490604,0.04789021408463321
8774,-0.054300323398304345,0.024950348763497478
8775,-0.0637400576872651,0.02257711911617959
8776,-0.05194038982606416,0.0667867258586394
8777,0.04363691984966349,0.02494478824980681
8778,0.011777816624420942,0.029399708688395677
8779,0.08021589021938642,0.03314949003641033
8780,0.04953675378026396,0.04287642266377525
8781,0.12505462809195,0.057736354654229154
8782,0.03655711913294293,0.03254341132877454
8783,-0.08025959269294643,0.055406622123176
8784,-0.11211869591818897,0.06596311576007431
8785,-0.08261952626518661,0.062402861946548475
8786,-0.08969932698190718,0.05303339247585811
8787,0.010597849838300848,0.050309347492426305
8788,-0.11211869591818897,0.06596311576007431
8789,-0.10031902805698803,0.09219485771484492
8790,-0.027161087317542174,0.01590698870298641
8791,0.12269469451970981,0.0851037094527611
8792,0.004698015907700376,0.019020466979674192
8793,-0.027161087317542174,0.01590698870298641
8794,0.03537715234682283,0.03421754800140702
8795,-0.027161087317542174,0.03388485349067562
8796,-0.03424088803426274,0.023505611781954136
8797,0.05897648806922472,0.04524965231109314
8798,0.03537715234682283,0.03421754800140702
8799,-0.0425006555371034,0.05118209071826808
8800,-0.048400489467703874,0.05372013848304901
8801,-0.033060921248142645,0.018445036467767337
8802,-0.054300323398304345,0.024950348763497478
8803,0.004698015907700376,0.019020466979674192
8804,-0.03424088803426274,0.023505611781954136
8805,-0.027161087317542174,0.01590698870298641
8806,0.0424569530635434,0.04585442705383744
8807,-0.027161087317542174,0.01590698870298641
8808,0.004698015907700376,0.019020466979674192
8809,0.004698015907700376,0.019020466979674192
8810,-0.048400489467703874,0.05372013848304901
8811,-0.054300323398304345,0.024950348763497478
8812,0.015317716982781225,0.01633312131280528
8813,-0.048400489467703874,0.05372013848304901
8814,-0.055480290184424436,0.044350669012358644
8815,-0.054300323398304345,0.024950348763497478
8816,0.03655711913294293,0.03254341132877454
8817,0.04363691984966349,0.02494478824980681
8818,-0.011821519097980945,0.047050008069855834
8819,-0.033060921248142645,0.018445036467767337
8820,-0.062560090901145,0.05194929209132637
8821,-0.055480290184424436,0.044350669012358644
8822,0.00587798269382047,0.013959891665487395
8823,0.022397517699501792,0.06419361558644436
8824,0.13567432916703084,0.06022631456078964
8825,-0.01890131981470151,0.03768053859916547
8826,-0.1298181977099904,0.10451157379436778
8827,0.09673542522506774,0.07656329408509452
8828,-0.08851936019578709,0.03363307222699694
8829,-0.055480290184424436,0.044350669012358644
8830,-0.06020015732890482,0.027488396528278405
8831,-2.185123678000175e-05,0.03376119102789707
8832,0.04599685342190368,0.016938776188403212
8833,-0.0637400576872651,0.02257711911617959
8834,-0.08851936019578709,0.03363307222699694
8835,0.04953675378026396,0.04287642266377525
8836,0.07549602307490604,0.04789021408463321
8837,-0.016541386242461324,0.0686787603887243
8838,-0.054300323398304345,0.024950348763497478
8839,-0.0012018180229000962,0.021558514744455123
8840,-0.033060921248142645,0.018445036467767337
8841,-0.054300323398304345,0.024950348763497478
8842,-0.027161087317542174,0.01590698870298641
8843,-0.07671969233458614,0.05986481418176755
8844,0.04363691984966349,0.02494478824980681
8845,0.00823791626606066,0.05553474092407613
8846,0.0412769862774233,0.031679500236626086
8847,-0.0012018180229000962,0.021558514744455123
8848,-0.015361419456341228,0.06011659544544622
8849,-0.11211869591818897,0.06596311576007431
8850,0.004698015907700376,0.019020466979674192
8851,-0.027161087317542174,0.01590698870298641
8852,-0.0637400576872651,0.02257711911617959
8853,-0.02362118695918189,0.020818266115085225
8854,0.12859452845031027,0.08256566168798017
8855,0.051896687352504155,0.04822765670115532
8856,-0.08969932698190718,0.05303339247585811
8857,0.07903592343326632,0.034823626709042814
8858,-0.054300323398304345,0.024950348763497478
8859,0.004698015907700376,0.019020466979674192
8860,0.025937418057862077,0.08662967243272511
8861,-0.027161087317542174,0.01590698870298641
8862,0.004698015907700376,0.019020466979674192
8863,-0.03424088803426274,0.023505611781954136
8864,0.00587798269382047,0.013959891665487395
8865,0.07549602307490604,0.04789021408463321
8866,0.03537715234682283,0.03421754800140702
8867,-0.009461585525740756,0.07804822985941466
8868,0.061336421641464904,0.13170699145325881
8869,0.04363691984966349,0.02494478824980681
8870,0.09201555808058737,0.04854307668559785
8871,0.004698015907700376,0.019020466979674192
8872,0.00587798269382047,0.013959891665487395
8873,0.014137750196661131,0.0424200656902653
8874,-0.027161087317542174,0.01590698870298641
8875,-0.054300323398304345,0.024950348763497478
8876,0.002338082335460187,0.02702647904107779
8877,-0.033060921248142645,0.018445036467767337
8878,-0.062560090901145,0.05194929209132637
8879,-0.02362118695918189,0.020818266115085225
8880,-0.01890131981470151,0.03768053859916547
8881,0.00587798269382047,0.013959891665487395
8882,-2.185123678000175e-05,0.03376119102789707
8883,0.00587798269382047,0.013959891665487395
8884,0.03655711913294293,0.03254341132877454
8885,0.08611572414998689,0.04646050576147323
8886,0.1675334323922734,0.07950860013292532
8887,0.15809369810331264,0.14073914675646756
8888,-0.10857879555982869,0.07042130781866587
8889,0.08611572414998689,0.04646050576147323
8890,0.0424569530635434,0.04585442705383744
8891,0.053076654138624245,0.07595721537745871
8892,0.03537715234682283,0.03421754800140702
8893,0.00587798269382047,0.013959891665487395
8894,0.015317716982781225,0.07179223866541208
8895,0.00587798269382047,0.013959891665487395
8896,0.011777816624420942,0.029399708688395677
8897,0.04953675378026396,0.053453050132805144
8898,0.00587798269382047,0.013959891665487395
8899,0.04363691984966349,0.02494478824980681
8900,-0.06020015732890482,0.027488396528278405
8901,-0.027161087317542174,0.03388485349067562
8902,-0.0637400576872651,0.02257711911617959
8903,-0.027161087317542174,0.01590698870298641
8904,0.04363691984966349,0.02494478824980681
8905,0.07667598986102614,0.05547348208442803
8906,-0.08025959269294643,0.055406622123176
8907,0.08965562450834717,0.05654908874700145
8908,-0.046040555895463686,0.04672389865967653
8909,0.015317716982781225,0.01633312131280528
8910,0.00587798269382047,0.013959891665487395
8911,0.1710733327506337,0.09239501431187981
8912,0.00587798269382047,0.013959891665487395
8913,0.04835678699414387,0.04793699797796205
8914,-0.02362118695918189,0.020818266115085225
8915,0.09201555808058737,0.04854307668559785
8916,-0.04368062232322349,0.07772212044923536
8917,0.00587798269382047,0.013959891665487395
8918,-0.08025959269294643,0.055406622123176
8919,0.011777816624420942,0.029399708688395677
8920,0.011777816624420942,0.029399708688395677
8921,-0.02362118695918189,0.020818266115085225
8922,-0.027161087317542174,0.01590698870298641
8923,0.011777816624420942,0.029399708688395677
8924,-0.062560090901145,0.05194929209132637
8925,0.12269469451970981,0.05915070789821623
8926,-0.0012018180229000962,0.021558514744455123
8927,-0.054300323398304345,0.024950348763497478
8928,0.011777816624420942,0.029399708688395677
8929,-0.054300323398304345,0.024950348763497478
8930,-0.033060921248142645,0.018445036467767337
8931,-0.027161087317542174,0.03388485349067562
8932,-0.02362118695918189,0.020818266115085225
8933,-0.0637400576872651,0.02257711911617959
8934,-0.062560090901145,0.05194929209132637
8935,0.08729569093610698,0.06328380073382071
8936,0.07903592343326632,0.034823626709042814
8937,-0.062560090901145,0.05194929209132637
8938,0.18641290097019492,0.09851584120946717
8939,0.13331439559479066,0.0669610265476089
8940,-0.027161087317542174,0.01590698870298641
8941,0.014137750196661131,0.0424200656902653
8942,0.060156454855344814,0.10233481847811202
8943,0.002338082335460187,0.02702647904107779
8944,0.07903592343326632,0.034823626709042814
8945,0.03655711913294293,0.03254341132877454
8946,0.004698015907700376,0.019020466979674192
8947,-0.08851936019578709,0.03363307222699694
8948,-0.06020015732890482,0.027488396528278405
8949,0.13213442880867057,0.054758350264166956
8950,0.051896687352504155,0.04822765670115532
8951,0.08611572414998689,0.04646050576147323
8952,0.03537715234682283,0.03421754800140702
8953,0.05543658771086443,0.04033837489899432
8954,0.023577484485621886,0.04479329533758319
8955,0.0412769862774233,0.031679500236626086
8956,0.00587798269382047,0.013959891665487395
8957,0.004698015907700376,0.019020466979674192
8958,-0.033060921248142645,0.018445036467767337
8959,0.014137750196661131,0.0424200656902653
8960,-0.054300323398304345,0.024950348763497478
8961,-0.06609999125950529,0.11263658586750545
8962,0.00587798269382047,0.013959891665487395
8963,-0.046040555895463686,0.04672389865967653
8964,0.004698015907700376,0.019020466979674192
8965,-0.033060921248142645,0.018445036467767337
8966,0.07903592343326632,0.05405912884044096
8967,-0.027161087317542174,0.01590698870298641
8968,0.03537715234682283,0.03421754800140702
8969,0.04009701949130321,0.019476823953184143
8970,0.00587798269382047,0.013959891665487395
8971,-0.017721353028581417,0.018280218350304297
8972,0.004698015907700376,0.019020466979674192
8973,-0.03424088803426274,0.023505611781954136
8974,-0.08851936019578709,0.03363307222699694
8975,0.011777816624420942,0.011421843900706467
8976,-0.0637400576872651,0.02257711911617959
8977,0.023577484485621886,0.04479329533758319
8978,-0.016541386242461324,0.0686787603887243
8979,-0.08025959269294643,0.055406622123176
8980,-0.02362118695918189,0.020818266115085225
8981,-0.027161087317542174,0.03388485349067562
8982,-0.03424088803426274,0.023505611781954136
8983,0.053076654138624245,0.027318017897124697
8984,-0.040140721964863214,0.08218031250782691
8985,0.18405296739795474,0.11615681690024236
8986,-0.007101651953500568,0.07105199003604219
8987,-0.040140721964863214,0.08218031250782691
8988,0.13331439559479066,0.0669610265476089
8989,-0.055480290184424436,0.044350669012358644
8990,0.004698015907700376,0.019020466979674192
8991,-0.08025959269294643,0.055406622123176
8992,0.010597849838300848,0.050309347492426305
8993,0.05543658771086443,0.058316239686683535
8994,-0.048400489467703874,0.05372013848304901
8995,-2.185123678000175e-05,0.03376119102789707
8996,-0.027161087317542174,0.01590698870298641
8997,-0.08969932698190718,0.05303339247585811
8998,0.04599685342190368,0.016938776188403212
8999,-0.08969932698190718,0.05303339247585811
9000,0.04717682020802377,0.011878200874216415
9001,-0.10857879555982869,0.07042130781866587
9002,-2.185123678000175e-05,0.03376119102789707
9003,-0.0637400576872651,0.02257711911617959
9004,-0.027161087317542174,0.03388485349067562
9005,0.08729569093610698,0.025550866957442606
9006,-0.0637400576872651,0.02257711911617959
9007,-0.0012018180229000962,0.021558514744455123
9008,0.09319552486670746,0.04348250137141105
9009,0.05543658771086443,0.058316239686683535
9010,-0.033060921248142645,0.018445036467767337
9011,-0.054300323398304345,0.024950348763497478
9012,0.015317716982781225,0.07179223866541208
9013,0.09673542522506774,0.07656329408509452
9014,-0.033060921248142645,0.018445036467767337
9015,0.13213442880867057,0.054758350264166956
9016,0.00587798269382047,0.013959891665487395
9017,0.004698015907700376,0.019020466979674192
9018,-2.185123678000175e-05,0.03376119102789707
9019,0.04363691984966349,0.02494478824980681
9020,-0.0012018180229000962,0.021558514744455123
9021,-0.027161087317542174,0.01590698870298641
9022,0.04717682020802377,0.011878200874216415
9023,0.08611572414998689,0.05108112445037876
9024,0.0412769862774233,0.031679500236626086
9025,-0.08025959269294643,0.055406622123176
9026,0.08021589021938642,0.03314949003641033
9027,0.011777816624420942,0.029399708688395677
9028,-0.027161087317542174,0.01590698870298641
9029,0.017677650555021414,0.047331343102364115
9030,0.00587798269382047,0.013959891665487395
9031,0.08965562450834717,0.05654908874700145
9032,-0.0637400576872651,0.02257711911617959
9033,-0.027161087317542174,0.01590698870298641
9034,0.051896687352504155,0.04822765670115532
9035,-0.11211869591818897,0.06596311576007431
9036,-0.011821519097980945,0.047050008069855834
9037,-0.02362118695918189,0.020818266115085225
9038,-0.06020015732890482,0.027488396528278405
9039,-0.07671969233458614,0.05986481418176755
9040,0.04009701949130321,0.019476823953184143
9041,-0.02598112053142208,0.045279161678133194
9042,-0.033060921248142645,0.018445036467767337
9043,0.00587798269382047,0.013959891665487395
9044,-0.033060921248142645,0.018445036467767337
9045,0.0412769862774233,0.031679500236626086
9046,0.004698015907700376,0.019020466979674192
9047,0.09791539201118783,0.10547894495052874
9048,0.004698015907700376,0.019020466979674192
9049,0.00587798269382047,0.013959891665487395
9050,0.00587798269382047,0.013959891665487395
9051,-0.0637400576872651,0.02257711911617959
9052,0.012957783410541037,0.040794016875853246
9053,-0.027161087317542174,0.01590698870298641
9054,0.051896687352504155,0.04822765670115532
9055,-0.02362118695918189,0.020818266115085225
9056,0.04835678699414387,0.04793699797796205
9057,0.015317716982781225,0.01633312131280528
9058,0.08021589021938642,0.03314949003641033
9059,-0.016541386242461324,0.0686787603887243
9060,0.12151472773358972,0.0515674398984214
9061,0.004698015907700376,0.019020466979674192
9062,-0.0637400576872651,0.02257711911617959
9063,-0.017721353028581417,0.018280218350304297
9064,-0.08969932698190718,0.05303339247585811
9065,0.04009701949130321,0.019476823953184143
9066,0.0424569530635434,0.04585442705383744
9067,-0.06020015732890482,0.027488396528278405
9068,0.015317716982781225,0.07179223866541208
9069,-0.02362118695918189,0.020818266115085225
9070,0.04009701949130321,0.019476823953184143
9071,-0.033060921248142645,0.018445036467767337
9072,-0.08969932698190718,0.05303339247585811
9073,0.04835678699414387,0.04793699797796205
9074,0.03655711913294293,0.03254341132877454
9075,0.04009701949130321,0.019476823953184143
9076,0.04953675378026396,0.04287642266377525
9077,0.09201555808058737,0.04854307668559785
9078,0.00587798269382047,0.013959891665487395
9079,0.08611572414998689,0.05108112445037876
9080,0.13331439559479066,0.07786729025156482
9081,0.12505462809195,0.038500852522831
9082,-0.0012018180229000962,0.021558514744455123
9083,0.12269469451970981,0.05915070789821623
9084,-0.08851936019578709,0.03363307222699694
9085,-0.02362118695918189,0.020818266115085225
9086,-0.03424088803426274,0.023505611781954136
9087,-0.02362118695918189,0.020818266115085225
9088,0.011777816624420942,0.029399708688395677
9089,-0.033060921248142645,0.018445036467767337
9090,-0.015361419456341228,0.06011659544544622
9091,0.002338082335460187,0.02702647904107779
9092,-0.0637400576872651,0.02257711911617959
9093,0.09319552486670746,0.04348250137141105
9094,-0.033060921248142645,0.018445036467767337
9095,-0.015361419456341228,0.049278440139863135
9096,-0.054300323398304345,0.024950348763497478
9097,-0.02362118695918189,0.020818266115085225
9098,0.0412769862774233,0.031679500236626086
9099,-0.033060921248142645,0.018445036467767337
9100,-0.054300323398304345,0.024950348763497478
9101,-0.017721353028581417,0.018280218350304297
9102,-0.0012018180229000962,0.021558514744455123
9103,0.07903592343326632,0.05405912884044096
9104,0.00587798269382047,0.013959891665487395
9105,0.1698933659645136,0.058858744757540105
9106,0.0825758237916266,0.07888843587419198
9107,-0.0012018180229000962,0.021558514744455123
9108,0.0837557905777467,0.020082902660819937
9109,0.004698015907700376,0.019020466979674192
9110,0.011777816624420942,0.029399708688395677
9111,0.0412769862774233,0.031679500236626086
9112,0.04599685342190368,0.016938776188403212
9113,0.051896687352504155,0.04822765670115532
9114,0.04599685342190368,0.016938776188403212
9115,0.00587798269382047,0.013959891665487395
9116,0.00587798269382047,0.013959891665487395
9117,-0.048400489467703874,0.05372013848304901
9118,-0.046040555895463686,0.04672389865967653
9119,0.023577484485621886,0.05563145064316628
9120,0.053076654138624245,0.027318017897124697
9121,0.00587798269382047,0.013959891665487395
9122,-2.185123678000175e-05,0.03376119102789707
9123,-0.033060921248142645,0.018445036467767337
9124,-0.027161087317542174,0.03388485349067562
9125,0.05543658771086443,0.04033837489899432
9126,0.04363691984966349,0.02494478824980681
9127,0.00587798269382047,0.013959891665487395
9128,-0.02362118695918189,0.020818266115085225
9129,0.011777816624420942,0.029399708688395677
9130,0.014137750196661131,0.0424200656902653
9131,-0.06609999125950529,0.11263658586750545
9132,0.053076654138624245,0.027318017897124697
9133,0.05897648806922472,0.04524965231109314
9134,-0.046040555895463686,0.04672389865967653
9135,0.08021589021938642,0.03314949003641033
9136,0.04363691984966349,0.02494478824980681
9137,-0.054300323398304345,0.024950348763497478
9138,0.13331439559479066,0.0669610265476089
9139,0.004698015907700376,0.019020466979674192
9140,-0.08851936019578709,0.03363307222699694
9141,0.002338082335460187,0.02702647904107779
9142,0.014137750196661131,0.0424200656902653
9143,0.0412769862774233,0.031679500236626086
9144,0.04599685342190368,0.016938776188403212
9145,-0.08025959269294643,0.055406622123176
9146,-0.02362118695918189,0.020818266115085225
9147,0.00587798269382047,0.013959891665487395
9148,0.08729569093610698,0.06328380073382071
9149,0.1427541298837514,0.11421674607850374
9150,-0.0637400576872651,0.02257711911617959
9151,0.00587798269382047,0.013959891665487395
9152,-0.033060921248142645,0.018445036467767337
9153,-0.017721353028581417,0.018280218350304297
9154,-0.027161087317542174,0.01590698870298641
9155,-0.055480290184424436,0.044350669012358644
9156,-0.027161087317542174,0.01590698870298641
9157,0.0837557905777467,0.020082902660819937
9158,0.002338082335460187,0.02702647904107779
9159,-0.0637400576872651,0.02257711911617959
9160,-0.03424088803426274,0.023505611781954136
9161,-0.02362118695918189,0.020818266115085225
9162,-0.1298181977099904,0.10451157379436778
9163,0.08729569093610698,0.025550866957442606
9164,-0.027161087317542174,0.01590698870298641
9165,-0.02362118695918189,0.020818266115085225
9166,-0.033060921248142645,0.018445036467767337
9167,-0.015361419456341228,0.06011659544544622
9168,0.15219386417271216,0.15559420957678405
9169,-0.03424088803426274,0.023505611781954136
9170,-0.054300323398304345,0.024950348763497478
9171,0.00587798269382047,0.013959891665487395
9172,-0.02362118695918189,0.020818266115085225
9173,0.014137750196661131,0.0424200656902653
9174,0.09673542522506774,0.07656329408509452
9175,-0.07671969233458614,0.05986481418176755
9176,-0.015361419456341228,0.06011659544544622
9177,0.04363691984966349,0.02494478824980681
9178,-0.033060921248142645,0.018445036467767337
9179,0.002338082335460187,0.02702647904107779
9180,0.04363691984966349,0.02494478824980681
9181,-0.048400489467703874,0.05372013848304901
9182,-0.055480290184424436,0.044350669012358644
9183,0.00587798269382047,0.013959891665487395
9184,0.00587798269382047,0.07618459629946135
9185,-0.03424088803426274,0.023505611781954136
9186,0.002338082335460187,0.02702647904107779
9187,-0.0012018180229000962,0.021558514744455123
9188,0.0837557905777467,0.020082902660819937
9189,-0.027161087317542174,0.01590698870298641
9190,-0.08969932698190718,0.05303339247585811
9191,-0.046040555895463686,0.04672389865967653
9192,0.0412769862774233,0.031679500236626086
9193,-0.02362118695918189,0.020818266115085225
9194,0.004698015907700376,0.019020466979674192
9195,0.1262345948780701,0.036826715850198526
9196,-0.016541386242461324,0.0686787603887243
9197,0.014137750196661131,0.0424200656902653
9198,0.002338082335460187,0.02702647904107779
9199,-0.054300323398304345,0.024950348763497478
9200,0.0837557905777467,0.020082902660819937
9201,0.04953675378026396,0.04287642266377525
9202,0.010597849838300848,0.050309347492426305
9203,-0.046040555895463686,0.04672389865967653
9204,-0.08969932698190718,0.05303339247585811
9205,-0.0012018180229000962,0.021558514744455123
9206,0.04835678699414387,0.04793699797796205
9207,-0.02362118695918189,0.020818266115085225
9208,0.004698015907700376,0.019020466979674192
9209,-0.04368062232322349,0.07772212044923536
9210,-0.016541386242461324,0.08102623424947686
9211,0.004698015907700376,0.019020466979674192
9212,-0.0637400576872651,0.02257711911617959
9213,-0.02598112053142208,0.045279161678133194
9214,0.0837557905777467,0.020082902660819937
9215,0.002338082335460187,0.02702647904107779
9216,0.07903592343326632,0.034823626709042814
9217,0.08965562450834717,0.05654908874700145
9218,0.00823791626606066,0.05553474092407613
9219,-0.02362118695918189,0.020818266115085225
9220,-0.048400489467703874,0.05372013848304901
9221,0.004698015907700376,0.019020466979674192
9222,0.023577484485621886,0.1042706481235003
9223,-0.055480290184424436,0.044350669012358644
9224,0.051896687352504155,0.04822765670115532
9225,0.08729569093610698,0.06328380073382071
9226,0.00587798269382047,0.013959891665487395
9227,0.12859452845031027,0.0566126601334353
9228,-0.027161087317542174,0.01590698870298641
9229,-0.02362118695918189,0.020818266115085225
9230,-0.08025959269294643,0.055406622123176
9231,0.023577484485621886,0.04479329533758319
9232,0.07549602307490604,0.04789021408463321
9233,-0.02362118695918189,0.020818266115085225
9234,-0.027161087317542174,0.03388485349067562
9235,-0.011821519097980945,0.047050008069855834
9236,-0.10857879555982869,0.07042130781866587
9237,0.011777816624420942,0.029399708688395677
9238,-0.06020015732890482,0.027488396528278405
9239,0.011777816624420942,0.011421843900706467
9240,-0.1298181977099904,0.10451157379436778
9241,0.011777816624420942,0.011421843900706467
9242,0.014137750196661131,0.0424200656902653
9243,-0.0637400576872651,0.02257711911617959
9244,0.0412769862774233,0.031679500236626086
9245,-0.02598112053142208,0.045279161678133194
9246,-0.02362118695918189,0.020818266115085225
9247,-0.11211869591818897,0.06596311576007431
9248,0.1710733327506337,0.06644201275733494
9249,0.004698015907700376,0.019020466979674192
9250,0.08729569093610698,0.025550866957442606
9251,-0.02598112053142208,0.045279161678133194
9252,-0.02598112053142208,0.045279161678133194
9253,0.04009701949130321,0.019476823953184143
9254,-0.06020015732890482,0.027488396528278405
9255,0.13213442880867057,0.05013773157526143
9256,-0.02362118695918189,0.020818266115085225
9257,0.014137750196661131,0.0424200656902653
9258,0.04953675378026396,0.053453050132805144
9259,-0.08969932698190718,0.05303339247585811
9260,-0.08025959269294643,0.055406622123176
9261,-0.1298181977099904,0.10451157379436778
9262,0.022397517699501792,0.07654108944719691
9263,0.04953675378026396,0.053453050132805144
9264,0.08965562450834717,0.05654908874700145
9265,-0.02362118695918189,0.020818266115085225
9266,0.0412769862774233,0.031679500236626086
9267,-0.08851936019578709,0.03363307222699694
9268,-0.05194038982606416,0.0667867258586394
9269,-0.015361419456341228,0.06011659544544622
9270,0.004698015907700376,0.019020466979674192
9271,-0.08969932698190718,0.05303339247585811
9272,-0.033060921248142645,0.018445036467767337
9273,-0.0637400576872651,0.02257711911617959
9274,-0.06020015732890482,0.027488396528278405
9275,0.011777816624420942,0.029399708688395677
9276,-0.054300323398304345,0.024950348763497478
9277,-0.08969932698190718,0.05303339247585811
9278,-0.027161087317542174,0.01590698870298641
9279,0.011777816624420942,0.029399708688395677
9280,0.0412769862774233,0.031679500236626086
9281,-0.0637400576872651,0.02257711911617959
9282,-0.017721353028581417,0.018280218350304297
9283,0.12269469451970981,0.05915070789821623
9284,-0.027161087317542174,0.01590698870298641
9285,-0.055480290184424436,0.044350669012358644
9286,-0.048400489467703874,0.05372013848304901
9287,0.0825758237916266,0.052935434319647104
9288,-0.027161087317542174,0.01590698870298641
9289,-0.02598112053142208,0.045279161678133194
9290,-0.009461585525740756,0.07804822985941466
9291,0.14983393060047198,0.12459598778722521
9292,0.051896687352504155,0.04822765670115532
9293,-0.01890131981470151,0.03768053859916547
9294,0.05661655449698453,0.06971054787414109
9295,0.023577484485621886,0.04479329533758319
9296,0.1262345948780701,0.036826715850198526
9297,0.06369635521370509,0.10724609589021085
9298,-0.016541386242461324,0.08102623424947686
9299,0.00587798269382047,0.013959891665487395
9300,0.08729569093610698,0.025550866957442606
9301,-0.0012018180229000962,0.021558514744455123
9302,0.0837557905777467,0.020082902660819937
9303,0.12859452845031027,0.0566126601334353
9304,-0.048400489467703874,0.05372013848304901
9305,-0.02362118695918189,0.020818266115085225
9306,0.09909535879730792,0.05892231839431933
9307,0.011777816624420942,0.029399708688395677
9308,-0.02362118695918189,0.020818266115085225
9309,0.04953675378026396,0.04287642266377525
9310,0.03537715234682283,0.03421754800140702
9311,-0.0637400576872651,0.02257711911617959
9312,-0.027161087317542174,0.01590698870298641
9313,-0.02598112053142208,0.045279161678133194
9314,0.022397517699501792,0.06419361558644436
9315,0.0412769862774233,0.031679500236626086
9316,-2.185123678000175e-05,0.03376119102789707
9317,0.08965562450834717,0.05654908874700145
9318,-0.03188095446202255,0.10395386240400598
9319,-0.054300323398304345,0.024950348763497478
9320,0.00587798269382047,0.013959891665487395
9321,-0.02598112053142208,0.045279161678133194
9322,-0.054300323398304345,0.024950348763497478
9323,0.002338082335460187,0.02702647904107779
9324,-0.03424088803426274,0.023505611781954136
9325,0.03537715234682283,0.03421754800140702
9326,-0.02598112053142208,0.045279161678133194
9327,-0.030700987675902455,0.06001988572635607
9328,-0.027161087317542174,0.01590698870298641
9329,-0.0637400576872651,0.02257711911617959
9330,-2.185123678000175e-05,0.03376119102789707
9331,0.05543658771086443,0.04033837489899432
9332,-0.027161087317542174,0.01590698870298641
9333,-0.02362118695918189,0.020818266115085225
9334,-0.0637400576872651,0.02257711911617959
9335,0.017677650555021414,0.047331343102364115
9336,0.04363691984966349,0.02494478824980681
9337,-0.011821519097980945,0.047050008069855834
9338,0.04009701949130321,0.019476823953184143
9339,-0.0637400576872651,0.02257711911617959
9340,0.04717682020802377,0.011878200874216415
9341,-0.027161087317542174,0.01590698870298641
9342,0.07903592343326632,0.034823626709042814
9343,0.011777816624420942,0.011421843900706467
9344,0.03655711913294293,0.03254341132877454
9345,0.004698015907700376,0.019020466979674192
9346,-0.062560090901145,0.05194929209132637
9347,0.017677650555021414,0.047331343102364115
9348,-0.027161087317542174,0.01590698870298641
9349,-0.017721353028581417,0.018280218350304297
9350,0.014137750196661131,0.0424200656902653
9351,-0.055480290184424436,0.044350669012358644
9352,0.00587798269382047,0.07618459629946135
9353,-0.055480290184424436,0.044350669012358644
9354,0.002338082335460187,0.02702647904107779
9355,-0.06845992483174548,0.0816383640779466
9356,-0.055480290184424436,0.044350669012358644
9357,0.03537715234682283,0.03421754800140702
9358,-0.08851936019578709,0.03363307222699694
9359,-0.027161087317542174,0.01590698870298641
9360,0.011777816624420942,0.029399708688395677
9361,-0.06020015732890482,0.027488396528278405
9362,-0.03424088803426274,0.023505611781954136
9363,0.12151472773358972,0.0515674398984214
9364,-0.033060921248142645,0.018445036467767337
9365,-0.033060921248142645,0.018445036467767337
9366,-0.0637400576872651,0.02257711911617959
9367,0.04009701949130321,0.019476823953184143
9368,-0.02362118695918189,0.020818266115085225
9369,0.07903592343326632,0.034823626709042814
9370,0.00587798269382047,0.013959891665487395
9371,0.09201555808058737,0.04854307668559785
9372,-0.040140721964863214,0.08218031250782691
9373,-0.027161087317542174,0.01590698870298641
9374,0.017677650555021414,0.047331343102364115
9375,-0.017721353028581417,0.018280218350304297
9376,0.08021589021938642,0.03314949003641033
9377,0.07903592343326632,0.05405912884044096
9378,0.004698015907700376,0.019020466979674192
9379,0.011777816624420942,0.029399708688395677
9380,-0.07671969233458614,0.05986481418176755
9381,0.08611572414998689,0.05108112445037876
9382,0.004698015907700376,0.019020466979674192
9383,-0.0637400576872651,0.02257711911617959
9384,-0.03188095446202255,0.10395386240400596
9385,-0.02362118695918189,0.020818266115085225
9386,-0.027161087317542174,0.03388485349067562
9387,-0.03424088803426274,0.023505611781954136
9388,-0.015361419456341228,0.06011659544544622
9389,0.010597849838300848,0.050309347492426305
9390,0.04835678699414387,0.04793699797796205
9391,-0.0637400576872651,0.02257711911617959
9392,-0.011821519097980945,0.047050008069855834
9393,0.051896687352504155,0.04822765670115532
9394,-0.08261952626518661,0.062402861946548475
9395,0.03537715234682283,0.03421754800140702
9396,-0.054300323398304345,0.024950348763497478
9397,0.04717682020802377,0.011878200874216415
9398,0.004698015907700376,0.019020466979674192
9399,0.0412769862774233,0.031679500236626086
9400,0.04835678699414387,0.04793699797796205
9401,-0.06020015732890482,0.027488396528278405
9402,-0.054300323398304345,0.024950348763497478
9403,0.09083559129446726,0.07470898421582615
9404,-0.02362118695918189,0.020818266115085225
9405,0.07903592343326632,0.034823626709042814
9406,0.002338082335460187,0.02702647904107779
9407,-0.033060921248142645,0.018445036467767337
9408,0.04599685342190368,0.016938776188403212
9409,0.05543658771086443,0.04033837489899432
9410,-0.0425006555371034,0.05118209071826808
9411,0.04363691984966349,0.02494478824980681
9412,-0.055480290184424436,0.044350669012358644
9413,0.07903592343326632,0.034823626709042814
9414,0.004698015907700376,0.019020466979674192
9415,0.051896687352504155,0.04822765670115532
9416,0.07667598986102614,0.05547348208442803
9417,-0.03424088803426274,0.023505611781954136
9418,0.014137750196661131,0.0424200656902653
9419,0.00587798269382047,0.013959891665487395
9420,0.011777816624420942,0.011421843900706467
9421,-0.054300323398304345,0.024950348763497478
9422,-0.0012018180229000962,0.021558514744455123
9423,0.023577484485621886,0.04479329533758319
9424,-0.027161087317542174,0.03388485349067562
9425,-0.02598112053142208,0.045279161678133194
9426,0.014137750196661131,0.0424200656902653
9427,0.0424569530635434,0.04585442705383744
9428,-0.011821519097980945,0.047050008069855834
9429,0.010597849838300848,0.050309347492426305
9430,-0.027161087317542174,0.01590698870298641
9431,0.0837557905777467,0.020082902660819937
9432,-0.033060921248142645,0.018445036467767337
9433,0.0412769862774233,0.031679500236626086
9434,-0.01890131981470151,0.03768053859916547
9435,0.0825758237916266,0.07888843587419198
9436,-0.01890131981470151,0.03768053859916547
9437,0.011777816624420942,0.029399708688395677
9438,-0.06020015732890482,0.027488396528278405
9439,-0.0012018180229000962,0.021558514744455123
9440,0.038917052705183114,0.05232935561201131
9441,-0.027161087317542174,0.01590698870298641
9442,-2.185123678000175e-05,0.03376119102789707
9443,0.053076654138624245,0.027318017897124697
9444,-0.08851936019578709,0.03363307222699694
9445,-0.054300323398304345,0.024950348763497478
9446,-0.0012018180229000962,0.021558514744455123
9447,0.00587798269382047,0.013959891665487395
9448,-0.054300323398304345,0.024950348763497478
9449,-0.02362118695918189,0.020818266115085225
9450,0.011777816624420942,0.029399708688395677
9451,-0.027161087317542174,0.01590698870298641
9452,0.004698015907700376,0.019020466979674192
9453,-0.027161087317542174,0.01590698870298641
9454,-0.055480290184424436,0.044350669012358644
9455,-0.0637400576872651,0.02257711911617959
9456,0.00587798269382047,0.013959891665487395
9457,-0.06020015732890482,0.027488396528278405
9458,-0.08851936019578709,0.03363307222699694
9459,0.004698015907700376,0.019020466979674192
9460,-0.0637400576872651,0.02257711911617959
9461,0.08021589021938642,0.03314949003641033
9462,0.0849357573638668,0.032285578944261886
9463,0.011777816624420942,0.029399708688395677
9464,-0.048400489467703874,0.05372013848304901
9465,0.051896687352504155,0.04822765670115532
9466,-0.03424088803426274,0.023505611781954136
9467,0.004698015907700376,0.019020466979674192
9468,-0.0637400576872651,0.02257711911617959
9469,-0.017721353028581417,0.018280218350304297
9470,-0.08025959269294643,0.055406622123176
9471,-0.015361419456341228,0.06011659544544622
9472,-0.06020015732890482,0.027488396528278405
9473,-0.03188095446202255,0.10395386240400596
9474,-0.003561751595140285,0.07551018209463374
9475,-0.054300323398304345,0.024950348763497478
9476,-0.054300323398304345,0.024950348763497478
9477,-0.040140721964863214,0.08218031250782691
9478,0.00823791626606066,0.05553474092407613
9479,-0.08969932698190718,0.05303339247585811
9480,-0.02362118695918189,0.020818266115085225
9481,0.04009701949130321,0.019476823953184143
9482,0.004698015907700376,0.019020466979674192
9483,0.05543658771086443,0.04033837489899432
9484,0.07549602307490604,0.04789021408463321
9485,-0.10857879555982869,0.07042130781866587
9486,0.004698015907700376,0.019020466979674192
9487,-0.06020015732890482,0.027488396528278405
9488,-0.08969932698190718,0.05303339247585811
9489,0.12505462809195,0.057736354654229154
9490,-0.08025959269294643,0.055406622123176
9491,-0.03424088803426274,0.023505611781954136
9492,-0.033060921248142645,0.018445036467767337
9493,-0.054300323398304345,0.024950348763497478
9494,-0.027161087317542174,0.01590698870298641
9495,0.017677650555021414,0.047331343102364115
9496,-2.185123678000175e-05,0.03376119102789707
9497,-0.033060921248142645,0.018445036467767337
9498,-0.033060921248142645,0.018445036467767337
9499,0.04363691984966349,0.02494478824980681
9500,-0.08261952626518661,0.062402861946548475
9501,-0.054300323398304345,0.024950348763497478
9502,0.053076654138624245,0.07595721537745871
9503,0.022397517699501792,0.06419361558644436
9504,-0.08261952626518661,0.062402861946548475
9505,-0.027161087317542174,0.01590698870298641
9506,-0.06020015732890482,0.027488396528278405
9507,-0.033060921248142645,0.018445036467767337
9508,0.03537715234682283,0.03421754800140702
9509,-0.017721353028581417,0.018280218350304297
9510,0.011777816624420942,0.029399708688395677
9511,0.08021589021938642,0.03314949003641033
9512,-0.015361419456341228,0.06011659544544622
9513,-0.0637400576872651,0.02257711911617959
9514,-0.08851936019578709,0.03363307222699694
9515,-0.027161087317542174,0.01590698870298641
9516,0.0412769862774233,0.031679500236626086
9517,-0.033060921248142645,0.018445036467767337
9518,-0.033060921248142645,0.018445036467767337
9519,0.004698015907700376,0.019020466979674192
9520,-0.02598112053142208,0.045279161678133194
9521,-0.027161087317542174,0.03388485349067562
9522,-0.0637400576872651,0.02257711911617959
9523,-0.033060921248142645,0.018445036467767337
9524,0.011777816624420942,0.029399708688395677
9525,-0.033060921248142645,0.018445036467767337
9526,0.04717682020802377,0.011878200874216415
9527,0.04717682020802377,0.011878200874216415
9528,0.0412769862774233,0.031679500236626086
9529,-0.02362118695918189,0.020818266115085225
9530,-2.185123678000175e-05,0.03376119102789707
9531,0.011777816624420942,0.029399708688395677
9532,0.023577484485621886,0.1042706481235003
9533,0.12505462809195,0.057736354654229154
9534,-0.033060921248142645,0.018445036467767337
9535,-0.03424088803426274,0.023505611781954136
9536,-0.08969932698190718,0.05303339247585811
9537,-2.185123678000175e-05,0.03376119102789707
9538,-0.027161087317542174,0.01590698870298641
9539,0.07903592343326632,0.05405912884044096
9540,0.04953675378026396,0.053453050132805144
9541,-0.07671969233458614,0.05986481418176755
9542,-0.02362118695918189,0.020818266115085225
9543,0.04599685342190368,0.016938776188403212
9544,-0.027161087317542174,0.03388485349067562
9545,-0.027161087317542174,0.01590698870298641
9546,-0.027161087317542174,0.01590698870298641
9547,0.04363691984966349,0.02494478824980681
9548,-0.054300323398304345,0.024950348763497478
9549,0.00587798269382047,0.013959891665487395
9550,-0.017721353028581417,0.018280218350304297
9551,-0.027161087317542174,0.01590698870298641
9552,0.04009701949130321,0.019476823953184143
9553,0.07903592343326632,0.034823626709042814
9554,0.05897648806922472,0.04524965231109314
9555,-0.02362118695918189,0.020818266115085225
9556,-0.007101651953500568,0.07105199003604219
9557,-0.055480290184424436,0.044350669012358644
9558,-0.027161087317542174,0.01590698870298641
9559,0.051896687352504155,0.08445127192236399
9560,-0.0637400576872651,0.02257711911617959
9561,-0.033060921248142645,0.018445036467767337
9562,0.004698015907700376,0.019020466979674192
9563,0.00587798269382047,0.013959891665487395
9564,0.015317716982781225,0.01633312131280528
9565,-0.0637400576872651,0.02257711911617959
9566,-2.185123678000175e-05,0.03376119102789707
9567,-0.027161087317542174,0.01590698870298641
9568,0.002338082335460187,0.02702647904107779
9569,0.04363691984966349,0.02494478824980681
9570,0.12151472773358972,0.0515674398984214
9571,0.03655711913294293,0.03254341132877454
9572,-0.08261952626518661,0.062402861946548475
9573,0.04009701949130321,0.019476823953184143
9574,-0.054300323398304345,0.024950348763497478
9575,-0.055480290184424436,0.044350669012358644
9576,-0.02362118695918189,0.020818266115085225
9577,-0.027161087317542174,0.03388485349067562
9578,-0.0012018180229000962,0.021558514744455123
9579,-0.027161087317542174,0.01590698870298641
9580,-0.0012018180229000962,0.021558514744455123
9581,0.04009701949130321,0.019476823953184143
9582,-0.027161087317542174,0.01590698870298641
9583,-0.033060921248142645,0.018445036467767337
9584,0.07667598986102614,0.05547348208442803
9585,-0.03424088803426274,0.023505611781954136
9586,-0.033060921248142645,0.018445036467767337
9587,-0.054300323398304345,0.024950348763497478
9588,0.12151472773358972,0.0515674398984214
9589,-0.0637400576872651,0.02257711911617959
9590,-0.055480290184424436,0.044350669012358644
9591,-0.08025959269294643,0.055406622123176
9592,0.00587798269382047,0.013959891665487395
9593,0.05543658771086443,0.04033837489899432
9594,0.04009701949130321,0.019476823953184143
9595,0.07549602307490604,0.04789021408463321
9596,-0.03424088803426274,0.023505611781954136
9597,0.08729569093610698,0.025550866957442606
9598,-0.06020015732890482,0.027488396528278405
9599,0.015317716982781225,0.01633312131280528
9600,0.1710733327506337,0.06644201275733494
9601,0.017677650555021414,0.047331343102364115
9602,-0.08025959269294643,0.055406622123176
9603,0.023577484485621886,0.04479329533758319
9604,0.012957783410541037,0.040794016875853246
9605,-0.027161087317542174,0.03388485349067562
9606,-0.08969932698190718,0.05303339247585811
9607,-0.033060921248142645,0.018445036467767337
9608,0.002338082335460187,0.02702647904107779
9609,0.0412769862774233,0.031679500236626086
9610,-0.08851936019578709,0.03363307222699694
9611,-0.03424088803426274,0.023505611781954136
9612,0.04599685342190368,0.016938776188403212
9613,-0.0637400576872651,0.02257711911617959
9614,0.011777816624420942,0.011421843900706467
9615,0.04599685342190368,0.016938776188403212
9616,-0.02362118695918189,0.020818266115085225
9617,-0.08851936019578709,0.03363307222699694
9618,-0.02362118695918189,0.020818266115085225
9619,0.09319552486670746,0.04348250137141105
9620,-0.06020015732890482,0.027488396528278405
9621,0.1262345948780701,0.036826715850198526
9622,0.029477318416222358,0.07356308505713473
9623,-0.0012018180229000962,0.021558514744455123
9624,-0.027161087317542174,0.01590698870298641
9625,-0.0425006555371034,0.05118209071826808
9626,0.00587798269382047,0.013959891665487395
9627,0.00823791626606066,0.05553474092407613
9628,0.011777816624420942,0.029399708688395677
9629,0.011777816624420942,0.011421843900706467
9630,-0.054300323398304345,0.024950348763497478
9631,-0.0637400576872651,0.02257711911617959
9632,0.010597849838300848,0.050309347492426305
9633,-2.185123678000175e-05,0.03376119102789707
9634,0.08021589021938642,0.03314949003641033
9635,0.0849357573638668,0.032285578944261886
9636,-0.03424088803426274,0.023505611781954136
9637,0.04009701949130321,0.019476823953184143
9638,0.04599685342190368,0.016938776188403212
9639,-0.062560090901145,0.05194929209132637
9640,0.022397517699501792,0.07654108944719691
9641,0.017677650555021414,0.047331343102364115
9642,0.04009701949130321,0.019476823953184143
9643,0.04363691984966349,0.02494478824980681
9644,0.08729569093610698,0.025550866957442606
9645,-0.10857879555982869,0.07042130781866587
9646,-0.02362118695918189,0.020818266115085225
9647,0.04363691984966349,0.02494478824980681
9648,-0.08025959269294643,0.055406622123176
9649,0.0424569530635434,0.04585442705383744
9650,-0.027161087317542174,0.01590698870298641
9651,-2.185123678000175e-05,0.03376119102789707
9652,0.12859452845031027,0.08256566168798017
9653,0.13095446202255048,0.11356388347753905
9654,0.07903592343326632,0.034823626709042814
9655,0.00587798269382047,0.07618459629946135
9656,-0.03424088803426274,0.023505611781954136
9657,-0.08851936019578709,0.03363307222699694
9658,-0.027161087317542174,0.01590698870298641
9659,0.03537715234682283,0.03421754800140702
9660,-0.06020015732890482,0.027488396528278405
9661,0.0412769862774233,0.031679500236626086
9662,-0.027161087317542174,0.03388485349067562
9663,-0.02362118695918189,0.020818266115085225
9664,0.04717682020802377,0.011878200874216415
9665,0.011777816624420942,0.011421843900706467
9666,-0.027161087317542174,0.01590698870298641
9667,-0.011821519097980945,0.047050008069855834
9668,-0.03424088803426274,0.023505611781954136
9669,-0.027161087317542174,0.01590698870298641
9670,-0.009461585525740756,0.07804822985941466
9671,0.04009701949130321,0.019476823953184143
9672,-0.04368062232322349,0.07772212044923536
9673,0.04599685342190368,0.016938776188403212
9674,-0.054300323398304345,0.024950348763497478
9675,-0.08261952626518661,0.062402861946548475
9676,-0.03424088803426274,0.023505611781954136
9677,0.011777816624420942,0.011421843900706467
9678,0.07903592343326632,0.034823626709042814
9679,0.03537715234682283,0.03421754800140702
9680,0.04363691984966349,0.02494478824980681
9681,-0.027161087317542174,0.01590698870298641
9682,0.004698015907700376,0.019020466979674192
9683,0.03537715234682283,0.03421754800140702
9684,-0.048400489467703874,0.05372013848304901
9685,-0.06020015732890482,0.027488396528278405
9686,0.002338082335460187,0.02702647904107779
9687,0.09555545843894764,0.08505735062999978
9688,0.00587798269382047,0.07618459629946135
9689,-0.062560090901145,0.05194929209132637
9690,-0.03424088803426274,0.023505611781954136
9691,-0.040140721964863214,0.08218031250782691
9692,0.00587798269382047,0.013959891665487395
9693,0.004698015907700376,0.019020466979674192
9694,0.00587798269382047,0.013959891665487395
9695,-0.07671969233458614,0.05986481418176755
9696,0.0825758237916266,0.052935434319647104
9697,-0.08969932698190718,0.05303339247585811
9698,-0.027161087317542174,0.01590698870298641
9699,0.07903592343326632,0.034823626709042814
9700,0.09319552486670746,0.10570720600538501
9701,-0.06020015732890482,0.027488396528278405
9702,-0.0637400576872651,0.02257711911617959
9703,-0.033060921248142645,0.018445036467767337
9704,0.08021589021938642,0.03314949003641033
9705,0.07903592343326632,0.034823626709042814
9706,-0.054300323398304345,0.024950348763497478
9707,0.011777816624420942,0.011421843900706467
9708,-0.027161087317542174,0.01590698870298641
9709,-0.009461585525740756,0.07804822985941466
9710,0.00587798269382047,0.013959891665487395
9711,-0.046040555895463686,0.04672389865967653
9712,0.00823791626606066,0.05553474092407613
9713,-0.0637400576872651,0.02257711911617959
9714,0.0412769862774233,0.031679500236626086
9715,0.07903592343326632,0.034823626709042814
9716,0.17815313346735426,0.12702410309246553
9717,0.04009701949130321,0.019476823953184143
9718,0.04717682020802377,0.011878200874216415
9719,0.06723625557206538,0.07370982633587106
9720,0.023577484485621886,0.04479329533758319
9721,-0.033060921248142645,0.018445036467767337
9722,-0.046040555895463686,0.04672389865967653
9723,0.00587798269382047,0.013959891665487395
9724,-0.06020015732890482,0.027488396528278405
9725,0.015317716982781225,0.01633312131280528
9726,-0.062560090901145,0.05194929209132637
9727,0.015317716982781225,0.01633312131280528
9728,0.00823791626606066,0.05553474092407613
9729,-0.03424088803426274,0.023505611781954136
9730,0.04835678699414387,0.04793699797796205
9731,-0.02362118695918189,0.020818266115085225
9732,-0.04368062232322349,0.07772212044923536
9733,-0.027161087317542174,0.01590698870298641
9734,-0.055480290184424436,0.044350669012358644
9735,0.04599685342190368,0.016938776188403212
9736,0.004698015907700376,0.019020466979674192
9737,0.015317716982781225,0.01633312131280528
9738,-0.046040555895463686,0.04672389865967653
9739,-0.02598112053142208,0.045279161678133194
9740,0.13213442880867057,0.054758350264166956
9741,0.05661655449698453,0.06971054787414109
9742,-0.027161087317542174,0.01590698870298641
9743,0.04009701949130321,0.019476823953184143
9744,-0.055480290184424436,0.044350669012358644
9745,0.07903592343326632,0.034823626709042814
9746,-0.06020015732890482,0.027488396528278405
9747,-0.03424088803426274,0.023505611781954136
9748,-0.08261952626518661,0.062402861946548475
9749,0.011777816624420942,0.011421843900706467
9750,-0.062560090901145,0.05194929209132637
9751,-0.027161087317542174,0.03388485349067562
9752,0.04599685342190368,0.016938776188403212
9753,-0.027161087317542174,0.01590698870298641
9754,0.04835678699414387,0.04793699797796205
9755,0.023577484485621886,0.04479329533758319
9756,0.0837557905777467,0.020082902660819937
9757,0.011777816624420942,0.029399708688395677
9758,-0.02598112053142208,0.045279161678133194
9759,0.053076654138624245,0.027318017897124697
9760,0.07903592343326632,0.034823626709042814
9761,0.05543658771086443,0.04033837489899432
9762,0.053076654138624245,0.027318017897124697
9763,-0.08261952626518661,0.062402861946548475
9764,-0.08851936019578709,0.03363307222699694
9765,0.04009701949130321,0.019476823953184143
9766,0.002338082335460187,0.02702647904107779
9767,-0.054300323398304345,0.024950348763497478
9768,0.015317716982781225,0.07179223866541208
9769,0.07903592343326632,0.05405912884044096
9770,0.03655711913294293,0.03254341132877454
9771,0.002338082335460187,0.02702647904107779
9772,-0.033060921248142645,0.018445036467767337
9773,-0.062560090901145,0.05194929209132637
9774,0.0849357573638668,0.032285578944261886
9775,-0.02362118695918189,0.020818266115085225
9776,-0.0012018180229000962,0.021558514744455123
9777,0.00587798269382047,0.013959891665487395
9778,0.002338082335460187,0.02702647904107779
9779,0.012957783410541037,0.040794016875853246
9780,0.08021589021938642,0.03314949003641033
9781,0.014137750196661131,0.0424200656902653
9782,0.03537715234682283,0.03421754800140702
9783,0.07903592343326632,0.034823626709042814
9784,0.011777816624420942,0.011421843900706467
9785,-0.08851936019578709,0.03363307222699694
9786,-0.055480290184424436,0.044350669012358644
9787,-0.054300323398304345,0.024950348763497478
9788,-0.054300323398304345,0.024950348763497478
9789,-0.10031902805698803,0.09219485771484492
9790,0.0849357573638668,0.032285578944261886
9791,0.0412769862774233,0.031679500236626086
9792,0.12859452845031027,0.08256566168798017
9793,-0.07671969233458614,0.05986481418176755
9794,0.011777816624420942,0.011421843900706467
9795,-0.08851936019578709,0.03363307222699694
9796,-0.02362118695918189,0.020818266115085225
9797,0.13331439559479066,0.0669610265476089
9798,0.04009701949130321,0.019476823953184143
9799,-0.027161087317542174,0.03388485349067562
9800,-0.02362118695918189,0.020818266115085225
9801,-0.08261952626518661,0.062402861946548475
9802,-0.046040555895463686,0.04672389865967653
9803,-0.02362118695918189,0.020818266115085225
9804,-0.08851936019578709,0.03363307222699694
9805,0.022397517699501792,0.06419361558644436
9806,0.04363691984966349,0.02494478824980681
9807,-0.027161087317542174,0.01590698870298641
9808,-0.08025959269294643,0.055406622123176
9809,-0.11211869591818897,0.06596311576007431
9810,0.04599685342190368,0.016938776188403212
9811,-0.08851936019578709,0.03363307222699694
9812,-0.02598112053142208,0.045279161678133194
9813,-0.0637400576872651,0.02257711911617959
9814,0.00587798269382047,0.013959891665487395
9815,0.04363691984966349,0.02494478824980681
9816,0.0825758237916266,0.07888843587419198
9817,0.0837557905777467,0.020082902660819937
9818,-0.06020015732890482,0.027488396528278405
9819,-0.055480290184424436,0.044350669012358644
9820,-0.08969932698190718,0.05303339247585811
9821,0.0412769862774233,0.031679500236626086
9822,0.00587798269382047,0.013959891665487395
9823,0.12505462809195,0.057736354654229154
9824,-0.06020015732890482,0.027488396528278405
9825,-0.027161087317542174,0.03388485349067562
9826,-0.06020015732890482,0.027488396528278405
9827,-0.027161087317542174,0.01590698870298641
9828,-0.03188095446202255,0.10395386240400596
9829,-0.02362118695918189,0.020818266115085225
9830,0.00587798269382047,0.013959891665487395
9831,-0.08969932698190718,0.05303339247585811
9832,0.03537715234682283,0.03421754800140702
9833,0.002338082335460187,0.02702647904107779
9834,-0.011821519097980945,0.047050008069855834
9835,0.15809369810331264,0.14073914675646756
9836,0.04363691984966349,0.02494478824980681
9837,0.04835678699414387,0.04793699797796205
9838,-0.06020015732890482,0.027488396528278405
9839,-0.054300323398304345,0.024950348763497478
9840,0.00587798269382047,0.013959891665487395
9841,-0.01890131981470151,0.03768053859916547
9842,-0.030700987675902455,0.06001988572635607
9843,-0.033060921248142645,0.018445036467767337
9844,-0.027161087317542174,0.01590698870298641
9845,-0.027161087317542174,0.01590698870298641
9846,-0.016541386242461324,0.0686787603887243
9847,-0.06020015732890482,0.027488396528278405
9848,0.014137750196661131,0.0424200656902653
9849,-0.06020015732890482,0.027488396528278405
9850,-0.08261952626518661,0.062402861946548475
9851,-0.06020015732890482,0.027488396528278405
9852,-0.06020015732890482,0.027488396528278405
9853,-0.03424088803426274,0.023505611781954136
9854,-0.08851936019578709,0.03363307222699694
9855,0.004698015907700376,0.019020466979674192
9856,-0.0637400576872651,0.02257711911617959
9857,-0.02598112053142208,0.045279161678133194
9858,0.053076654138624245,0.027318017897124697
9859,0.03655711913294293,0.03254341132877454
9860,0.0424569530635434,0.04585442705383744
9861,-0.055480290184424436,0.044350669012358644
9862,0.00587798269382047,0.013959891665487395
9863,0.015317716982781225,0.07179223866541208
9864,-0.08969932698190718,0.05303339247585811
9865,-2.185123678000175e-05,0.03376119102789707
9866,0.08729569093610698,0.025550866957442606
9867,-0.027161087317542174,0.01590698870298641
9868,0.04953675378026396,0.04287642266377525
9869,-0.055480290184424436,0.044350669012358644
9870,-0.054300323398304345,0.024950348763497478
9871,0.05543658771086443,0.04033837489899432
9872,-0.02598112053142208,0.045279161678133194
9873,-0.009461585525740756,0.07804822985941466
9874,0.12505462809195,0.057736354654229154
9875,-0.0012018180229000962,0.021558514744455123
9876,0.0825758237916266,0.052935434319647104
9877,-0.04368062232322349,0.07772212044923536
9878,-0.06020015732890482,0.027488396528278405
9879,0.04599685342190368,0.016938776188403212
9880,0.053076654138624245,0.07595721537745871
9881,-0.030700987675902455,0.06001988572635607
9882,0.00587798269382047,0.013959891665487395
9883,0.13213442880867057,0.054758350264166956
9884,-0.08025959269294643,0.055406622123176
9885,-0.046040555895463686,0.04672389865967653
9886,0.00587798269382047,0.013959891665487395
9887,-0.03424088803426274,0.023505611781954136
9888,0.12151472773358972,0.0515674398984214
9889,0.0424569530635434,0.04585442705383744
9890,-0.06020015732890482,0.027488396528278405
9891,-0.033060921248142645,0.018445036467767337
9892,0.04009701949130321,0.019476823953184143
9893,-0.0637400576872651,0.02257711911617959
9894,0.00587798269382047,0.013959891665487395
9895,-0.015361419456341228,0.049278440139863135
9896,0.13331439559479066,0.0669610265476089
9897,-0.02598112053142208,0.045279161678133194
9898,-0.048400489467703874,0.05372013848304901
9899,-0.015361419456341228,0.06011659544544622
9900,0.011777816624420942,0.029399708688395677
9901,0.0412769862774233,0.031679500236626086
9902,-0.02598112053142208,0.045279161678133194
9903,0.04953675378026396,0.04287642266377525
9904,-0.0012018180229000962,0.021558514744455123
9905,0.04599685342190368,0.016938776188403212
9906,-0.027161087317542174,0.03388485349067562
9907,-0.027161087317542174,0.01590698870298641
9908,-0.08969932698190718,0.05303339247585811
9909,-0.062560090901145,0.05194929209132637
9910,-0.02598112053142208,0.045279161678133194
9911,0.04717682020802377,0.011878200874216415
9912,0.12859452845031027,0.06782493763975737
9913,-0.055480290184424436,0.044350669012358644
9914,0.012957783410541037,0.040794016875853246
9915,0.04363691984966349,0.02494478824980681
9916,-0.027161087317542174,0.03388485349067562
9917,-0.062560090901145,0.05194929209132637
9918,-0.0637400576872651,0.02257711911617959
9919,0.017677650555021414,0.047331343102364115
9920,0.002338082335460187,0.02702647904107779
9921,0.011777816624420942,0.011421843900706467
9922,-0.016541386242461324,0.08102623424947686
9923,-0.062560090901145,0.05194929209132637
9924,0.015317716982781225,0.01633312131280528
9925,-0.062560090901145,0.05194929209132637
9926,-0.055480290184424436,0.044350669012358644
9927,0.011777816624420942,0.011421843900706467
9928,-0.027161087317542174,0.01590698870298641
9929,0.00587798269382047,0.013959891665487395
9930,-0.02362118695918189,0.020818266115085225
9931,0.0837557905777467,0.020082902660819937
9932,-0.027161087317542174,0.01590698870298641
9933,0.13331439559479066,0.0669610265476089
9934,-0.10031902805698803,0.09219485771484492
9935,0.05897648806922472,0.04524965231109314
9936,-0.0637400576872651,0.02257711911617959
9937,-0.0425006555371034,0.05118209071826808
9938,0.09201555808058737,0.04854307668559785
9939,0.038917052705183114,0.05232935561201131
9940,0.015317716982781225,0.01633312131280528
9941,-0.03188095446202255,0.10395386240400598
9942,-0.08969932698190718,0.05303339247585811
9943,-0.02598112053142208,0.045279161678133194
9944,-0.03424088803426274,0.023505611781954136
9945,-0.016541386242461324,0.08102623424947686
9946,-0.017721353028581417,0.018280218350304297
9947,0.00587798269382047,0.013959891665487395
9948,0.04835678699414387,0.04793699797796205
9949,0.004698015907700376,0.019020466979674192
9950,0.08021589021938642,0.03314949003641033
9951,0.053076654138624245,0.027318017897124697
9952,-0.0637400576872651,0.02257711911617959
9953,-0.054300323398304345,0.024950348763497478
9954,-0.08969932698190718,0.05303339247585811
9955,0.038917052705183114,0.05232935561201131
9956,-0.0012018180229000962,0.021558514744455123
9957,-0.02362118695918189,0.020818266115085225
9958,0.010597849838300848,0.050309347492426305
9959,-0.055480290184424436,0.044350669012358644
9960,-0.027161087317542174,0.01590698870298641
9961,-0.033060921248142645,0.018445036467767337
9962,-0.05194038982606416,0.0667867258586394
9963,0.04717682020802377,0.011878200874216415
9964,-0.02362118695918189,0.020818266115085225
9965,-0.03424088803426274,0.023505611781954136
9966,0.0837557905777467,0.020082902660819937
9967,0.0412769862774233,0.031679500236626086
9968,-0.08851936019578709,0.03363307222699694
9969,0.07549602307490604,0.04789021408463321
9970,-0.033060921248142645,0.018445036467767337
9971,0.00587798269382047,0.013959891665487395
9972,0.015317716982781225,0.07179223866541208
9973,0.04835678699414387,0.04793699797796205
9974,-0.06020015732890482,0.027488396528278405
9975,0.07903592343326632,0.034823626709042814
9976,0.004698015907700376,0.019020466979674192
9977,0.004698015907700376,0.019020466979674192
9978,0.038917052705183114,0.05232935561201131
9979,-0.055480290184424436,0.044350669012358644
9980,0.04363691984966349,0.02494478824980681
9981,-0.027161087317542174,0.03388485349067562
9982,-0.027161087317542174,0.01590698870298641
9983,-0.0637400576872651,0.02257711911617959
9984,0.05543658771086443,0.058316239686683535
9985,-0.02362118695918189,0.020818266115085225
9986,0.04363691984966349,0.02494478824980681
9987,0.00587798269382047,0.013959891665487395
9988,0.05543658771086443,0.058316239686683535
9989,0.00587798269382047,0.013959891665487395
9990,-0.06020015732890482,0.027488396528278405
9991,0.00587798269382047,0.013959891665487395
9992,0.14511406345599162,0.11123874168844156
9993,-0.0637400576872651,0.02257711911617959
9994,-0.054300323398304345,0.024950348763497478
9995,0.00587798269382047,0.013959891665487395
9996,0.00587798269382047,0.013959891665487395
9997,0.03655711913294293,0.03254341132877454
9998,-0.015361419456341228,0.06011659544544622
9999,-0.027161087317542174,0.01590698870298641
10000,-0.06609999125950529,0.11263658586750545
