member_id,family,algorithm,representation,eligible_for_counterfactual_ensemble,prediction_mismatch_count_81,prediction_exact_match,stored_pca_components,recomputed_pca_components,pca_components_match,stored_pca_explained_variance,recomputed_pca_explained_variance,pca_variance_absolute_difference,pca_variance_match,stored_stage4_extension_fidelity,recomputed_extension_fidelity,fidelity_absolute_difference,fidelity_match
R0_WARD__M0001,R0_WARD,WARD,RAW_STANDARDIZED,True,2,False,0,0,True,,1.0,0.0,True,0.9692307692307692,0.9692307692307692,0.0,True
R0_WARD__M0002,R0_WARD,WARD,RAW_STANDARDIZED,True,1,False,0,0,True,,1.0,0.0,True,0.9846153846153848,0.9846153846153847,1.1102230246251565e-16,True
R0_WARD__M0003,R0_WARD,WARD,RAW_STANDARDIZED,True,1,False,0,0,True,,1.0,0.0,True,0.9846153846153848,0.9846153846153847,1.1102230246251565e-16,True
R0_WARD__M0004,R0_WARD,WARD,RAW_STANDARDIZED,True,0,True,0,0,True,,1.0,0.0,True,1.0,1.0,0.0,True
R0_WARD__M0005,R0_WARD,WARD,RAW_STANDARDIZED,True,0,True,0,0,True,,1.0,0.0,True,1.0,1.0,0.0,True
R0_WARD__M0006,R0_WARD,WARD,RAW_STANDARDIZED,True,0,True,0,0,True,,1.0,0.0,True,1.0,1.0,0.0,True
R0_WARD__M0007,R0_WARD,WARD,RAW_STANDARDIZED,True,2,False,0,0,True,,1.0,0.0,True,0.9692307692307692,0.9692307692307692,0.0,True
R0_WARD__M0008,R0_WARD,WARD,RAW_STANDARDIZED,True,0,True,0,0,True,,1.0,0.0,True,1.0,1.0,0.0,True
R0_WARD__M0009,R0_WARD,WARD,RAW_STANDARDIZED,True,1,False,0,0,True,,1.0,0.0,True,0.9846153846153848,0.9846153846153847,1.1102230246251565e-16,True
R0_WARD__M0010,R0_WARD,WARD,RAW_STANDARDIZED,True,1,False,0,0,True,,1.0,0.0,True,0.9846153846153848,0.9846153846153847,1.1102230246251565e-16,True
R0_WARD__M0011,R0_WARD,WARD,RAW_STANDARDIZED,True,0,True,0,0,True,,1.0,0.0,True,1.0,1.0,0.0,True
R0_WARD__M0012,R0_WARD,WARD,RAW_STANDARDIZED,True,0,True,0,0,True,,1.0,0.0,True,1.0,1.0,0.0,True
R0_WARD__M0013,R0_WARD,WARD,RAW_STANDARDIZED,True,1,False,0,0,True,,1.0,0.0,True,0.9846153846153848,0.9846153846153847,1.1102230246251565e-16,True
R0_WARD__M0014,R0_WARD,WARD,RAW_STANDARDIZED,True,0,True,0,0,True,,1.0,0.0,True,1.0,1.0,0.0,True
R0_WARD__M0015,R0_WARD,WARD,RAW_STANDARDIZED,True,0,True,0,0,True,,1.0,0.0,True,1.0,1.0,0.0,True
R0_WARD__M0016,R0_WARD,WARD,RAW_STANDARDIZED,True,3,False,0,0,True,,1.0,0.0,True,0.953846153846154,0.9538461538461539,1.1102230246251565e-16,True
R0_WARD__M0017,R0_WARD,WARD,RAW_STANDARDIZED,True,3,False,0,0,True,,1.0,0.0,True,0.953846153846154,0.9538461538461539,1.1102230246251565e-16,True
R0_WARD__M0018,R0_WARD,WARD,RAW_STANDARDIZED,True,3,False,0,0,True,,1.0,0.0,True,0.953846153846154,0.9538461538461539,1.1102230246251565e-16,True
R0_WARD__M0019,R0_WARD,WARD,RAW_STANDARDIZED,True,1,False,0,0,True,,1.0,0.0,True,0.9846153846153848,0.9846153846153847,1.1102230246251565e-16,True
R0_WARD__M0020,R0_WARD,WARD,RAW_STANDARDIZED,True,1,False,0,0,True,,1.0,0.0,True,0.9846153846153848,0.9846153846153847,1.1102230246251565e-16,True
R0_WARD__M0021,R0_WARD,WARD,RAW_STANDARDIZED,True,0,True,0,0,True,,1.0,0.0,True,1.0,1.0,0.0,True
R0_WARD__M0022,R0_WARD,WARD,RAW_STANDARDIZED,True,0,True,0,0,True,,1.0,0.0,True,1.0,1.0,0.0,True
R0_WARD__M0023,R0_WARD,WARD,RAW_STANDARDIZED,True,1,False,0,0,True,,1.0,0.0,True,0.9846153846153848,0.9846153846153847,1.1102230246251565e-16,True
R0_WARD__M0024,R0_WARD,WARD,RAW_STANDARDIZED,True,0,True,0,0,True,,1.0,0.0,True,1.0,1.0,0.0,True
R0_WARD__M0025,R0_WARD,WARD,RAW_STANDARDIZED,True,1,False,0,0,True,,1.0,0.0,True,0.9846153846153848,0.9846153846153847,1.1102230246251565e-16,True
R0_WARD__M0026,R0_WARD,WARD,RAW_STANDARDIZED,True,1,False,0,0,True,,1.0,0.0,True,0.9846153846153848,0.9846153846153847,1.1102230246251565e-16,True
R0_WARD__M0027,R0_WARD,WARD,RAW_STANDARDIZED,True,2,False,0,0,True,,1.0,0.0,True,0.9692307692307692,0.9692307692307692,0.0,True
R0_WARD__M0028,R0_WARD,WARD,RAW_STANDARDIZED,True,0,True,0,0,True,,1.0,0.0,True,1.0,1.0,0.0,True
R0_WARD__M0029,R0_WARD,WARD,RAW_STANDARDIZED,True,0,True,0,0,True,,1.0,0.0,True,1.0,1.0,0.0,True
R0_WARD__M0030,R0_WARD,WARD,RAW_STANDARDIZED,True,1,False,0,0,True,,1.0,0.0,True,0.9846153846153848,0.9846153846153847,1.1102230246251565e-16,True
R0_WARD__M0031,R0_WARD,WARD,RAW_STANDARDIZED,True,1,False,0,0,True,,1.0,0.0,True,0.9846153846153848,0.9846153846153847,1.1102230246251565e-16,True
R0_WARD__M0032,R0_WARD,WARD,RAW_STANDARDIZED,True,1,False,0,0,True,,1.0,0.0,True,0.9846153846153848,0.9846153846153847,1.1102230246251565e-16,True
R0_WARD__M0033,R0_WARD,WARD,RAW_STANDARDIZED,True,0,True,0,0,True,,1.0,0.0,True,1.0,1.0,0.0,True
R0_WARD__M0034,R0_WARD,WARD,RAW_STANDARDIZED,True,0,True,0,0,True,,1.0,0.0,True,1.0,1.0,0.0,True
R0_WARD__M0035,R0_WARD,WARD,RAW_STANDARDIZED,True,2,False,0,0,True,,1.0,0.0,True,0.9692307692307692,0.9692307692307692,0.0,True
R0_WARD__M0036,R0_WARD,WARD,RAW_STANDARDIZED,True,0,True,0,0,True,,1.0,0.0,True,1.0,1.0,0.0,True
R0_WARD__M0037,R0_WARD,WARD,RAW_STANDARDIZED,True,2,False,0,0,True,,1.0,0.0,True,0.9692307692307692,0.9692307692307692,0.0,True
R0_WARD__M0038,R0_WARD,WARD,RAW_STANDARDIZED,True,0,True,0,0,True,,1.0,0.0,True,1.0,1.0,0.0,True
R0_WARD__M0039,R0_WARD,WARD,RAW_STANDARDIZED,True,0,True,0,0,True,,1.0,0.0,True,1.0,1.0,0.0,True
R0_WARD__M0040,R0_WARD,WARD,RAW_STANDARDIZED,True,1,False,0,0,True,,1.0,0.0,True,0.9846153846153848,0.9846153846153847,1.1102230246251565e-16,True
R0_WARD__M0041,R0_WARD,WARD,RAW_STANDARDIZED,False,4,False,0,0,True,,1.0,0.0,True,0.9384615384615383,0.9384615384615385,1.1102230246251565e-16,True
R0_WARD__M0042,R0_WARD,WARD,RAW_STANDARDIZED,True,0,True,0,0,True,,1.0,0.0,True,1.0,1.0,0.0,True
R0_WARD__M0043,R0_WARD,WARD,RAW_STANDARDIZED,True,0,True,0,0,True,,1.0,0.0,True,1.0,1.0,0.0,True
R0_WARD__M0044,R0_WARD,WARD,RAW_STANDARDIZED,True,1,False,0,0,True,,1.0,0.0,True,0.9846153846153848,0.9846153846153847,1.1102230246251565e-16,True
R0_WARD__M0045,R0_WARD,WARD,RAW_STANDARDIZED,True,0,True,0,0,True,,1.0,0.0,True,1.0,1.0,0.0,True
R0_WARD__M0046,R0_WARD,WARD,RAW_STANDARDIZED,True,0,True,0,0,True,,1.0,0.0,True,1.0,1.0,0.0,True
R0_WARD__M0047,R0_WARD,WARD,RAW_STANDARDIZED,True,0,True,0,0,True,,1.0,0.0,True,1.0,1.0,0.0,True
R0_WARD__M0048,R0_WARD,WARD,RAW_STANDARDIZED,True,0,True,0,0,True,,1.0,0.0,True,1.0,1.0,0.0,True
R0_WARD__M0049,R0_WARD,WARD,RAW_STANDARDIZED,True,1,False,0,0,True,,1.0,0.0,True,0.9846153846153848,0.9846153846153847,1.1102230246251565e-16,True
R0_WARD__M0050,R0_WARD,WARD,RAW_STANDARDIZED,True,2,False,0,0,True,,1.0,0.0,True,0.9692307692307692,0.9692307692307692,0.0,True
R0_WARD__M0051,R0_WARD,WARD,RAW_STANDARDIZED,True,2,False,0,0,True,,1.0,0.0,True,0.9692307692307692,0.9692307692307692,0.0,True
R0_WARD__M0052,R0_WARD,WARD,RAW_STANDARDIZED,True,1,False,0,0,True,,1.0,0.0,True,0.9846153846153848,0.9846153846153847,1.1102230246251565e-16,True
R0_WARD__M0053,R0_WARD,WARD,RAW_STANDARDIZED,True,2,False,0,0,True,,1.0,0.0,True,0.9692307692307692,0.9692307692307692,0.0,True
R0_WARD__M0054,R0_WARD,WARD,RAW_STANDARDIZED,True,0,True,0,0,True,,1.0,0.0,True,1.0,1.0,0.0,True
R0_WARD__M0055,R0_WARD,WARD,RAW_STANDARDIZED,True,0,True,0,0,True,,1.0,0.0,True,1.0,1.0,0.0,True
R0_WARD__M0056,R0_WARD,WARD,RAW_STANDARDIZED,True,0,True,0,0,True,,1.0,0.0,True,1.0,1.0,0.0,True
R0_WARD__M0057,R0_WARD,WARD,RAW_STANDARDIZED,True,1,False,0,0,True,,1.0,0.0,True,0.9846153846153848,0.9846153846153847,1.1102230246251565e-16,True
R0_WARD__M0058,R0_WARD,WARD,RAW_STANDARDIZED,False,4,False,0,0,True,,1.0,0.0,True,0.9384615384615383,0.9384615384615385,1.1102230246251565e-16,True
R0_WARD__M0059,R0_WARD,WARD,RAW_STANDARDIZED,True,0,True,0,0,True,,1.0,0.0,True,1.0,1.0,0.0,True
R0_WARD__M0060,R0_WARD,WARD,RAW_STANDARDIZED,True,0,True,0,0,True,,1.0,0.0,True,1.0,1.0,0.0,True
R0_WARD__M0061,R0_WARD,WARD,RAW_STANDARDIZED,True,0,True,0,0,True,,1.0,0.0,True,1.0,1.0,0.0,True
R0_WARD__M0062,R0_WARD,WARD,RAW_STANDARDIZED,True,0,True,0,0,True,,1.0,0.0,True,1.0,1.0,0.0,True
R0_WARD__M0063,R0_WARD,WARD,RAW_STANDARDIZED,True,1,False,0,0,True,,1.0,0.0,True,0.9846153846153848,0.9846153846153847,1.1102230246251565e-16,True
R0_WARD__M0064,R0_WARD,WARD,RAW_STANDARDIZED,True,3,False,0,0,True,,1.0,0.0,True,0.953846153846154,0.9538461538461539,1.1102230246251565e-16,True
R0_WARD__M0065,R0_WARD,WARD,RAW_STANDARDIZED,True,1,False,0,0,True,,1.0,0.0,True,0.9846153846153848,0.9846153846153847,1.1102230246251565e-16,True
R0_WARD__M0066,R0_WARD,WARD,RAW_STANDARDIZED,True,1,False,0,0,True,,1.0,0.0,True,0.9846153846153848,0.9846153846153847,1.1102230246251565e-16,True
R0_WARD__M0067,R0_WARD,WARD,RAW_STANDARDIZED,True,0,True,0,0,True,,1.0,0.0,True,1.0,1.0,0.0,True
R0_WARD__M0068,R0_WARD,WARD,RAW_STANDARDIZED,True,0,True,0,0,True,,1.0,0.0,True,1.0,1.0,0.0,True
R0_WARD__M0069,R0_WARD,WARD,RAW_STANDARDIZED,True,2,False,0,0,True,,1.0,0.0,True,0.9692307692307692,0.9692307692307692,0.0,True
R0_WARD__M0070,R0_WARD,WARD,RAW_STANDARDIZED,True,2,False,0,0,True,,1.0,0.0,True,0.9692307692307692,0.9692307692307692,0.0,True
R0_WARD__M0071,R0_WARD,WARD,RAW_STANDARDIZED,True,0,True,0,0,True,,1.0,0.0,True,1.0,1.0,0.0,True
R0_WARD__M0072,R0_WARD,WARD,RAW_STANDARDIZED,True,1,False,0,0,True,,1.0,0.0,True,0.9846153846153848,0.9846153846153847,1.1102230246251565e-16,True
R0_WARD__M0073,R0_WARD,WARD,RAW_STANDARDIZED,True,2,False,0,0,True,,1.0,0.0,True,0.9692307692307692,0.9692307692307692,0.0,True
R0_WARD__M0074,R0_WARD,WARD,RAW_STANDARDIZED,True,1,False,0,0,True,,1.0,0.0,True,0.9846153846153848,0.9846153846153847,1.1102230246251565e-16,True
R0_WARD__M0075,R0_WARD,WARD,RAW_STANDARDIZED,True,1,False,0,0,True,,1.0,0.0,True,0.9846153846153848,0.9846153846153847,1.1102230246251565e-16,True
R0_WARD__M0076,R0_WARD,WARD,RAW_STANDARDIZED,True,1,False,0,0,True,,1.0,0.0,True,0.9846153846153848,0.9846153846153847,1.1102230246251565e-16,True
R0_WARD__M0077,R0_WARD,WARD,RAW_STANDARDIZED,True,0,True,0,0,True,,1.0,0.0,True,1.0,1.0,0.0,True
R0_WARD__M0078,R0_WARD,WARD,RAW_STANDARDIZED,True,0,True,0,0,True,,1.0,0.0,True,1.0,1.0,0.0,True
R0_WARD__M0079,R0_WARD,WARD,RAW_STANDARDIZED,True,0,True,0,0,True,,1.0,0.0,True,1.0,1.0,0.0,True
R0_WARD__M0080,R0_WARD,WARD,RAW_STANDARDIZED,True,1,False,0,0,True,,1.0,0.0,True,0.9846153846153848,0.9846153846153847,1.1102230246251565e-16,True
R0_WARD__M0081,R0_WARD,WARD,RAW_STANDARDIZED,True,0,True,0,0,True,,1.0,0.0,True,1.0,1.0,0.0,True
R0_WARD__M0082,R0_WARD,WARD,RAW_STANDARDIZED,True,3,False,0,0,True,,1.0,0.0,True,0.953846153846154,0.9538461538461539,1.1102230246251565e-16,True
R0_WARD__M0083,R0_WARD,WARD,RAW_STANDARDIZED,True,1,False,0,0,True,,1.0,0.0,True,0.9846153846153848,0.9846153846153847,1.1102230246251565e-16,True
R0_WARD__M0084,R0_WARD,WARD,RAW_STANDARDIZED,True,0,True,0,0,True,,1.0,0.0,True,1.0,1.0,0.0,True
R0_WARD__M0085,R0_WARD,WARD,RAW_STANDARDIZED,True,1,False,0,0,True,,1.0,0.0,True,0.9846153846153848,0.9846153846153847,1.1102230246251565e-16,True
R0_WARD__M0086,R0_WARD,WARD,RAW_STANDARDIZED,True,0,True,0,0,True,,1.0,0.0,True,1.0,1.0,0.0,True
R0_WARD__M0087,R0_WARD,WARD,RAW_STANDARDIZED,True,0,True,0,0,True,,1.0,0.0,True,1.0,1.0,0.0,True
R0_WARD__M0088,R0_WARD,WARD,RAW_STANDARDIZED,True,2,False,0,0,True,,1.0,0.0,True,0.9692307692307692,0.9692307692307692,0.0,True
R0_WARD__M0089,R0_WARD,WARD,RAW_STANDARDIZED,True,1,False,0,0,True,,1.0,0.0,True,0.9846153846153848,0.9846153846153847,1.1102230246251565e-16,True
R0_WARD__M0090,R0_WARD,WARD,RAW_STANDARDIZED,True,3,False,0,0,True,,1.0,0.0,True,0.953846153846154,0.9538461538461539,1.1102230246251565e-16,True
R0_WARD__M0091,R0_WARD,WARD,RAW_STANDARDIZED,True,0,True,0,0,True,,1.0,0.0,True,1.0,1.0,0.0,True
R0_WARD__M0092,R0_WARD,WARD,RAW_STANDARDIZED,True,1,False,0,0,True,,1.0,0.0,True,0.9846153846153848,0.9846153846153847,1.1102230246251565e-16,True
R0_WARD__M0093,R0_WARD,WARD,RAW_STANDARDIZED,True,1,False,0,0,True,,1.0,0.0,True,0.9846153846153848,0.9846153846153847,1.1102230246251565e-16,True
R0_WARD__M0094,R0_WARD,WARD,RAW_STANDARDIZED,True,1,False,0,0,True,,1.0,0.0,True,0.9846153846153848,0.9846153846153847,1.1102230246251565e-16,True
R0_WARD__M0095,R0_WARD,WARD,RAW_STANDARDIZED,True,0,True,0,0,True,,1.0,0.0,True,1.0,1.0,0.0,True
R0_WARD__M0096,R0_WARD,WARD,RAW_STANDARDIZED,True,1,False,0,0,True,,1.0,0.0,True,0.9846153846153848,0.9846153846153847,1.1102230246251565e-16,True
R0_WARD__M0097,R0_WARD,WARD,RAW_STANDARDIZED,True,1,False,0,0,True,,1.0,0.0,True,0.9846153846153848,0.9846153846153847,1.1102230246251565e-16,True
R0_WARD__M0098,R0_WARD,WARD,RAW_STANDARDIZED,True,0,True,0,0,True,,1.0,0.0,True,1.0,1.0,0.0,True
R0_WARD__M0099,R0_WARD,WARD,RAW_STANDARDIZED,True,1,False,0,0,True,,1.0,0.0,True,0.9846153846153848,0.9846153846153847,1.1102230246251565e-16,True
R0_WARD__M0100,R0_WARD,WARD,RAW_STANDARDIZED,False,4,False,0,0,True,,1.0,0.0,True,0.9384615384615383,0.9384615384615385,1.1102230246251565e-16,True
R0_WARD__M0101,R0_WARD,WARD,RAW_STANDARDIZED,True,0,True,0,0,True,,1.0,0.0,True,1.0,1.0,0.0,True
R0_WARD__M0102,R0_WARD,WARD,RAW_STANDARDIZED,True,2,False,0,0,True,,1.0,0.0,True,0.9692307692307692,0.9692307692307692,0.0,True
R0_WARD__M0103,R0_WARD,WARD,RAW_STANDARDIZED,True,0,True,0,0,True,,1.0,0.0,True,1.0,1.0,0.0,True
R0_WARD__M0104,R0_WARD,WARD,RAW_STANDARDIZED,True,0,True,0,0,True,,1.0,0.0,True,1.0,1.0,0.0,True
R0_WARD__M0105,R0_WARD,WARD,RAW_STANDARDIZED,True,0,True,0,0,True,,1.0,0.0,True,1.0,1.0,0.0,True
R0_WARD__M0106,R0_WARD,WARD,RAW_STANDARDIZED,True,1,False,0,0,True,,1.0,0.0,True,0.9846153846153848,0.9846153846153847,1.1102230246251565e-16,True
R0_WARD__M0107,R0_WARD,WARD,RAW_STANDARDIZED,True,2,False,0,0,True,,1.0,0.0,True,0.9692307692307692,0.9692307692307692,0.0,True
R0_WARD__M0108,R0_WARD,WARD,RAW_STANDARDIZED,True,0,True,0,0,True,,1.0,0.0,True,1.0,1.0,0.0,True
R0_WARD__M0109,R0_WARD,WARD,RAW_STANDARDIZED,True,2,False,0,0,True,,1.0,0.0,True,0.9692307692307692,0.9692307692307692,0.0,True
R0_WARD__M0110,R0_WARD,WARD,RAW_STANDARDIZED,True,2,False,0,0,True,,1.0,0.0,True,0.9692307692307692,0.9692307692307692,0.0,True
R0_WARD__M0111,R0_WARD,WARD,RAW_STANDARDIZED,False,6,False,0,0,True,,1.0,0.0,True,0.9076923076923076,0.9076923076923077,1.1102230246251565e-16,True
R0_WARD__M0112,R0_WARD,WARD,RAW_STANDARDIZED,True,0,True,0,0,True,,1.0,0.0,True,1.0,1.0,0.0,True
R0_WARD__M0113,R0_WARD,WARD,RAW_STANDARDIZED,True,1,False,0,0,True,,1.0,0.0,True,0.9846153846153848,0.9846153846153847,1.1102230246251565e-16,True
R0_WARD__M0114,R0_WARD,WARD,RAW_STANDARDIZED,True,2,False,0,0,True,,1.0,0.0,True,0.9692307692307692,0.9692307692307692,0.0,True
R0_WARD__M0115,R0_WARD,WARD,RAW_STANDARDIZED,True,1,False,0,0,True,,1.0,0.0,True,0.9846153846153848,0.9846153846153847,1.1102230246251565e-16,True
R0_WARD__M0116,R0_WARD,WARD,RAW_STANDARDIZED,True,0,True,0,0,True,,1.0,0.0,True,1.0,1.0,0.0,True
R0_WARD__M0117,R0_WARD,WARD,RAW_STANDARDIZED,True,3,False,0,0,True,,1.0,0.0,True,0.953846153846154,0.9538461538461539,1.1102230246251565e-16,True
R0_WARD__M0118,R0_WARD,WARD,RAW_STANDARDIZED,True,1,False,0,0,True,,1.0,0.0,True,0.9846153846153848,0.9846153846153847,1.1102230246251565e-16,True
R0_WARD__M0119,R0_WARD,WARD,RAW_STANDARDIZED,True,0,True,0,0,True,,1.0,0.0,True,1.0,1.0,0.0,True
R0_WARD__M0120,R0_WARD,WARD,RAW_STANDARDIZED,True,1,False,0,0,True,,1.0,0.0,True,0.9846153846153848,0.9846153846153847,1.1102230246251565e-16,True
R0_WARD__M0121,R0_WARD,WARD,RAW_STANDARDIZED,True,0,True,0,0,True,,1.0,0.0,True,1.0,1.0,0.0,True
R0_WARD__M0122,R0_WARD,WARD,RAW_STANDARDIZED,True,0,True,0,0,True,,1.0,0.0,True,1.0,1.0,0.0,True
R0_WARD__M0123,R0_WARD,WARD,RAW_STANDARDIZED,True,0,True,0,0,True,,1.0,0.0,True,1.0,1.0,0.0,True
R0_WARD__M0124,R0_WARD,WARD,RAW_STANDARDIZED,True,1,False,0,0,True,,1.0,0.0,True,0.9846153846153848,0.9846153846153847,1.1102230246251565e-16,True
R0_WARD__M0125,R0_WARD,WARD,RAW_STANDARDIZED,True,0,True,0,0,True,,1.0,0.0,True,1.0,1.0,0.0,True
R0_WARD__M0126,R0_WARD,WARD,RAW_STANDARDIZED,True,3,False,0,0,True,,1.0,0.0,True,0.953846153846154,0.9538461538461539,1.1102230246251565e-16,True
R0_WARD__M0127,R0_WARD,WARD,RAW_STANDARDIZED,True,0,True,0,0,True,,1.0,0.0,True,1.0,1.0,0.0,True
R0_WARD__M0128,R0_WARD,WARD,RAW_STANDARDIZED,True,1,False,0,0,True,,1.0,0.0,True,0.9846153846153848,0.9846153846153847,1.1102230246251565e-16,True
R0_WARD__M0129,R0_WARD,WARD,RAW_STANDARDIZED,True,0,True,0,0,True,,1.0,0.0,True,1.0,1.0,0.0,True
R0_WARD__M0130,R0_WARD,WARD,RAW_STANDARDIZED,True,0,True,0,0,True,,1.0,0.0,True,1.0,1.0,0.0,True
R0_WARD__M0131,R0_WARD,WARD,RAW_STANDARDIZED,True,1,False,0,0,True,,1.0,0.0,True,0.9846153846153848,0.9846153846153847,1.1102230246251565e-16,True
R0_WARD__M0132,R0_WARD,WARD,RAW_STANDARDIZED,True,1,False,0,0,True,,1.0,0.0,True,0.9846153846153848,0.9846153846153847,1.1102230246251565e-16,True
R0_WARD__M0133,R0_WARD,WARD,RAW_STANDARDIZED,True,0,True,0,0,True,,1.0,0.0,True,1.0,1.0,0.0,True
R0_WARD__M0134,R0_WARD,WARD,RAW_STANDARDIZED,True,3,False,0,0,True,,1.0,0.0,True,0.953846153846154,0.9538461538461539,1.1102230246251565e-16,True
R0_WARD__M0135,R0_WARD,WARD,RAW_STANDARDIZED,True,0,True,0,0,True,,1.0,0.0,True,1.0,1.0,0.0,True
R0_WARD__M0136,R0_WARD,WARD,RAW_STANDARDIZED,True,0,True,0,0,True,,1.0,0.0,True,1.0,1.0,0.0,True
R0_WARD__M0137,R0_WARD,WARD,RAW_STANDARDIZED,True,2,False,0,0,True,,1.0,0.0,True,0.9692307692307692,0.9692307692307692,0.0,True
R0_WARD__M0138,R0_WARD,WARD,RAW_STANDARDIZED,True,0,True,0,0,True,,1.0,0.0,True,1.0,1.0,0.0,True
R0_WARD__M0139,R0_WARD,WARD,RAW_STANDARDIZED,True,0,True,0,0,True,,1.0,0.0,True,1.0,1.0,0.0,True
R0_WARD__M0140,R0_WARD,WARD,RAW_STANDARDIZED,True,0,True,0,0,True,,1.0,0.0,True,1.0,1.0,0.0,True
R0_WARD__M0141,R0_WARD,WARD,RAW_STANDARDIZED,True,0,True,0,0,True,,1.0,0.0,True,1.0,1.0,0.0,True
R0_WARD__M0142,R0_WARD,WARD,RAW_STANDARDIZED,True,0,True,0,0,True,,1.0,0.0,True,1.0,1.0,0.0,True
R0_WARD__M0143,R0_WARD,WARD,RAW_STANDARDIZED,True,1,False,0,0,True,,1.0,0.0,True,0.9846153846153848,0.9846153846153847,1.1102230246251565e-16,True
R0_WARD__M0144,R0_WARD,WARD,RAW_STANDARDIZED,True,1,False,0,0,True,,1.0,0.0,True,0.9846153846153848,0.9846153846153847,1.1102230246251565e-16,True
R0_WARD__M0145,R0_WARD,WARD,RAW_STANDARDIZED,False,4,False,0,0,True,,1.0,0.0,True,0.9384615384615383,0.9384615384615385,1.1102230246251565e-16,True
R0_WARD__M0146,R0_WARD,WARD,RAW_STANDARDIZED,True,0,True,0,0,True,,1.0,0.0,True,1.0,1.0,0.0,True
R0_WARD__M0147,R0_WARD,WARD,RAW_STANDARDIZED,True,0,True,0,0,True,,1.0,0.0,True,1.0,1.0,0.0,True
R0_WARD__M0148,R0_WARD,WARD,RAW_STANDARDIZED,True,0,True,0,0,True,,1.0,0.0,True,1.0,1.0,0.0,True
R0_WARD__M0149,R0_WARD,WARD,RAW_STANDARDIZED,True,1,False,0,0,True,,1.0,0.0,True,0.9846153846153848,0.9846153846153847,1.1102230246251565e-16,True
R0_WARD__M0150,R0_WARD,WARD,RAW_STANDARDIZED,True,1,False,0,0,True,,1.0,0.0,True,0.9846153846153848,0.9846153846153847,1.1102230246251565e-16,True
R0_WARD__M0151,R0_WARD,WARD,RAW_STANDARDIZED,True,1,False,0,0,True,,1.0,0.0,True,0.9846153846153848,0.9846153846153847,1.1102230246251565e-16,True
R0_WARD__M0152,R0_WARD,WARD,RAW_STANDARDIZED,True,3,False,0,0,True,,1.0,0.0,True,0.953846153846154,0.9538461538461539,1.1102230246251565e-16,True
R0_WARD__M0153,R0_WARD,WARD,RAW_STANDARDIZED,True,3,False,0,0,True,,1.0,0.0,True,0.953846153846154,0.9538461538461539,1.1102230246251565e-16,True
R0_WARD__M0154,R0_WARD,WARD,RAW_STANDARDIZED,True,0,True,0,0,True,,1.0,0.0,True,1.0,1.0,0.0,True
R0_WARD__M0155,R0_WARD,WARD,RAW_STANDARDIZED,True,2,False,0,0,True,,1.0,0.0,True,0.9692307692307692,0.9692307692307692,0.0,True
R0_WARD__M0156,R0_WARD,WARD,RAW_STANDARDIZED,True,1,False,0,0,True,,1.0,0.0,True,0.9846153846153848,0.9846153846153847,1.1102230246251565e-16,True
R0_WARD__M0157,R0_WARD,WARD,RAW_STANDARDIZED,True,1,False,0,0,True,,1.0,0.0,True,0.9846153846153848,0.9846153846153847,1.1102230246251565e-16,True
R0_WARD__M0158,R0_WARD,WARD,RAW_STANDARDIZED,True,3,False,0,0,True,,1.0,0.0,True,0.953846153846154,0.9538461538461539,1.1102230246251565e-16,True
R0_WARD__M0159,R0_WARD,WARD,RAW_STANDARDIZED,True,0,True,0,0,True,,1.0,0.0,True,1.0,1.0,0.0,True
R0_WARD__M0160,R0_WARD,WARD,RAW_STANDARDIZED,True,1,False,0,0,True,,1.0,0.0,True,0.9846153846153848,0.9846153846153847,1.1102230246251565e-16,True
R0_WARD__M0161,R0_WARD,WARD,RAW_STANDARDIZED,True,0,True,0,0,True,,1.0,0.0,True,1.0,1.0,0.0,True
R0_WARD__M0162,R0_WARD,WARD,RAW_STANDARDIZED,True,0,True,0,0,True,,1.0,0.0,True,1.0,1.0,0.0,True
R0_WARD__M0163,R0_WARD,WARD,RAW_STANDARDIZED,True,3,False,0,0,True,,1.0,0.0,True,0.953846153846154,0.9538461538461539,1.1102230246251565e-16,True
R0_WARD__M0164,R0_WARD,WARD,RAW_STANDARDIZED,True,0,True,0,0,True,,1.0,0.0,True,1.0,1.0,0.0,True
R0_WARD__M0165,R0_WARD,WARD,RAW_STANDARDIZED,True,0,True,0,0,True,,1.0,0.0,True,1.0,1.0,0.0,True
R0_WARD__M0166,R0_WARD,WARD,RAW_STANDARDIZED,True,1,False,0,0,True,,1.0,0.0,True,0.9846153846153848,0.9846153846153847,1.1102230246251565e-16,True
R0_WARD__M0167,R0_WARD,WARD,RAW_STANDARDIZED,True,1,False,0,0,True,,1.0,0.0,True,0.9846153846153848,0.9846153846153847,1.1102230246251565e-16,True
R0_WARD__M0168,R0_WARD,WARD,RAW_STANDARDIZED,True,1,False,0,0,True,,1.0,0.0,True,0.9846153846153848,0.9846153846153847,1.1102230246251565e-16,True
R0_WARD__M0169,R0_WARD,WARD,RAW_STANDARDIZED,True,0,True,0,0,True,,1.0,0.0,True,1.0,1.0,0.0,True
R0_WARD__M0170,R0_WARD,WARD,RAW_STANDARDIZED,True,1,False,0,0,True,,1.0,0.0,True,0.9846153846153848,0.9846153846153847,1.1102230246251565e-16,True
R0_WARD__M0171,R0_WARD,WARD,RAW_STANDARDIZED,True,0,True,0,0,True,,1.0,0.0,True,1.0,1.0,0.0,True
R0_WARD__M0172,R0_WARD,WARD,RAW_STANDARDIZED,True,0,True,0,0,True,,1.0,0.0,True,1.0,1.0,0.0,True
R0_WARD__M0173,R0_WARD,WARD,RAW_STANDARDIZED,True,3,False,0,0,True,,1.0,0.0,True,0.953846153846154,0.9538461538461539,1.1102230246251565e-16,True
R0_WARD__M0174,R0_WARD,WARD,RAW_STANDARDIZED,True,0,True,0,0,True,,1.0,0.0,True,1.0,1.0,0.0,True
R0_WARD__M0175,R0_WARD,WARD,RAW_STANDARDIZED,True,0,True,0,0,True,,1.0,0.0,True,1.0,1.0,0.0,True
R0_WARD__M0176,R0_WARD,WARD,RAW_STANDARDIZED,True,0,True,0,0,True,,1.0,0.0,True,1.0,1.0,0.0,True
R0_WARD__M0177,R0_WARD,WARD,RAW_STANDARDIZED,True,0,True,0,0,True,,1.0,0.0,True,1.0,1.0,0.0,True
R0_WARD__M0178,R0_WARD,WARD,RAW_STANDARDIZED,True,1,False,0,0,True,,1.0,0.0,True,0.9846153846153848,0.9846153846153847,1.1102230246251565e-16,True
R0_WARD__M0179,R0_WARD,WARD,RAW_STANDARDIZED,True,0,True,0,0,True,,1.0,0.0,True,1.0,1.0,0.0,True
R0_WARD__M0180,R0_WARD,WARD,RAW_STANDARDIZED,True,2,False,0,0,True,,1.0,0.0,True,0.9692307692307692,0.9692307692307692,0.0,True
R0_WARD__M0181,R0_WARD,WARD,RAW_STANDARDIZED,True,1,False,0,0,True,,1.0,0.0,True,0.9846153846153848,0.9846153846153847,1.1102230246251565e-16,True
R0_WARD__M0182,R0_WARD,WARD,RAW_STANDARDIZED,True,0,True,0,0,True,,1.0,0.0,True,1.0,1.0,0.0,True
R0_WARD__M0183,R0_WARD,WARD,RAW_STANDARDIZED,True,1,False,0,0,True,,1.0,0.0,True,0.9846153846153848,0.9846153846153847,1.1102230246251565e-16,True
R0_WARD__M0184,R0_WARD,WARD,RAW_STANDARDIZED,True,1,False,0,0,True,,1.0,0.0,True,0.9846153846153848,0.9846153846153847,1.1102230246251565e-16,True
R0_WARD__M0185,R0_WARD,WARD,RAW_STANDARDIZED,True,1,False,0,0,True,,1.0,0.0,True,0.9846153846153848,0.9846153846153847,1.1102230246251565e-16,True
R0_WARD__M0186,R0_WARD,WARD,RAW_STANDARDIZED,True,0,True,0,0,True,,1.0,0.0,True,1.0,1.0,0.0,True
R0_WARD__M0187,R0_WARD,WARD,RAW_STANDARDIZED,True,0,True,0,0,True,,1.0,0.0,True,1.0,1.0,0.0,True
R0_WARD__M0188,R0_WARD,WARD,RAW_STANDARDIZED,True,3,False,0,0,True,,1.0,0.0,True,0.953846153846154,0.9538461538461539,1.1102230246251565e-16,True
R0_WARD__M0189,R0_WARD,WARD,RAW_STANDARDIZED,True,1,False,0,0,True,,1.0,0.0,True,0.9846153846153848,0.9846153846153847,1.1102230246251565e-16,True
R0_WARD__M0190,R0_WARD,WARD,RAW_STANDARDIZED,True,2,False,0,0,True,,1.0,0.0,True,0.9692307692307692,0.9692307692307692,0.0,True
R0_WARD__M0191,R0_WARD,WARD,RAW_STANDARDIZED,True,0,True,0,0,True,,1.0,0.0,True,1.0,1.0,0.0,True
R0_WARD__M0192,R0_WARD,WARD,RAW_STANDARDIZED,True,1,False,0,0,True,,1.0,0.0,True,0.9846153846153848,0.9846153846153847,1.1102230246251565e-16,True
R0_WARD__M0193,R0_WARD,WARD,RAW_STANDARDIZED,True,1,False,0,0,True,,1.0,0.0,True,0.9846153846153848,0.9846153846153847,1.1102230246251565e-16,True
R0_WARD__M0194,R0_WARD,WARD,RAW_STANDARDIZED,True,0,True,0,0,True,,1.0,0.0,True,1.0,1.0,0.0,True
R0_WARD__M0195,R0_WARD,WARD,RAW_STANDARDIZED,True,0,True,0,0,True,,1.0,0.0,True,1.0,1.0,0.0,True
R0_WARD__M0196,R0_WARD,WARD,RAW_STANDARDIZED,True,0,True,0,0,True,,1.0,0.0,True,1.0,1.0,0.0,True
R0_WARD__M0197,R0_WARD,WARD,RAW_STANDARDIZED,True,2,False,0,0,True,,1.0,0.0,True,0.9692307692307692,0.9692307692307692,0.0,True
R0_WARD__M0198,R0_WARD,WARD,RAW_STANDARDIZED,True,0,True,0,0,True,,1.0,0.0,True,1.0,1.0,0.0,True
R0_WARD__M0199,R0_WARD,WARD,RAW_STANDARDIZED,True,0,True,0,0,True,,1.0,0.0,True,1.0,1.0,0.0,True
R0_WARD__M0200,R0_WARD,WARD,RAW_STANDARDIZED,True,0,True,0,0,True,,1.0,0.0,True,1.0,1.0,0.0,True
R0_WARD__M0201,R0_WARD,WARD,RAW_STANDARDIZED,True,0,True,0,0,True,,1.0,0.0,True,1.0,1.0,0.0,True
R0_WARD__M0202,R0_WARD,WARD,RAW_STANDARDIZED,True,3,False,0,0,True,,1.0,0.0,True,0.953846153846154,0.9538461538461539,1.1102230246251565e-16,True
R0_WARD__M0203,R0_WARD,WARD,RAW_STANDARDIZED,True,0,True,0,0,True,,1.0,0.0,True,1.0,1.0,0.0,True
R0_WARD__M0204,R0_WARD,WARD,RAW_STANDARDIZED,True,3,False,0,0,True,,1.0,0.0,True,0.953846153846154,0.9538461538461539,1.1102230246251565e-16,True
R0_WARD__M0205,R0_WARD,WARD,RAW_STANDARDIZED,True,3,False,0,0,True,,1.0,0.0,True,0.953846153846154,0.9538461538461539,1.1102230246251565e-16,True
R0_WARD__M0206,R0_WARD,WARD,RAW_STANDARDIZED,True,0,True,0,0,True,,1.0,0.0,True,1.0,1.0,0.0,True
R0_WARD__M0207,R0_WARD,WARD,RAW_STANDARDIZED,True,2,False,0,0,True,,1.0,0.0,True,0.9692307692307692,0.9692307692307692,0.0,True
R0_WARD__M0208,R0_WARD,WARD,RAW_STANDARDIZED,True,1,False,0,0,True,,1.0,0.0,True,0.9846153846153848,0.9846153846153847,1.1102230246251565e-16,True
R0_WARD__M0209,R0_WARD,WARD,RAW_STANDARDIZED,True,1,False,0,0,True,,1.0,0.0,True,0.9846153846153848,0.9846153846153847,1.1102230246251565e-16,True
R0_WARD__M0210,R0_WARD,WARD,RAW_STANDARDIZED,True,0,True,0,0,True,,1.0,0.0,True,1.0,1.0,0.0,True
R0_WARD__M0211,R0_WARD,WARD,RAW_STANDARDIZED,True,1,False,0,0,True,,1.0,0.0,True,0.9846153846153848,0.9846153846153847,1.1102230246251565e-16,True
R0_WARD__M0212,R0_WARD,WARD,RAW_STANDARDIZED,True,0,True,0,0,True,,1.0,0.0,True,1.0,1.0,0.0,True
R0_WARD__M0213,R0_WARD,WARD,RAW_STANDARDIZED,True,0,True,0,0,True,,1.0,0.0,True,1.0,1.0,0.0,True
R0_WARD__M0214,R0_WARD,WARD,RAW_STANDARDIZED,True,2,False,0,0,True,,1.0,0.0,True,0.9692307692307692,0.9692307692307692,0.0,True
R0_WARD__M0215,R0_WARD,WARD,RAW_STANDARDIZED,True,1,False,0,0,True,,1.0,0.0,True,0.9846153846153848,0.9846153846153847,1.1102230246251565e-16,True
R0_WARD__M0216,R0_WARD,WARD,RAW_STANDARDIZED,True,0,True,0,0,True,,1.0,0.0,True,1.0,1.0,0.0,True
R0_WARD__M0217,R0_WARD,WARD,RAW_STANDARDIZED,True,2,False,0,0,True,,1.0,0.0,True,0.9692307692307692,0.9692307692307692,0.0,True
R0_WARD__M0218,R0_WARD,WARD,RAW_STANDARDIZED,True,1,False,0,0,True,,1.0,0.0,True,0.9846153846153848,0.9846153846153847,1.1102230246251565e-16,True
R0_WARD__M0219,R0_WARD,WARD,RAW_STANDARDIZED,True,0,True,0,0,True,,1.0,0.0,True,1.0,1.0,0.0,True
R0_WARD__M0220,R0_WARD,WARD,RAW_STANDARDIZED,True,0,True,0,0,True,,1.0,0.0,True,1.0,1.0,0.0,True
R0_WARD__M0221,R0_WARD,WARD,RAW_STANDARDIZED,True,1,False,0,0,True,,1.0,0.0,True,0.9846153846153848,0.9846153846153847,1.1102230246251565e-16,True
R0_WARD__M0222,R0_WARD,WARD,RAW_STANDARDIZED,True,0,True,0,0,True,,1.0,0.0,True,1.0,1.0,0.0,True
R0_WARD__M0223,R0_WARD,WARD,RAW_STANDARDIZED,True,0,True,0,0,True,,1.0,0.0,True,1.0,1.0,0.0,True
R0_WARD__M0224,R0_WARD,WARD,RAW_STANDARDIZED,False,6,False,0,0,True,,1.0,0.0,True,0.9076923076923076,0.9076923076923077,1.1102230246251565e-16,True
R0_WARD__M0225,R0_WARD,WARD,RAW_STANDARDIZED,True,0,True,0,0,True,,1.0,0.0,True,1.0,1.0,0.0,True
R0_WARD__M0226,R0_WARD,WARD,RAW_STANDARDIZED,True,1,False,0,0,True,,1.0,0.0,True,0.9846153846153848,0.9846153846153847,1.1102230246251565e-16,True
R0_WARD__M0227,R0_WARD,WARD,RAW_STANDARDIZED,True,3,False,0,0,True,,1.0,0.0,True,0.953846153846154,0.9538461538461539,1.1102230246251565e-16,True
R0_WARD__M0228,R0_WARD,WARD,RAW_STANDARDIZED,True,0,True,0,0,True,,1.0,0.0,True,1.0,1.0,0.0,True
R0_WARD__M0229,R0_WARD,WARD,RAW_STANDARDIZED,True,1,False,0,0,True,,1.0,0.0,True,0.9846153846153848,0.9846153846153847,1.1102230246251565e-16,True
R0_WARD__M0230,R0_WARD,WARD,RAW_STANDARDIZED,True,0,True,0,0,True,,1.0,0.0,True,1.0,1.0,0.0,True
R0_WARD__M0231,R0_WARD,WARD,RAW_STANDARDIZED,True,1,False,0,0,True,,1.0,0.0,True,0.9846153846153848,0.9846153846153847,1.1102230246251565e-16,True
R0_WARD__M0232,R0_WARD,WARD,RAW_STANDARDIZED,True,0,True,0,0,True,,1.0,0.0,True,1.0,1.0,0.0,True
R0_WARD__M0233,R0_WARD,WARD,RAW_STANDARDIZED,True,1,False,0,0,True,,1.0,0.0,True,0.9846153846153848,0.9846153846153847,1.1102230246251565e-16,True
R0_WARD__M0234,R0_WARD,WARD,RAW_STANDARDIZED,True,2,False,0,0,True,,1.0,0.0,True,0.9692307692307692,0.9692307692307692,0.0,True
R0_WARD__M0235,R0_WARD,WARD,RAW_STANDARDIZED,True,1,False,0,0,True,,1.0,0.0,True,0.9846153846153848,0.9846153846153847,1.1102230246251565e-16,True
R0_WARD__M0236,R0_WARD,WARD,RAW_STANDARDIZED,True,0,True,0,0,True,,1.0,0.0,True,1.0,1.0,0.0,True
R0_WARD__M0237,R0_WARD,WARD,RAW_STANDARDIZED,True,1,False,0,0,True,,1.0,0.0,True,0.9846153846153848,0.9846153846153847,1.1102230246251565e-16,True
R0_WARD__M0238,R0_WARD,WARD,RAW_STANDARDIZED,True,1,False,0,0,True,,1.0,0.0,True,0.9846153846153848,0.9846153846153847,1.1102230246251565e-16,True
R0_WARD__M0239,R0_WARD,WARD,RAW_STANDARDIZED,True,0,True,0,0,True,,1.0,0.0,True,1.0,1.0,0.0,True
R0_WARD__M0240,R0_WARD,WARD,RAW_STANDARDIZED,True,3,False,0,0,True,,1.0,0.0,True,0.953846153846154,0.9538461538461539,1.1102230246251565e-16,True
R0_WARD__M0241,R0_WARD,WARD,RAW_STANDARDIZED,True,1,False,0,0,True,,1.0,0.0,True,0.9846153846153848,0.9846153846153847,1.1102230246251565e-16,True
R0_WARD__M0242,R0_WARD,WARD,RAW_STANDARDIZED,True,0,True,0,0,True,,1.0,0.0,True,1.0,1.0,0.0,True
R0_WARD__M0243,R0_WARD,WARD,RAW_STANDARDIZED,True,1,False,0,0,True,,1.0,0.0,True,0.9846153846153848,0.9846153846153847,1.1102230246251565e-16,True
R0_WARD__M0244,R0_WARD,WARD,RAW_STANDARDIZED,True,1,False,0,0,True,,1.0,0.0,True,0.9846153846153848,0.9846153846153847,1.1102230246251565e-16,True
R0_WARD__M0245,R0_WARD,WARD,RAW_STANDARDIZED,True,0,True,0,0,True,,1.0,0.0,True,1.0,1.0,0.0,True
R0_WARD__M0246,R0_WARD,WARD,RAW_STANDARDIZED,True,0,True,0,0,True,,1.0,0.0,True,1.0,1.0,0.0,True
R0_WARD__M0247,R0_WARD,WARD,RAW_STANDARDIZED,True,0,True,0,0,True,,1.0,0.0,True,1.0,1.0,0.0,True
R0_WARD__M0248,R0_WARD,WARD,RAW_STANDARDIZED,True,0,True,0,0,True,,1.0,0.0,True,1.0,1.0,0.0,True
R0_WARD__M0249,R0_WARD,WARD,RAW_STANDARDIZED,True,0,True,0,0,True,,1.0,0.0,True,1.0,1.0,0.0,True
R0_WARD__M0250,R0_WARD,WARD,RAW_STANDARDIZED,True,0,True,0,0,True,,1.0,0.0,True,1.0,1.0,0.0,True
R1_PCA85_WARD__M0001,R1_PCA85_WARD,WARD,PCA85,True,0,True,5,5,True,0.8861252016243243,0.8861252016243243,0.0,True,1.0,1.0,0.0,True
R1_PCA85_WARD__M0002,R1_PCA85_WARD,WARD,PCA85,True,0,True,5,5,True,0.8899959818044298,0.88999598180443,1.1102230246251565e-16,True,1.0,1.0,0.0,True
R1_PCA85_WARD__M0003,R1_PCA85_WARD,WARD,PCA85,True,2,False,5,5,True,0.8883976465839957,0.8883976465839958,1.1102230246251565e-16,True,0.9692307692307692,0.9692307692307692,0.0,True
R1_PCA85_WARD__M0004,R1_PCA85_WARD,WARD,PCA85,True,0,True,5,5,True,0.8655192116949757,0.8655192116949756,1.1102230246251565e-16,True,1.0,1.0,0.0,True
R1_PCA85_WARD__M0005,R1_PCA85_WARD,WARD,PCA85,True,1,False,4,4,True,0.855408924990308,0.855408924990308,0.0,True,0.9846153846153848,0.9846153846153847,1.1102230246251565e-16,True
R1_PCA85_WARD__M0006,R1_PCA85_WARD,WARD,PCA85,True,0,True,5,5,True,0.888839411612774,0.888839411612774,0.0,True,1.0,1.0,0.0,True
R1_PCA85_WARD__M0007,R1_PCA85_WARD,WARD,PCA85,True,0,True,5,5,True,0.8901930344635448,0.8901930344635449,1.1102230246251565e-16,True,1.0,1.0,0.0,True
R1_PCA85_WARD__M0008,R1_PCA85_WARD,WARD,PCA85,True,0,True,4,4,True,0.858013692760085,0.858013692760085,0.0,True,1.0,1.0,0.0,True
R1_PCA85_WARD__M0009,R1_PCA85_WARD,WARD,PCA85,True,0,True,5,5,True,0.8841328060655047,0.8841328060655047,0.0,True,1.0,1.0,0.0,True
R1_PCA85_WARD__M0010,R1_PCA85_WARD,WARD,PCA85,True,0,True,4,4,True,0.8575273704592885,0.8575273704592886,1.1102230246251565e-16,True,1.0,1.0,0.0,True
R1_PCA85_WARD__M0011,R1_PCA85_WARD,WARD,PCA85,True,0,True,5,5,True,0.876148997159648,0.8761489971596481,1.1102230246251565e-16,True,1.0,1.0,0.0,True
R1_PCA85_WARD__M0012,R1_PCA85_WARD,WARD,PCA85,False,4,False,4,4,True,0.8603650214956516,0.8603650214956517,1.1102230246251565e-16,True,0.9384615384615383,0.9384615384615385,1.1102230246251565e-16,True
R1_PCA85_WARD__M0013,R1_PCA85_WARD,WARD,PCA85,True,0,True,5,5,True,0.892984169021018,0.8929841690210182,2.220446049250313e-16,True,1.0,1.0,0.0,True
R1_PCA85_WARD__M0014,R1_PCA85_WARD,WARD,PCA85,True,0,True,4,4,True,0.8644549647920073,0.8644549647920075,1.1102230246251565e-16,True,1.0,1.0,0.0,True
R1_PCA85_WARD__M0015,R1_PCA85_WARD,WARD,PCA85,True,0,True,5,5,True,0.8892341582877912,0.8892341582877912,0.0,True,1.0,1.0,0.0,True
R1_PCA85_WARD__M0016,R1_PCA85_WARD,WARD,PCA85,True,2,False,4,4,True,0.8681475685312572,0.868147568531257,2.220446049250313e-16,True,0.9692307692307692,0.9692307692307692,0.0,True
R1_PCA85_WARD__M0017,R1_PCA85_WARD,WARD,PCA85,True,1,False,5,5,True,0.8890688991006177,0.8890688991006177,0.0,True,0.9846153846153848,0.9846153846153847,1.1102230246251565e-16,True
R1_PCA85_WARD__M0018,R1_PCA85_WARD,WARD,PCA85,True,1,False,4,4,True,0.864133114183107,0.8641331141831071,1.1102230246251565e-16,True,0.9846153846153848,0.9846153846153847,1.1102230246251565e-16,True
R1_PCA85_WARD__M0019,R1_PCA85_WARD,WARD,PCA85,True,0,True,5,5,True,0.8757051032035464,0.8757051032035462,2.220446049250313e-16,True,1.0,1.0,0.0,True
R1_PCA85_WARD__M0020,R1_PCA85_WARD,WARD,PCA85,True,0,True,4,4,True,0.850038868495221,0.8500388684952211,1.1102230246251565e-16,True,1.0,1.0,0.0,True
R1_PCA85_WARD__M0021,R1_PCA85_WARD,WARD,PCA85,True,0,True,4,4,True,0.8557353263290369,0.8557353263290368,1.1102230246251565e-16,True,1.0,1.0,0.0,True
R1_PCA85_WARD__M0022,R1_PCA85_WARD,WARD,PCA85,True,1,False,4,4,True,0.8602853407357236,0.8602853407357235,1.1102230246251565e-16,True,0.9846153846153848,0.9846153846153847,1.1102230246251565e-16,True
R1_PCA85_WARD__M0023,R1_PCA85_WARD,WARD,PCA85,True,0,True,4,4,True,0.8510535481741489,0.8510535481741489,0.0,True,1.0,1.0,0.0,True
R1_PCA85_WARD__M0024,R1_PCA85_WARD,WARD,PCA85,True,3,False,5,5,True,0.886489947181261,0.8864899471812606,3.3306690738754696e-16,True,0.953846153846154,0.9538461538461539,1.1102230246251565e-16,True
R1_PCA85_WARD__M0025,R1_PCA85_WARD,WARD,PCA85,True,1,False,4,4,True,0.8546957266265616,0.8546957266265613,2.220446049250313e-16,True,0.9846153846153848,0.9846153846153847,1.1102230246251565e-16,True
R1_PCA85_WARD__M0026,R1_PCA85_WARD,WARD,PCA85,True,1,False,5,5,True,0.8858070192062749,0.8858070192062749,0.0,True,0.9846153846153848,0.9846153846153847,1.1102230246251565e-16,True
R1_PCA85_WARD__M0027,R1_PCA85_WARD,WARD,PCA85,True,1,False,5,5,True,0.8812113234379421,0.8812113234379423,2.220446049250313e-16,True,0.9846153846153848,0.9846153846153847,1.1102230246251565e-16,True
R1_PCA85_WARD__M0028,R1_PCA85_WARD,WARD,PCA85,True,0,True,4,4,True,0.8549490391821122,0.8549490391821122,0.0,True,1.0,1.0,0.0,True
R1_PCA85_WARD__M0029,R1_PCA85_WARD,WARD,PCA85,True,0,True,5,5,True,0.869713382886762,0.8697133828867618,2.220446049250313e-16,True,1.0,1.0,0.0,True
R1_PCA85_WARD__M0030,R1_PCA85_WARD,WARD,PCA85,True,2,False,4,4,True,0.8624501488585028,0.8624501488585028,0.0,True,0.9692307692307692,0.9692307692307692,0.0,True
R1_PCA85_WARD__M0031,R1_PCA85_WARD,WARD,PCA85,True,0,True,4,4,True,0.8529827059229255,0.8529827059229255,0.0,True,1.0,1.0,0.0,True
R1_PCA85_WARD__M0032,R1_PCA85_WARD,WARD,PCA85,True,0,True,4,4,True,0.852094647762824,0.8520946477628237,2.220446049250313e-16,True,1.0,1.0,0.0,True
R1_PCA85_WARD__M0033,R1_PCA85_WARD,WARD,PCA85,True,1,False,4,4,True,0.8753383023063224,0.8753383023063221,2.220446049250313e-16,True,0.9846153846153848,0.9846153846153847,1.1102230246251565e-16,True
R1_PCA85_WARD__M0034,R1_PCA85_WARD,WARD,PCA85,True,2,False,4,4,True,0.8764566931686736,0.8764566931686734,2.220446049250313e-16,True,0.9692307692307692,0.9692307692307692,0.0,True
R1_PCA85_WARD__M0035,R1_PCA85_WARD,WARD,PCA85,True,1,False,5,5,True,0.8857146221033354,0.8857146221033356,2.220446049250313e-16,True,0.9846153846153848,0.9846153846153847,1.1102230246251565e-16,True
R1_PCA85_WARD__M0036,R1_PCA85_WARD,WARD,PCA85,True,0,True,4,4,True,0.8727843922651846,0.8727843922651846,0.0,True,1.0,1.0,0.0,True
R1_PCA85_WARD__M0037,R1_PCA85_WARD,WARD,PCA85,True,0,True,4,4,True,0.8531827497027645,0.8531827497027646,1.1102230246251565e-16,True,1.0,1.0,0.0,True
R1_PCA85_WARD__M0038,R1_PCA85_WARD,WARD,PCA85,True,0,True,4,4,True,0.8647484168845114,0.8647484168845114,0.0,True,1.0,1.0,0.0,True
R1_PCA85_WARD__M0039,R1_PCA85_WARD,WARD,PCA85,True,1,False,5,5,True,0.8742596551355236,0.8742596551355237,1.1102230246251565e-16,True,0.9846153846153848,0.9846153846153847,1.1102230246251565e-16,True
R1_PCA85_WARD__M0040,R1_PCA85_WARD,WARD,PCA85,True,0,True,5,5,True,0.8816080977977185,0.8816080977977188,2.220446049250313e-16,True,1.0,1.0,0.0,True
R1_PCA85_WARD__M0041,R1_PCA85_WARD,WARD,PCA85,False,5,False,5,5,True,0.8765512007508272,0.8765512007508275,3.3306690738754696e-16,True,0.9230769230769232,0.9230769230769231,1.1102230246251565e-16,True
R1_PCA85_WARD__M0042,R1_PCA85_WARD,WARD,PCA85,True,0,True,4,4,True,0.8706188211368933,0.8706188211368933,0.0,True,1.0,1.0,0.0,True
R1_PCA85_WARD__M0043,R1_PCA85_WARD,WARD,PCA85,True,2,False,5,5,True,0.8927922788364188,0.8927922788364189,1.1102230246251565e-16,True,0.9692307692307692,0.9692307692307692,0.0,True
R1_PCA85_WARD__M0044,R1_PCA85_WARD,WARD,PCA85,True,2,False,5,5,True,0.883109121970738,0.883109121970738,0.0,True,0.9692307692307692,0.9692307692307692,0.0,True
R1_PCA85_WARD__M0045,R1_PCA85_WARD,WARD,PCA85,True,1,False,4,4,True,0.8630168444843347,0.8630168444843347,0.0,True,0.9846153846153848,0.9846153846153847,1.1102230246251565e-16,True
R1_PCA85_WARD__M0046,R1_PCA85_WARD,WARD,PCA85,True,1,False,5,5,True,0.8755521166751956,0.8755521166751955,1.1102230246251565e-16,True,0.9846153846153848,0.9846153846153847,1.1102230246251565e-16,True
R1_PCA85_WARD__M0047,R1_PCA85_WARD,WARD,PCA85,True,0,True,4,4,True,0.8616815890914573,0.8616815890914576,3.3306690738754696e-16,True,1.0,1.0,0.0,True
R1_PCA85_WARD__M0048,R1_PCA85_WARD,WARD,PCA85,True,1,False,4,4,True,0.8725922363478082,0.8725922363478082,0.0,True,0.9846153846153848,0.9846153846153847,1.1102230246251565e-16,True
R1_PCA85_WARD__M0049,R1_PCA85_WARD,WARD,PCA85,True,1,False,4,4,True,0.8551376621991506,0.8551376621991504,1.1102230246251565e-16,True,0.9846153846153848,0.9846153846153847,1.1102230246251565e-16,True
R1_PCA85_WARD__M0050,R1_PCA85_WARD,WARD,PCA85,True,0,True,5,5,True,0.8861351098063207,0.8861351098063205,2.220446049250313e-16,True,1.0,1.0,0.0,True
R1_PCA85_WARD__M0051,R1_PCA85_WARD,WARD,PCA85,True,0,True,5,5,True,0.8574621236692113,0.8574621236692112,1.1102230246251565e-16,True,1.0,1.0,0.0,True
R1_PCA85_WARD__M0052,R1_PCA85_WARD,WARD,PCA85,True,0,True,4,4,True,0.8703114962295905,0.8703114962295906,1.1102230246251565e-16,True,1.0,1.0,0.0,True
R1_PCA85_WARD__M0053,R1_PCA85_WARD,WARD,PCA85,True,1,False,4,4,True,0.862600245606117,0.8626002456061169,1.1102230246251565e-16,True,0.9846153846153848,0.9846153846153847,1.1102230246251565e-16,True
R1_PCA85_WARD__M0054,R1_PCA85_WARD,WARD,PCA85,True,0,True,5,5,True,0.863214337573314,0.8632143375733139,1.1102230246251565e-16,True,1.0,1.0,0.0,True
R1_PCA85_WARD__M0055,R1_PCA85_WARD,WARD,PCA85,True,1,False,4,4,True,0.8568889073922448,0.8568889073922449,1.1102230246251565e-16,True,0.9846153846153848,0.9846153846153847,1.1102230246251565e-16,True
R1_PCA85_WARD__M0056,R1_PCA85_WARD,WARD,PCA85,True,1,False,4,4,True,0.8722495747749447,0.8722495747749445,2.220446049250313e-16,True,0.9846153846153848,0.9846153846153847,1.1102230246251565e-16,True
R1_PCA85_WARD__M0057,R1_PCA85_WARD,WARD,PCA85,True,1,False,4,4,True,0.8522033410781014,0.8522033410781014,0.0,True,0.9846153846153848,0.9846153846153847,1.1102230246251565e-16,True
R1_PCA85_WARD__M0058,R1_PCA85_WARD,WARD,PCA85,True,1,False,4,4,True,0.8548486719428804,0.8548486719428805,1.1102230246251565e-16,True,0.9846153846153848,0.9846153846153847,1.1102230246251565e-16,True
R1_PCA85_WARD__M0059,R1_PCA85_WARD,WARD,PCA85,False,4,False,5,5,True,0.8900450991591957,0.8900450991591958,1.1102230246251565e-16,True,0.9384615384615383,0.9384615384615385,1.1102230246251565e-16,True
R1_PCA85_WARD__M0060,R1_PCA85_WARD,WARD,PCA85,True,1,False,5,5,True,0.879930271789812,0.8799302717898122,2.220446049250313e-16,True,0.9846153846153848,0.9846153846153847,1.1102230246251565e-16,True
R1_PCA85_WARD__M0061,R1_PCA85_WARD,WARD,PCA85,True,0,True,5,5,True,0.8757386281831031,0.8757386281831032,1.1102230246251565e-16,True,1.0,1.0,0.0,True
R1_PCA85_WARD__M0062,R1_PCA85_WARD,WARD,PCA85,True,0,True,4,4,True,0.8785336525609945,0.8785336525609946,1.1102230246251565e-16,True,1.0,1.0,0.0,True
R1_PCA85_WARD__M0063,R1_PCA85_WARD,WARD,PCA85,True,3,False,5,5,True,0.887617332624633,0.8876173326246329,1.1102230246251565e-16,True,0.953846153846154,0.9538461538461539,1.1102230246251565e-16,True
R1_PCA85_WARD__M0064,R1_PCA85_WARD,WARD,PCA85,True,1,False,4,4,True,0.8563908632905914,0.8563908632905916,1.1102230246251565e-16,True,0.9846153846153848,0.9846153846153847,1.1102230246251565e-16,True
R1_PCA85_WARD__M0065,R1_PCA85_WARD,WARD,PCA85,True,0,True,5,5,True,0.8896345808978221,0.889634580897822,1.1102230246251565e-16,True,1.0,1.0,0.0,True
R1_PCA85_WARD__M0066,R1_PCA85_WARD,WARD,PCA85,True,0,True,4,4,True,0.8733471450947291,0.8733471450947293,2.220446049250313e-16,True,1.0,1.0,0.0,True
R1_PCA85_WARD__M0067,R1_PCA85_WARD,WARD,PCA85,True,1,False,4,4,True,0.8592900029713043,0.8592900029713043,0.0,True,0.9846153846153848,0.9846153846153847,1.1102230246251565e-16,True
R1_PCA85_WARD__M0068,R1_PCA85_WARD,WARD,PCA85,True,1,False,5,5,True,0.8892311375718464,0.889231137571846,3.3306690738754696e-16,True,0.9846153846153848,0.9846153846153847,1.1102230246251565e-16,True
R1_PCA85_WARD__M0069,R1_PCA85_WARD,WARD,PCA85,True,2,False,5,5,True,0.8888342777546744,0.8888342777546745,1.1102230246251565e-16,True,0.9692307692307692,0.9692307692307692,0.0,True
R1_PCA85_WARD__M0070,R1_PCA85_WARD,WARD,PCA85,True,0,True,4,4,True,0.8567708975368145,0.8567708975368145,0.0,True,1.0,1.0,0.0,True
R1_PCA85_WARD__M0071,R1_PCA85_WARD,WARD,PCA85,True,1,False,5,5,True,0.8634953233705109,0.8634953233705108,1.1102230246251565e-16,True,0.9846153846153848,0.9846153846153847,1.1102230246251565e-16,True
R1_PCA85_WARD__M0072,R1_PCA85_WARD,WARD,PCA85,True,2,False,5,5,True,0.8773106638475713,0.8773106638475714,1.1102230246251565e-16,True,0.9692307692307692,0.9692307692307692,0.0,True
R1_PCA85_WARD__M0073,R1_PCA85_WARD,WARD,PCA85,True,0,True,4,4,True,0.8553460255885899,0.85534602558859,1.1102230246251565e-16,True,1.0,1.0,0.0,True
R1_PCA85_WARD__M0074,R1_PCA85_WARD,WARD,PCA85,True,0,True,4,4,True,0.8537251170618854,0.8537251170618854,0.0,True,1.0,1.0,0.0,True
R1_PCA85_WARD__M0075,R1_PCA85_WARD,WARD,PCA85,True,1,False,5,5,True,0.8838096427181931,0.8838096427181932,1.1102230246251565e-16,True,0.9846153846153848,0.9846153846153847,1.1102230246251565e-16,True
R1_PCA85_WARD__M0076,R1_PCA85_WARD,WARD,PCA85,True,2,False,5,5,True,0.8869891333265199,0.88698913332652,1.1102230246251565e-16,True,0.9692307692307692,0.9692307692307692,0.0,True
R1_PCA85_WARD__M0077,R1_PCA85_WARD,WARD,PCA85,True,1,False,4,4,True,0.8763346420325399,0.8763346420325397,1.1102230246251565e-16,True,0.9846153846153848,0.9846153846153847,1.1102230246251565e-16,True
R1_PCA85_WARD__M0078,R1_PCA85_WARD,WARD,PCA85,True,1,False,4,4,True,0.8865358270071838,0.8865358270071838,0.0,True,0.9846153846153848,0.9846153846153847,1.1102230246251565e-16,True
R1_PCA85_WARD__M0079,R1_PCA85_WARD,WARD,PCA85,True,1,False,4,4,True,0.8678309132157964,0.8678309132157965,1.1102230246251565e-16,True,0.9846153846153848,0.9846153846153847,1.1102230246251565e-16,True
R1_PCA85_WARD__M0080,R1_PCA85_WARD,WARD,PCA85,True,0,True,5,5,True,0.8938704829612358,0.8938704829612361,2.220446049250313e-16,True,1.0,1.0,0.0,True
R1_PCA85_WARD__M0081,R1_PCA85_WARD,WARD,PCA85,True,0,True,4,4,True,0.8807551881018395,0.8807551881018398,3.3306690738754696e-16,True,1.0,1.0,0.0,True
R1_PCA85_WARD__M0082,R1_PCA85_WARD,WARD,PCA85,True,0,True,5,5,True,0.8819366353923435,0.8819366353923433,1.1102230246251565e-16,True,1.0,1.0,0.0,True
R1_PCA85_WARD__M0083,R1_PCA85_WARD,WARD,PCA85,True,0,True,5,5,True,0.8922730832425513,0.8922730832425513,0.0,True,1.0,1.0,0.0,True
R1_PCA85_WARD__M0084,R1_PCA85_WARD,WARD,PCA85,True,1,False,4,4,True,0.863696370228603,0.8636963702286032,2.220446049250313e-16,True,0.9846153846153848,0.9846153846153847,1.1102230246251565e-16,True
R1_PCA85_WARD__M0085,R1_PCA85_WARD,WARD,PCA85,True,0,True,4,4,True,0.8527875187499336,0.8527875187499337,1.1102230246251565e-16,True,1.0,1.0,0.0,True
R1_PCA85_WARD__M0086,R1_PCA85_WARD,WARD,PCA85,True,0,True,4,4,True,0.8562761101746521,0.8562761101746522,1.1102230246251565e-16,True,1.0,1.0,0.0,True
R1_PCA85_WARD__M0087,R1_PCA85_WARD,WARD,PCA85,True,1,False,4,4,True,0.8540251299622241,0.8540251299622243,2.220446049250313e-16,True,0.9846153846153848,0.9846153846153847,1.1102230246251565e-16,True
R1_PCA85_WARD__M0088,R1_PCA85_WARD,WARD,PCA85,True,1,False,5,5,True,0.8897389875601796,0.8897389875601798,2.220446049250313e-16,True,0.9846153846153848,0.9846153846153847,1.1102230246251565e-16,True
R1_PCA85_WARD__M0089,R1_PCA85_WARD,WARD,PCA85,True,0,True,4,4,True,0.878723201994716,0.8787232019947159,1.1102230246251565e-16,True,1.0,1.0,0.0,True
R1_PCA85_WARD__M0090,R1_PCA85_WARD,WARD,PCA85,True,0,True,5,5,True,0.8844735760511367,0.8844735760511367,0.0,True,1.0,1.0,0.0,True
R1_PCA85_WARD__M0091,R1_PCA85_WARD,WARD,PCA85,True,0,True,4,4,True,0.8600090853895338,0.8600090853895339,1.1102230246251565e-16,True,1.0,1.0,0.0,True
R1_PCA85_WARD__M0092,R1_PCA85_WARD,WARD,PCA85,True,1,False,5,5,True,0.860061679852877,0.8600616798528768,1.1102230246251565e-16,True,0.9846153846153848,0.9846153846153847,1.1102230246251565e-16,True
R1_PCA85_WARD__M0093,R1_PCA85_WARD,WARD,PCA85,True,0,True,5,5,True,0.8812367412029405,0.8812367412029405,0.0,True,1.0,1.0,0.0,True
R1_PCA85_WARD__M0094,R1_PCA85_WARD,WARD,PCA85,True,1,False,4,4,True,0.8599235844942842,0.859923584494284,2.220446049250313e-16,True,0.9846153846153848,0.9846153846153847,1.1102230246251565e-16,True
R1_PCA85_WARD__M0095,R1_PCA85_WARD,WARD,PCA85,True,0,True,5,5,True,0.8787746608193786,0.8787746608193787,1.1102230246251565e-16,True,1.0,1.0,0.0,True
R1_PCA85_WARD__M0096,R1_PCA85_WARD,WARD,PCA85,True,2,False,4,4,True,0.8524089995762771,0.8524089995762772,1.1102230246251565e-16,True,0.9692307692307692,0.9692307692307692,0.0,True
R1_PCA85_WARD__M0097,R1_PCA85_WARD,WARD,PCA85,True,1,False,4,4,True,0.8506574860183577,0.850657486018358,3.3306690738754696e-16,True,0.9846153846153848,0.9846153846153847,1.1102230246251565e-16,True
R1_PCA85_WARD__M0098,R1_PCA85_WARD,WARD,PCA85,True,0,True,4,4,True,0.8574499297512862,0.8574499297512862,0.0,True,1.0,1.0,0.0,True
R1_PCA85_WARD__M0099,R1_PCA85_WARD,WARD,PCA85,True,2,False,4,4,True,0.8500237639331778,0.8500237639331781,3.3306690738754696e-16,True,0.9692307692307692,0.9692307692307692,0.0,True
R1_PCA85_WARD__M0100,R1_PCA85_WARD,WARD,PCA85,True,1,False,4,4,True,0.8589710068442117,0.8589710068442119,2.220446049250313e-16,True,0.9846153846153848,0.9846153846153847,1.1102230246251565e-16,True
R1_PCA85_WARD__M0101,R1_PCA85_WARD,WARD,PCA85,True,0,True,4,4,True,0.8557167690409387,0.8557167690409387,0.0,True,1.0,1.0,0.0,True
R1_PCA85_WARD__M0102,R1_PCA85_WARD,WARD,PCA85,True,0,True,5,5,True,0.8845414788915633,0.8845414788915633,0.0,True,1.0,1.0,0.0,True
R1_PCA85_WARD__M0103,R1_PCA85_WARD,WARD,PCA85,True,0,True,5,5,True,0.8878435390660075,0.8878435390660078,2.220446049250313e-16,True,1.0,1.0,0.0,True
R1_PCA85_WARD__M0104,R1_PCA85_WARD,WARD,PCA85,True,1,False,4,4,True,0.8517875780934483,0.8517875780934485,2.220446049250313e-16,True,0.9846153846153848,0.9846153846153847,1.1102230246251565e-16,True
R1_PCA85_WARD__M0105,R1_PCA85_WARD,WARD,PCA85,True,0,True,4,4,True,0.8605952768554888,0.8605952768554885,2.220446049250313e-16,True,1.0,1.0,0.0,True
R1_PCA85_WARD__M0106,R1_PCA85_WARD,WARD,PCA85,True,1,False,5,5,True,0.8933303732096068,0.8933303732096072,3.3306690738754696e-16,True,0.9846153846153848,0.9846153846153847,1.1102230246251565e-16,True
R1_PCA85_WARD__M0107,R1_PCA85_WARD,WARD,PCA85,True,1,False,4,4,True,0.8677706790449372,0.8677706790449373,1.1102230246251565e-16,True,0.9846153846153848,0.9846153846153847,1.1102230246251565e-16,True
R1_PCA85_WARD__M0108,R1_PCA85_WARD,WARD,PCA85,True,0,True,5,5,True,0.8812329414719579,0.8812329414719579,0.0,True,1.0,1.0,0.0,True
R1_PCA85_WARD__M0109,R1_PCA85_WARD,WARD,PCA85,True,0,True,5,5,True,0.8674543693910075,0.8674543693910075,0.0,True,1.0,1.0,0.0,True
R1_PCA85_WARD__M0110,R1_PCA85_WARD,WARD,PCA85,True,3,False,4,4,True,0.8643791817750358,0.8643791817750359,1.1102230246251565e-16,True,0.953846153846154,0.9538461538461539,1.1102230246251565e-16,True
R1_PCA85_WARD__M0111,R1_PCA85_WARD,WARD,PCA85,True,1,False,4,4,True,0.8602161179742615,0.8602161179742616,1.1102230246251565e-16,True,0.9846153846153848,0.9846153846153847,1.1102230246251565e-16,True
R1_PCA85_WARD__M0112,R1_PCA85_WARD,WARD,PCA85,True,2,False,4,4,True,0.8604974827419459,0.860497482741946,1.1102230246251565e-16,True,0.9692307692307692,0.9692307692307692,0.0,True
R1_PCA85_WARD__M0113,R1_PCA85_WARD,WARD,PCA85,True,0,True,5,5,True,0.8735728672739317,0.8735728672739316,1.1102230246251565e-16,True,1.0,1.0,0.0,True
R1_PCA85_WARD__M0114,R1_PCA85_WARD,WARD,PCA85,True,0,True,5,5,True,0.8835647778353007,0.8835647778353009,1.1102230246251565e-16,True,1.0,1.0,0.0,True
R1_PCA85_WARD__M0115,R1_PCA85_WARD,WARD,PCA85,True,0,True,4,4,True,0.8576234455251113,0.8576234455251114,1.1102230246251565e-16,True,1.0,1.0,0.0,True
R1_PCA85_WARD__M0116,R1_PCA85_WARD,WARD,PCA85,True,0,True,5,5,True,0.8918376157406904,0.8918376157406901,3.3306690738754696e-16,True,1.0,1.0,0.0,True
R1_PCA85_WARD__M0117,R1_PCA85_WARD,WARD,PCA85,True,0,True,5,5,True,0.8744282425379989,0.8744282425379989,0.0,True,1.0,1.0,0.0,True
R1_PCA85_WARD__M0118,R1_PCA85_WARD,WARD,PCA85,True,0,True,5,5,True,0.8867512423043508,0.8867512423043504,3.3306690738754696e-16,True,1.0,1.0,0.0,True
R1_PCA85_WARD__M0119,R1_PCA85_WARD,WARD,PCA85,True,2,False,5,5,True,0.8759022161594299,0.8759022161594298,1.1102230246251565e-16,True,0.9692307692307692,0.9692307692307692,0.0,True
R1_PCA85_WARD__M0120,R1_PCA85_WARD,WARD,PCA85,True,2,False,5,5,True,0.8842684113008387,0.8842684113008386,1.1102230246251565e-16,True,0.9692307692307692,0.9692307692307692,0.0,True
R1_PCA85_WARD__M0121,R1_PCA85_WARD,WARD,PCA85,True,0,True,4,4,True,0.8533262980130718,0.8533262980130718,0.0,True,1.0,1.0,0.0,True
R1_PCA85_WARD__M0122,R1_PCA85_WARD,WARD,PCA85,True,1,False,5,5,True,0.8893492586300993,0.8893492586300992,1.1102230246251565e-16,True,0.9846153846153848,0.9846153846153847,1.1102230246251565e-16,True
R1_PCA85_WARD__M0123,R1_PCA85_WARD,WARD,PCA85,True,1,False,5,5,True,0.8816504941585994,0.8816504941585991,3.3306690738754696e-16,True,0.9846153846153848,0.9846153846153847,1.1102230246251565e-16,True
R1_PCA85_WARD__M0124,R1_PCA85_WARD,WARD,PCA85,False,4,False,5,5,True,0.8808842162190703,0.8808842162190704,1.1102230246251565e-16,True,0.9384615384615383,0.9384615384615385,1.1102230246251565e-16,True
R1_PCA85_WARD__M0125,R1_PCA85_WARD,WARD,PCA85,True,0,True,4,4,True,0.8633298470352422,0.8633298470352422,0.0,True,1.0,1.0,0.0,True
R1_PCA85_WARD__M0126,R1_PCA85_WARD,WARD,PCA85,True,1,False,5,5,True,0.8886323737632675,0.8886323737632675,0.0,True,0.9846153846153848,0.9846153846153847,1.1102230246251565e-16,True
R1_PCA85_WARD__M0127,R1_PCA85_WARD,WARD,PCA85,True,1,False,5,5,True,0.8929212731529412,0.8929212731529412,0.0,True,0.9846153846153848,0.9846153846153847,1.1102230246251565e-16,True
R1_PCA85_WARD__M0128,R1_PCA85_WARD,WARD,PCA85,True,0,True,4,4,True,0.8685730455376264,0.8685730455376262,2.220446049250313e-16,True,1.0,1.0,0.0,True
R1_PCA85_WARD__M0129,R1_PCA85_WARD,WARD,PCA85,True,1,False,4,4,True,0.8624257633245817,0.8624257633245817,0.0,True,0.9846153846153848,0.9846153846153847,1.1102230246251565e-16,True
R1_PCA85_WARD__M0130,R1_PCA85_WARD,WARD,PCA85,True,1,False,4,4,True,0.8659655745404491,0.8659655745404492,1.1102230246251565e-16,True,0.9846153846153848,0.9846153846153847,1.1102230246251565e-16,True
R1_PCA85_WARD__M0131,R1_PCA85_WARD,WARD,PCA85,True,2,False,4,4,True,0.863574425599168,0.8635744255991676,3.3306690738754696e-16,True,0.9692307692307692,0.9692307692307692,0.0,True
R1_PCA85_WARD__M0132,R1_PCA85_WARD,WARD,PCA85,True,2,False,5,5,True,0.873448843469417,0.8734488434694171,1.1102230246251565e-16,True,0.9692307692307692,0.9692307692307692,0.0,True
R1_PCA85_WARD__M0133,R1_PCA85_WARD,WARD,PCA85,True,1,False,4,4,True,0.8635733140611588,0.8635733140611588,0.0,True,0.9846153846153848,0.9846153846153847,1.1102230246251565e-16,True
R1_PCA85_WARD__M0134,R1_PCA85_WARD,WARD,PCA85,True,3,False,5,5,True,0.8749883143839018,0.8749883143839018,0.0,True,0.953846153846154,0.9538461538461539,1.1102230246251565e-16,True
R1_PCA85_WARD__M0135,R1_PCA85_WARD,WARD,PCA85,True,1,False,4,4,True,0.8513779195154914,0.8513779195154914,0.0,True,0.9846153846153848,0.9846153846153847,1.1102230246251565e-16,True
R1_PCA85_WARD__M0136,R1_PCA85_WARD,WARD,PCA85,True,2,False,5,5,True,0.8926760007065505,0.8926760007065504,1.1102230246251565e-16,True,0.9692307692307692,0.9692307692307692,0.0,True
R1_PCA85_WARD__M0137,R1_PCA85_WARD,WARD,PCA85,True,3,False,5,5,True,0.8881211164258876,0.8881211164258874,2.220446049250313e-16,True,0.953846153846154,0.9538461538461539,1.1102230246251565e-16,True
R1_PCA85_WARD__M0138,R1_PCA85_WARD,WARD,PCA85,True,1,False,4,4,True,0.8715700015129936,0.8715700015129937,1.1102230246251565e-16,True,0.9846153846153848,0.9846153846153847,1.1102230246251565e-16,True
R1_PCA85_WARD__M0139,R1_PCA85_WARD,WARD,PCA85,True,0,True,4,4,True,0.8590082587461304,0.8590082587461306,2.220446049250313e-16,True,1.0,1.0,0.0,True
R1_PCA85_WARD__M0140,R1_PCA85_WARD,WARD,PCA85,True,1,False,4,4,True,0.8717391753141693,0.8717391753141694,1.1102230246251565e-16,True,0.9846153846153848,0.9846153846153847,1.1102230246251565e-16,True
R1_PCA85_WARD__M0141,R1_PCA85_WARD,WARD,PCA85,True,0,True,5,5,True,0.8722744045701599,0.87227440457016,1.1102230246251565e-16,True,1.0,1.0,0.0,True
R1_PCA85_WARD__M0142,R1_PCA85_WARD,WARD,PCA85,True,0,True,4,4,True,0.8589376512654838,0.858937651265484,2.220446049250313e-16,True,1.0,1.0,0.0,True
R1_PCA85_WARD__M0143,R1_PCA85_WARD,WARD,PCA85,True,1,False,5,5,True,0.8784249505174831,0.8784249505174829,2.220446049250313e-16,True,0.9846153846153848,0.9846153846153847,1.1102230246251565e-16,True
R1_PCA85_WARD__M0144,R1_PCA85_WARD,WARD,PCA85,True,0,True,5,5,True,0.8835109233104064,0.8835109233104064,0.0,True,1.0,1.0,0.0,True
R1_PCA85_WARD__M0145,R1_PCA85_WARD,WARD,PCA85,True,0,True,5,5,True,0.8730619693742733,0.873061969374273,2.220446049250313e-16,True,1.0,1.0,0.0,True
R1_PCA85_WARD__M0146,R1_PCA85_WARD,WARD,PCA85,True,0,True,5,5,True,0.8879381074372833,0.8879381074372832,1.1102230246251565e-16,True,1.0,1.0,0.0,True
R1_PCA85_WARD__M0147,R1_PCA85_WARD,WARD,PCA85,True,0,True,4,4,True,0.8605671960533815,0.8605671960533815,0.0,True,1.0,1.0,0.0,True
R1_PCA85_WARD__M0148,R1_PCA85_WARD,WARD,PCA85,True,1,False,5,5,True,0.8878943533192003,0.8878943533192002,1.1102230246251565e-16,True,0.9846153846153848,0.9846153846153847,1.1102230246251565e-16,True
R1_PCA85_WARD__M0149,R1_PCA85_WARD,WARD,PCA85,True,1,False,5,5,True,0.8909811840588893,0.890981184058889,2.220446049250313e-16,True,0.9846153846153848,0.9846153846153847,1.1102230246251565e-16,True
R1_PCA85_WARD__M0150,R1_PCA85_WARD,WARD,PCA85,True,2,False,4,4,True,0.860990604990976,0.860990604990976,0.0,True,0.9692307692307692,0.9692307692307692,0.0,True
R1_PCA85_WARD__M0151,R1_PCA85_WARD,WARD,PCA85,True,1,False,5,5,True,0.887265157468288,0.8872651574682882,1.1102230246251565e-16,True,0.9846153846153848,0.9846153846153847,1.1102230246251565e-16,True
R1_PCA85_WARD__M0152,R1_PCA85_WARD,WARD,PCA85,True,1,False,4,4,True,0.8734900533882659,0.873490053388266,1.1102230246251565e-16,True,0.9846153846153848,0.9846153846153847,1.1102230246251565e-16,True
R1_PCA85_WARD__M0153,R1_PCA85_WARD,WARD,PCA85,True,1,False,4,4,True,0.8571849154020433,0.8571849154020434,1.1102230246251565e-16,True,0.9846153846153848,0.9846153846153847,1.1102230246251565e-16,True
R1_PCA85_WARD__M0154,R1_PCA85_WARD,WARD,PCA85,True,0,True,4,4,True,0.8758240125552867,0.8758240125552866,1.1102230246251565e-16,True,1.0,1.0,0.0,True
R1_PCA85_WARD__M0155,R1_PCA85_WARD,WARD,PCA85,True,0,True,4,4,True,0.8542009363881281,0.8542009363881282,1.1102230246251565e-16,True,1.0,1.0,0.0,True
R1_PCA85_WARD__M0156,R1_PCA85_WARD,WARD,PCA85,True,1,False,4,4,True,0.8591550728094428,0.859155072809443,2.220446049250313e-16,True,0.9846153846153848,0.9846153846153847,1.1102230246251565e-16,True
R1_PCA85_WARD__M0157,R1_PCA85_WARD,WARD,PCA85,True,1,False,5,5,True,0.8750751264332096,0.8750751264332096,0.0,True,0.9846153846153848,0.9846153846153847,1.1102230246251565e-16,True
R1_PCA85_WARD__M0158,R1_PCA85_WARD,WARD,PCA85,False,4,False,5,5,True,0.8865785674392788,0.8865785674392788,0.0,True,0.9384615384615383,0.9384615384615385,1.1102230246251565e-16,True
R1_PCA85_WARD__M0159,R1_PCA85_WARD,WARD,PCA85,True,0,True,4,4,True,0.8733596410046156,0.8733596410046154,2.220446049250313e-16,True,1.0,1.0,0.0,True
R1_PCA85_WARD__M0160,R1_PCA85_WARD,WARD,PCA85,False,6,False,4,4,True,0.8654962872625322,0.8654962872625324,1.1102230246251565e-16,True,0.9076923076923076,0.9076923076923077,1.1102230246251565e-16,True
R1_PCA85_WARD__M0161,R1_PCA85_WARD,WARD,PCA85,True,0,True,4,4,True,0.8525792532124131,0.852579253212413,1.1102230246251565e-16,True,1.0,1.0,0.0,True
R1_PCA85_WARD__M0162,R1_PCA85_WARD,WARD,PCA85,True,1,False,4,4,True,0.8533292823718001,0.8533292823717998,2.220446049250313e-16,True,0.9846153846153848,0.9846153846153847,1.1102230246251565e-16,True
R1_PCA85_WARD__M0163,R1_PCA85_WARD,WARD,PCA85,True,0,True,5,5,True,0.8722512275929305,0.8722512275929304,1.1102230246251565e-16,True,1.0,1.0,0.0,True
R1_PCA85_WARD__M0164,R1_PCA85_WARD,WARD,PCA85,True,1,False,4,4,True,0.8655560685797961,0.8655560685797961,0.0,True,0.9846153846153848,0.9846153846153847,1.1102230246251565e-16,True
R1_PCA85_WARD__M0165,R1_PCA85_WARD,WARD,PCA85,True,3,False,5,5,True,0.8769474925484256,0.8769474925484257,1.1102230246251565e-16,True,0.953846153846154,0.9538461538461539,1.1102230246251565e-16,True
R1_PCA85_WARD__M0166,R1_PCA85_WARD,WARD,PCA85,True,1,False,4,4,True,0.8532762384826835,0.8532762384826834,1.1102230246251565e-16,True,0.9846153846153848,0.9846153846153847,1.1102230246251565e-16,True
R1_PCA85_WARD__M0167,R1_PCA85_WARD,WARD,PCA85,True,2,False,4,4,True,0.8880029231800495,0.8880029231800495,0.0,True,0.9692307692307692,0.9692307692307692,0.0,True
R1_PCA85_WARD__M0168,R1_PCA85_WARD,WARD,PCA85,True,1,False,5,5,True,0.8911016006135087,0.8911016006135091,3.3306690738754696e-16,True,0.9846153846153848,0.9846153846153847,1.1102230246251565e-16,True
R1_PCA85_WARD__M0169,R1_PCA85_WARD,WARD,PCA85,True,3,False,4,4,True,0.8638654126488853,0.8638654126488854,1.1102230246251565e-16,True,0.953846153846154,0.9538461538461539,1.1102230246251565e-16,True
R1_PCA85_WARD__M0170,R1_PCA85_WARD,WARD,PCA85,True,0,True,5,5,True,0.8678272228531139,0.8678272228531139,0.0,True,1.0,1.0,0.0,True
R1_PCA85_WARD__M0171,R1_PCA85_WARD,WARD,PCA85,True,0,True,4,4,True,0.854716641589183,0.8547166415891831,1.1102230246251565e-16,True,1.0,1.0,0.0,True
R1_PCA85_WARD__M0172,R1_PCA85_WARD,WARD,PCA85,True,0,True,5,5,True,0.8859155073207672,0.8859155073207672,0.0,True,1.0,1.0,0.0,True
R1_PCA85_WARD__M0173,R1_PCA85_WARD,WARD,PCA85,True,2,False,5,5,True,0.8763343558845743,0.8763343558845745,2.220446049250313e-16,True,0.9692307692307692,0.9692307692307692,0.0,True
R1_PCA85_WARD__M0174,R1_PCA85_WARD,WARD,PCA85,True,0,True,4,4,True,0.858423312638272,0.858423312638272,0.0,True,1.0,1.0,0.0,True
R1_PCA85_WARD__M0175,R1_PCA85_WARD,WARD,PCA85,True,1,False,4,4,True,0.8654972326216083,0.8654972326216082,1.1102230246251565e-16,True,0.9846153846153848,0.9846153846153847,1.1102230246251565e-16,True
R1_PCA85_WARD__M0176,R1_PCA85_WARD,WARD,PCA85,False,5,False,4,4,True,0.864401082472162,0.8644010824721621,1.1102230246251565e-16,True,0.9230769230769232,0.9230769230769231,1.1102230246251565e-16,True
R1_PCA85_WARD__M0177,R1_PCA85_WARD,WARD,PCA85,True,2,False,4,4,True,0.850706253848265,0.850706253848265,0.0,True,0.9692307692307692,0.9692307692307692,0.0,True
R1_PCA85_WARD__M0178,R1_PCA85_WARD,WARD,PCA85,True,1,False,5,5,True,0.8868212293567174,0.8868212293567173,1.1102230246251565e-16,True,0.9846153846153848,0.9846153846153847,1.1102230246251565e-16,True
R1_PCA85_WARD__M0179,R1_PCA85_WARD,WARD,PCA85,True,2,False,4,4,True,0.859746914343209,0.8597469143432089,1.1102230246251565e-16,True,0.9692307692307692,0.9692307692307692,0.0,True
R1_PCA85_WARD__M0180,R1_PCA85_WARD,WARD,PCA85,True,0,True,4,4,True,0.8669628667693574,0.8669628667693575,1.1102230246251565e-16,True,1.0,1.0,0.0,True
R1_PCA85_WARD__M0181,R1_PCA85_WARD,WARD,PCA85,True,1,False,5,5,True,0.881351456726555,0.8813514567265552,2.220446049250313e-16,True,0.9846153846153848,0.9846153846153847,1.1102230246251565e-16,True
R1_PCA85_WARD__M0182,R1_PCA85_WARD,WARD,PCA85,True,0,True,4,4,True,0.8686700391713026,0.8686700391713026,0.0,True,1.0,1.0,0.0,True
R1_PCA85_WARD__M0183,R1_PCA85_WARD,WARD,PCA85,True,2,False,4,4,True,0.8906027518187339,0.8906027518187337,2.220446049250313e-16,True,0.9692307692307692,0.9692307692307692,0.0,True
R1_PCA85_WARD__M0184,R1_PCA85_WARD,WARD,PCA85,True,2,False,4,4,True,0.8654497489621543,0.8654497489621547,3.3306690738754696e-16,True,0.9692307692307692,0.9692307692307692,0.0,True
R1_PCA85_WARD__M0185,R1_PCA85_WARD,WARD,PCA85,True,0,True,4,4,True,0.8531865655006035,0.8531865655006033,1.1102230246251565e-16,True,1.0,1.0,0.0,True
R1_PCA85_WARD__M0186,R1_PCA85_WARD,WARD,PCA85,True,1,False,5,5,True,0.8886887195177577,0.8886887195177579,1.1102230246251565e-16,True,0.9846153846153848,0.9846153846153847,1.1102230246251565e-16,True
R1_PCA85_WARD__M0187,R1_PCA85_WARD,WARD,PCA85,True,0,True,4,4,True,0.8521193785958651,0.852119378595865,1.1102230246251565e-16,True,1.0,1.0,0.0,True
R1_PCA85_WARD__M0188,R1_PCA85_WARD,WARD,PCA85,True,0,True,4,4,True,0.8528918285285432,0.8528918285285434,2.220446049250313e-16,True,1.0,1.0,0.0,True
R1_PCA85_WARD__M0189,R1_PCA85_WARD,WARD,PCA85,True,1,False,4,4,True,0.8662125000763491,0.8662125000763489,2.220446049250313e-16,True,0.9846153846153848,0.9846153846153847,1.1102230246251565e-16,True
R1_PCA85_WARD__M0190,R1_PCA85_WARD,WARD,PCA85,True,0,True,5,5,True,0.8788319933528477,0.8788319933528477,0.0,True,1.0,1.0,0.0,True
R1_PCA85_WARD__M0191,R1_PCA85_WARD,WARD,PCA85,True,1,False,4,4,True,0.8711838650852347,0.8711838650852346,1.1102230246251565e-16,True,0.9846153846153848,0.9846153846153847,1.1102230246251565e-16,True
R1_PCA85_WARD__M0192,R1_PCA85_WARD,WARD,PCA85,True,3,False,4,4,True,0.8535282137277915,0.8535282137277918,2.220446049250313e-16,True,0.953846153846154,0.9538461538461539,1.1102230246251565e-16,True
R1_PCA85_WARD__M0193,R1_PCA85_WARD,WARD,PCA85,True,0,True,4,4,True,0.8763496169809334,0.8763496169809333,1.1102230246251565e-16,True,1.0,1.0,0.0,True
R1_PCA85_WARD__M0194,R1_PCA85_WARD,WARD,PCA85,True,1,False,4,4,True,0.8594562139087436,0.8594562139087436,0.0,True,0.9846153846153848,0.9846153846153847,1.1102230246251565e-16,True
R1_PCA85_WARD__M0195,R1_PCA85_WARD,WARD,PCA85,True,1,False,4,4,True,0.8649140585899819,0.864914058589982,1.1102230246251565e-16,True,0.9846153846153848,0.9846153846153847,1.1102230246251565e-16,True
R1_PCA85_WARD__M0196,R1_PCA85_WARD,WARD,PCA85,True,0,True,5,5,True,0.8748277299757204,0.8748277299757207,2.220446049250313e-16,True,1.0,1.0,0.0,True
R1_PCA85_WARD__M0197,R1_PCA85_WARD,WARD,PCA85,True,2,False,4,4,True,0.8502516248702038,0.8502516248702039,1.1102230246251565e-16,True,0.9692307692307692,0.9692307692307692,0.0,True
R1_PCA85_WARD__M0198,R1_PCA85_WARD,WARD,PCA85,True,3,False,4,4,True,0.8675130213636775,0.8675130213636776,1.1102230246251565e-16,True,0.953846153846154,0.9538461538461539,1.1102230246251565e-16,True
R1_PCA85_WARD__M0199,R1_PCA85_WARD,WARD,PCA85,True,0,True,4,4,True,0.8508716854694445,0.8508716854694445,0.0,True,1.0,1.0,0.0,True
R1_PCA85_WARD__M0200,R1_PCA85_WARD,WARD,PCA85,True,1,False,4,4,True,0.8701850770929498,0.8701850770929497,1.1102230246251565e-16,True,0.9846153846153848,0.9846153846153847,1.1102230246251565e-16,True
R1_PCA85_WARD__M0201,R1_PCA85_WARD,WARD,PCA85,True,0,True,4,4,True,0.8558204195544148,0.8558204195544151,3.3306690738754696e-16,True,1.0,1.0,0.0,True
R1_PCA85_WARD__M0202,R1_PCA85_WARD,WARD,PCA85,True,1,False,4,4,True,0.8702486640064309,0.8702486640064312,3.3306690738754696e-16,True,0.9846153846153848,0.9846153846153847,1.1102230246251565e-16,True
R1_PCA85_WARD__M0203,R1_PCA85_WARD,WARD,PCA85,True,0,True,4,4,True,0.861602816799572,0.8616028167995718,1.1102230246251565e-16,True,1.0,1.0,0.0,True
R1_PCA85_WARD__M0204,R1_PCA85_WARD,WARD,PCA85,True,1,False,5,5,True,0.8905728473364014,0.8905728473364011,3.3306690738754696e-16,True,0.9846153846153848,0.9846153846153847,1.1102230246251565e-16,True
R1_PCA85_WARD__M0205,R1_PCA85_WARD,WARD,PCA85,True,2,False,4,4,True,0.8632160836851964,0.8632160836851963,1.1102230246251565e-16,True,0.9692307692307692,0.9692307692307692,0.0,True
R1_PCA85_WARD__M0206,R1_PCA85_WARD,WARD,PCA85,True,1,False,4,4,True,0.8684765292162482,0.8684765292162483,1.1102230246251565e-16,True,0.9846153846153848,0.9846153846153847,1.1102230246251565e-16,True
R1_PCA85_WARD__M0207,R1_PCA85_WARD,WARD,PCA85,True,2,False,5,5,True,0.8915526710678505,0.8915526710678505,0.0,True,0.9692307692307692,0.9692307692307692,0.0,True
R1_PCA85_WARD__M0208,R1_PCA85_WARD,WARD,PCA85,False,4,False,5,5,True,0.8803781599506839,0.8803781599506839,0.0,True,0.9384615384615383,0.9384615384615385,1.1102230246251565e-16,True
R1_PCA85_WARD__M0209,R1_PCA85_WARD,WARD,PCA85,True,0,True,4,4,True,0.8783585767206601,0.8783585767206602,1.1102230246251565e-16,True,1.0,1.0,0.0,True
R1_PCA85_WARD__M0210,R1_PCA85_WARD,WARD,PCA85,True,2,False,5,5,True,0.8770674117615171,0.8770674117615174,2.220446049250313e-16,True,0.9692307692307692,0.9692307692307692,0.0,True
R1_PCA85_WARD__M0211,R1_PCA85_WARD,WARD,PCA85,True,1,False,5,5,True,0.8770064685221337,0.8770064685221338,1.1102230246251565e-16,True,0.9846153846153848,0.9846153846153847,1.1102230246251565e-16,True
R1_PCA85_WARD__M0212,R1_PCA85_WARD,WARD,PCA85,True,0,True,4,4,True,0.8515773832015424,0.8515773832015424,0.0,True,1.0,1.0,0.0,True
R1_PCA85_WARD__M0213,R1_PCA85_WARD,WARD,PCA85,True,0,True,5,5,True,0.8736968269753013,0.8736968269753014,1.1102230246251565e-16,True,1.0,1.0,0.0,True
R1_PCA85_WARD__M0214,R1_PCA85_WARD,WARD,PCA85,True,0,True,5,5,True,0.8861522620749233,0.8861522620749229,3.3306690738754696e-16,True,1.0,1.0,0.0,True
R1_PCA85_WARD__M0215,R1_PCA85_WARD,WARD,PCA85,True,0,True,4,4,True,0.8676578010697825,0.8676578010697825,0.0,True,1.0,1.0,0.0,True
R1_PCA85_WARD__M0216,R1_PCA85_WARD,WARD,PCA85,True,0,True,5,5,True,0.8901764976793038,0.8901764976793038,0.0,True,1.0,1.0,0.0,True
R1_PCA85_WARD__M0217,R1_PCA85_WARD,WARD,PCA85,True,0,True,5,5,True,0.8886658908736877,0.8886658908736877,0.0,True,1.0,1.0,0.0,True
R1_PCA85_WARD__M0218,R1_PCA85_WARD,WARD,PCA85,True,0,True,4,4,True,0.8591924139096375,0.8591924139096374,1.1102230246251565e-16,True,1.0,1.0,0.0,True
R1_PCA85_WARD__M0219,R1_PCA85_WARD,WARD,PCA85,True,3,False,4,4,True,0.859211577363261,0.8592115773632615,4.440892098500626e-16,True,0.953846153846154,0.9538461538461539,1.1102230246251565e-16,True
R1_PCA85_WARD__M0220,R1_PCA85_WARD,WARD,PCA85,False,6,False,4,4,True,0.8520570199107667,0.8520570199107667,0.0,True,0.9076923076923076,0.9076923076923077,1.1102230246251565e-16,True
R1_PCA85_WARD__M0221,R1_PCA85_WARD,WARD,PCA85,True,1,False,4,4,True,0.8733403456033612,0.8733403456033613,1.1102230246251565e-16,True,0.9846153846153848,0.9846153846153847,1.1102230246251565e-16,True
R1_PCA85_WARD__M0222,R1_PCA85_WARD,WARD,PCA85,True,3,False,4,4,True,0.8585787597426263,0.8585787597426262,1.1102230246251565e-16,True,0.953846153846154,0.9538461538461539,1.1102230246251565e-16,True
R1_PCA85_WARD__M0223,R1_PCA85_WARD,WARD,PCA85,True,0,True,4,4,True,0.8532708990440249,0.8532708990440248,1.1102230246251565e-16,True,1.0,1.0,0.0,True
R1_PCA85_WARD__M0224,R1_PCA85_WARD,WARD,PCA85,True,1,False,4,4,True,0.8651736855397846,0.8651736855397845,1.1102230246251565e-16,True,0.9846153846153848,0.9846153846153847,1.1102230246251565e-16,True
R1_PCA85_WARD__M0225,R1_PCA85_WARD,WARD,PCA85,True,0,True,4,4,True,0.8640892842831293,0.8640892842831295,2.220446049250313e-16,True,1.0,1.0,0.0,True
R1_PCA85_WARD__M0226,R1_PCA85_WARD,WARD,PCA85,True,0,True,5,5,True,0.8804601368889892,0.8804601368889895,3.3306690738754696e-16,True,1.0,1.0,0.0,True
R1_PCA85_WARD__M0227,R1_PCA85_WARD,WARD,PCA85,True,1,False,5,5,True,0.8577206170566785,0.8577206170566786,1.1102230246251565e-16,True,0.9846153846153848,0.9846153846153847,1.1102230246251565e-16,True
R1_PCA85_WARD__M0228,R1_PCA85_WARD,WARD,PCA85,True,1,False,5,5,True,0.8733117809768529,0.8733117809768529,0.0,True,0.9846153846153848,0.9846153846153847,1.1102230246251565e-16,True
R1_PCA85_WARD__M0229,R1_PCA85_WARD,WARD,PCA85,True,1,False,4,4,True,0.857863420802448,0.8578634208024479,1.1102230246251565e-16,True,0.9846153846153848,0.9846153846153847,1.1102230246251565e-16,True
R1_PCA85_WARD__M0230,R1_PCA85_WARD,WARD,PCA85,True,3,False,4,4,True,0.851051066606903,0.8510510666069031,1.1102230246251565e-16,True,0.953846153846154,0.9538461538461539,1.1102230246251565e-16,True
R1_PCA85_WARD__M0231,R1_PCA85_WARD,WARD,PCA85,False,5,False,5,5,True,0.8802659443825045,0.8802659443825045,0.0,True,0.9230769230769232,0.9230769230769231,1.1102230246251565e-16,True
R1_PCA85_WARD__M0232,R1_PCA85_WARD,WARD,PCA85,True,2,False,4,4,True,0.8500333038015343,0.8500333038015346,3.3306690738754696e-16,True,0.9692307692307692,0.9692307692307692,0.0,True
R1_PCA85_WARD__M0233,R1_PCA85_WARD,WARD,PCA85,True,2,False,5,5,True,0.8740304421358234,0.8740304421358234,0.0,True,0.9692307692307692,0.9692307692307692,0.0,True
R1_PCA85_WARD__M0234,R1_PCA85_WARD,WARD,PCA85,True,0,True,5,5,True,0.8720749534994363,0.8720749534994363,0.0,True,1.0,1.0,0.0,True
R1_PCA85_WARD__M0235,R1_PCA85_WARD,WARD,PCA85,True,0,True,4,4,True,0.8566558567777484,0.8566558567777481,2.220446049250313e-16,True,1.0,1.0,0.0,True
R1_PCA85_WARD__M0236,R1_PCA85_WARD,WARD,PCA85,True,0,True,4,4,True,0.8749207822987098,0.8749207822987097,1.1102230246251565e-16,True,1.0,1.0,0.0,True
R1_PCA85_WARD__M0237,R1_PCA85_WARD,WARD,PCA85,True,1,False,4,4,True,0.8762776933097257,0.8762776933097257,0.0,True,0.9846153846153848,0.9846153846153847,1.1102230246251565e-16,True
R1_PCA85_WARD__M0238,R1_PCA85_WARD,WARD,PCA85,True,1,False,4,4,True,0.8577725522152311,0.857772552215231,1.1102230246251565e-16,True,0.9846153846153848,0.9846153846153847,1.1102230246251565e-16,True
R1_PCA85_WARD__M0239,R1_PCA85_WARD,WARD,PCA85,True,0,True,4,4,True,0.865967128333165,0.8659671283331649,1.1102230246251565e-16,True,1.0,1.0,0.0,True
R1_PCA85_WARD__M0240,R1_PCA85_WARD,WARD,PCA85,True,1,False,4,4,True,0.8501787609010605,0.8501787609010603,2.220446049250313e-16,True,0.9846153846153848,0.9846153846153847,1.1102230246251565e-16,True
R1_PCA85_WARD__M0241,R1_PCA85_WARD,WARD,PCA85,True,0,True,5,5,True,0.8872090854327064,0.8872090854327064,0.0,True,1.0,1.0,0.0,True
R1_PCA85_WARD__M0242,R1_PCA85_WARD,WARD,PCA85,True,1,False,4,4,True,0.8558678958745483,0.8558678958745486,3.3306690738754696e-16,True,0.9846153846153848,0.9846153846153847,1.1102230246251565e-16,True
R1_PCA85_WARD__M0243,R1_PCA85_WARD,WARD,PCA85,True,1,False,4,4,True,0.8718423264821461,0.8718423264821462,1.1102230246251565e-16,True,0.9846153846153848,0.9846153846153847,1.1102230246251565e-16,True
R1_PCA85_WARD__M0244,R1_PCA85_WARD,WARD,PCA85,True,0,True,5,5,True,0.8917067481724018,0.8917067481724018,0.0,True,1.0,1.0,0.0,True
R1_PCA85_WARD__M0245,R1_PCA85_WARD,WARD,PCA85,True,0,True,5,5,True,0.8543566778157866,0.8543566778157865,1.1102230246251565e-16,True,1.0,1.0,0.0,True
R1_PCA85_WARD__M0246,R1_PCA85_WARD,WARD,PCA85,True,0,True,4,4,True,0.8517191922048644,0.8517191922048644,0.0,True,1.0,1.0,0.0,True
R1_PCA85_WARD__M0247,R1_PCA85_WARD,WARD,PCA85,True,0,True,5,5,True,0.8826136324791044,0.8826136324791045,1.1102230246251565e-16,True,1.0,1.0,0.0,True
R1_PCA85_WARD__M0248,R1_PCA85_WARD,WARD,PCA85,True,0,True,4,4,True,0.8695237434340279,0.8695237434340279,0.0,True,1.0,1.0,0.0,True
R1_PCA85_WARD__M0249,R1_PCA85_WARD,WARD,PCA85,True,1,False,4,4,True,0.8610566141258104,0.86105661412581,3.3306690738754696e-16,True,0.9846153846153848,0.9846153846153847,1.1102230246251565e-16,True
R1_PCA85_WARD__M0250,R1_PCA85_WARD,WARD,PCA85,True,1,False,4,4,True,0.8833295747508213,0.8833295747508212,1.1102230246251565e-16,True,0.9846153846153848,0.9846153846153847,1.1102230246251565e-16,True
R0_KMEANS__M0001,R0_KMEANS,KMEANS,RAW_STANDARDIZED,True,0,True,0,0,True,,1.0,0.0,True,1.0,1.0,0.0,True
R0_KMEANS__M0002,R0_KMEANS,KMEANS,RAW_STANDARDIZED,True,0,True,0,0,True,,1.0,0.0,True,1.0,1.0,0.0,True
R0_KMEANS__M0003,R0_KMEANS,KMEANS,RAW_STANDARDIZED,True,0,True,0,0,True,,1.0,0.0,True,1.0,1.0,0.0,True
R0_KMEANS__M0004,R0_KMEANS,KMEANS,RAW_STANDARDIZED,True,0,True,0,0,True,,1.0,0.0,True,1.0,1.0,0.0,True
R0_KMEANS__M0005,R0_KMEANS,KMEANS,RAW_STANDARDIZED,True,0,True,0,0,True,,1.0,0.0,True,1.0,1.0,0.0,True
R0_KMEANS__M0006,R0_KMEANS,KMEANS,RAW_STANDARDIZED,True,0,True,0,0,True,,1.0,0.0,True,1.0,1.0,0.0,True
R0_KMEANS__M0007,R0_KMEANS,KMEANS,RAW_STANDARDIZED,True,0,True,0,0,True,,1.0,0.0,True,1.0,1.0,0.0,True
R0_KMEANS__M0008,R0_KMEANS,KMEANS,RAW_STANDARDIZED,True,0,True,0,0,True,,1.0,0.0,True,1.0,1.0,0.0,True
R0_KMEANS__M0009,R0_KMEANS,KMEANS,RAW_STANDARDIZED,True,0,True,0,0,True,,1.0,0.0,True,1.0,1.0,0.0,True
R0_KMEANS__M0010,R0_KMEANS,KMEANS,RAW_STANDARDIZED,True,0,True,0,0,True,,1.0,0.0,True,1.0,1.0,0.0,True
R0_KMEANS__M0011,R0_KMEANS,KMEANS,RAW_STANDARDIZED,True,0,True,0,0,True,,1.0,0.0,True,1.0,1.0,0.0,True
R0_KMEANS__M0012,R0_KMEANS,KMEANS,RAW_STANDARDIZED,True,0,True,0,0,True,,1.0,0.0,True,1.0,1.0,0.0,True
R0_KMEANS__M0013,R0_KMEANS,KMEANS,RAW_STANDARDIZED,True,0,True,0,0,True,,1.0,0.0,True,1.0,1.0,0.0,True
R0_KMEANS__M0014,R0_KMEANS,KMEANS,RAW_STANDARDIZED,True,0,True,0,0,True,,1.0,0.0,True,1.0,1.0,0.0,True
R0_KMEANS__M0015,R0_KMEANS,KMEANS,RAW_STANDARDIZED,True,0,True,0,0,True,,1.0,0.0,True,1.0,1.0,0.0,True
R0_KMEANS__M0016,R0_KMEANS,KMEANS,RAW_STANDARDIZED,True,0,True,0,0,True,,1.0,0.0,True,1.0,1.0,0.0,True
R0_KMEANS__M0017,R0_KMEANS,KMEANS,RAW_STANDARDIZED,True,0,True,0,0,True,,1.0,0.0,True,1.0,1.0,0.0,True
R0_KMEANS__M0018,R0_KMEANS,KMEANS,RAW_STANDARDIZED,True,0,True,0,0,True,,1.0,0.0,True,1.0,1.0,0.0,True
R0_KMEANS__M0019,R0_KMEANS,KMEANS,RAW_STANDARDIZED,True,0,True,0,0,True,,1.0,0.0,True,1.0,1.0,0.0,True
R0_KMEANS__M0020,R0_KMEANS,KMEANS,RAW_STANDARDIZED,True,0,True,0,0,True,,1.0,0.0,True,1.0,1.0,0.0,True
R0_KMEANS__M0021,R0_KMEANS,KMEANS,RAW_STANDARDIZED,True,0,True,0,0,True,,1.0,0.0,True,1.0,1.0,0.0,True
R0_KMEANS__M0022,R0_KMEANS,KMEANS,RAW_STANDARDIZED,True,0,True,0,0,True,,1.0,0.0,True,1.0,1.0,0.0,True
R0_KMEANS__M0023,R0_KMEANS,KMEANS,RAW_STANDARDIZED,True,0,True,0,0,True,,1.0,0.0,True,1.0,1.0,0.0,True
R0_KMEANS__M0024,R0_KMEANS,KMEANS,RAW_STANDARDIZED,True,0,True,0,0,True,,1.0,0.0,True,1.0,1.0,0.0,True
R0_KMEANS__M0025,R0_KMEANS,KMEANS,RAW_STANDARDIZED,True,0,True,0,0,True,,1.0,0.0,True,1.0,1.0,0.0,True
R0_KMEANS__M0026,R0_KMEANS,KMEANS,RAW_STANDARDIZED,True,0,True,0,0,True,,1.0,0.0,True,1.0,1.0,0.0,True
R0_KMEANS__M0027,R0_KMEANS,KMEANS,RAW_STANDARDIZED,True,0,True,0,0,True,,1.0,0.0,True,1.0,1.0,0.0,True
R0_KMEANS__M0028,R0_KMEANS,KMEANS,RAW_STANDARDIZED,True,0,True,0,0,True,,1.0,0.0,True,1.0,1.0,0.0,True
R0_KMEANS__M0029,R0_KMEANS,KMEANS,RAW_STANDARDIZED,True,0,True,0,0,True,,1.0,0.0,True,1.0,1.0,0.0,True
R0_KMEANS__M0030,R0_KMEANS,KMEANS,RAW_STANDARDIZED,True,0,True,0,0,True,,1.0,0.0,True,1.0,1.0,0.0,True
R0_KMEANS__M0031,R0_KMEANS,KMEANS,RAW_STANDARDIZED,True,0,True,0,0,True,,1.0,0.0,True,1.0,1.0,0.0,True
R0_KMEANS__M0032,R0_KMEANS,KMEANS,RAW_STANDARDIZED,True,0,True,0,0,True,,1.0,0.0,True,1.0,1.0,0.0,True
R0_KMEANS__M0033,R0_KMEANS,KMEANS,RAW_STANDARDIZED,True,0,True,0,0,True,,1.0,0.0,True,1.0,1.0,0.0,True
R0_KMEANS__M0034,R0_KMEANS,KMEANS,RAW_STANDARDIZED,True,0,True,0,0,True,,1.0,0.0,True,1.0,1.0,0.0,True
R0_KMEANS__M0035,R0_KMEANS,KMEANS,RAW_STANDARDIZED,True,0,True,0,0,True,,1.0,0.0,True,1.0,1.0,0.0,True
R0_KMEANS__M0036,R0_KMEANS,KMEANS,RAW_STANDARDIZED,True,0,True,0,0,True,,1.0,0.0,True,1.0,1.0,0.0,True
R0_KMEANS__M0037,R0_KMEANS,KMEANS,RAW_STANDARDIZED,True,0,True,0,0,True,,1.0,0.0,True,1.0,1.0,0.0,True
R0_KMEANS__M0038,R0_KMEANS,KMEANS,RAW_STANDARDIZED,True,0,True,0,0,True,,1.0,0.0,True,1.0,1.0,0.0,True
R0_KMEANS__M0039,R0_KMEANS,KMEANS,RAW_STANDARDIZED,True,0,True,0,0,True,,1.0,0.0,True,1.0,1.0,0.0,True
R0_KMEANS__M0040,R0_KMEANS,KMEANS,RAW_STANDARDIZED,True,0,True,0,0,True,,1.0,0.0,True,1.0,1.0,0.0,True
R0_KMEANS__M0041,R0_KMEANS,KMEANS,RAW_STANDARDIZED,True,0,True,0,0,True,,1.0,0.0,True,1.0,1.0,0.0,True
R0_KMEANS__M0042,R0_KMEANS,KMEANS,RAW_STANDARDIZED,True,0,True,0,0,True,,1.0,0.0,True,1.0,1.0,0.0,True
R0_KMEANS__M0043,R0_KMEANS,KMEANS,RAW_STANDARDIZED,True,0,True,0,0,True,,1.0,0.0,True,1.0,1.0,0.0,True
R0_KMEANS__M0044,R0_KMEANS,KMEANS,RAW_STANDARDIZED,True,0,True,0,0,True,,1.0,0.0,True,1.0,1.0,0.0,True
R0_KMEANS__M0045,R0_KMEANS,KMEANS,RAW_STANDARDIZED,True,0,True,0,0,True,,1.0,0.0,True,1.0,1.0,0.0,True
R0_KMEANS__M0046,R0_KMEANS,KMEANS,RAW_STANDARDIZED,True,0,True,0,0,True,,1.0,0.0,True,1.0,1.0,0.0,True
R0_KMEANS__M0047,R0_KMEANS,KMEANS,RAW_STANDARDIZED,True,0,True,0,0,True,,1.0,0.0,True,1.0,1.0,0.0,True
R0_KMEANS__M0048,R0_KMEANS,KMEANS,RAW_STANDARDIZED,True,0,True,0,0,True,,1.0,0.0,True,1.0,1.0,0.0,True
R0_KMEANS__M0049,R0_KMEANS,KMEANS,RAW_STANDARDIZED,True,0,True,0,0,True,,1.0,0.0,True,1.0,1.0,0.0,True
R0_KMEANS__M0050,R0_KMEANS,KMEANS,RAW_STANDARDIZED,True,0,True,0,0,True,,1.0,0.0,True,1.0,1.0,0.0,True
R0_KMEANS__M0051,R0_KMEANS,KMEANS,RAW_STANDARDIZED,True,0,True,0,0,True,,1.0,0.0,True,1.0,1.0,0.0,True
R0_KMEANS__M0052,R0_KMEANS,KMEANS,RAW_STANDARDIZED,True,0,True,0,0,True,,1.0,0.0,True,1.0,1.0,0.0,True
R0_KMEANS__M0053,R0_KMEANS,KMEANS,RAW_STANDARDIZED,True,0,True,0,0,True,,1.0,0.0,True,1.0,1.0,0.0,True
R0_KMEANS__M0054,R0_KMEANS,KMEANS,RAW_STANDARDIZED,True,0,True,0,0,True,,1.0,0.0,True,1.0,1.0,0.0,True
R0_KMEANS__M0055,R0_KMEANS,KMEANS,RAW_STANDARDIZED,True,0,True,0,0,True,,1.0,0.0,True,1.0,1.0,0.0,True
R0_KMEANS__M0056,R0_KMEANS,KMEANS,RAW_STANDARDIZED,True,0,True,0,0,True,,1.0,0.0,True,1.0,1.0,0.0,True
R0_KMEANS__M0057,R0_KMEANS,KMEANS,RAW_STANDARDIZED,True,0,True,0,0,True,,1.0,0.0,True,1.0,1.0,0.0,True
R0_KMEANS__M0058,R0_KMEANS,KMEANS,RAW_STANDARDIZED,True,0,True,0,0,True,,1.0,0.0,True,1.0,1.0,0.0,True
R0_KMEANS__M0059,R0_KMEANS,KMEANS,RAW_STANDARDIZED,True,0,True,0,0,True,,1.0,0.0,True,1.0,1.0,0.0,True
R0_KMEANS__M0060,R0_KMEANS,KMEANS,RAW_STANDARDIZED,True,0,True,0,0,True,,1.0,0.0,True,1.0,1.0,0.0,True
R0_KMEANS__M0061,R0_KMEANS,KMEANS,RAW_STANDARDIZED,True,0,True,0,0,True,,1.0,0.0,True,1.0,1.0,0.0,True
R0_KMEANS__M0062,R0_KMEANS,KMEANS,RAW_STANDARDIZED,True,0,True,0,0,True,,1.0,0.0,True,1.0,1.0,0.0,True
R0_KMEANS__M0063,R0_KMEANS,KMEANS,RAW_STANDARDIZED,True,0,True,0,0,True,,1.0,0.0,True,1.0,1.0,0.0,True
R0_KMEANS__M0064,R0_KMEANS,KMEANS,RAW_STANDARDIZED,True,0,True,0,0,True,,1.0,0.0,True,1.0,1.0,0.0,True
R0_KMEANS__M0065,R0_KMEANS,KMEANS,RAW_STANDARDIZED,True,0,True,0,0,True,,1.0,0.0,True,1.0,1.0,0.0,True
R0_KMEANS__M0066,R0_KMEANS,KMEANS,RAW_STANDARDIZED,True,0,True,0,0,True,,1.0,0.0,True,1.0,1.0,0.0,True
R0_KMEANS__M0067,R0_KMEANS,KMEANS,RAW_STANDARDIZED,True,0,True,0,0,True,,1.0,0.0,True,1.0,1.0,0.0,True
R0_KMEANS__M0068,R0_KMEANS,KMEANS,RAW_STANDARDIZED,True,0,True,0,0,True,,1.0,0.0,True,1.0,1.0,0.0,True
R0_KMEANS__M0069,R0_KMEANS,KMEANS,RAW_STANDARDIZED,True,0,True,0,0,True,,1.0,0.0,True,1.0,1.0,0.0,True
R0_KMEANS__M0070,R0_KMEANS,KMEANS,RAW_STANDARDIZED,True,0,True,0,0,True,,1.0,0.0,True,1.0,1.0,0.0,True
R0_KMEANS__M0071,R0_KMEANS,KMEANS,RAW_STANDARDIZED,True,0,True,0,0,True,,1.0,0.0,True,1.0,1.0,0.0,True
R0_KMEANS__M0072,R0_KMEANS,KMEANS,RAW_STANDARDIZED,True,0,True,0,0,True,,1.0,0.0,True,1.0,1.0,0.0,True
R0_KMEANS__M0073,R0_KMEANS,KMEANS,RAW_STANDARDIZED,True,0,True,0,0,True,,1.0,0.0,True,1.0,1.0,0.0,True
R0_KMEANS__M0074,R0_KMEANS,KMEANS,RAW_STANDARDIZED,True,0,True,0,0,True,,1.0,0.0,True,1.0,1.0,0.0,True
R0_KMEANS__M0075,R0_KMEANS,KMEANS,RAW_STANDARDIZED,True,0,True,0,0,True,,1.0,0.0,True,1.0,1.0,0.0,True
R0_KMEANS__M0076,R0_KMEANS,KMEANS,RAW_STANDARDIZED,True,0,True,0,0,True,,1.0,0.0,True,1.0,1.0,0.0,True
R0_KMEANS__M0077,R0_KMEANS,KMEANS,RAW_STANDARDIZED,True,0,True,0,0,True,,1.0,0.0,True,1.0,1.0,0.0,True
R0_KMEANS__M0078,R0_KMEANS,KMEANS,RAW_STANDARDIZED,True,0,True,0,0,True,,1.0,0.0,True,1.0,1.0,0.0,True
R0_KMEANS__M0079,R0_KMEANS,KMEANS,RAW_STANDARDIZED,True,0,True,0,0,True,,1.0,0.0,True,1.0,1.0,0.0,True
R0_KMEANS__M0080,R0_KMEANS,KMEANS,RAW_STANDARDIZED,True,0,True,0,0,True,,1.0,0.0,True,1.0,1.0,0.0,True
R0_KMEANS__M0081,R0_KMEANS,KMEANS,RAW_STANDARDIZED,True,0,True,0,0,True,,1.0,0.0,True,1.0,1.0,0.0,True
R0_KMEANS__M0082,R0_KMEANS,KMEANS,RAW_STANDARDIZED,True,0,True,0,0,True,,1.0,0.0,True,1.0,1.0,0.0,True
R0_KMEANS__M0083,R0_KMEANS,KMEANS,RAW_STANDARDIZED,True,0,True,0,0,True,,1.0,0.0,True,1.0,1.0,0.0,True
R0_KMEANS__M0084,R0_KMEANS,KMEANS,RAW_STANDARDIZED,True,0,True,0,0,True,,1.0,0.0,True,1.0,1.0,0.0,True
R0_KMEANS__M0085,R0_KMEANS,KMEANS,RAW_STANDARDIZED,True,0,True,0,0,True,,1.0,0.0,True,1.0,1.0,0.0,True
R0_KMEANS__M0086,R0_KMEANS,KMEANS,RAW_STANDARDIZED,True,0,True,0,0,True,,1.0,0.0,True,1.0,1.0,0.0,True
R0_KMEANS__M0087,R0_KMEANS,KMEANS,RAW_STANDARDIZED,True,0,True,0,0,True,,1.0,0.0,True,1.0,1.0,0.0,True
R0_KMEANS__M0088,R0_KMEANS,KMEANS,RAW_STANDARDIZED,True,0,True,0,0,True,,1.0,0.0,True,1.0,1.0,0.0,True
R0_KMEANS__M0089,R0_KMEANS,KMEANS,RAW_STANDARDIZED,True,0,True,0,0,True,,1.0,0.0,True,1.0,1.0,0.0,True
R0_KMEANS__M0090,R0_KMEANS,KMEANS,RAW_STANDARDIZED,True,0,True,0,0,True,,1.0,0.0,True,1.0,1.0,0.0,True
R0_KMEANS__M0091,R0_KMEANS,KMEANS,RAW_STANDARDIZED,True,0,True,0,0,True,,1.0,0.0,True,1.0,1.0,0.0,True
R0_KMEANS__M0092,R0_KMEANS,KMEANS,RAW_STANDARDIZED,True,0,True,0,0,True,,1.0,0.0,True,1.0,1.0,0.0,True
R0_KMEANS__M0093,R0_KMEANS,KMEANS,RAW_STANDARDIZED,True,0,True,0,0,True,,1.0,0.0,True,1.0,1.0,0.0,True
R0_KMEANS__M0094,R0_KMEANS,KMEANS,RAW_STANDARDIZED,True,0,True,0,0,True,,1.0,0.0,True,1.0,1.0,0.0,True
R0_KMEANS__M0095,R0_KMEANS,KMEANS,RAW_STANDARDIZED,True,0,True,0,0,True,,1.0,0.0,True,1.0,1.0,0.0,True
R0_KMEANS__M0096,R0_KMEANS,KMEANS,RAW_STANDARDIZED,True,0,True,0,0,True,,1.0,0.0,True,1.0,1.0,0.0,True
R0_KMEANS__M0097,R0_KMEANS,KMEANS,RAW_STANDARDIZED,True,0,True,0,0,True,,1.0,0.0,True,1.0,1.0,0.0,True
R0_KMEANS__M0098,R0_KMEANS,KMEANS,RAW_STANDARDIZED,True,0,True,0,0,True,,1.0,0.0,True,1.0,1.0,0.0,True
R0_KMEANS__M0099,R0_KMEANS,KMEANS,RAW_STANDARDIZED,True,0,True,0,0,True,,1.0,0.0,True,1.0,1.0,0.0,True
R0_KMEANS__M0100,R0_KMEANS,KMEANS,RAW_STANDARDIZED,True,0,True,0,0,True,,1.0,0.0,True,1.0,1.0,0.0,True
R0_KMEANS__M0101,R0_KMEANS,KMEANS,RAW_STANDARDIZED,True,0,True,0,0,True,,1.0,0.0,True,1.0,1.0,0.0,True
R0_KMEANS__M0102,R0_KMEANS,KMEANS,RAW_STANDARDIZED,True,0,True,0,0,True,,1.0,0.0,True,1.0,1.0,0.0,True
R0_KMEANS__M0103,R0_KMEANS,KMEANS,RAW_STANDARDIZED,True,0,True,0,0,True,,1.0,0.0,True,1.0,1.0,0.0,True
R0_KMEANS__M0104,R0_KMEANS,KMEANS,RAW_STANDARDIZED,True,0,True,0,0,True,,1.0,0.0,True,1.0,1.0,0.0,True
R0_KMEANS__M0105,R0_KMEANS,KMEANS,RAW_STANDARDIZED,True,0,True,0,0,True,,1.0,0.0,True,1.0,1.0,0.0,True
R0_KMEANS__M0106,R0_KMEANS,KMEANS,RAW_STANDARDIZED,True,0,True,0,0,True,,1.0,0.0,True,1.0,1.0,0.0,True
R0_KMEANS__M0107,R0_KMEANS,KMEANS,RAW_STANDARDIZED,True,0,True,0,0,True,,1.0,0.0,True,1.0,1.0,0.0,True
R0_KMEANS__M0108,R0_KMEANS,KMEANS,RAW_STANDARDIZED,True,0,True,0,0,True,,1.0,0.0,True,1.0,1.0,0.0,True
R0_KMEANS__M0109,R0_KMEANS,KMEANS,RAW_STANDARDIZED,True,0,True,0,0,True,,1.0,0.0,True,1.0,1.0,0.0,True
R0_KMEANS__M0110,R0_KMEANS,KMEANS,RAW_STANDARDIZED,True,0,True,0,0,True,,1.0,0.0,True,1.0,1.0,0.0,True
R0_KMEANS__M0111,R0_KMEANS,KMEANS,RAW_STANDARDIZED,True,0,True,0,0,True,,1.0,0.0,True,1.0,1.0,0.0,True
R0_KMEANS__M0112,R0_KMEANS,KMEANS,RAW_STANDARDIZED,True,0,True,0,0,True,,1.0,0.0,True,1.0,1.0,0.0,True
R0_KMEANS__M0113,R0_KMEANS,KMEANS,RAW_STANDARDIZED,True,0,True,0,0,True,,1.0,0.0,True,1.0,1.0,0.0,True
R0_KMEANS__M0114,R0_KMEANS,KMEANS,RAW_STANDARDIZED,True,0,True,0,0,True,,1.0,0.0,True,1.0,1.0,0.0,True
R0_KMEANS__M0115,R0_KMEANS,KMEANS,RAW_STANDARDIZED,True,0,True,0,0,True,,1.0,0.0,True,1.0,1.0,0.0,True
R0_KMEANS__M0116,R0_KMEANS,KMEANS,RAW_STANDARDIZED,True,0,True,0,0,True,,1.0,0.0,True,1.0,1.0,0.0,True
R0_KMEANS__M0117,R0_KMEANS,KMEANS,RAW_STANDARDIZED,True,0,True,0,0,True,,1.0,0.0,True,1.0,1.0,0.0,True
R0_KMEANS__M0118,R0_KMEANS,KMEANS,RAW_STANDARDIZED,True,0,True,0,0,True,,1.0,0.0,True,1.0,1.0,0.0,True
R0_KMEANS__M0119,R0_KMEANS,KMEANS,RAW_STANDARDIZED,True,0,True,0,0,True,,1.0,0.0,True,1.0,1.0,0.0,True
R0_KMEANS__M0120,R0_KMEANS,KMEANS,RAW_STANDARDIZED,True,0,True,0,0,True,,1.0,0.0,True,1.0,1.0,0.0,True
R0_KMEANS__M0121,R0_KMEANS,KMEANS,RAW_STANDARDIZED,True,0,True,0,0,True,,1.0,0.0,True,1.0,1.0,0.0,True
R0_KMEANS__M0122,R0_KMEANS,KMEANS,RAW_STANDARDIZED,True,0,True,0,0,True,,1.0,0.0,True,1.0,1.0,0.0,True
R0_KMEANS__M0123,R0_KMEANS,KMEANS,RAW_STANDARDIZED,True,0,True,0,0,True,,1.0,0.0,True,1.0,1.0,0.0,True
R0_KMEANS__M0124,R0_KMEANS,KMEANS,RAW_STANDARDIZED,True,0,True,0,0,True,,1.0,0.0,True,1.0,1.0,0.0,True
R0_KMEANS__M0125,R0_KMEANS,KMEANS,RAW_STANDARDIZED,True,0,True,0,0,True,,1.0,0.0,True,1.0,1.0,0.0,True
R0_KMEANS__M0126,R0_KMEANS,KMEANS,RAW_STANDARDIZED,True,0,True,0,0,True,,1.0,0.0,True,1.0,1.0,0.0,True
R0_KMEANS__M0127,R0_KMEANS,KMEANS,RAW_STANDARDIZED,True,0,True,0,0,True,,1.0,0.0,True,1.0,1.0,0.0,True
R0_KMEANS__M0128,R0_KMEANS,KMEANS,RAW_STANDARDIZED,True,0,True,0,0,True,,1.0,0.0,True,1.0,1.0,0.0,True
R0_KMEANS__M0129,R0_KMEANS,KMEANS,RAW_STANDARDIZED,True,0,True,0,0,True,,1.0,0.0,True,1.0,1.0,0.0,True
R0_KMEANS__M0130,R0_KMEANS,KMEANS,RAW_STANDARDIZED,True,0,True,0,0,True,,1.0,0.0,True,1.0,1.0,0.0,True
R0_KMEANS__M0131,R0_KMEANS,KMEANS,RAW_STANDARDIZED,True,0,True,0,0,True,,1.0,0.0,True,1.0,1.0,0.0,True
R0_KMEANS__M0132,R0_KMEANS,KMEANS,RAW_STANDARDIZED,True,0,True,0,0,True,,1.0,0.0,True,1.0,1.0,0.0,True
R0_KMEANS__M0133,R0_KMEANS,KMEANS,RAW_STANDARDIZED,True,0,True,0,0,True,,1.0,0.0,True,1.0,1.0,0.0,True
R0_KMEANS__M0134,R0_KMEANS,KMEANS,RAW_STANDARDIZED,True,0,True,0,0,True,,1.0,0.0,True,1.0,1.0,0.0,True
R0_KMEANS__M0135,R0_KMEANS,KMEANS,RAW_STANDARDIZED,True,0,True,0,0,True,,1.0,0.0,True,1.0,1.0,0.0,True
R0_KMEANS__M0136,R0_KMEANS,KMEANS,RAW_STANDARDIZED,True,0,True,0,0,True,,1.0,0.0,True,1.0,1.0,0.0,True
R0_KMEANS__M0137,R0_KMEANS,KMEANS,RAW_STANDARDIZED,True,0,True,0,0,True,,1.0,0.0,True,1.0,1.0,0.0,True
R0_KMEANS__M0138,R0_KMEANS,KMEANS,RAW_STANDARDIZED,True,0,True,0,0,True,,1.0,0.0,True,1.0,1.0,0.0,True
R0_KMEANS__M0139,R0_KMEANS,KMEANS,RAW_STANDARDIZED,True,0,True,0,0,True,,1.0,0.0,True,1.0,1.0,0.0,True
R0_KMEANS__M0140,R0_KMEANS,KMEANS,RAW_STANDARDIZED,True,0,True,0,0,True,,1.0,0.0,True,1.0,1.0,0.0,True
R0_KMEANS__M0141,R0_KMEANS,KMEANS,RAW_STANDARDIZED,True,0,True,0,0,True,,1.0,0.0,True,1.0,1.0,0.0,True
R0_KMEANS__M0142,R0_KMEANS,KMEANS,RAW_STANDARDIZED,True,0,True,0,0,True,,1.0,0.0,True,1.0,1.0,0.0,True
R0_KMEANS__M0143,R0_KMEANS,KMEANS,RAW_STANDARDIZED,True,0,True,0,0,True,,1.0,0.0,True,1.0,1.0,0.0,True
R0_KMEANS__M0144,R0_KMEANS,KMEANS,RAW_STANDARDIZED,True,0,True,0,0,True,,1.0,0.0,True,1.0,1.0,0.0,True
R0_KMEANS__M0145,R0_KMEANS,KMEANS,RAW_STANDARDIZED,True,0,True,0,0,True,,1.0,0.0,True,1.0,1.0,0.0,True
R0_KMEANS__M0146,R0_KMEANS,KMEANS,RAW_STANDARDIZED,True,0,True,0,0,True,,1.0,0.0,True,1.0,1.0,0.0,True
R0_KMEANS__M0147,R0_KMEANS,KMEANS,RAW_STANDARDIZED,True,0,True,0,0,True,,1.0,0.0,True,1.0,1.0,0.0,True
R0_KMEANS__M0148,R0_KMEANS,KMEANS,RAW_STANDARDIZED,True,0,True,0,0,True,,1.0,0.0,True,1.0,1.0,0.0,True
R0_KMEANS__M0149,R0_KMEANS,KMEANS,RAW_STANDARDIZED,True,0,True,0,0,True,,1.0,0.0,True,1.0,1.0,0.0,True
R0_KMEANS__M0150,R0_KMEANS,KMEANS,RAW_STANDARDIZED,True,0,True,0,0,True,,1.0,0.0,True,1.0,1.0,0.0,True
R0_KMEANS__M0151,R0_KMEANS,KMEANS,RAW_STANDARDIZED,True,0,True,0,0,True,,1.0,0.0,True,1.0,1.0,0.0,True
R0_KMEANS__M0152,R0_KMEANS,KMEANS,RAW_STANDARDIZED,True,0,True,0,0,True,,1.0,0.0,True,1.0,1.0,0.0,True
R0_KMEANS__M0153,R0_KMEANS,KMEANS,RAW_STANDARDIZED,True,0,True,0,0,True,,1.0,0.0,True,1.0,1.0,0.0,True
R0_KMEANS__M0154,R0_KMEANS,KMEANS,RAW_STANDARDIZED,True,0,True,0,0,True,,1.0,0.0,True,1.0,1.0,0.0,True
R0_KMEANS__M0155,R0_KMEANS,KMEANS,RAW_STANDARDIZED,True,0,True,0,0,True,,1.0,0.0,True,1.0,1.0,0.0,True
R0_KMEANS__M0156,R0_KMEANS,KMEANS,RAW_STANDARDIZED,True,0,True,0,0,True,,1.0,0.0,True,1.0,1.0,0.0,True
R0_KMEANS__M0157,R0_KMEANS,KMEANS,RAW_STANDARDIZED,True,0,True,0,0,True,,1.0,0.0,True,1.0,1.0,0.0,True
R0_KMEANS__M0158,R0_KMEANS,KMEANS,RAW_STANDARDIZED,True,0,True,0,0,True,,1.0,0.0,True,1.0,1.0,0.0,True
R0_KMEANS__M0159,R0_KMEANS,KMEANS,RAW_STANDARDIZED,True,0,True,0,0,True,,1.0,0.0,True,1.0,1.0,0.0,True
R0_KMEANS__M0160,R0_KMEANS,KMEANS,RAW_STANDARDIZED,True,0,True,0,0,True,,1.0,0.0,True,1.0,1.0,0.0,True
R0_KMEANS__M0161,R0_KMEANS,KMEANS,RAW_STANDARDIZED,True,0,True,0,0,True,,1.0,0.0,True,1.0,1.0,0.0,True
R0_KMEANS__M0162,R0_KMEANS,KMEANS,RAW_STANDARDIZED,True,0,True,0,0,True,,1.0,0.0,True,1.0,1.0,0.0,True
R0_KMEANS__M0163,R0_KMEANS,KMEANS,RAW_STANDARDIZED,True,0,True,0,0,True,,1.0,0.0,True,1.0,1.0,0.0,True
R0_KMEANS__M0164,R0_KMEANS,KMEANS,RAW_STANDARDIZED,True,0,True,0,0,True,,1.0,0.0,True,1.0,1.0,0.0,True
R0_KMEANS__M0165,R0_KMEANS,KMEANS,RAW_STANDARDIZED,True,0,True,0,0,True,,1.0,0.0,True,1.0,1.0,0.0,True
R0_KMEANS__M0166,R0_KMEANS,KMEANS,RAW_STANDARDIZED,True,0,True,0,0,True,,1.0,0.0,True,1.0,1.0,0.0,True
R0_KMEANS__M0167,R0_KMEANS,KMEANS,RAW_STANDARDIZED,True,0,True,0,0,True,,1.0,0.0,True,1.0,1.0,0.0,True
R0_KMEANS__M0168,R0_KMEANS,KMEANS,RAW_STANDARDIZED,True,0,True,0,0,True,,1.0,0.0,True,1.0,1.0,0.0,True
R0_KMEANS__M0169,R0_KMEANS,KMEANS,RAW_STANDARDIZED,True,0,True,0,0,True,,1.0,0.0,True,1.0,1.0,0.0,True
R0_KMEANS__M0170,R0_KMEANS,KMEANS,RAW_STANDARDIZED,True,0,True,0,0,True,,1.0,0.0,True,1.0,1.0,0.0,True
R0_KMEANS__M0171,R0_KMEANS,KMEANS,RAW_STANDARDIZED,True,0,True,0,0,True,,1.0,0.0,True,1.0,1.0,0.0,True
R0_KMEANS__M0172,R0_KMEANS,KMEANS,RAW_STANDARDIZED,True,0,True,0,0,True,,1.0,0.0,True,1.0,1.0,0.0,True
R0_KMEANS__M0173,R0_KMEANS,KMEANS,RAW_STANDARDIZED,True,0,True,0,0,True,,1.0,0.0,True,1.0,1.0,0.0,True
R0_KMEANS__M0174,R0_KMEANS,KMEANS,RAW_STANDARDIZED,True,0,True,0,0,True,,1.0,0.0,True,1.0,1.0,0.0,True
R0_KMEANS__M0175,R0_KMEANS,KMEANS,RAW_STANDARDIZED,True,0,True,0,0,True,,1.0,0.0,True,1.0,1.0,0.0,True
R0_KMEANS__M0176,R0_KMEANS,KMEANS,RAW_STANDARDIZED,True,0,True,0,0,True,,1.0,0.0,True,1.0,1.0,0.0,True
R0_KMEANS__M0177,R0_KMEANS,KMEANS,RAW_STANDARDIZED,True,0,True,0,0,True,,1.0,0.0,True,1.0,1.0,0.0,True
R0_KMEANS__M0178,R0_KMEANS,KMEANS,RAW_STANDARDIZED,True,0,True,0,0,True,,1.0,0.0,True,1.0,1.0,0.0,True
R0_KMEANS__M0179,R0_KMEANS,KMEANS,RAW_STANDARDIZED,True,0,True,0,0,True,,1.0,0.0,True,1.0,1.0,0.0,True
R0_KMEANS__M0180,R0_KMEANS,KMEANS,RAW_STANDARDIZED,True,0,True,0,0,True,,1.0,0.0,True,1.0,1.0,0.0,True
R0_KMEANS__M0181,R0_KMEANS,KMEANS,RAW_STANDARDIZED,True,0,True,0,0,True,,1.0,0.0,True,1.0,1.0,0.0,True
R0_KMEANS__M0182,R0_KMEANS,KMEANS,RAW_STANDARDIZED,True,0,True,0,0,True,,1.0,0.0,True,1.0,1.0,0.0,True
R0_KMEANS__M0183,R0_KMEANS,KMEANS,RAW_STANDARDIZED,True,0,True,0,0,True,,1.0,0.0,True,1.0,1.0,0.0,True
R0_KMEANS__M0184,R0_KMEANS,KMEANS,RAW_STANDARDIZED,True,0,True,0,0,True,,1.0,0.0,True,1.0,1.0,0.0,True
R0_KMEANS__M0185,R0_KMEANS,KMEANS,RAW_STANDARDIZED,True,0,True,0,0,True,,1.0,0.0,True,1.0,1.0,0.0,True
R0_KMEANS__M0186,R0_KMEANS,KMEANS,RAW_STANDARDIZED,True,0,True,0,0,True,,1.0,0.0,True,1.0,1.0,0.0,True
R0_KMEANS__M0187,R0_KMEANS,KMEANS,RAW_STANDARDIZED,True,0,True,0,0,True,,1.0,0.0,True,1.0,1.0,0.0,True
R0_KMEANS__M0188,R0_KMEANS,KMEANS,RAW_STANDARDIZED,True,0,True,0,0,True,,1.0,0.0,True,1.0,1.0,0.0,True
R0_KMEANS__M0189,R0_KMEANS,KMEANS,RAW_STANDARDIZED,True,0,True,0,0,True,,1.0,0.0,True,1.0,1.0,0.0,True
R0_KMEANS__M0190,R0_KMEANS,KMEANS,RAW_STANDARDIZED,True,0,True,0,0,True,,1.0,0.0,True,1.0,1.0,0.0,True
R0_KMEANS__M0191,R0_KMEANS,KMEANS,RAW_STANDARDIZED,True,0,True,0,0,True,,1.0,0.0,True,1.0,1.0,0.0,True
R0_KMEANS__M0192,R0_KMEANS,KMEANS,RAW_STANDARDIZED,True,0,True,0,0,True,,1.0,0.0,True,1.0,1.0,0.0,True
R0_KMEANS__M0193,R0_KMEANS,KMEANS,RAW_STANDARDIZED,True,0,True,0,0,True,,1.0,0.0,True,1.0,1.0,0.0,True
R0_KMEANS__M0194,R0_KMEANS,KMEANS,RAW_STANDARDIZED,True,0,True,0,0,True,,1.0,0.0,True,1.0,1.0,0.0,True
R0_KMEANS__M0195,R0_KMEANS,KMEANS,RAW_STANDARDIZED,True,0,True,0,0,True,,1.0,0.0,True,1.0,1.0,0.0,True
R0_KMEANS__M0196,R0_KMEANS,KMEANS,RAW_STANDARDIZED,True,0,True,0,0,True,,1.0,0.0,True,1.0,1.0,0.0,True
R0_KMEANS__M0197,R0_KMEANS,KMEANS,RAW_STANDARDIZED,True,0,True,0,0,True,,1.0,0.0,True,1.0,1.0,0.0,True
R0_KMEANS__M0198,R0_KMEANS,KMEANS,RAW_STANDARDIZED,True,0,True,0,0,True,,1.0,0.0,True,1.0,1.0,0.0,True
R0_KMEANS__M0199,R0_KMEANS,KMEANS,RAW_STANDARDIZED,True,0,True,0,0,True,,1.0,0.0,True,1.0,1.0,0.0,True
R0_KMEANS__M0200,R0_KMEANS,KMEANS,RAW_STANDARDIZED,True,0,True,0,0,True,,1.0,0.0,True,1.0,1.0,0.0,True
R0_KMEANS__M0201,R0_KMEANS,KMEANS,RAW_STANDARDIZED,True,0,True,0,0,True,,1.0,0.0,True,1.0,1.0,0.0,True
R0_KMEANS__M0202,R0_KMEANS,KMEANS,RAW_STANDARDIZED,True,0,True,0,0,True,,1.0,0.0,True,1.0,1.0,0.0,True
R0_KMEANS__M0203,R0_KMEANS,KMEANS,RAW_STANDARDIZED,True,0,True,0,0,True,,1.0,0.0,True,1.0,1.0,0.0,True
R0_KMEANS__M0204,R0_KMEANS,KMEANS,RAW_STANDARDIZED,True,0,True,0,0,True,,1.0,0.0,True,1.0,1.0,0.0,True
R0_KMEANS__M0205,R0_KMEANS,KMEANS,RAW_STANDARDIZED,True,0,True,0,0,True,,1.0,0.0,True,1.0,1.0,0.0,True
R0_KMEANS__M0206,R0_KMEANS,KMEANS,RAW_STANDARDIZED,True,0,True,0,0,True,,1.0,0.0,True,1.0,1.0,0.0,True
R0_KMEANS__M0207,R0_KMEANS,KMEANS,RAW_STANDARDIZED,True,0,True,0,0,True,,1.0,0.0,True,1.0,1.0,0.0,True
R0_KMEANS__M0208,R0_KMEANS,KMEANS,RAW_STANDARDIZED,True,0,True,0,0,True,,1.0,0.0,True,1.0,1.0,0.0,True
R0_KMEANS__M0209,R0_KMEANS,KMEANS,RAW_STANDARDIZED,True,0,True,0,0,True,,1.0,0.0,True,1.0,1.0,0.0,True
R0_KMEANS__M0210,R0_KMEANS,KMEANS,RAW_STANDARDIZED,True,0,True,0,0,True,,1.0,0.0,True,1.0,1.0,0.0,True
R0_KMEANS__M0211,R0_KMEANS,KMEANS,RAW_STANDARDIZED,True,0,True,0,0,True,,1.0,0.0,True,1.0,1.0,0.0,True
R0_KMEANS__M0212,R0_KMEANS,KMEANS,RAW_STANDARDIZED,True,0,True,0,0,True,,1.0,0.0,True,1.0,1.0,0.0,True
R0_KMEANS__M0213,R0_KMEANS,KMEANS,RAW_STANDARDIZED,True,0,True,0,0,True,,1.0,0.0,True,1.0,1.0,0.0,True
R0_KMEANS__M0214,R0_KMEANS,KMEANS,RAW_STANDARDIZED,True,0,True,0,0,True,,1.0,0.0,True,1.0,1.0,0.0,True
R0_KMEANS__M0215,R0_KMEANS,KMEANS,RAW_STANDARDIZED,True,0,True,0,0,True,,1.0,0.0,True,1.0,1.0,0.0,True
R0_KMEANS__M0216,R0_KMEANS,KMEANS,RAW_STANDARDIZED,True,0,True,0,0,True,,1.0,0.0,True,1.0,1.0,0.0,True
R0_KMEANS__M0217,R0_KMEANS,KMEANS,RAW_STANDARDIZED,True,0,True,0,0,True,,1.0,0.0,True,1.0,1.0,0.0,True
R0_KMEANS__M0218,R0_KMEANS,KMEANS,RAW_STANDARDIZED,True,0,True,0,0,True,,1.0,0.0,True,1.0,1.0,0.0,True
R0_KMEANS__M0219,R0_KMEANS,KMEANS,RAW_STANDARDIZED,True,0,True,0,0,True,,1.0,0.0,True,1.0,1.0,0.0,True
R0_KMEANS__M0220,R0_KMEANS,KMEANS,RAW_STANDARDIZED,True,0,True,0,0,True,,1.0,0.0,True,1.0,1.0,0.0,True
R0_KMEANS__M0221,R0_KMEANS,KMEANS,RAW_STANDARDIZED,True,0,True,0,0,True,,1.0,0.0,True,1.0,1.0,0.0,True
R0_KMEANS__M0222,R0_KMEANS,KMEANS,RAW_STANDARDIZED,True,0,True,0,0,True,,1.0,0.0,True,1.0,1.0,0.0,True
R0_KMEANS__M0223,R0_KMEANS,KMEANS,RAW_STANDARDIZED,True,0,True,0,0,True,,1.0,0.0,True,1.0,1.0,0.0,True
R0_KMEANS__M0224,R0_KMEANS,KMEANS,RAW_STANDARDIZED,True,0,True,0,0,True,,1.0,0.0,True,1.0,1.0,0.0,True
R0_KMEANS__M0225,R0_KMEANS,KMEANS,RAW_STANDARDIZED,True,0,True,0,0,True,,1.0,0.0,True,1.0,1.0,0.0,True
R0_KMEANS__M0226,R0_KMEANS,KMEANS,RAW_STANDARDIZED,True,0,True,0,0,True,,1.0,0.0,True,1.0,1.0,0.0,True
R0_KMEANS__M0227,R0_KMEANS,KMEANS,RAW_STANDARDIZED,True,0,True,0,0,True,,1.0,0.0,True,1.0,1.0,0.0,True
R0_KMEANS__M0228,R0_KMEANS,KMEANS,RAW_STANDARDIZED,True,0,True,0,0,True,,1.0,0.0,True,1.0,1.0,0.0,True
R0_KMEANS__M0229,R0_KMEANS,KMEANS,RAW_STANDARDIZED,True,0,True,0,0,True,,1.0,0.0,True,1.0,1.0,0.0,True
R0_KMEANS__M0230,R0_KMEANS,KMEANS,RAW_STANDARDIZED,True,0,True,0,0,True,,1.0,0.0,True,1.0,1.0,0.0,True
R0_KMEANS__M0231,R0_KMEANS,KMEANS,RAW_STANDARDIZED,True,0,True,0,0,True,,1.0,0.0,True,1.0,1.0,0.0,True
R0_KMEANS__M0232,R0_KMEANS,KMEANS,RAW_STANDARDIZED,True,0,True,0,0,True,,1.0,0.0,True,1.0,1.0,0.0,True
R0_KMEANS__M0233,R0_KMEANS,KMEANS,RAW_STANDARDIZED,True,0,True,0,0,True,,1.0,0.0,True,1.0,1.0,0.0,True
R0_KMEANS__M0234,R0_KMEANS,KMEANS,RAW_STANDARDIZED,True,0,True,0,0,True,,1.0,0.0,True,1.0,1.0,0.0,True
R0_KMEANS__M0235,R0_KMEANS,KMEANS,RAW_STANDARDIZED,True,0,True,0,0,True,,1.0,0.0,True,1.0,1.0,0.0,True
R0_KMEANS__M0236,R0_KMEANS,KMEANS,RAW_STANDARDIZED,True,0,True,0,0,True,,1.0,0.0,True,1.0,1.0,0.0,True
R0_KMEANS__M0237,R0_KMEANS,KMEANS,RAW_STANDARDIZED,True,0,True,0,0,True,,1.0,0.0,True,1.0,1.0,0.0,True
R0_KMEANS__M0238,R0_KMEANS,KMEANS,RAW_STANDARDIZED,True,0,True,0,0,True,,1.0,0.0,True,1.0,1.0,0.0,True
R0_KMEANS__M0239,R0_KMEANS,KMEANS,RAW_STANDARDIZED,True,0,True,0,0,True,,1.0,0.0,True,1.0,1.0,0.0,True
R0_KMEANS__M0240,R0_KMEANS,KMEANS,RAW_STANDARDIZED,True,0,True,0,0,True,,1.0,0.0,True,1.0,1.0,0.0,True
R0_KMEANS__M0241,R0_KMEANS,KMEANS,RAW_STANDARDIZED,True,0,True,0,0,True,,1.0,0.0,True,1.0,1.0,0.0,True
R0_KMEANS__M0242,R0_KMEANS,KMEANS,RAW_STANDARDIZED,True,0,True,0,0,True,,1.0,0.0,True,1.0,1.0,0.0,True
R0_KMEANS__M0243,R0_KMEANS,KMEANS,RAW_STANDARDIZED,True,0,True,0,0,True,,1.0,0.0,True,1.0,1.0,0.0,True
R0_KMEANS__M0244,R0_KMEANS,KMEANS,RAW_STANDARDIZED,True,0,True,0,0,True,,1.0,0.0,True,1.0,1.0,0.0,True
R0_KMEANS__M0245,R0_KMEANS,KMEANS,RAW_STANDARDIZED,True,0,True,0,0,True,,1.0,0.0,True,1.0,1.0,0.0,True
R0_KMEANS__M0246,R0_KMEANS,KMEANS,RAW_STANDARDIZED,True,0,True,0,0,True,,1.0,0.0,True,1.0,1.0,0.0,True
R0_KMEANS__M0247,R0_KMEANS,KMEANS,RAW_STANDARDIZED,True,0,True,0,0,True,,1.0,0.0,True,1.0,1.0,0.0,True
R0_KMEANS__M0248,R0_KMEANS,KMEANS,RAW_STANDARDIZED,True,0,True,0,0,True,,1.0,0.0,True,1.0,1.0,0.0,True
R0_KMEANS__M0249,R0_KMEANS,KMEANS,RAW_STANDARDIZED,True,0,True,0,0,True,,1.0,0.0,True,1.0,1.0,0.0,True
R0_KMEANS__M0250,R0_KMEANS,KMEANS,RAW_STANDARDIZED,True,0,True,0,0,True,,1.0,0.0,True,1.0,1.0,0.0,True
R1_PCA85_KMEANS__M0001,R1_PCA85_KMEANS,KMEANS,PCA85,True,0,True,4,4,True,0.8753923025082088,0.8753923025082085,2.220446049250313e-16,True,1.0,1.0,0.0,True
R1_PCA85_KMEANS__M0002,R1_PCA85_KMEANS,KMEANS,PCA85,True,0,True,4,4,True,0.8663011031382618,0.8663011031382617,1.1102230246251565e-16,True,1.0,1.0,0.0,True
R1_PCA85_KMEANS__M0003,R1_PCA85_KMEANS,KMEANS,PCA85,True,0,True,4,4,True,0.868554049058879,0.8685540490588788,2.220446049250313e-16,True,1.0,1.0,0.0,True
R1_PCA85_KMEANS__M0004,R1_PCA85_KMEANS,KMEANS,PCA85,True,0,True,4,4,True,0.8713265380875479,0.8713265380875479,0.0,True,1.0,1.0,0.0,True
R1_PCA85_KMEANS__M0005,R1_PCA85_KMEANS,KMEANS,PCA85,True,0,True,5,5,True,0.8902772310543405,0.8902772310543406,1.1102230246251565e-16,True,1.0,1.0,0.0,True
R1_PCA85_KMEANS__M0006,R1_PCA85_KMEANS,KMEANS,PCA85,True,0,True,4,4,True,0.8574180085570247,0.8574180085570245,1.1102230246251565e-16,True,1.0,1.0,0.0,True
R1_PCA85_KMEANS__M0007,R1_PCA85_KMEANS,KMEANS,PCA85,True,0,True,4,4,True,0.8545724543729426,0.8545724543729425,1.1102230246251565e-16,True,1.0,1.0,0.0,True
R1_PCA85_KMEANS__M0008,R1_PCA85_KMEANS,KMEANS,PCA85,True,0,True,4,4,True,0.8593754757984695,0.8593754757984695,0.0,True,1.0,1.0,0.0,True
R1_PCA85_KMEANS__M0009,R1_PCA85_KMEANS,KMEANS,PCA85,True,0,True,4,4,True,0.8756866300876796,0.8756866300876794,1.1102230246251565e-16,True,1.0,1.0,0.0,True
R1_PCA85_KMEANS__M0010,R1_PCA85_KMEANS,KMEANS,PCA85,True,0,True,5,5,True,0.8789260785911558,0.8789260785911559,1.1102230246251565e-16,True,1.0,1.0,0.0,True
R1_PCA85_KMEANS__M0011,R1_PCA85_KMEANS,KMEANS,PCA85,True,0,True,4,4,True,0.8621349276375432,0.8621349276375437,5.551115123125783e-16,True,1.0,1.0,0.0,True
R1_PCA85_KMEANS__M0012,R1_PCA85_KMEANS,KMEANS,PCA85,True,0,True,4,4,True,0.8530590229851953,0.8530590229851954,1.1102230246251565e-16,True,1.0,1.0,0.0,True
R1_PCA85_KMEANS__M0013,R1_PCA85_KMEANS,KMEANS,PCA85,True,0,True,4,4,True,0.8637853770675158,0.8637853770675161,3.3306690738754696e-16,True,1.0,1.0,0.0,True
R1_PCA85_KMEANS__M0014,R1_PCA85_KMEANS,KMEANS,PCA85,True,0,True,4,4,True,0.8512936315078586,0.8512936315078586,0.0,True,1.0,1.0,0.0,True
R1_PCA85_KMEANS__M0015,R1_PCA85_KMEANS,KMEANS,PCA85,True,0,True,5,5,True,0.8878382738861152,0.8878382738861149,3.3306690738754696e-16,True,1.0,1.0,0.0,True
R1_PCA85_KMEANS__M0016,R1_PCA85_KMEANS,KMEANS,PCA85,True,0,True,5,5,True,0.8718304400958896,0.8718304400958898,2.220446049250313e-16,True,1.0,1.0,0.0,True
R1_PCA85_KMEANS__M0017,R1_PCA85_KMEANS,KMEANS,PCA85,True,0,True,4,4,True,0.8535069995007193,0.853506999500719,3.3306690738754696e-16,True,1.0,1.0,0.0,True
R1_PCA85_KMEANS__M0018,R1_PCA85_KMEANS,KMEANS,PCA85,True,0,True,4,4,True,0.879359739002494,0.8793597390024938,2.220446049250313e-16,True,1.0,1.0,0.0,True
R1_PCA85_KMEANS__M0019,R1_PCA85_KMEANS,KMEANS,PCA85,True,0,True,5,5,True,0.8809588338491368,0.8809588338491366,1.1102230246251565e-16,True,1.0,1.0,0.0,True
R1_PCA85_KMEANS__M0020,R1_PCA85_KMEANS,KMEANS,PCA85,True,0,True,4,4,True,0.8562764562337926,0.8562764562337927,1.1102230246251565e-16,True,1.0,1.0,0.0,True
R1_PCA85_KMEANS__M0021,R1_PCA85_KMEANS,KMEANS,PCA85,True,0,True,5,5,True,0.8794908577907908,0.8794908577907908,0.0,True,1.0,1.0,0.0,True
R1_PCA85_KMEANS__M0022,R1_PCA85_KMEANS,KMEANS,PCA85,True,0,True,4,4,True,0.8598086443164865,0.8598086443164865,0.0,True,1.0,1.0,0.0,True
R1_PCA85_KMEANS__M0023,R1_PCA85_KMEANS,KMEANS,PCA85,True,0,True,4,4,True,0.8582586101599203,0.8582586101599208,4.440892098500626e-16,True,1.0,1.0,0.0,True
R1_PCA85_KMEANS__M0024,R1_PCA85_KMEANS,KMEANS,PCA85,True,0,True,4,4,True,0.853435500872108,0.853435500872108,0.0,True,1.0,1.0,0.0,True
R1_PCA85_KMEANS__M0025,R1_PCA85_KMEANS,KMEANS,PCA85,True,0,True,4,4,True,0.8681992234242506,0.8681992234242505,1.1102230246251565e-16,True,1.0,1.0,0.0,True
R1_PCA85_KMEANS__M0026,R1_PCA85_KMEANS,KMEANS,PCA85,True,0,True,5,5,True,0.8894279412424658,0.8894279412424658,0.0,True,1.0,1.0,0.0,True
R1_PCA85_KMEANS__M0027,R1_PCA85_KMEANS,KMEANS,PCA85,True,0,True,4,4,True,0.8564182989168002,0.8564182989168001,1.1102230246251565e-16,True,1.0,1.0,0.0,True
R1_PCA85_KMEANS__M0028,R1_PCA85_KMEANS,KMEANS,PCA85,True,0,True,4,4,True,0.8653765116218745,0.8653765116218748,3.3306690738754696e-16,True,1.0,1.0,0.0,True
R1_PCA85_KMEANS__M0029,R1_PCA85_KMEANS,KMEANS,PCA85,True,0,True,4,4,True,0.855041758717808,0.8550417587178077,2.220446049250313e-16,True,1.0,1.0,0.0,True
R1_PCA85_KMEANS__M0030,R1_PCA85_KMEANS,KMEANS,PCA85,True,0,True,4,4,True,0.8519531322784708,0.851953132278471,2.220446049250313e-16,True,1.0,1.0,0.0,True
R1_PCA85_KMEANS__M0031,R1_PCA85_KMEANS,KMEANS,PCA85,True,0,True,5,5,True,0.8818424042317459,0.8818424042317459,0.0,True,1.0,1.0,0.0,True
R1_PCA85_KMEANS__M0032,R1_PCA85_KMEANS,KMEANS,PCA85,True,0,True,4,4,True,0.8529105162865909,0.852910516286591,1.1102230246251565e-16,True,1.0,1.0,0.0,True
R1_PCA85_KMEANS__M0033,R1_PCA85_KMEANS,KMEANS,PCA85,True,0,True,4,4,True,0.8745797503170022,0.8745797503170022,0.0,True,1.0,1.0,0.0,True
R1_PCA85_KMEANS__M0034,R1_PCA85_KMEANS,KMEANS,PCA85,True,0,True,4,4,True,0.8552486974107529,0.8552486974107529,0.0,True,1.0,1.0,0.0,True
R1_PCA85_KMEANS__M0035,R1_PCA85_KMEANS,KMEANS,PCA85,True,0,True,4,4,True,0.8585708057261818,0.8585708057261817,1.1102230246251565e-16,True,1.0,1.0,0.0,True
R1_PCA85_KMEANS__M0036,R1_PCA85_KMEANS,KMEANS,PCA85,True,0,True,5,5,True,0.8660287267737329,0.8660287267737328,1.1102230246251565e-16,True,1.0,1.0,0.0,True
R1_PCA85_KMEANS__M0037,R1_PCA85_KMEANS,KMEANS,PCA85,True,0,True,4,4,True,0.8661707419836265,0.8661707419836265,0.0,True,1.0,1.0,0.0,True
R1_PCA85_KMEANS__M0038,R1_PCA85_KMEANS,KMEANS,PCA85,True,0,True,5,5,True,0.8747754888134565,0.8747754888134566,1.1102230246251565e-16,True,1.0,1.0,0.0,True
R1_PCA85_KMEANS__M0039,R1_PCA85_KMEANS,KMEANS,PCA85,True,0,True,5,5,True,0.8804458123463913,0.8804458123463913,0.0,True,1.0,1.0,0.0,True
R1_PCA85_KMEANS__M0040,R1_PCA85_KMEANS,KMEANS,PCA85,True,0,True,5,5,True,0.8888445687651205,0.8888445687651205,0.0,True,1.0,1.0,0.0,True
R1_PCA85_KMEANS__M0041,R1_PCA85_KMEANS,KMEANS,PCA85,True,0,True,5,5,True,0.879736096671195,0.8797360966711949,1.1102230246251565e-16,True,1.0,1.0,0.0,True
R1_PCA85_KMEANS__M0042,R1_PCA85_KMEANS,KMEANS,PCA85,True,0,True,4,4,True,0.8758468943219808,0.8758468943219809,1.1102230246251565e-16,True,1.0,1.0,0.0,True
R1_PCA85_KMEANS__M0043,R1_PCA85_KMEANS,KMEANS,PCA85,True,0,True,5,5,True,0.8901173803614104,0.8901173803614104,0.0,True,1.0,1.0,0.0,True
R1_PCA85_KMEANS__M0044,R1_PCA85_KMEANS,KMEANS,PCA85,True,0,True,5,5,True,0.8889241146520563,0.8889241146520563,0.0,True,1.0,1.0,0.0,True
R1_PCA85_KMEANS__M0045,R1_PCA85_KMEANS,KMEANS,PCA85,True,0,True,5,5,True,0.8854166417942416,0.8854166417942416,0.0,True,1.0,1.0,0.0,True
R1_PCA85_KMEANS__M0046,R1_PCA85_KMEANS,KMEANS,PCA85,True,0,True,4,4,True,0.8712237931776872,0.871223793177687,2.220446049250313e-16,True,1.0,1.0,0.0,True
R1_PCA85_KMEANS__M0047,R1_PCA85_KMEANS,KMEANS,PCA85,True,0,True,5,5,True,0.8795362454777131,0.879536245477713,1.1102230246251565e-16,True,1.0,1.0,0.0,True
R1_PCA85_KMEANS__M0048,R1_PCA85_KMEANS,KMEANS,PCA85,True,0,True,4,4,True,0.8534456495958894,0.8534456495958893,1.1102230246251565e-16,True,1.0,1.0,0.0,True
R1_PCA85_KMEANS__M0049,R1_PCA85_KMEANS,KMEANS,PCA85,True,0,True,5,5,True,0.868330930278913,0.8683309302789131,1.1102230246251565e-16,True,1.0,1.0,0.0,True
R1_PCA85_KMEANS__M0050,R1_PCA85_KMEANS,KMEANS,PCA85,True,0,True,4,4,True,0.8666055784520262,0.8666055784520265,2.220446049250313e-16,True,1.0,1.0,0.0,True
R1_PCA85_KMEANS__M0051,R1_PCA85_KMEANS,KMEANS,PCA85,True,0,True,4,4,True,0.861772453896808,0.8617724538968078,2.220446049250313e-16,True,1.0,1.0,0.0,True
R1_PCA85_KMEANS__M0052,R1_PCA85_KMEANS,KMEANS,PCA85,True,0,True,4,4,True,0.8738562853386186,0.8738562853386184,2.220446049250313e-16,True,1.0,1.0,0.0,True
R1_PCA85_KMEANS__M0053,R1_PCA85_KMEANS,KMEANS,PCA85,True,0,True,5,5,True,0.8912255684719947,0.8912255684719947,0.0,True,1.0,1.0,0.0,True
R1_PCA85_KMEANS__M0054,R1_PCA85_KMEANS,KMEANS,PCA85,True,0,True,4,4,True,0.8629695199153246,0.8629695199153242,3.3306690738754696e-16,True,1.0,1.0,0.0,True
R1_PCA85_KMEANS__M0055,R1_PCA85_KMEANS,KMEANS,PCA85,True,0,True,5,5,True,0.8827362957400975,0.8827362957400975,0.0,True,1.0,1.0,0.0,True
R1_PCA85_KMEANS__M0056,R1_PCA85_KMEANS,KMEANS,PCA85,True,0,True,4,4,True,0.86530402706629,0.8653040270662896,3.3306690738754696e-16,True,1.0,1.0,0.0,True
R1_PCA85_KMEANS__M0057,R1_PCA85_KMEANS,KMEANS,PCA85,True,0,True,3,3,True,0.8604060169123288,0.8604060169123289,1.1102230246251565e-16,True,1.0,1.0,0.0,True
R1_PCA85_KMEANS__M0058,R1_PCA85_KMEANS,KMEANS,PCA85,True,0,True,5,5,True,0.885514371222966,0.8855143712229661,1.1102230246251565e-16,True,1.0,1.0,0.0,True
R1_PCA85_KMEANS__M0059,R1_PCA85_KMEANS,KMEANS,PCA85,True,0,True,5,5,True,0.8818924202286814,0.8818924202286814,0.0,True,1.0,1.0,0.0,True
R1_PCA85_KMEANS__M0060,R1_PCA85_KMEANS,KMEANS,PCA85,True,0,True,5,5,True,0.8722657267310405,0.8722657267310405,0.0,True,1.0,1.0,0.0,True
R1_PCA85_KMEANS__M0061,R1_PCA85_KMEANS,KMEANS,PCA85,True,0,True,5,5,True,0.8856074001836959,0.8856074001836959,0.0,True,1.0,1.0,0.0,True
R1_PCA85_KMEANS__M0062,R1_PCA85_KMEANS,KMEANS,PCA85,True,0,True,4,4,True,0.8749545562018721,0.874954556201872,1.1102230246251565e-16,True,1.0,1.0,0.0,True
R1_PCA85_KMEANS__M0063,R1_PCA85_KMEANS,KMEANS,PCA85,True,0,True,5,5,True,0.8668258831798569,0.866825883179857,1.1102230246251565e-16,True,1.0,1.0,0.0,True
R1_PCA85_KMEANS__M0064,R1_PCA85_KMEANS,KMEANS,PCA85,True,0,True,4,4,True,0.8676353033262396,0.8676353033262396,0.0,True,1.0,1.0,0.0,True
R1_PCA85_KMEANS__M0065,R1_PCA85_KMEANS,KMEANS,PCA85,True,0,True,4,4,True,0.862622411950466,0.8626224119504657,2.220446049250313e-16,True,1.0,1.0,0.0,True
R1_PCA85_KMEANS__M0066,R1_PCA85_KMEANS,KMEANS,PCA85,True,0,True,5,5,True,0.8890610389341164,0.889061038934116,3.3306690738754696e-16,True,1.0,1.0,0.0,True
R1_PCA85_KMEANS__M0067,R1_PCA85_KMEANS,KMEANS,PCA85,True,0,True,4,4,True,0.8582779328500394,0.8582779328500392,2.220446049250313e-16,True,1.0,1.0,0.0,True
R1_PCA85_KMEANS__M0068,R1_PCA85_KMEANS,KMEANS,PCA85,True,0,True,4,4,True,0.866947434221221,0.8669474342212209,1.1102230246251565e-16,True,1.0,1.0,0.0,True
R1_PCA85_KMEANS__M0069,R1_PCA85_KMEANS,KMEANS,PCA85,True,0,True,4,4,True,0.8581580200649142,0.858158020064914,1.1102230246251565e-16,True,1.0,1.0,0.0,True
R1_PCA85_KMEANS__M0070,R1_PCA85_KMEANS,KMEANS,PCA85,True,0,True,4,4,True,0.8642941797289867,0.8642941797289865,2.220446049250313e-16,True,1.0,1.0,0.0,True
R1_PCA85_KMEANS__M0071,R1_PCA85_KMEANS,KMEANS,PCA85,True,0,True,5,5,True,0.8849993687952886,0.8849993687952887,1.1102230246251565e-16,True,1.0,1.0,0.0,True
R1_PCA85_KMEANS__M0072,R1_PCA85_KMEANS,KMEANS,PCA85,True,0,True,4,4,True,0.8821574447672914,0.8821574447672916,2.220446049250313e-16,True,1.0,1.0,0.0,True
R1_PCA85_KMEANS__M0073,R1_PCA85_KMEANS,KMEANS,PCA85,True,0,True,5,5,True,0.8924376100644517,0.8924376100644518,1.1102230246251565e-16,True,1.0,1.0,0.0,True
R1_PCA85_KMEANS__M0074,R1_PCA85_KMEANS,KMEANS,PCA85,True,0,True,5,5,True,0.8875290939283774,0.8875290939283775,1.1102230246251565e-16,True,1.0,1.0,0.0,True
R1_PCA85_KMEANS__M0075,R1_PCA85_KMEANS,KMEANS,PCA85,True,0,True,5,5,True,0.8792006944902934,0.8792006944902935,1.1102230246251565e-16,True,1.0,1.0,0.0,True
R1_PCA85_KMEANS__M0076,R1_PCA85_KMEANS,KMEANS,PCA85,True,0,True,5,5,True,0.8887887383877594,0.8887887383877593,1.1102230246251565e-16,True,1.0,1.0,0.0,True
R1_PCA85_KMEANS__M0077,R1_PCA85_KMEANS,KMEANS,PCA85,True,0,True,4,4,True,0.8509505359811109,0.8509505359811109,0.0,True,1.0,1.0,0.0,True
R1_PCA85_KMEANS__M0078,R1_PCA85_KMEANS,KMEANS,PCA85,True,0,True,4,4,True,0.8628315373145743,0.8628315373145745,2.220446049250313e-16,True,1.0,1.0,0.0,True
R1_PCA85_KMEANS__M0079,R1_PCA85_KMEANS,KMEANS,PCA85,True,0,True,5,5,True,0.8665545833659578,0.8665545833659578,0.0,True,1.0,1.0,0.0,True
R1_PCA85_KMEANS__M0080,R1_PCA85_KMEANS,KMEANS,PCA85,True,0,True,4,4,True,0.8590471149265354,0.8590471149265353,1.1102230246251565e-16,True,1.0,1.0,0.0,True
R1_PCA85_KMEANS__M0081,R1_PCA85_KMEANS,KMEANS,PCA85,True,0,True,4,4,True,0.8630850466512391,0.8630850466512394,3.3306690738754696e-16,True,1.0,1.0,0.0,True
R1_PCA85_KMEANS__M0082,R1_PCA85_KMEANS,KMEANS,PCA85,True,0,True,5,5,True,0.8849909197772299,0.8849909197772297,2.220446049250313e-16,True,1.0,1.0,0.0,True
R1_PCA85_KMEANS__M0083,R1_PCA85_KMEANS,KMEANS,PCA85,True,0,True,5,5,True,0.891115513348973,0.891115513348973,0.0,True,1.0,1.0,0.0,True
R1_PCA85_KMEANS__M0084,R1_PCA85_KMEANS,KMEANS,PCA85,True,0,True,4,4,True,0.8642486594072005,0.8642486594072006,1.1102230246251565e-16,True,1.0,1.0,0.0,True
R1_PCA85_KMEANS__M0085,R1_PCA85_KMEANS,KMEANS,PCA85,True,0,True,5,5,True,0.8832768799998068,0.8832768799998065,2.220446049250313e-16,True,1.0,1.0,0.0,True
R1_PCA85_KMEANS__M0086,R1_PCA85_KMEANS,KMEANS,PCA85,True,0,True,4,4,True,0.8587101710664297,0.8587101710664299,2.220446049250313e-16,True,1.0,1.0,0.0,True
R1_PCA85_KMEANS__M0087,R1_PCA85_KMEANS,KMEANS,PCA85,True,0,True,5,5,True,0.8795722771524355,0.8795722771524356,1.1102230246251565e-16,True,1.0,1.0,0.0,True
R1_PCA85_KMEANS__M0088,R1_PCA85_KMEANS,KMEANS,PCA85,True,0,True,4,4,True,0.8703267758644329,0.8703267758644331,2.220446049250313e-16,True,1.0,1.0,0.0,True
R1_PCA85_KMEANS__M0089,R1_PCA85_KMEANS,KMEANS,PCA85,True,0,True,5,5,True,0.8747658109883173,0.8747658109883172,1.1102230246251565e-16,True,1.0,1.0,0.0,True
R1_PCA85_KMEANS__M0090,R1_PCA85_KMEANS,KMEANS,PCA85,True,0,True,5,5,True,0.8847186536773834,0.8847186536773836,1.1102230246251565e-16,True,1.0,1.0,0.0,True
R1_PCA85_KMEANS__M0091,R1_PCA85_KMEANS,KMEANS,PCA85,True,0,True,4,4,True,0.8507573444537485,0.8507573444537486,1.1102230246251565e-16,True,1.0,1.0,0.0,True
R1_PCA85_KMEANS__M0092,R1_PCA85_KMEANS,KMEANS,PCA85,True,0,True,4,4,True,0.8640360246217834,0.8640360246217833,1.1102230246251565e-16,True,1.0,1.0,0.0,True
R1_PCA85_KMEANS__M0093,R1_PCA85_KMEANS,KMEANS,PCA85,True,0,True,4,4,True,0.8749404165673763,0.8749404165673763,0.0,True,1.0,1.0,0.0,True
R1_PCA85_KMEANS__M0094,R1_PCA85_KMEANS,KMEANS,PCA85,True,0,True,4,4,True,0.8557125259216252,0.8557125259216251,1.1102230246251565e-16,True,1.0,1.0,0.0,True
R1_PCA85_KMEANS__M0095,R1_PCA85_KMEANS,KMEANS,PCA85,True,0,True,4,4,True,0.854088819469402,0.8540888194694021,1.1102230246251565e-16,True,1.0,1.0,0.0,True
R1_PCA85_KMEANS__M0096,R1_PCA85_KMEANS,KMEANS,PCA85,True,0,True,5,5,True,0.8729545755212011,0.8729545755212011,0.0,True,1.0,1.0,0.0,True
R1_PCA85_KMEANS__M0097,R1_PCA85_KMEANS,KMEANS,PCA85,True,0,True,5,5,True,0.8762257866904392,0.8762257866904393,1.1102230246251565e-16,True,1.0,1.0,0.0,True
R1_PCA85_KMEANS__M0098,R1_PCA85_KMEANS,KMEANS,PCA85,True,0,True,4,4,True,0.8625694163881882,0.8625694163881883,1.1102230246251565e-16,True,1.0,1.0,0.0,True
R1_PCA85_KMEANS__M0099,R1_PCA85_KMEANS,KMEANS,PCA85,True,0,True,5,5,True,0.8899206635845214,0.8899206635845215,1.1102230246251565e-16,True,1.0,1.0,0.0,True
R1_PCA85_KMEANS__M0100,R1_PCA85_KMEANS,KMEANS,PCA85,True,0,True,4,4,True,0.8778574334653111,0.8778574334653113,2.220446049250313e-16,True,1.0,1.0,0.0,True
R1_PCA85_KMEANS__M0101,R1_PCA85_KMEANS,KMEANS,PCA85,True,0,True,4,4,True,0.8535967580897995,0.8535967580897994,1.1102230246251565e-16,True,1.0,1.0,0.0,True
R1_PCA85_KMEANS__M0102,R1_PCA85_KMEANS,KMEANS,PCA85,True,0,True,5,5,True,0.8838111628538999,0.8838111628538997,2.220446049250313e-16,True,1.0,1.0,0.0,True
R1_PCA85_KMEANS__M0103,R1_PCA85_KMEANS,KMEANS,PCA85,True,0,True,4,4,True,0.8508737766299379,0.8508737766299381,2.220446049250313e-16,True,1.0,1.0,0.0,True
R1_PCA85_KMEANS__M0104,R1_PCA85_KMEANS,KMEANS,PCA85,True,0,True,5,5,True,0.8681227200788361,0.8681227200788363,2.220446049250313e-16,True,1.0,1.0,0.0,True
R1_PCA85_KMEANS__M0105,R1_PCA85_KMEANS,KMEANS,PCA85,True,0,True,5,5,True,0.8774794174191487,0.8774794174191487,0.0,True,1.0,1.0,0.0,True
R1_PCA85_KMEANS__M0106,R1_PCA85_KMEANS,KMEANS,PCA85,True,0,True,4,4,True,0.8541694725742451,0.854169472574245,1.1102230246251565e-16,True,1.0,1.0,0.0,True
R1_PCA85_KMEANS__M0107,R1_PCA85_KMEANS,KMEANS,PCA85,True,0,True,4,4,True,0.8716519836577818,0.8716519836577821,2.220446049250313e-16,True,1.0,1.0,0.0,True
R1_PCA85_KMEANS__M0108,R1_PCA85_KMEANS,KMEANS,PCA85,True,0,True,4,4,True,0.8702135882087735,0.8702135882087736,1.1102230246251565e-16,True,1.0,1.0,0.0,True
R1_PCA85_KMEANS__M0109,R1_PCA85_KMEANS,KMEANS,PCA85,True,0,True,4,4,True,0.8545018532154248,0.854501853215425,2.220446049250313e-16,True,1.0,1.0,0.0,True
R1_PCA85_KMEANS__M0110,R1_PCA85_KMEANS,KMEANS,PCA85,True,0,True,5,5,True,0.8900047646550617,0.890004764655062,2.220446049250313e-16,True,1.0,1.0,0.0,True
R1_PCA85_KMEANS__M0111,R1_PCA85_KMEANS,KMEANS,PCA85,True,0,True,4,4,True,0.8784898561202097,0.8784898561202097,0.0,True,1.0,1.0,0.0,True
R1_PCA85_KMEANS__M0112,R1_PCA85_KMEANS,KMEANS,PCA85,True,0,True,5,5,True,0.8832731285740317,0.8832731285740318,1.1102230246251565e-16,True,1.0,1.0,0.0,True
R1_PCA85_KMEANS__M0113,R1_PCA85_KMEANS,KMEANS,PCA85,True,0,True,5,5,True,0.8896378472683686,0.8896378472683686,0.0,True,1.0,1.0,0.0,True
R1_PCA85_KMEANS__M0114,R1_PCA85_KMEANS,KMEANS,PCA85,True,0,True,5,5,True,0.8855632911689059,0.8855632911689059,0.0,True,1.0,1.0,0.0,True
R1_PCA85_KMEANS__M0115,R1_PCA85_KMEANS,KMEANS,PCA85,True,0,True,5,5,True,0.8820762986885906,0.8820762986885908,2.220446049250313e-16,True,1.0,1.0,0.0,True
R1_PCA85_KMEANS__M0116,R1_PCA85_KMEANS,KMEANS,PCA85,True,0,True,5,5,True,0.88815125117392,0.88815125117392,0.0,True,1.0,1.0,0.0,True
R1_PCA85_KMEANS__M0117,R1_PCA85_KMEANS,KMEANS,PCA85,True,0,True,5,5,True,0.8933348059043938,0.893334805904394,1.1102230246251565e-16,True,1.0,1.0,0.0,True
R1_PCA85_KMEANS__M0118,R1_PCA85_KMEANS,KMEANS,PCA85,True,0,True,4,4,True,0.8710881895205634,0.8710881895205634,0.0,True,1.0,1.0,0.0,True
R1_PCA85_KMEANS__M0119,R1_PCA85_KMEANS,KMEANS,PCA85,True,0,True,4,4,True,0.8605688793860351,0.860568879386035,1.1102230246251565e-16,True,1.0,1.0,0.0,True
R1_PCA85_KMEANS__M0120,R1_PCA85_KMEANS,KMEANS,PCA85,True,0,True,4,4,True,0.8536814826149561,0.8536814826149562,1.1102230246251565e-16,True,1.0,1.0,0.0,True
R1_PCA85_KMEANS__M0121,R1_PCA85_KMEANS,KMEANS,PCA85,True,0,True,5,5,True,0.8884305436530066,0.8884305436530066,0.0,True,1.0,1.0,0.0,True
R1_PCA85_KMEANS__M0122,R1_PCA85_KMEANS,KMEANS,PCA85,True,0,True,5,5,True,0.8821638888626898,0.8821638888626899,1.1102230246251565e-16,True,1.0,1.0,0.0,True
R1_PCA85_KMEANS__M0123,R1_PCA85_KMEANS,KMEANS,PCA85,True,0,True,5,5,True,0.889891510385874,0.8898915103858738,2.220446049250313e-16,True,1.0,1.0,0.0,True
R1_PCA85_KMEANS__M0124,R1_PCA85_KMEANS,KMEANS,PCA85,True,0,True,5,5,True,0.880950718272264,0.8809507182722638,2.220446049250313e-16,True,1.0,1.0,0.0,True
R1_PCA85_KMEANS__M0125,R1_PCA85_KMEANS,KMEANS,PCA85,True,0,True,4,4,True,0.8613786430859668,0.8613786430859669,1.1102230246251565e-16,True,1.0,1.0,0.0,True
R1_PCA85_KMEANS__M0126,R1_PCA85_KMEANS,KMEANS,PCA85,True,0,True,4,4,True,0.8794049774411432,0.8794049774411432,0.0,True,1.0,1.0,0.0,True
R1_PCA85_KMEANS__M0127,R1_PCA85_KMEANS,KMEANS,PCA85,True,0,True,4,4,True,0.8811875261879245,0.8811875261879245,0.0,True,1.0,1.0,0.0,True
R1_PCA85_KMEANS__M0128,R1_PCA85_KMEANS,KMEANS,PCA85,True,0,True,5,5,True,0.8859392532890391,0.8859392532890393,2.220446049250313e-16,True,1.0,1.0,0.0,True
R1_PCA85_KMEANS__M0129,R1_PCA85_KMEANS,KMEANS,PCA85,True,0,True,5,5,True,0.8823249479908757,0.8823249479908757,0.0,True,1.0,1.0,0.0,True
R1_PCA85_KMEANS__M0130,R1_PCA85_KMEANS,KMEANS,PCA85,True,0,True,4,4,True,0.8514912867170634,0.8514912867170636,2.220446049250313e-16,True,1.0,1.0,0.0,True
R1_PCA85_KMEANS__M0131,R1_PCA85_KMEANS,KMEANS,PCA85,True,0,True,4,4,True,0.852963194300882,0.8529631943008816,3.3306690738754696e-16,True,1.0,1.0,0.0,True
R1_PCA85_KMEANS__M0132,R1_PCA85_KMEANS,KMEANS,PCA85,True,0,True,5,5,True,0.8836887104080632,0.8836887104080633,1.1102230246251565e-16,True,1.0,1.0,0.0,True
R1_PCA85_KMEANS__M0133,R1_PCA85_KMEANS,KMEANS,PCA85,True,0,True,5,5,True,0.8873880691023359,0.8873880691023357,2.220446049250313e-16,True,1.0,1.0,0.0,True
R1_PCA85_KMEANS__M0134,R1_PCA85_KMEANS,KMEANS,PCA85,True,0,True,4,4,True,0.8521838347732822,0.8521838347732821,1.1102230246251565e-16,True,1.0,1.0,0.0,True
R1_PCA85_KMEANS__M0135,R1_PCA85_KMEANS,KMEANS,PCA85,True,0,True,5,5,True,0.8892013003241034,0.8892013003241033,1.1102230246251565e-16,True,1.0,1.0,0.0,True
R1_PCA85_KMEANS__M0136,R1_PCA85_KMEANS,KMEANS,PCA85,True,0,True,5,5,True,0.8874910875796933,0.8874910875796935,2.220446049250313e-16,True,1.0,1.0,0.0,True
R1_PCA85_KMEANS__M0137,R1_PCA85_KMEANS,KMEANS,PCA85,True,0,True,4,4,True,0.8744906072967948,0.8744906072967951,2.220446049250313e-16,True,1.0,1.0,0.0,True
R1_PCA85_KMEANS__M0138,R1_PCA85_KMEANS,KMEANS,PCA85,True,0,True,5,5,True,0.872434576048751,0.8724345760487511,1.1102230246251565e-16,True,1.0,1.0,0.0,True
R1_PCA85_KMEANS__M0139,R1_PCA85_KMEANS,KMEANS,PCA85,True,0,True,4,4,True,0.8598310627194378,0.8598310627194375,2.220446049250313e-16,True,1.0,1.0,0.0,True
R1_PCA85_KMEANS__M0140,R1_PCA85_KMEANS,KMEANS,PCA85,True,0,True,5,5,True,0.8829143061566209,0.8829143061566207,2.220446049250313e-16,True,1.0,1.0,0.0,True
R1_PCA85_KMEANS__M0141,R1_PCA85_KMEANS,KMEANS,PCA85,True,0,True,4,4,True,0.8748503055247615,0.8748503055247614,1.1102230246251565e-16,True,1.0,1.0,0.0,True
R1_PCA85_KMEANS__M0142,R1_PCA85_KMEANS,KMEANS,PCA85,True,0,True,5,5,True,0.891312901133923,0.8913129011339228,2.220446049250313e-16,True,1.0,1.0,0.0,True
R1_PCA85_KMEANS__M0143,R1_PCA85_KMEANS,KMEANS,PCA85,True,0,True,5,5,True,0.8877721321399297,0.8877721321399297,0.0,True,1.0,1.0,0.0,True
R1_PCA85_KMEANS__M0144,R1_PCA85_KMEANS,KMEANS,PCA85,True,0,True,5,5,True,0.8714147724671842,0.871414772467184,2.220446049250313e-16,True,1.0,1.0,0.0,True
R1_PCA85_KMEANS__M0145,R1_PCA85_KMEANS,KMEANS,PCA85,True,0,True,5,5,True,0.8743294046980747,0.8743294046980749,1.1102230246251565e-16,True,1.0,1.0,0.0,True
R1_PCA85_KMEANS__M0146,R1_PCA85_KMEANS,KMEANS,PCA85,True,0,True,4,4,True,0.8510661524404834,0.8510661524404834,0.0,True,1.0,1.0,0.0,True
R1_PCA85_KMEANS__M0147,R1_PCA85_KMEANS,KMEANS,PCA85,True,0,True,4,4,True,0.8627289762799073,0.8627289762799071,2.220446049250313e-16,True,1.0,1.0,0.0,True
R1_PCA85_KMEANS__M0148,R1_PCA85_KMEANS,KMEANS,PCA85,True,0,True,4,4,True,0.8658646286923098,0.8658646286923095,3.3306690738754696e-16,True,1.0,1.0,0.0,True
R1_PCA85_KMEANS__M0149,R1_PCA85_KMEANS,KMEANS,PCA85,True,0,True,4,4,True,0.8505044601904669,0.8505044601904668,1.1102230246251565e-16,True,1.0,1.0,0.0,True
R1_PCA85_KMEANS__M0150,R1_PCA85_KMEANS,KMEANS,PCA85,True,0,True,5,5,True,0.8898607354517067,0.8898607354517066,1.1102230246251565e-16,True,1.0,1.0,0.0,True
R1_PCA85_KMEANS__M0151,R1_PCA85_KMEANS,KMEANS,PCA85,True,0,True,5,5,True,0.8823621493476979,0.8823621493476977,1.1102230246251565e-16,True,1.0,1.0,0.0,True
R1_PCA85_KMEANS__M0152,R1_PCA85_KMEANS,KMEANS,PCA85,True,0,True,5,5,True,0.8823882137516277,0.8823882137516277,0.0,True,1.0,1.0,0.0,True
R1_PCA85_KMEANS__M0153,R1_PCA85_KMEANS,KMEANS,PCA85,True,0,True,5,5,True,0.8922404911703711,0.8922404911703712,1.1102230246251565e-16,True,1.0,1.0,0.0,True
R1_PCA85_KMEANS__M0154,R1_PCA85_KMEANS,KMEANS,PCA85,True,0,True,5,5,True,0.8830626751415179,0.8830626751415181,2.220446049250313e-16,True,1.0,1.0,0.0,True
R1_PCA85_KMEANS__M0155,R1_PCA85_KMEANS,KMEANS,PCA85,True,0,True,5,5,True,0.8856669437109949,0.8856669437109951,2.220446049250313e-16,True,1.0,1.0,0.0,True
R1_PCA85_KMEANS__M0156,R1_PCA85_KMEANS,KMEANS,PCA85,True,0,True,4,4,True,0.8595791317814732,0.859579131781473,1.1102230246251565e-16,True,1.0,1.0,0.0,True
R1_PCA85_KMEANS__M0157,R1_PCA85_KMEANS,KMEANS,PCA85,True,0,True,4,4,True,0.8711487846617562,0.8711487846617562,0.0,True,1.0,1.0,0.0,True
R1_PCA85_KMEANS__M0158,R1_PCA85_KMEANS,KMEANS,PCA85,True,0,True,5,5,True,0.8882332830335216,0.8882332830335217,1.1102230246251565e-16,True,1.0,1.0,0.0,True
R1_PCA85_KMEANS__M0159,R1_PCA85_KMEANS,KMEANS,PCA85,True,0,True,5,5,True,0.8599292743253022,0.8599292743253022,0.0,True,1.0,1.0,0.0,True
R1_PCA85_KMEANS__M0160,R1_PCA85_KMEANS,KMEANS,PCA85,True,0,True,4,4,True,0.8741548016207439,0.8741548016207437,2.220446049250313e-16,True,1.0,1.0,0.0,True
R1_PCA85_KMEANS__M0161,R1_PCA85_KMEANS,KMEANS,PCA85,True,0,True,4,4,True,0.8518801614087325,0.8518801614087322,2.220446049250313e-16,True,1.0,1.0,0.0,True
R1_PCA85_KMEANS__M0162,R1_PCA85_KMEANS,KMEANS,PCA85,True,0,True,5,5,True,0.8885367646096254,0.8885367646096254,0.0,True,1.0,1.0,0.0,True
R1_PCA85_KMEANS__M0163,R1_PCA85_KMEANS,KMEANS,PCA85,True,0,True,4,4,True,0.8742636338053056,0.8742636338053056,0.0,True,1.0,1.0,0.0,True
R1_PCA85_KMEANS__M0164,R1_PCA85_KMEANS,KMEANS,PCA85,True,0,True,5,5,True,0.8884808841415761,0.8884808841415762,1.1102230246251565e-16,True,1.0,1.0,0.0,True
R1_PCA85_KMEANS__M0165,R1_PCA85_KMEANS,KMEANS,PCA85,True,0,True,4,4,True,0.8655631164522665,0.8655631164522664,1.1102230246251565e-16,True,1.0,1.0,0.0,True
R1_PCA85_KMEANS__M0166,R1_PCA85_KMEANS,KMEANS,PCA85,True,0,True,4,4,True,0.8622928714818743,0.8622928714818743,0.0,True,1.0,1.0,0.0,True
R1_PCA85_KMEANS__M0167,R1_PCA85_KMEANS,KMEANS,PCA85,True,0,True,5,5,True,0.8850280581215502,0.8850280581215502,0.0,True,1.0,1.0,0.0,True
R1_PCA85_KMEANS__M0168,R1_PCA85_KMEANS,KMEANS,PCA85,True,0,True,5,5,True,0.8701794254050651,0.8701794254050651,0.0,True,1.0,1.0,0.0,True
R1_PCA85_KMEANS__M0169,R1_PCA85_KMEANS,KMEANS,PCA85,True,0,True,4,4,True,0.8594924032176701,0.8594924032176698,2.220446049250313e-16,True,1.0,1.0,0.0,True
R1_PCA85_KMEANS__M0170,R1_PCA85_KMEANS,KMEANS,PCA85,True,0,True,4,4,True,0.8580750600833275,0.8580750600833277,2.220446049250313e-16,True,1.0,1.0,0.0,True
R1_PCA85_KMEANS__M0171,R1_PCA85_KMEANS,KMEANS,PCA85,True,0,True,4,4,True,0.8767779299332136,0.8767779299332134,2.220446049250313e-16,True,1.0,1.0,0.0,True
R1_PCA85_KMEANS__M0172,R1_PCA85_KMEANS,KMEANS,PCA85,True,0,True,5,5,True,0.8897559336105978,0.8897559336105977,1.1102230246251565e-16,True,1.0,1.0,0.0,True
R1_PCA85_KMEANS__M0173,R1_PCA85_KMEANS,KMEANS,PCA85,True,0,True,5,5,True,0.8735925254330222,0.8735925254330222,0.0,True,1.0,1.0,0.0,True
R1_PCA85_KMEANS__M0174,R1_PCA85_KMEANS,KMEANS,PCA85,True,0,True,4,4,True,0.8617798833053907,0.8617798833053908,1.1102230246251565e-16,True,1.0,1.0,0.0,True
R1_PCA85_KMEANS__M0175,R1_PCA85_KMEANS,KMEANS,PCA85,True,0,True,4,4,True,0.8571667490343406,0.857166749034341,3.3306690738754696e-16,True,1.0,1.0,0.0,True
R1_PCA85_KMEANS__M0176,R1_PCA85_KMEANS,KMEANS,PCA85,True,0,True,5,5,True,0.8894845059269132,0.8894845059269131,1.1102230246251565e-16,True,1.0,1.0,0.0,True
R1_PCA85_KMEANS__M0177,R1_PCA85_KMEANS,KMEANS,PCA85,True,0,True,5,5,True,0.8867771953999422,0.886777195399942,1.1102230246251565e-16,True,1.0,1.0,0.0,True
R1_PCA85_KMEANS__M0178,R1_PCA85_KMEANS,KMEANS,PCA85,True,0,True,4,4,True,0.869844620186756,0.8698446201867559,1.1102230246251565e-16,True,1.0,1.0,0.0,True
R1_PCA85_KMEANS__M0179,R1_PCA85_KMEANS,KMEANS,PCA85,True,0,True,4,4,True,0.8504717121049726,0.8504717121049727,1.1102230246251565e-16,True,1.0,1.0,0.0,True
R1_PCA85_KMEANS__M0180,R1_PCA85_KMEANS,KMEANS,PCA85,True,0,True,5,5,True,0.8800645457061377,0.8800645457061376,1.1102230246251565e-16,True,1.0,1.0,0.0,True
R1_PCA85_KMEANS__M0181,R1_PCA85_KMEANS,KMEANS,PCA85,True,0,True,4,4,True,0.8675947193333102,0.8675947193333101,1.1102230246251565e-16,True,1.0,1.0,0.0,True
R1_PCA85_KMEANS__M0182,R1_PCA85_KMEANS,KMEANS,PCA85,True,0,True,4,4,True,0.8628944097353094,0.8628944097353095,1.1102230246251565e-16,True,1.0,1.0,0.0,True
R1_PCA85_KMEANS__M0183,R1_PCA85_KMEANS,KMEANS,PCA85,True,0,True,5,5,True,0.8852588596700799,0.8852588596700801,2.220446049250313e-16,True,1.0,1.0,0.0,True
R1_PCA85_KMEANS__M0184,R1_PCA85_KMEANS,KMEANS,PCA85,True,0,True,4,4,True,0.8535511829674406,0.8535511829674405,1.1102230246251565e-16,True,1.0,1.0,0.0,True
R1_PCA85_KMEANS__M0185,R1_PCA85_KMEANS,KMEANS,PCA85,True,0,True,4,4,True,0.8567356443395975,0.8567356443395976,1.1102230246251565e-16,True,1.0,1.0,0.0,True
R1_PCA85_KMEANS__M0186,R1_PCA85_KMEANS,KMEANS,PCA85,True,0,True,5,5,True,0.880186561964712,0.880186561964712,0.0,True,1.0,1.0,0.0,True
R1_PCA85_KMEANS__M0187,R1_PCA85_KMEANS,KMEANS,PCA85,True,0,True,5,5,True,0.8923211323064157,0.892321132306416,2.220446049250313e-16,True,1.0,1.0,0.0,True
R1_PCA85_KMEANS__M0188,R1_PCA85_KMEANS,KMEANS,PCA85,True,0,True,5,5,True,0.886022824155537,0.8860228241555369,1.1102230246251565e-16,True,1.0,1.0,0.0,True
R1_PCA85_KMEANS__M0189,R1_PCA85_KMEANS,KMEANS,PCA85,True,0,True,5,5,True,0.88848543486574,0.88848543486574,0.0,True,1.0,1.0,0.0,True
R1_PCA85_KMEANS__M0190,R1_PCA85_KMEANS,KMEANS,PCA85,True,0,True,5,5,True,0.883540952952056,0.8835409529520556,4.440892098500626e-16,True,1.0,1.0,0.0,True
R1_PCA85_KMEANS__M0191,R1_PCA85_KMEANS,KMEANS,PCA85,True,0,True,4,4,True,0.8617309997677638,0.8617309997677639,1.1102230246251565e-16,True,1.0,1.0,0.0,True
R1_PCA85_KMEANS__M0192,R1_PCA85_KMEANS,KMEANS,PCA85,True,0,True,5,5,True,0.8917666689877529,0.891766668987753,1.1102230246251565e-16,True,1.0,1.0,0.0,True
R1_PCA85_KMEANS__M0193,R1_PCA85_KMEANS,KMEANS,PCA85,True,0,True,4,4,True,0.8649287128613719,0.864928712861372,1.1102230246251565e-16,True,1.0,1.0,0.0,True
R1_PCA85_KMEANS__M0194,R1_PCA85_KMEANS,KMEANS,PCA85,True,0,True,4,4,True,0.8582524975007122,0.8582524975007122,0.0,True,1.0,1.0,0.0,True
R1_PCA85_KMEANS__M0195,R1_PCA85_KMEANS,KMEANS,PCA85,True,0,True,5,5,True,0.8878409775771023,0.8878409775771026,2.220446049250313e-16,True,1.0,1.0,0.0,True
R1_PCA85_KMEANS__M0196,R1_PCA85_KMEANS,KMEANS,PCA85,True,0,True,4,4,True,0.8503273693261322,0.8503273693261323,1.1102230246251565e-16,True,1.0,1.0,0.0,True
R1_PCA85_KMEANS__M0197,R1_PCA85_KMEANS,KMEANS,PCA85,True,0,True,5,5,True,0.8768082840776636,0.8768082840776636,0.0,True,1.0,1.0,0.0,True
R1_PCA85_KMEANS__M0198,R1_PCA85_KMEANS,KMEANS,PCA85,True,0,True,4,4,True,0.8657252732034291,0.8657252732034293,2.220446049250313e-16,True,1.0,1.0,0.0,True
R1_PCA85_KMEANS__M0199,R1_PCA85_KMEANS,KMEANS,PCA85,True,0,True,4,4,True,0.8646520640829529,0.8646520640829527,2.220446049250313e-16,True,1.0,1.0,0.0,True
R1_PCA85_KMEANS__M0200,R1_PCA85_KMEANS,KMEANS,PCA85,True,0,True,5,5,True,0.8915046110397171,0.891504611039717,1.1102230246251565e-16,True,1.0,1.0,0.0,True
R1_PCA85_KMEANS__M0201,R1_PCA85_KMEANS,KMEANS,PCA85,True,0,True,4,4,True,0.8551607622282987,0.8551607622282988,1.1102230246251565e-16,True,1.0,1.0,0.0,True
R1_PCA85_KMEANS__M0202,R1_PCA85_KMEANS,KMEANS,PCA85,True,0,True,4,4,True,0.8602808956651374,0.8602808956651374,0.0,True,1.0,1.0,0.0,True
R1_PCA85_KMEANS__M0203,R1_PCA85_KMEANS,KMEANS,PCA85,True,0,True,5,5,True,0.8889733745136502,0.8889733745136502,0.0,True,1.0,1.0,0.0,True
R1_PCA85_KMEANS__M0204,R1_PCA85_KMEANS,KMEANS,PCA85,True,0,True,5,5,True,0.8676335077126346,0.8676335077126345,1.1102230246251565e-16,True,1.0,1.0,0.0,True
R1_PCA85_KMEANS__M0205,R1_PCA85_KMEANS,KMEANS,PCA85,True,0,True,4,4,True,0.8555674703627054,0.8555674703627055,1.1102230246251565e-16,True,1.0,1.0,0.0,True
R1_PCA85_KMEANS__M0206,R1_PCA85_KMEANS,KMEANS,PCA85,True,0,True,4,4,True,0.8638080774835394,0.8638080774835397,3.3306690738754696e-16,True,1.0,1.0,0.0,True
R1_PCA85_KMEANS__M0207,R1_PCA85_KMEANS,KMEANS,PCA85,True,0,True,4,4,True,0.8745718381933926,0.8745718381933925,1.1102230246251565e-16,True,1.0,1.0,0.0,True
R1_PCA85_KMEANS__M0208,R1_PCA85_KMEANS,KMEANS,PCA85,True,0,True,4,4,True,0.8595275025667091,0.8595275025667092,1.1102230246251565e-16,True,1.0,1.0,0.0,True
R1_PCA85_KMEANS__M0209,R1_PCA85_KMEANS,KMEANS,PCA85,True,0,True,5,5,True,0.8742552085583696,0.8742552085583697,1.1102230246251565e-16,True,1.0,1.0,0.0,True
R1_PCA85_KMEANS__M0210,R1_PCA85_KMEANS,KMEANS,PCA85,True,0,True,5,5,True,0.8875234113061634,0.8875234113061636,2.220446049250313e-16,True,1.0,1.0,0.0,True
R1_PCA85_KMEANS__M0211,R1_PCA85_KMEANS,KMEANS,PCA85,True,0,True,5,5,True,0.881615260859174,0.8816152608591739,1.1102230246251565e-16,True,1.0,1.0,0.0,True
R1_PCA85_KMEANS__M0212,R1_PCA85_KMEANS,KMEANS,PCA85,True,0,True,5,5,True,0.8932429411117023,0.8932429411117023,0.0,True,1.0,1.0,0.0,True
R1_PCA85_KMEANS__M0213,R1_PCA85_KMEANS,KMEANS,PCA85,True,0,True,4,4,True,0.8610573913458339,0.861057391345834,1.1102230246251565e-16,True,1.0,1.0,0.0,True
R1_PCA85_KMEANS__M0214,R1_PCA85_KMEANS,KMEANS,PCA85,True,0,True,4,4,True,0.8506641113916559,0.8506641113916561,2.220446049250313e-16,True,1.0,1.0,0.0,True
R1_PCA85_KMEANS__M0215,R1_PCA85_KMEANS,KMEANS,PCA85,True,0,True,4,4,True,0.8725287571431963,0.8725287571431963,0.0,True,1.0,1.0,0.0,True
R1_PCA85_KMEANS__M0216,R1_PCA85_KMEANS,KMEANS,PCA85,True,0,True,4,4,True,0.8688298508946761,0.8688298508946761,0.0,True,1.0,1.0,0.0,True
R1_PCA85_KMEANS__M0217,R1_PCA85_KMEANS,KMEANS,PCA85,True,0,True,4,4,True,0.8688031830249809,0.8688031830249806,3.3306690738754696e-16,True,1.0,1.0,0.0,True
R1_PCA85_KMEANS__M0218,R1_PCA85_KMEANS,KMEANS,PCA85,True,0,True,4,4,True,0.8646143029122766,0.8646143029122768,2.220446049250313e-16,True,1.0,1.0,0.0,True
R1_PCA85_KMEANS__M0219,R1_PCA85_KMEANS,KMEANS,PCA85,True,0,True,5,5,True,0.8779844090828177,0.8779844090828176,1.1102230246251565e-16,True,1.0,1.0,0.0,True
R1_PCA85_KMEANS__M0220,R1_PCA85_KMEANS,KMEANS,PCA85,True,0,True,4,4,True,0.8523901076217639,0.8523901076217636,3.3306690738754696e-16,True,1.0,1.0,0.0,True
R1_PCA85_KMEANS__M0221,R1_PCA85_KMEANS,KMEANS,PCA85,True,0,True,5,5,True,0.8790503538664753,0.8790503538664755,1.1102230246251565e-16,True,1.0,1.0,0.0,True
R1_PCA85_KMEANS__M0222,R1_PCA85_KMEANS,KMEANS,PCA85,True,0,True,5,5,True,0.8742003217407639,0.874200321740764,1.1102230246251565e-16,True,1.0,1.0,0.0,True
R1_PCA85_KMEANS__M0223,R1_PCA85_KMEANS,KMEANS,PCA85,True,0,True,4,4,True,0.8759341863665501,0.87593418636655,1.1102230246251565e-16,True,1.0,1.0,0.0,True
R1_PCA85_KMEANS__M0224,R1_PCA85_KMEANS,KMEANS,PCA85,True,0,True,4,4,True,0.868222460652706,0.8682224606527056,4.440892098500626e-16,True,1.0,1.0,0.0,True
R1_PCA85_KMEANS__M0225,R1_PCA85_KMEANS,KMEANS,PCA85,True,0,True,4,4,True,0.8639129268821769,0.8639129268821769,0.0,True,1.0,1.0,0.0,True
R1_PCA85_KMEANS__M0226,R1_PCA85_KMEANS,KMEANS,PCA85,True,0,True,5,5,True,0.8899565365344696,0.8899565365344697,1.1102230246251565e-16,True,1.0,1.0,0.0,True
R1_PCA85_KMEANS__M0227,R1_PCA85_KMEANS,KMEANS,PCA85,True,0,True,4,4,True,0.8501596046086292,0.8501596046086294,2.220446049250313e-16,True,1.0,1.0,0.0,True
R1_PCA85_KMEANS__M0228,R1_PCA85_KMEANS,KMEANS,PCA85,True,0,True,4,4,True,0.8601841126762112,0.8601841126762113,1.1102230246251565e-16,True,1.0,1.0,0.0,True
R1_PCA85_KMEANS__M0229,R1_PCA85_KMEANS,KMEANS,PCA85,True,0,True,4,4,True,0.8595777912455149,0.8595777912455148,1.1102230246251565e-16,True,1.0,1.0,0.0,True
R1_PCA85_KMEANS__M0230,R1_PCA85_KMEANS,KMEANS,PCA85,True,0,True,5,5,True,0.8809418850966494,0.8809418850966494,0.0,True,1.0,1.0,0.0,True
R1_PCA85_KMEANS__M0231,R1_PCA85_KMEANS,KMEANS,PCA85,True,0,True,4,4,True,0.8612472020869574,0.8612472020869574,0.0,True,1.0,1.0,0.0,True
R1_PCA85_KMEANS__M0232,R1_PCA85_KMEANS,KMEANS,PCA85,True,0,True,5,5,True,0.8845350140838443,0.8845350140838444,1.1102230246251565e-16,True,1.0,1.0,0.0,True
R1_PCA85_KMEANS__M0233,R1_PCA85_KMEANS,KMEANS,PCA85,True,0,True,5,5,True,0.874471795843186,0.8744717958431859,1.1102230246251565e-16,True,1.0,1.0,0.0,True
R1_PCA85_KMEANS__M0234,R1_PCA85_KMEANS,KMEANS,PCA85,True,0,True,4,4,True,0.8778827293331941,0.8778827293331941,0.0,True,1.0,1.0,0.0,True
R1_PCA85_KMEANS__M0235,R1_PCA85_KMEANS,KMEANS,PCA85,True,0,True,4,4,True,0.8634190346293482,0.8634190346293482,0.0,True,1.0,1.0,0.0,True
R1_PCA85_KMEANS__M0236,R1_PCA85_KMEANS,KMEANS,PCA85,True,0,True,5,5,True,0.8783568783572295,0.8783568783572295,0.0,True,1.0,1.0,0.0,True
R1_PCA85_KMEANS__M0237,R1_PCA85_KMEANS,KMEANS,PCA85,True,0,True,5,5,True,0.8899998723392549,0.8899998723392549,0.0,True,1.0,1.0,0.0,True
R1_PCA85_KMEANS__M0238,R1_PCA85_KMEANS,KMEANS,PCA85,True,0,True,4,4,True,0.865332280302264,0.8653322803022642,2.220446049250313e-16,True,1.0,1.0,0.0,True
R1_PCA85_KMEANS__M0239,R1_PCA85_KMEANS,KMEANS,PCA85,True,0,True,5,5,True,0.8824421428917244,0.8824421428917242,2.220446049250313e-16,True,1.0,1.0,0.0,True
R1_PCA85_KMEANS__M0240,R1_PCA85_KMEANS,KMEANS,PCA85,True,0,True,5,5,True,0.8876586260706111,0.8876586260706112,1.1102230246251565e-16,True,1.0,1.0,0.0,True
R1_PCA85_KMEANS__M0241,R1_PCA85_KMEANS,KMEANS,PCA85,True,0,True,5,5,True,0.8643277459168495,0.8643277459168492,2.220446049250313e-16,True,1.0,1.0,0.0,True
R1_PCA85_KMEANS__M0242,R1_PCA85_KMEANS,KMEANS,PCA85,True,0,True,5,5,True,0.8839551976070601,0.8839551976070601,0.0,True,1.0,1.0,0.0,True
R1_PCA85_KMEANS__M0243,R1_PCA85_KMEANS,KMEANS,PCA85,True,0,True,5,5,True,0.8836451767992822,0.8836451767992825,2.220446049250313e-16,True,1.0,1.0,0.0,True
R1_PCA85_KMEANS__M0244,R1_PCA85_KMEANS,KMEANS,PCA85,True,0,True,4,4,True,0.8660307779426972,0.866030777942697,2.220446049250313e-16,True,1.0,1.0,0.0,True
R1_PCA85_KMEANS__M0245,R1_PCA85_KMEANS,KMEANS,PCA85,True,0,True,5,5,True,0.884668065156515,0.8846680651565152,2.220446049250313e-16,True,1.0,1.0,0.0,True
R1_PCA85_KMEANS__M0246,R1_PCA85_KMEANS,KMEANS,PCA85,True,0,True,4,4,True,0.8607377873100727,0.8607377873100728,1.1102230246251565e-16,True,1.0,1.0,0.0,True
R1_PCA85_KMEANS__M0247,R1_PCA85_KMEANS,KMEANS,PCA85,True,0,True,4,4,True,0.8835733885134595,0.8835733885134593,1.1102230246251565e-16,True,1.0,1.0,0.0,True
R1_PCA85_KMEANS__M0248,R1_PCA85_KMEANS,KMEANS,PCA85,True,0,True,4,4,True,0.8745563423334791,0.8745563423334792,1.1102230246251565e-16,True,1.0,1.0,0.0,True
R1_PCA85_KMEANS__M0249,R1_PCA85_KMEANS,KMEANS,PCA85,True,0,True,4,4,True,0.8625992725189214,0.8625992725189214,0.0,True,1.0,1.0,0.0,True
R1_PCA85_KMEANS__M0250,R1_PCA85_KMEANS,KMEANS,PCA85,True,0,True,5,5,True,0.8758961931775965,0.8758961931775966,1.1102230246251565e-16,True,1.0,1.0,0.0,True
