member_id,family,silhouette,davies_bouldin,calinski_harabasz,reference_ari_on_sample,ward_or_native_extension_fidelity_on_sample,minimum_sampled_cluster_size,raw_cluster_sizes_json,aligned_cluster_sizes_json
R0_WARD__M0001,R0_WARD,0.304745301430534,0.9966700336217915,22.51449338037864,1.0,0.9692307692307692,10,"{""0"": 55, ""1"": 10}","{""1"": 55, ""2"": 10}"
R0_WARD__M0002,R0_WARD,0.3407253085198061,1.002067671232239,31.694163291103937,0.7858376511226253,0.9846153846153847,13,"{""0"": 52, ""1"": 13}","{""1"": 52, ""2"": 13}"
R0_WARD__M0003,R0_WARD,0.3837311566353583,0.7673249209225187,28.72787397807486,1.0,0.9846153846153847,8,"{""0"": 57, ""1"": 8}","{""1"": 57, ""2"": 8}"
R0_WARD__M0004,R0_WARD,0.40773782569205197,0.7998147143299543,33.207354529618364,1.0,1.0,9,"{""0"": 56, ""1"": 9}","{""1"": 56, ""2"": 9}"
R0_WARD__M0005,R0_WARD,0.37578949867265216,0.8804229968604226,32.33660620818016,1.0,1.0,11,"{""0"": 54, ""1"": 11}","{""1"": 54, ""2"": 11}"
R0_WARD__M0006,R0_WARD,0.35927988507951325,0.8998604472612726,27.012633988765323,1.0,1.0,9,"{""0"": 56, ""1"": 9}","{""1"": 56, ""2"": 9}"
R0_WARD__M0007,R0_WARD,0.39078167915113243,0.8128232236387826,31.40869411693275,1.0,0.9692307692307692,9,"{""0"": 56, ""1"": 9}","{""1"": 56, ""2"": 9}"
R0_WARD__M0008,R0_WARD,0.4083736800930675,0.8027412933266793,38.64676400617028,1.0,1.0,11,"{""0"": 54, ""1"": 11}","{""1"": 54, ""2"": 11}"
R0_WARD__M0009,R0_WARD,0.35263998296988086,0.9090961082061058,31.945268613794543,1.0,0.9846153846153847,12,"{""0"": 53, ""1"": 12}","{""1"": 53, ""2"": 12}"
R0_WARD__M0010,R0_WARD,0.3451704981027006,0.930050278281292,31.0362758027823,1.0,0.9846153846153847,12,"{""0"": 53, ""1"": 12}","{""1"": 53, ""2"": 12}"
R0_WARD__M0011,R0_WARD,0.36769195826919193,0.8478405521417054,28.09071777419781,1.0,1.0,9,"{""0"": 56, ""1"": 9}","{""1"": 56, ""2"": 9}"
R0_WARD__M0012,R0_WARD,0.35140188496257696,0.922075372924003,31.23690003051651,1.0,1.0,12,"{""0"": 53, ""1"": 12}","{""1"": 53, ""2"": 12}"
R0_WARD__M0013,R0_WARD,0.34832311972142144,0.9030492114550137,27.908505665318682,1.0,0.9846153846153847,10,"{""0"": 55, ""1"": 10}","{""1"": 55, ""2"": 10}"
R0_WARD__M0014,R0_WARD,0.4020044408576213,0.7882535822931133,38.40335430835815,1.0,1.0,11,"{""0"": 54, ""1"": 11}","{""1"": 54, ""2"": 11}"
R0_WARD__M0015,R0_WARD,0.38233470963724897,0.8753439595337213,33.19461543794212,1.0,1.0,11,"{""0"": 54, ""1"": 11}","{""1"": 54, ""2"": 11}"
R0_WARD__M0016,R0_WARD,0.3094666746233821,1.3377289899635965,26.06834967305387,0.5528937381404174,0.9538461538461539,16,"{""0"": 16, ""1"": 49}","{""1"": 49, ""2"": 16}"
R0_WARD__M0017,R0_WARD,0.25903583648016865,1.568649546175732,24.41693440554962,0.13632739835237842,0.9538461538461539,29,"{""0"": 29, ""1"": 36}","{""1"": 36, ""2"": 29}"
R0_WARD__M0018,R0_WARD,0.2619586665300727,1.5430441156108168,23.01497291995336,0.3511630096995951,0.9538461538461539,21,"{""0"": 21, ""1"": 44}","{""1"": 44, ""2"": 21}"
R0_WARD__M0019,R0_WARD,0.34369764178425016,0.852640250160655,23.33164220887861,1.0,0.9846153846153847,8,"{""0"": 57, ""1"": 8}","{""1"": 57, ""2"": 8}"
R0_WARD__M0020,R0_WARD,0.3487469151459348,0.893324626687755,29.543458356479903,1.0,0.9846153846153847,11,"{""0"": 54, ""1"": 11}","{""1"": 54, ""2"": 11}"
R0_WARD__M0021,R0_WARD,0.35831260525355296,0.923314236151871,33.741465286569955,1.0,1.0,13,"{""0"": 52, ""1"": 13}","{""1"": 52, ""2"": 13}"
R0_WARD__M0022,R0_WARD,0.3825839219131211,0.8362854843310051,35.10341700612122,1.0,1.0,11,"{""0"": 54, ""1"": 11}","{""1"": 54, ""2"": 11}"
R0_WARD__M0023,R0_WARD,0.364974643491499,0.8894461678538053,32.438351184640496,1.0,0.9846153846153847,12,"{""0"": 53, ""1"": 12}","{""1"": 53, ""2"": 12}"
R0_WARD__M0024,R0_WARD,0.37754401706944624,0.8872409977230775,31.90100422166893,1.0,1.0,11,"{""0"": 54, ""1"": 11}","{""1"": 54, ""2"": 11}"
R0_WARD__M0025,R0_WARD,0.37923246119014153,0.8411796636641138,32.721499660453986,1.0,0.9846153846153847,10,"{""0"": 55, ""1"": 10}","{""1"": 55, ""2"": 10}"
R0_WARD__M0026,R0_WARD,0.36599384976738614,0.8914932135955118,33.46531188152115,1.0,0.9846153846153847,12,"{""0"": 53, ""1"": 12}","{""1"": 53, ""2"": 12}"
R0_WARD__M0027,R0_WARD,0.33302931830027854,1.0097361438643735,28.900749780989983,0.8517043139740166,0.9692307692307692,12,"{""0"": 53, ""1"": 12}","{""1"": 53, ""2"": 12}"
R0_WARD__M0028,R0_WARD,0.36615143848648585,0.8689692703127789,31.54456389934959,1.0,1.0,11,"{""0"": 54, ""1"": 11}","{""1"": 54, ""2"": 11}"
R0_WARD__M0029,R0_WARD,0.3495704890631398,0.9022963457011524,28.215037010063448,0.9187261893132753,1.0,10,"{""0"": 55, ""1"": 10}","{""1"": 55, ""2"": 10}"
R0_WARD__M0030,R0_WARD,0.3408770448846131,0.9263029631409877,28.184440119669567,1.0,0.9846153846153847,11,"{""0"": 54, ""1"": 11}","{""1"": 54, ""2"": 11}"
R0_WARD__M0031,R0_WARD,0.3364643440819393,0.9238218078403087,29.361363596223597,1.0,0.9846153846153847,12,"{""0"": 53, ""1"": 12}","{""1"": 53, ""2"": 12}"
R0_WARD__M0032,R0_WARD,0.39831131998195624,0.8107202010304008,37.312927846966765,1.0,0.9846153846153847,11,"{""0"": 54, ""1"": 11}","{""1"": 54, ""2"": 11}"
R0_WARD__M0033,R0_WARD,0.38758626963083187,0.8120096086002115,30.554052859505433,1.0,1.0,9,"{""0"": 56, ""1"": 9}","{""1"": 56, ""2"": 9}"
R0_WARD__M0034,R0_WARD,0.3457252461926478,0.8990091788377327,26.909823155560634,1.0,1.0,10,"{""0"": 55, ""1"": 10}","{""1"": 55, ""2"": 10}"
R0_WARD__M0035,R0_WARD,0.34580449667057944,1.0294064694877263,33.10546272586457,0.7933783662535089,0.9692307692307692,14,"{""0"": 51, ""1"": 14}","{""1"": 51, ""2"": 14}"
R0_WARD__M0036,R0_WARD,0.3709473408635048,0.8840110348159174,27.804042103704912,1.0,1.0,9,"{""0"": 56, ""1"": 9}","{""1"": 56, ""2"": 9}"
R0_WARD__M0037,R0_WARD,0.3865899271438524,0.8383245540450562,40.496937479945146,1.0,0.9692307692307692,13,"{""0"": 52, ""1"": 13}","{""1"": 52, ""2"": 13}"
R0_WARD__M0038,R0_WARD,0.3899618724081897,0.8532824397860646,34.904408864497576,1.0,1.0,11,"{""0"": 54, ""1"": 11}","{""1"": 54, ""2"": 11}"
R0_WARD__M0039,R0_WARD,0.37583672520805284,0.8533616284919251,34.94119623290829,1.0,1.0,12,"{""0"": 53, ""1"": 12}","{""1"": 53, ""2"": 12}"
R0_WARD__M0040,R0_WARD,0.3989261360114325,0.7974537415427361,38.10595383103386,1.0,0.9846153846153847,11,"{""0"": 54, ""1"": 11}","{""1"": 54, ""2"": 11}"
R0_WARD__M0041,R0_WARD,0.2630702437295562,1.4008886392242978,26.74583005031961,0.30656819114351547,0.9384615384615385,21,"{""0"": 44, ""1"": 21}","{""1"": 44, ""2"": 21}"
R0_WARD__M0042,R0_WARD,0.37156268827105177,0.8397574380694981,32.28017299983227,1.0,1.0,11,"{""0"": 54, ""1"": 11}","{""1"": 54, ""2"": 11}"
R0_WARD__M0043,R0_WARD,0.34189462123686404,0.9307601309421636,28.348101634909217,0.9228790582346534,1.0,11,"{""0"": 54, ""1"": 11}","{""1"": 54, ""2"": 11}"
R0_WARD__M0044,R0_WARD,0.38562133272086363,0.8528758936661062,35.10371583938461,1.0,0.9846153846153847,11,"{""0"": 54, ""1"": 11}","{""1"": 54, ""2"": 11}"
R0_WARD__M0045,R0_WARD,0.3387613449876552,0.9398448204523316,30.147137377218424,0.9261606184048209,1.0,12,"{""0"": 53, ""1"": 12}","{""1"": 53, ""2"": 12}"
R0_WARD__M0046,R0_WARD,0.3427823269933568,1.030169312545594,31.92354350644324,0.7933783662535089,1.0,14,"{""0"": 51, ""1"": 14}","{""1"": 51, ""2"": 14}"
R0_WARD__M0047,R0_WARD,0.3571735829352734,0.8763906699246542,28.50207440408103,1.0,1.0,10,"{""0"": 55, ""1"": 10}","{""1"": 55, ""2"": 10}"
R0_WARD__M0048,R0_WARD,0.3660513545025705,0.8627306760296003,32.74811109940129,1.0,1.0,11,"{""0"": 54, ""1"": 11}","{""1"": 54, ""2"": 11}"
R0_WARD__M0049,R0_WARD,0.35949911688770864,0.908639520100411,30.584774471655678,1.0,0.9846153846153847,11,"{""0"": 54, ""1"": 11}","{""1"": 54, ""2"": 11}"
R0_WARD__M0050,R0_WARD,0.36793498280457143,0.8724085348318515,30.590278775464558,1.0,0.9692307692307692,10,"{""0"": 55, ""1"": 10}","{""1"": 55, ""2"": 10}"
R0_WARD__M0051,R0_WARD,0.3183396277768285,1.0556032324279365,24.701069728045344,0.8444710305930611,0.9692307692307692,11,"{""0"": 54, ""1"": 11}","{""1"": 54, ""2"": 11}"
R0_WARD__M0052,R0_WARD,0.34450389222334016,0.9250629565477549,27.190170582257146,0.9187261893132753,0.9846153846153847,10,"{""0"": 55, ""1"": 10}","{""1"": 55, ""2"": 10}"
R0_WARD__M0053,R0_WARD,0.36466042717757824,0.8387545119958181,33.02769288085354,1.0,0.9692307692307692,11,"{""0"": 54, ""1"": 11}","{""1"": 54, ""2"": 11}"
R0_WARD__M0054,R0_WARD,0.3326532605303404,0.958306224288471,25.481119176571642,0.9187261893132753,1.0,10,"{""0"": 55, ""1"": 10}","{""1"": 55, ""2"": 10}"
R0_WARD__M0055,R0_WARD,0.37289604574636603,0.9000162810979124,34.27830500904046,1.0,1.0,12,"{""0"": 53, ""1"": 12}","{""1"": 53, ""2"": 12}"
R0_WARD__M0056,R0_WARD,0.33573312373681297,0.8813926625593407,26.707326306628936,1.0,1.0,10,"{""0"": 55, ""1"": 10}","{""1"": 55, ""2"": 10}"
R0_WARD__M0057,R0_WARD,0.3506396302459334,0.9118390004697816,25.734134253458922,1.0,0.9846153846153847,9,"{""0"": 56, ""1"": 9}","{""1"": 56, ""2"": 9}"
R0_WARD__M0058,R0_WARD,0.29545111720038136,1.4027587046532413,30.59720314295297,0.18956560185696916,0.9384615384615385,30,"{""0"": 30, ""1"": 35}","{""1"": 35, ""2"": 30}"
R0_WARD__M0059,R0_WARD,0.41016134351794026,0.7892517930086549,33.79734923806902,1.0,1.0,9,"{""0"": 56, ""1"": 9}","{""1"": 56, ""2"": 9}"
R0_WARD__M0060,R0_WARD,0.3116736266071963,0.9619112978779286,25.01458568314631,1.0,1.0,11,"{""0"": 54, ""1"": 11}","{""1"": 54, ""2"": 11}"
R0_WARD__M0061,R0_WARD,0.35465779291067684,0.8894375198218973,30.394829786069504,1.0,1.0,11,"{""0"": 54, ""1"": 11}","{""1"": 54, ""2"": 11}"
R0_WARD__M0062,R0_WARD,0.34864542239936686,0.9598791856547751,31.799221674381176,1.0,1.0,13,"{""0"": 52, ""1"": 13}","{""1"": 52, ""2"": 13}"
R0_WARD__M0063,R0_WARD,0.33251382713937416,0.9218656232104262,21.65820278703963,1.0,0.9846153846153847,8,"{""0"": 57, ""1"": 8}","{""1"": 57, ""2"": 8}"
R0_WARD__M0064,R0_WARD,0.37263604772014436,0.8592229074126296,33.957315248669545,1.0,0.9538461538461539,11,"{""0"": 54, ""1"": 11}","{""1"": 54, ""2"": 11}"
R0_WARD__M0065,R0_WARD,0.39569365500565623,0.7880095399943536,22.530414215297643,1.0,0.9846153846153847,6,"{""0"": 59, ""1"": 6}","{""1"": 59, ""2"": 6}"
R0_WARD__M0066,R0_WARD,0.4187647529291966,0.7721584785572579,40.50671090160834,1.0,0.9846153846153847,11,"{""0"": 54, ""1"": 11}","{""1"": 54, ""2"": 11}"
R0_WARD__M0067,R0_WARD,0.3575508840675651,0.8880254530238327,28.545447870823267,1.0,1.0,10,"{""0"": 55, ""1"": 10}","{""1"": 55, ""2"": 10}"
R0_WARD__M0068,R0_WARD,0.4147231862337065,0.7971837824891052,34.0669813590499,1.0,1.0,9,"{""0"": 56, ""1"": 9}","{""1"": 56, ""2"": 9}"
R0_WARD__M0069,R0_WARD,0.3398353865808454,0.8794060911136438,24.873566292445048,1.0,0.9692307692307692,9,"{""0"": 56, ""1"": 9}","{""1"": 56, ""2"": 9}"
R0_WARD__M0070,R0_WARD,0.3101905875337352,0.924446341304605,19.991867675714083,1.0,0.9692307692307692,8,"{""0"": 57, ""1"": 8}","{""1"": 57, ""2"": 8}"
R0_WARD__M0071,R0_WARD,0.328734968756435,0.9250858229448105,21.40302708313038,1.0,1.0,8,"{""0"": 57, ""1"": 8}","{""1"": 57, ""2"": 8}"
R0_WARD__M0072,R0_WARD,0.35547128656108823,0.8853365543133537,31.12825610849042,1.0,0.9846153846153847,11,"{""0"": 54, ""1"": 11}","{""1"": 54, ""2"": 11}"
R0_WARD__M0073,R0_WARD,0.28545409370722263,1.4310440463218237,29.065170030393485,0.2750552073342107,0.9692307692307692,27,"{""0"": 27, ""1"": 38}","{""1"": 38, ""2"": 27}"
R0_WARD__M0074,R0_WARD,0.3539158249013899,0.8914770237990193,27.876580675852253,1.0,0.9846153846153847,10,"{""0"": 55, ""1"": 10}","{""1"": 55, ""2"": 10}"
R0_WARD__M0075,R0_WARD,0.2753689291057866,1.3324330390229098,26.062814475612623,0.47597624617599427,0.9846153846153847,19,"{""0"": 46, ""1"": 19}","{""1"": 46, ""2"": 19}"
R0_WARD__M0076,R0_WARD,0.3512713716658406,0.9178029680405477,29.662190170355537,1.0,0.9846153846153847,11,"{""0"": 54, ""1"": 11}","{""1"": 54, ""2"": 11}"
R0_WARD__M0077,R0_WARD,0.3691670893304373,0.8688134605653441,29.67432720210655,1.0,1.0,10,"{""0"": 55, ""1"": 10}","{""1"": 55, ""2"": 10}"
R0_WARD__M0078,R0_WARD,0.3707511349639125,0.8950962559789832,31.77164027715896,1.0,1.0,11,"{""0"": 54, ""1"": 11}","{""1"": 54, ""2"": 11}"
R0_WARD__M0079,R0_WARD,0.31553600193500114,1.0768083708152656,31.50241696461878,0.7405783826223502,1.0,16,"{""0"": 49, ""1"": 16}","{""1"": 49, ""2"": 16}"
R0_WARD__M0080,R0_WARD,0.40500538575233164,0.805820697412303,40.77019194846946,1.0,0.9846153846153847,12,"{""0"": 53, ""1"": 12}","{""1"": 53, ""2"": 12}"
R0_WARD__M0081,R0_WARD,0.38522857564292573,0.8187669547727635,30.24053423291721,1.0,1.0,9,"{""0"": 56, ""1"": 9}","{""1"": 56, ""2"": 9}"
R0_WARD__M0082,R0_WARD,0.2731228125352893,1.496735053801889,26.644381426958393,0.2103764631445745,0.9538461538461539,27,"{""0"": 27, ""1"": 38}","{""1"": 38, ""2"": 27}"
R0_WARD__M0083,R0_WARD,0.3534200007367914,0.8698590759045115,26.175144934624583,1.0,0.9846153846153847,9,"{""0"": 56, ""1"": 9}","{""1"": 56, ""2"": 9}"
R0_WARD__M0084,R0_WARD,0.3897961286656578,0.845043496232886,38.1816522277048,1.0,1.0,12,"{""0"": 53, ""1"": 12}","{""1"": 53, ""2"": 12}"
R0_WARD__M0085,R0_WARD,0.35353949372399923,0.9109600455163566,29.386872116838948,1.0,0.9846153846153847,11,"{""0"": 54, ""1"": 11}","{""1"": 54, ""2"": 11}"
R0_WARD__M0086,R0_WARD,0.4010906315155996,0.8149987259362992,37.686992623963896,1.0,1.0,11,"{""0"": 54, ""1"": 11}","{""1"": 54, ""2"": 11}"
R0_WARD__M0087,R0_WARD,0.361757231916964,0.9325615783980616,33.891209105838115,1.0,1.0,13,"{""0"": 52, ""1"": 13}","{""1"": 52, ""2"": 13}"
R0_WARD__M0088,R0_WARD,0.356137819045878,0.8327745795958609,26.941865426347686,1.0,0.9692307692307692,9,"{""0"": 56, ""1"": 9}","{""1"": 56, ""2"": 9}"
R0_WARD__M0089,R0_WARD,0.3464680717559491,1.0161894268820024,34.78907756156838,0.7994276471320144,0.9846153846153847,15,"{""0"": 50, ""1"": 15}","{""1"": 50, ""2"": 15}"
R0_WARD__M0090,R0_WARD,0.35200838737581125,0.8772740061733822,26.77843097793602,1.0,0.9538461538461539,9,"{""0"": 56, ""1"": 9}","{""1"": 56, ""2"": 9}"
R0_WARD__M0091,R0_WARD,0.31311643208568796,0.9478952404208034,25.76542298411344,1.0,1.0,11,"{""0"": 54, ""1"": 11}","{""1"": 54, ""2"": 11}"
R0_WARD__M0092,R0_WARD,0.358604918875636,0.8616543258413881,32.85589687777373,1.0,0.9846153846153847,12,"{""0"": 53, ""1"": 12}","{""1"": 53, ""2"": 12}"
R0_WARD__M0093,R0_WARD,0.30589517368099445,1.3499907228823718,32.03549430822108,0.3401411623366872,0.9846153846153847,25,"{""0"": 25, ""1"": 40}","{""1"": 40, ""2"": 25}"
R0_WARD__M0094,R0_WARD,0.3735437788271869,0.8521056238114013,27.787761864751214,1.0,0.9846153846153847,9,"{""0"": 56, ""1"": 9}","{""1"": 56, ""2"": 9}"
R0_WARD__M0095,R0_WARD,0.3676994756207436,0.8423240062103629,30.862773026026964,1.0,1.0,10,"{""0"": 55, ""1"": 10}","{""1"": 55, ""2"": 10}"
R0_WARD__M0096,R0_WARD,0.38367338747907237,0.8136175396076503,33.268819619881356,1.0,0.9846153846153847,10,"{""0"": 55, ""1"": 10}","{""1"": 55, ""2"": 10}"
R0_WARD__M0097,R0_WARD,0.3357134634024884,0.9175890088809678,26.21606329624421,1.0,0.9846153846153847,10,"{""0"": 55, ""1"": 10}","{""1"": 55, ""2"": 10}"
R0_WARD__M0098,R0_WARD,0.4250831512048538,0.7981541388216371,43.01650889138444,1.0,1.0,12,"{""0"": 53, ""1"": 12}","{""1"": 53, ""2"": 12}"
R0_WARD__M0099,R0_WARD,0.3100039388323704,1.1306631087105758,24.538542561521968,0.7763844190433914,0.9846153846153847,12,"{""0"": 53, ""1"": 12}","{""1"": 53, ""2"": 12}"
R0_WARD__M0100,R0_WARD,0.24116298661317484,1.6988759175371608,20.89789150429923,0.15321438685924668,0.9384615384615385,27,"{""0"": 27, ""1"": 38}","{""1"": 38, ""2"": 27}"
R0_WARD__M0101,R0_WARD,0.3710861478849013,0.8706000122378474,34.38714325398203,1.0,1.0,12,"{""0"": 53, ""1"": 12}","{""1"": 53, ""2"": 12}"
R0_WARD__M0102,R0_WARD,0.3090847525543998,1.371168871904501,29.23374640027342,0.39716616573636754,0.9692307692307692,21,"{""0"": 21, ""1"": 44}","{""1"": 44, ""2"": 21}"
R0_WARD__M0103,R0_WARD,0.3974702135841057,0.814119844211571,36.857325803872634,1.0,1.0,11,"{""0"": 54, ""1"": 11}","{""1"": 54, ""2"": 11}"
R0_WARD__M0104,R0_WARD,0.3388266344740818,0.920885902726704,28.95962571760515,0.9228790582346534,1.0,11,"{""0"": 54, ""1"": 11}","{""1"": 54, ""2"": 11}"
R0_WARD__M0105,R0_WARD,0.34627980186292817,0.9398446333862599,30.38450195570502,1.0,1.0,12,"{""0"": 53, ""1"": 12}","{""1"": 53, ""2"": 12}"
R0_WARD__M0106,R0_WARD,0.3378058472717805,1.0442543524401473,31.606508623056715,0.7247304362918447,0.9846153846153847,14,"{""0"": 51, ""1"": 14}","{""1"": 51, ""2"": 14}"
R0_WARD__M0107,R0_WARD,0.3329087178502814,1.0195707652890371,27.72764330175119,0.7644239200327352,0.9692307692307692,11,"{""0"": 54, ""1"": 11}","{""1"": 54, ""2"": 11}"
R0_WARD__M0108,R0_WARD,0.350202678492039,0.9360344501923276,29.416646015167807,0.9228790582346534,1.0,11,"{""0"": 54, ""1"": 11}","{""1"": 54, ""2"": 11}"
R0_WARD__M0109,R0_WARD,0.2664519978487476,1.5187882285652283,25.73194360704904,0.20514319111630624,0.9692307692307692,26,"{""0"": 26, ""1"": 39}","{""1"": 39, ""2"": 26}"
R0_WARD__M0110,R0_WARD,0.35787103834982087,0.8858416412284991,29.49713498355102,1.0,0.9692307692307692,10,"{""0"": 55, ""1"": 10}","{""1"": 55, ""2"": 10}"
R0_WARD__M0111,R0_WARD,0.29177420352322275,1.492979113288498,22.97253237186263,0.4092764255853534,0.9076923076923077,18,"{""0"": 18, ""1"": 47}","{""1"": 47, ""2"": 18}"
R0_WARD__M0112,R0_WARD,0.35517629390907596,0.8874798902642246,28.398424950560496,1.0,1.0,10,"{""0"": 55, ""1"": 10}","{""1"": 55, ""2"": 10}"
R0_WARD__M0113,R0_WARD,0.3362569069772177,1.0374628568102087,31.784882887385454,0.7247304362918447,0.9846153846153847,14,"{""0"": 51, ""1"": 14}","{""1"": 51, ""2"": 14}"
R0_WARD__M0114,R0_WARD,0.3221437539603881,1.3026899865061183,34.198866337839895,0.3401411623366872,0.9692307692307692,25,"{""0"": 25, ""1"": 40}","{""1"": 40, ""2"": 25}"
R0_WARD__M0115,R0_WARD,0.37150066990080943,0.8911657420880077,33.92373110362133,1.0,0.9846153846153847,12,"{""0"": 53, ""1"": 12}","{""1"": 53, ""2"": 12}"
R0_WARD__M0116,R0_WARD,0.3869864877048703,0.812369084925,32.70052633824022,1.0,1.0,10,"{""0"": 55, ""1"": 10}","{""1"": 55, ""2"": 10}"
R0_WARD__M0117,R0_WARD,0.2540052967475009,1.5739109272051404,23.853688441233167,0.2309085421068518,0.9538461538461539,25,"{""0"": 25, ""1"": 40}","{""1"": 40, ""2"": 25}"
R0_WARD__M0118,R0_WARD,0.4093047181856568,0.8161240010968758,43.88967169676338,1.0,0.9846153846153847,13,"{""0"": 52, ""1"": 13}","{""1"": 52, ""2"": 13}"
R0_WARD__M0119,R0_WARD,0.35650497058605335,0.8192894420665237,26.765846291013276,1.0,1.0,9,"{""0"": 56, ""1"": 9}","{""1"": 56, ""2"": 9}"
R0_WARD__M0120,R0_WARD,0.3776107270072049,0.8379469135689153,31.427840211017013,1.0,0.9846153846153847,10,"{""0"": 55, ""1"": 10}","{""1"": 55, ""2"": 10}"
R0_WARD__M0121,R0_WARD,0.31095565568359756,1.0028857120362757,24.63557338971177,1.0,1.0,11,"{""0"": 54, ""1"": 11}","{""1"": 54, ""2"": 11}"
R0_WARD__M0122,R0_WARD,0.378368075951255,0.8819623356607085,32.60910145567414,1.0,1.0,11,"{""0"": 54, ""1"": 11}","{""1"": 54, ""2"": 11}"
R0_WARD__M0123,R0_WARD,0.33121606248976526,0.944132081120724,27.66954383201724,0.9228790582346534,1.0,11,"{""0"": 54, ""1"": 11}","{""1"": 54, ""2"": 11}"
R0_WARD__M0124,R0_WARD,0.3067034556194295,1.1141174536867724,26.654551096577467,0.7933783662535089,0.9846153846153847,14,"{""0"": 51, ""1"": 14}","{""1"": 51, ""2"": 14}"
R0_WARD__M0125,R0_WARD,0.3595810420132212,0.9200350033535261,28.68105855466254,1.0,1.0,10,"{""0"": 55, ""1"": 10}","{""1"": 55, ""2"": 10}"
R0_WARD__M0126,R0_WARD,0.29423034587604724,1.3746216589318938,28.683157043649924,0.39716616573636754,0.9538461538461539,21,"{""0"": 44, ""1"": 21}","{""1"": 44, ""2"": 21}"
R0_WARD__M0127,R0_WARD,0.36810676027065276,0.8898077054444721,31.668568583684507,1.0,1.0,11,"{""0"": 54, ""1"": 11}","{""1"": 54, ""2"": 11}"
R0_WARD__M0128,R0_WARD,0.3637234376270312,0.8852383966223012,31.395430195181063,1.0,0.9846153846153847,11,"{""0"": 54, ""1"": 11}","{""1"": 54, ""2"": 11}"
R0_WARD__M0129,R0_WARD,0.35526924112174424,0.9487118097076717,33.35285664803471,0.8574499377757665,1.0,13,"{""0"": 52, ""1"": 13}","{""1"": 52, ""2"": 13}"
R0_WARD__M0130,R0_WARD,0.34767464486250227,0.9048398413098645,27.776725325509496,1.0,1.0,10,"{""0"": 55, ""1"": 10}","{""1"": 55, ""2"": 10}"
R0_WARD__M0131,R0_WARD,0.39038081107915784,0.8314395683683571,38.973163611184034,1.0,0.9846153846153847,12,"{""0"": 53, ""1"": 12}","{""1"": 53, ""2"": 12}"
R0_WARD__M0132,R0_WARD,0.35816069141207835,0.8156329634609324,26.64702102974904,1.0,0.9846153846153847,9,"{""0"": 56, ""1"": 9}","{""1"": 56, ""2"": 9}"
R0_WARD__M0133,R0_WARD,0.3664579215801934,0.8767819061583642,28.744172547582163,1.0,1.0,10,"{""0"": 55, ""1"": 10}","{""1"": 55, ""2"": 10}"
R0_WARD__M0134,R0_WARD,0.3799957351011935,0.8631567010767318,38.09276273328964,1.0,0.9538461538461539,13,"{""0"": 52, ""1"": 13}","{""1"": 52, ""2"": 13}"
R0_WARD__M0135,R0_WARD,0.25103462413112,1.265804715695365,19.5387597587098,-0.09590750105821284,1.0,15,"{""0"": 50, ""1"": 15}","{""1"": 50, ""2"": 15}"
R0_WARD__M0136,R0_WARD,0.37760095168318364,0.8777582479362861,35.00789774042673,1.0,1.0,12,"{""0"": 53, ""1"": 12}","{""1"": 53, ""2"": 12}"
R0_WARD__M0137,R0_WARD,0.35504981855502066,0.9448649796334939,32.51950095811219,0.9261606184048209,0.9692307692307692,12,"{""0"": 53, ""1"": 12}","{""1"": 53, ""2"": 12}"
R0_WARD__M0138,R0_WARD,0.39495297390703576,0.8310689804810193,30.43938844624999,1.0,1.0,9,"{""0"": 56, ""1"": 9}","{""1"": 56, ""2"": 9}"
R0_WARD__M0139,R0_WARD,0.3487449263560601,0.910307565848392,27.910699674154138,1.0,1.0,10,"{""0"": 55, ""1"": 10}","{""1"": 55, ""2"": 10}"
R0_WARD__M0140,R0_WARD,0.3458290117040293,0.8975765842426349,25.31099283422659,1.0,1.0,9,"{""0"": 56, ""1"": 9}","{""1"": 56, ""2"": 9}"
R0_WARD__M0141,R0_WARD,0.3395303879213566,0.9143773461997013,24.22976542849737,1.0,1.0,9,"{""0"": 56, ""1"": 9}","{""1"": 56, ""2"": 9}"
R0_WARD__M0142,R0_WARD,0.3808732314870295,0.803315458819387,29.89096413212325,1.0,1.0,9,"{""0"": 56, ""1"": 9}","{""1"": 56, ""2"": 9}"
R0_WARD__M0143,R0_WARD,0.37284396825336014,0.8830954349130259,32.64398150770868,1.0,0.9846153846153847,11,"{""0"": 54, ""1"": 11}","{""1"": 54, ""2"": 11}"
R0_WARD__M0144,R0_WARD,0.3538396026229606,0.8732762956349427,31.56453378242595,0.9261606184048209,0.9846153846153847,11,"{""0"": 54, ""1"": 11}","{""1"": 54, ""2"": 11}"
R0_WARD__M0145,R0_WARD,0.26016323385777185,1.5739187153222292,23.611270618464754,0.22264933797059003,0.9384615384615385,24,"{""0"": 24, ""1"": 41}","{""1"": 41, ""2"": 24}"
R0_WARD__M0146,R0_WARD,0.3294247902996152,1.0674002093669501,31.21439347807214,0.7335181568059144,1.0,15,"{""0"": 50, ""1"": 15}","{""1"": 50, ""2"": 15}"
R0_WARD__M0147,R0_WARD,0.4036610396871527,0.8126555875479714,40.75637311223491,1.0,1.0,12,"{""0"": 53, ""1"": 12}","{""1"": 53, ""2"": 12}"
R0_WARD__M0148,R0_WARD,0.33447752309742457,0.9224805745511169,27.075143939770054,1.0,1.0,11,"{""0"": 54, ""1"": 11}","{""1"": 54, ""2"": 11}"
R0_WARD__M0149,R0_WARD,0.3811393468203819,0.854008264855391,38.78226307459468,1.0,0.9846153846153847,13,"{""0"": 52, ""1"": 13}","{""1"": 52, ""2"": 13}"
R0_WARD__M0150,R0_WARD,0.3896326361269569,0.840122250149298,35.73707322863749,1.0,0.9846153846153847,11,"{""0"": 54, ""1"": 11}","{""1"": 54, ""2"": 11}"
R0_WARD__M0151,R0_WARD,0.34978959480466854,0.9059309447320653,30.809530398837186,1.0,0.9846153846153847,12,"{""0"": 53, ""1"": 12}","{""1"": 53, ""2"": 12}"
R0_WARD__M0152,R0_WARD,0.2664562431815986,1.5596777682468173,24.810983303389843,0.2371685721235709,0.9538461538461539,26,"{""0"": 26, ""1"": 39}","{""1"": 39, ""2"": 26}"
R0_WARD__M0153,R0_WARD,0.3676635922511099,0.8779731751435731,36.118474921859175,1.0,0.9538461538461539,13,"{""0"": 52, ""1"": 13}","{""1"": 52, ""2"": 13}"
R0_WARD__M0154,R0_WARD,0.36204073060894165,0.9262697840501567,28.649063721363095,1.0,1.0,10,"{""0"": 55, ""1"": 10}","{""1"": 55, ""2"": 10}"
R0_WARD__M0155,R0_WARD,0.3665968774888625,0.8841517563475384,34.258055841600104,1.0,0.9692307692307692,12,"{""0"": 53, ""1"": 12}","{""1"": 53, ""2"": 12}"
R0_WARD__M0156,R0_WARD,0.2897358101996995,1.4547810429827077,26.731883034909647,0.29559080215527056,0.9846153846153847,24,"{""0"": 24, ""1"": 41}","{""1"": 41, ""2"": 24}"
R0_WARD__M0157,R0_WARD,0.3512751661640464,0.868620972553501,28.184441057457278,1.0,0.9846153846153847,10,"{""0"": 55, ""1"": 10}","{""1"": 55, ""2"": 10}"
R0_WARD__M0158,R0_WARD,0.35804626385975324,0.8947036417723555,33.3821869031899,1.0,0.9538461538461539,12,"{""0"": 53, ""1"": 12}","{""1"": 53, ""2"": 12}"
R0_WARD__M0159,R0_WARD,0.34321706010993785,0.9036930772993402,29.062606917865818,1.0,1.0,11,"{""0"": 54, ""1"": 11}","{""1"": 54, ""2"": 11}"
R0_WARD__M0160,R0_WARD,0.35699411842759365,0.8802880505337451,30.18374105663929,1.0,0.9846153846153847,11,"{""0"": 54, ""1"": 11}","{""1"": 54, ""2"": 11}"
R0_WARD__M0161,R0_WARD,0.3549698019542686,0.8891054386633275,23.831915061829147,1.0,1.0,8,"{""0"": 57, ""1"": 8}","{""1"": 57, ""2"": 8}"
R0_WARD__M0162,R0_WARD,0.34859252524287426,0.9098770990514978,25.476511116575868,1.0,1.0,9,"{""0"": 56, ""1"": 9}","{""1"": 56, ""2"": 9}"
R0_WARD__M0163,R0_WARD,0.3643228290580463,0.8881169905818665,34.050511783644666,1.0,0.9538461538461539,12,"{""0"": 53, ""1"": 12}","{""1"": 53, ""2"": 12}"
R0_WARD__M0164,R0_WARD,0.3321021501667826,0.9609661038587686,26.918471853745984,1.0,1.0,11,"{""0"": 54, ""1"": 11}","{""1"": 54, ""2"": 11}"
R0_WARD__M0165,R0_WARD,0.39603333691681747,0.8344245589605847,38.37111878895655,1.0,1.0,12,"{""0"": 53, ""1"": 12}","{""1"": 53, ""2"": 12}"
R0_WARD__M0166,R0_WARD,0.37356600891523234,0.8860545527111761,34.98067277311199,0.9261606184048209,0.9846153846153847,12,"{""0"": 53, ""1"": 12}","{""1"": 53, ""2"": 12}"
R0_WARD__M0167,R0_WARD,0.361531926951522,0.9045952957106027,33.210327904735195,1.0,0.9846153846153847,12,"{""0"": 53, ""1"": 12}","{""1"": 53, ""2"": 12}"
R0_WARD__M0168,R0_WARD,0.3683766204882841,0.8651160266958875,32.293322264081716,1.0,0.9846153846153847,11,"{""0"": 54, ""1"": 11}","{""1"": 54, ""2"": 11}"
R0_WARD__M0169,R0_WARD,0.3374062375567174,0.9380876278328014,27.567487147502167,0.9228790582346534,1.0,11,"{""0"": 54, ""1"": 11}","{""1"": 54, ""2"": 11}"
R0_WARD__M0170,R0_WARD,0.3780087046017706,0.856706488182697,31.916662566535912,1.0,0.9846153846153847,10,"{""0"": 55, ""1"": 10}","{""1"": 55, ""2"": 10}"
R0_WARD__M0171,R0_WARD,0.37209456180408934,0.8585946483423589,33.239197978444544,1.0,1.0,11,"{""0"": 54, ""1"": 11}","{""1"": 54, ""2"": 11}"
R0_WARD__M0172,R0_WARD,0.3650068485618713,0.8627578951059448,29.850299362780596,1.0,1.0,10,"{""0"": 55, ""1"": 10}","{""1"": 55, ""2"": 10}"
R0_WARD__M0173,R0_WARD,0.3670187570941462,0.8408159203809491,34.3746539562155,1.0,0.9538461538461539,11,"{""0"": 54, ""1"": 11}","{""1"": 54, ""2"": 11}"
R0_WARD__M0174,R0_WARD,0.3987821869281819,0.8046471286926173,25.280897215654978,1.0,1.0,7,"{""0"": 58, ""1"": 7}","{""1"": 58, ""2"": 7}"
R0_WARD__M0175,R0_WARD,0.37657980275463965,0.8391105730597025,33.310196262482194,1.0,1.0,11,"{""0"": 54, ""1"": 11}","{""1"": 54, ""2"": 11}"
R0_WARD__M0176,R0_WARD,0.3594610534878623,0.8643404404940956,31.036138147650014,1.0,1.0,11,"{""0"": 54, ""1"": 11}","{""1"": 54, ""2"": 11}"
R0_WARD__M0177,R0_WARD,0.3417807683164065,0.984587318958092,32.80437909517072,0.7933783662535089,1.0,14,"{""0"": 51, ""1"": 14}","{""1"": 51, ""2"": 14}"
R0_WARD__M0178,R0_WARD,0.35516317815456094,0.9022791698645947,32.28611999697032,1.0,0.9846153846153847,12,"{""0"": 53, ""1"": 12}","{""1"": 53, ""2"": 12}"
R0_WARD__M0179,R0_WARD,0.3843464705539408,0.8526552482543982,36.150727632048515,1.0,1.0,12,"{""0"": 53, ""1"": 12}","{""1"": 53, ""2"": 12}"
R0_WARD__M0180,R0_WARD,0.34066358694000626,0.9144045465362642,29.070046363087336,1.0,0.9692307692307692,11,"{""0"": 54, ""1"": 11}","{""1"": 54, ""2"": 11}"
R0_WARD__M0181,R0_WARD,0.32285843310462536,1.0257937944663587,29.110794926131355,0.7858376511226253,0.9846153846153847,13,"{""0"": 52, ""1"": 13}","{""1"": 52, ""2"": 13}"
R0_WARD__M0182,R0_WARD,0.3651674875636539,0.8939020728406925,28.771895355289764,1.0,1.0,10,"{""0"": 55, ""1"": 10}","{""1"": 55, ""2"": 10}"
R0_WARD__M0183,R0_WARD,0.3906312624164297,0.8066721347432149,31.533761542044775,1.0,0.9846153846153847,9,"{""0"": 56, ""1"": 9}","{""1"": 56, ""2"": 9}"
R0_WARD__M0184,R0_WARD,0.3423224870133888,0.9715282913889381,31.100412591793074,0.7858376511226253,0.9846153846153847,13,"{""0"": 52, ""1"": 13}","{""1"": 52, ""2"": 13}"
R0_WARD__M0185,R0_WARD,0.3630032052547108,0.8814594712795981,32.1407071120456,1.0,0.9846153846153847,11,"{""0"": 54, ""1"": 11}","{""1"": 54, ""2"": 11}"
R0_WARD__M0186,R0_WARD,0.41067386934440686,0.7796564885007244,33.72949819527459,1.0,1.0,9,"{""0"": 56, ""1"": 9}","{""1"": 56, ""2"": 9}"
R0_WARD__M0187,R0_WARD,0.4043412648259389,0.8261602593089379,38.35510049688126,1.0,1.0,11,"{""0"": 54, ""1"": 11}","{""1"": 54, ""2"": 11}"
R0_WARD__M0188,R0_WARD,0.37252714695153966,0.8525541498835829,37.1561486422864,1.0,0.9538461538461539,12,"{""0"": 53, ""1"": 12}","{""1"": 53, ""2"": 12}"
R0_WARD__M0189,R0_WARD,0.3922576750082931,0.8231835367050431,28.435061465779242,1.0,0.9846153846153847,8,"{""0"": 57, ""1"": 8}","{""1"": 57, ""2"": 8}"
R0_WARD__M0190,R0_WARD,0.27445167991605934,1.4665473947915268,28.00367890882923,0.13851817763460653,0.9692307692307692,30,"{""0"": 30, ""1"": 35}","{""1"": 35, ""2"": 30}"
R0_WARD__M0191,R0_WARD,0.34085553741279245,0.9163876763218045,28.459978574266543,1.0,1.0,11,"{""0"": 54, ""1"": 11}","{""1"": 54, ""2"": 11}"
R0_WARD__M0192,R0_WARD,0.30146563762927897,1.3320760310349309,29.799283225173948,0.4934360068655193,0.9846153846153847,21,"{""0"": 44, ""1"": 21}","{""1"": 44, ""2"": 21}"
R0_WARD__M0193,R0_WARD,0.35869799288798715,0.908907638435896,32.63665643631322,1.0,0.9846153846153847,12,"{""0"": 53, ""1"": 12}","{""1"": 53, ""2"": 12}"
R0_WARD__M0194,R0_WARD,0.3859434009943125,0.8370091657288532,30.43158250628326,1.0,1.0,9,"{""0"": 56, ""1"": 9}","{""1"": 56, ""2"": 9}"
R0_WARD__M0195,R0_WARD,0.3229596255378672,0.9531890686483717,24.178990886234175,1.0,1.0,10,"{""0"": 55, ""1"": 10}","{""1"": 55, ""2"": 10}"
R0_WARD__M0196,R0_WARD,0.399527195564215,0.8266573483685429,33.89252827112112,1.0,1.0,10,"{""0"": 55, ""1"": 10}","{""1"": 55, ""2"": 10}"
R0_WARD__M0197,R0_WARD,0.34162677033762134,0.9103805872440213,24.91982567076951,1.0,0.9692307692307692,9,"{""0"": 56, ""1"": 9}","{""1"": 56, ""2"": 9}"
R0_WARD__M0198,R0_WARD,0.3668042307425155,0.8588409247449912,31.361897850434527,1.0,1.0,11,"{""0"": 54, ""1"": 11}","{""1"": 54, ""2"": 11}"
R0_WARD__M0199,R0_WARD,0.3763787427925654,0.8573724935487722,32.18314894349006,1.0,1.0,10,"{""0"": 55, ""1"": 10}","{""1"": 55, ""2"": 10}"
R0_WARD__M0200,R0_WARD,0.38134898184052657,0.869264991739882,35.89153966742871,1.0,1.0,12,"{""0"": 53, ""1"": 12}","{""1"": 53, ""2"": 12}"
R0_WARD__M0201,R0_WARD,0.3485560738059252,0.9206788057827853,31.548035828645776,1.0,1.0,12,"{""0"": 53, ""1"": 12}","{""1"": 53, ""2"": 12}"
R0_WARD__M0202,R0_WARD,0.37538723203072066,0.8530511013131659,33.96708937661066,1.0,0.9538461538461539,11,"{""0"": 54, ""1"": 11}","{""1"": 54, ""2"": 11}"
R0_WARD__M0203,R0_WARD,0.3601231454795597,0.8348642715677694,25.17747839277802,1.0,1.0,8,"{""0"": 57, ""1"": 8}","{""1"": 57, ""2"": 8}"
R0_WARD__M0204,R0_WARD,0.26828781700339954,1.5462639939984224,23.954209715682648,0.2873266688165108,0.9538461538461539,23,"{""0"": 23, ""1"": 42}","{""1"": 42, ""2"": 23}"
R0_WARD__M0205,R0_WARD,0.2779652985970406,1.4628932102477339,27.370846511981412,0.3019478077761901,0.9538461538461539,25,"{""0"": 40, ""1"": 25}","{""1"": 40, ""2"": 25}"
R0_WARD__M0206,R0_WARD,0.3603917240001665,0.8518415663619521,27.151486203428835,1.0,1.0,9,"{""0"": 56, ""1"": 9}","{""1"": 56, ""2"": 9}"
R0_WARD__M0207,R0_WARD,0.36358040289857524,0.9100974176398526,33.8476156123562,0.9261606184048209,0.9692307692307692,12,"{""0"": 53, ""1"": 12}","{""1"": 53, ""2"": 12}"
R0_WARD__M0208,R0_WARD,0.3895376927926146,0.7900801384800177,36.335347312805574,1.0,0.9846153846153847,11,"{""0"": 54, ""1"": 11}","{""1"": 54, ""2"": 11}"
R0_WARD__M0209,R0_WARD,0.3761863159273216,0.8589586571205697,30.76220355877119,1.0,0.9846153846153847,10,"{""0"": 55, ""1"": 10}","{""1"": 55, ""2"": 10}"
R0_WARD__M0210,R0_WARD,0.36551029960601694,0.9057754807316568,28.98072603158287,1.0,1.0,10,"{""0"": 55, ""1"": 10}","{""1"": 55, ""2"": 10}"
R0_WARD__M0211,R0_WARD,0.3091040862478143,1.0189448766911762,26.112795708064635,0.8517043139740166,0.9846153846153847,12,"{""0"": 53, ""1"": 12}","{""1"": 53, ""2"": 12}"
R0_WARD__M0212,R0_WARD,0.33148941649670904,0.9009252802287029,25.376983485545217,1.0,1.0,10,"{""0"": 55, ""1"": 10}","{""1"": 55, ""2"": 10}"
R0_WARD__M0213,R0_WARD,0.31034646556674894,0.9763088108185402,24.532008658010813,1.0,1.0,11,"{""0"": 54, ""1"": 11}","{""1"": 54, ""2"": 11}"
R0_WARD__M0214,R0_WARD,0.28102026314400225,1.4761083568427642,27.622444708423618,0.24177667674704936,0.9692307692307692,27,"{""0"": 27, ""1"": 38}","{""1"": 38, ""2"": 27}"
R0_WARD__M0215,R0_WARD,0.3477502824200698,0.904070951395977,29.32997495229785,1.0,0.9846153846153847,11,"{""0"": 54, ""1"": 11}","{""1"": 54, ""2"": 11}"
R0_WARD__M0216,R0_WARD,0.3539297691827186,0.8947470430720391,29.52082256222193,1.0,1.0,11,"{""0"": 54, ""1"": 11}","{""1"": 54, ""2"": 11}"
R0_WARD__M0217,R0_WARD,0.36361265717603863,0.9239859904624939,29.770216173952623,0.9187261893132753,0.9692307692307692,10,"{""0"": 55, ""1"": 10}","{""1"": 55, ""2"": 10}"
R0_WARD__M0218,R0_WARD,0.33364283098477504,1.0441330192995448,31.335642742251306,0.7247304362918447,0.9846153846153847,14,"{""0"": 51, ""1"": 14}","{""1"": 51, ""2"": 14}"
R0_WARD__M0219,R0_WARD,0.3734086101261908,0.8342494825456483,34.26737833506787,1.0,1.0,11,"{""0"": 54, ""1"": 11}","{""1"": 54, ""2"": 11}"
R0_WARD__M0220,R0_WARD,0.3390290576595143,0.9748020874650407,30.9706571389718,0.7858376511226253,1.0,13,"{""0"": 52, ""1"": 13}","{""1"": 52, ""2"": 13}"
R0_WARD__M0221,R0_WARD,0.3713319359078026,0.8584278341396774,29.19831615942148,1.0,0.9846153846153847,9,"{""0"": 56, ""1"": 9}","{""1"": 56, ""2"": 9}"
R0_WARD__M0222,R0_WARD,0.3521241207723908,0.9087262026868406,27.699922897629758,1.0,1.0,10,"{""0"": 55, ""1"": 10}","{""1"": 55, ""2"": 10}"
R0_WARD__M0223,R0_WARD,0.3789407251275528,0.8346457902977209,27.412548638175913,1.0,1.0,8,"{""0"": 57, ""1"": 8}","{""1"": 57, ""2"": 8}"
R0_WARD__M0224,R0_WARD,0.2729447622611223,1.4603809611175809,22.20002830949661,0.5655251893315772,0.9076923076923077,17,"{""0"": 17, ""1"": 48}","{""1"": 48, ""2"": 17}"
R0_WARD__M0225,R0_WARD,0.35170651401303527,0.9090683766288792,33.584587104196316,1.0,1.0,13,"{""0"": 52, ""1"": 13}","{""1"": 52, ""2"": 13}"
R0_WARD__M0226,R0_WARD,0.3869987233167381,0.835530108942597,33.015211665713196,1.0,0.9846153846153847,10,"{""0"": 55, ""1"": 10}","{""1"": 55, ""2"": 10}"
R0_WARD__M0227,R0_WARD,0.3665394432187573,0.8842936477295191,30.0586347706615,1.0,0.9538461538461539,10,"{""0"": 55, ""1"": 10}","{""1"": 55, ""2"": 10}"
R0_WARD__M0228,R0_WARD,0.37308223161342974,0.9202904395404267,32.951826863772766,1.0,1.0,12,"{""0"": 53, ""1"": 12}","{""1"": 53, ""2"": 12}"
R0_WARD__M0229,R0_WARD,0.39515055559737833,0.8175250415978842,33.94585393326491,1.0,0.9846153846153847,10,"{""0"": 55, ""1"": 10}","{""1"": 55, ""2"": 10}"
R0_WARD__M0230,R0_WARD,0.39582885850737043,0.8231182332520784,39.3958500825954,1.0,1.0,12,"{""0"": 53, ""1"": 12}","{""1"": 53, ""2"": 12}"
R0_WARD__M0231,R0_WARD,0.39928739028052523,0.8415974398850536,36.971973274979526,1.0,0.9846153846153847,11,"{""0"": 54, ""1"": 11}","{""1"": 54, ""2"": 11}"
R0_WARD__M0232,R0_WARD,0.3504543007619279,0.9224683290222373,31.713667952974188,1.0,1.0,12,"{""0"": 53, ""1"": 12}","{""1"": 53, ""2"": 12}"
R0_WARD__M0233,R0_WARD,0.3605324977727427,0.8737909360162357,24.96222036588727,1.0,0.9846153846153847,8,"{""0"": 57, ""1"": 8}","{""1"": 57, ""2"": 8}"
R0_WARD__M0234,R0_WARD,0.3932941025026211,0.8420379081223913,31.1414772167848,1.0,0.9692307692307692,9,"{""0"": 56, ""1"": 9}","{""1"": 56, ""2"": 9}"
R0_WARD__M0235,R0_WARD,0.3617178882050868,0.8538745078339415,29.636836684357185,1.0,0.9846153846153847,10,"{""0"": 55, ""1"": 10}","{""1"": 55, ""2"": 10}"
R0_WARD__M0236,R0_WARD,0.3643546845489159,0.9010916849428484,35.45113313489024,1.0,1.0,13,"{""0"": 52, ""1"": 13}","{""1"": 52, ""2"": 13}"
R0_WARD__M0237,R0_WARD,0.32206786951844685,1.0377113940216407,30.250514833310124,0.7933783662535089,0.9846153846153847,14,"{""0"": 51, ""1"": 14}","{""1"": 51, ""2"": 14}"
R0_WARD__M0238,R0_WARD,0.3544026973458514,0.8987773081691389,32.30798490286412,1.0,0.9846153846153847,12,"{""0"": 53, ""1"": 12}","{""1"": 53, ""2"": 12}"
R0_WARD__M0239,R0_WARD,0.38640666252586614,0.8049332805870242,28.362884816048908,1.0,1.0,8,"{""0"": 57, ""1"": 8}","{""1"": 57, ""2"": 8}"
R0_WARD__M0240,R0_WARD,0.2695714110612933,1.4859961313716266,25.152172480928886,0.3612607914711165,0.9538461538461539,22,"{""0"": 22, ""1"": 43}","{""1"": 43, ""2"": 22}"
R0_WARD__M0241,R0_WARD,0.327549145643193,0.920398445297831,23.070542912632504,1.0,0.9846153846153847,9,"{""0"": 56, ""1"": 9}","{""1"": 56, ""2"": 9}"
R0_WARD__M0242,R0_WARD,0.39614835967298484,0.7987651931434133,31.749370521941717,1.0,1.0,9,"{""0"": 56, ""1"": 9}","{""1"": 56, ""2"": 9}"
R0_WARD__M0243,R0_WARD,0.3983903501063982,0.822233289444075,36.80152181982921,1.0,0.9846153846153847,11,"{""0"": 54, ""1"": 11}","{""1"": 54, ""2"": 11}"
R0_WARD__M0244,R0_WARD,0.34538176299878975,0.9053962443701333,30.236225228545266,1.0,0.9846153846153847,12,"{""0"": 53, ""1"": 12}","{""1"": 53, ""2"": 12}"
R0_WARD__M0245,R0_WARD,0.392552987311569,0.8300583355858492,35.89006398676736,1.0,1.0,11,"{""0"": 54, ""1"": 11}","{""1"": 54, ""2"": 11}"
R0_WARD__M0246,R0_WARD,0.390319893412337,0.8144403311032898,36.374443700144795,1.0,1.0,11,"{""0"": 54, ""1"": 11}","{""1"": 54, ""2"": 11}"
R0_WARD__M0247,R0_WARD,0.3437824261074111,0.9289992371453686,29.126878034929078,1.0,1.0,11,"{""0"": 54, ""1"": 11}","{""1"": 54, ""2"": 11}"
R0_WARD__M0248,R0_WARD,0.3643124726134553,0.9057281234823863,35.48214396556303,1.0,1.0,13,"{""0"": 52, ""1"": 13}","{""1"": 52, ""2"": 13}"
R0_WARD__M0249,R0_WARD,0.364719302328772,0.9149774423554258,33.16190695809759,1.0,1.0,12,"{""0"": 53, ""1"": 12}","{""1"": 53, ""2"": 12}"
R0_WARD__M0250,R0_WARD,0.36694316413122935,0.9573269093523966,35.27242000947614,0.7858376511226253,1.0,13,"{""0"": 52, ""1"": 13}","{""1"": 52, ""2"": 13}"
R1_PCA85_WARD__M0001,R1_PCA85_WARD,0.37240719683966617,0.8443574000371147,29.526249175711236,1.0,1.0,10,"{""0"": 55, ""1"": 10}","{""1"": 55, ""2"": 10}"
R1_PCA85_WARD__M0002,R1_PCA85_WARD,0.40733191123398527,0.8041993026817944,38.210944844729184,1.0,1.0,11,"{""0"": 54, ""1"": 11}","{""1"": 54, ""2"": 11}"
R1_PCA85_WARD__M0003,R1_PCA85_WARD,0.3564059519183972,0.8086061583889956,26.60848889956887,1.0,0.9692307692307692,9,"{""0"": 56, ""1"": 9}","{""1"": 56, ""2"": 9}"
R1_PCA85_WARD__M0004,R1_PCA85_WARD,0.34007524635210057,1.0349492700137728,29.415036140257225,0.7137494134209291,1.0,13,"{""0"": 52, ""1"": 13}","{""1"": 52, ""2"": 13}"
R1_PCA85_WARD__M0005,R1_PCA85_WARD,0.4449939737463641,0.729698723695272,45.330865576792654,1.0,0.9846153846153847,11,"{""0"": 54, ""1"": 11}","{""1"": 54, ""2"": 11}"
R1_PCA85_WARD__M0006,R1_PCA85_WARD,0.43340932487344863,0.7305862557479629,37.6019985268593,1.0,1.0,9,"{""0"": 56, ""1"": 9}","{""1"": 56, ""2"": 9}"
R1_PCA85_WARD__M0007,R1_PCA85_WARD,0.31249529311826457,1.332642622321314,32.16092175399591,0.25826182216541904,1.0,24,"{""0"": 24, ""1"": 41}","{""1"": 41, ""2"": 24}"
R1_PCA85_WARD__M0008,R1_PCA85_WARD,0.43231230451585206,0.7153179865645267,42.24002734442756,1.0,1.0,11,"{""0"": 54, ""1"": 11}","{""1"": 54, ""2"": 11}"
R1_PCA85_WARD__M0009,R1_PCA85_WARD,0.4006397930441412,0.7883733378125045,39.04435889876229,1.0,1.0,12,"{""0"": 53, ""1"": 12}","{""1"": 53, ""2"": 12}"
R1_PCA85_WARD__M0010,R1_PCA85_WARD,0.4223790604134967,0.7095748514302017,37.2068192563733,1.0,1.0,10,"{""0"": 55, ""1"": 10}","{""1"": 55, ""2"": 10}"
R1_PCA85_WARD__M0011,R1_PCA85_WARD,0.4239683701177558,0.7813064097038552,41.101779251548734,1.0,1.0,11,"{""0"": 54, ""1"": 11}","{""1"": 54, ""2"": 11}"
R1_PCA85_WARD__M0012,R1_PCA85_WARD,0.36261822788589354,1.0146163854440289,44.10195294942643,0.5373448841020838,0.9384615384615385,20,"{""0"": 45, ""1"": 20}","{""1"": 45, ""2"": 20}"
R1_PCA85_WARD__M0013,R1_PCA85_WARD,0.3928615454390334,0.7805929427013192,30.464594411132996,1.0,1.0,9,"{""0"": 56, ""1"": 9}","{""1"": 56, ""2"": 9}"
R1_PCA85_WARD__M0014,R1_PCA85_WARD,0.46683889156285024,0.6965669468344552,52.23411396537305,1.0,1.0,12,"{""0"": 53, ""1"": 12}","{""1"": 53, ""2"": 12}"
R1_PCA85_WARD__M0015,R1_PCA85_WARD,0.4029494774993019,0.8131438085125604,41.04836435079361,1.0,1.0,13,"{""0"": 52, ""1"": 13}","{""1"": 52, ""2"": 13}"
R1_PCA85_WARD__M0016,R1_PCA85_WARD,0.33889220192194336,0.9925587043410589,30.737802329483166,0.7247304362918447,0.9692307692307692,14,"{""0"": 51, ""1"": 14}","{""1"": 51, ""2"": 14}"
R1_PCA85_WARD__M0017,R1_PCA85_WARD,0.4070723255946847,0.7404235383419819,30.937371456632636,1.0,0.9846153846153847,8,"{""0"": 57, ""1"": 8}","{""1"": 57, ""2"": 8}"
R1_PCA85_WARD__M0018,R1_PCA85_WARD,0.39994130873811284,0.7859556946715722,41.64613546228106,1.0,0.9846153846153847,13,"{""0"": 52, ""1"": 13}","{""1"": 52, ""2"": 13}"
R1_PCA85_WARD__M0019,R1_PCA85_WARD,0.3817389849903276,0.8398130394856296,33.57173637615853,1.0,1.0,11,"{""0"": 54, ""1"": 11}","{""1"": 54, ""2"": 11}"
R1_PCA85_WARD__M0020,R1_PCA85_WARD,0.3805900594813626,0.8618840198019985,29.907410829279545,0.7490855319480115,1.0,10,"{""0"": 55, ""1"": 10}","{""1"": 55, ""2"": 10}"
R1_PCA85_WARD__M0021,R1_PCA85_WARD,0.4368326081353861,0.729083782949979,39.08214971874268,1.0,1.0,10,"{""0"": 55, ""1"": 10}","{""1"": 55, ""2"": 10}"
R1_PCA85_WARD__M0022,R1_PCA85_WARD,0.4272449350786065,0.7795186564720755,43.07207968003782,1.0,0.9846153846153847,12,"{""0"": 53, ""1"": 12}","{""1"": 53, ""2"": 12}"
R1_PCA85_WARD__M0023,R1_PCA85_WARD,0.43252077393030147,0.7368721388364342,39.987152965290925,1.0,1.0,11,"{""0"": 54, ""1"": 11}","{""1"": 54, ""2"": 11}"
R1_PCA85_WARD__M0024,R1_PCA85_WARD,0.34651328771329665,0.9117065169386864,25.75753054546395,0.9133982846198684,0.9538461538461539,9,"{""0"": 56, ""1"": 9}","{""1"": 56, ""2"": 9}"
R1_PCA85_WARD__M0025,R1_PCA85_WARD,0.4318925474456269,0.7456023643913946,45.182869076211986,1.0,0.9846153846153847,12,"{""0"": 53, ""1"": 12}","{""1"": 53, ""2"": 12}"
R1_PCA85_WARD__M0026,R1_PCA85_WARD,0.4063725038337151,0.7796764315427647,37.47095770418051,1.0,0.9846153846153847,11,"{""0"": 54, ""1"": 11}","{""1"": 54, ""2"": 11}"
R1_PCA85_WARD__M0027,R1_PCA85_WARD,0.3792003199640056,0.8988234390512058,32.510851403394426,0.9228790582346534,0.9846153846153847,11,"{""0"": 54, ""1"": 11}","{""1"": 54, ""2"": 11}"
R1_PCA85_WARD__M0028,R1_PCA85_WARD,0.4365970155158483,0.7143817337857966,46.286130299332946,1.0,1.0,12,"{""0"": 53, ""1"": 12}","{""1"": 53, ""2"": 12}"
R1_PCA85_WARD__M0029,R1_PCA85_WARD,0.39228409674631487,0.8176724170794563,34.92661076581835,1.0,1.0,11,"{""0"": 54, ""1"": 11}","{""1"": 54, ""2"": 11}"
R1_PCA85_WARD__M0030,R1_PCA85_WARD,0.43847695191664726,0.7271390659444965,40.73883382678713,1.0,0.9692307692307692,10,"{""0"": 55, ""1"": 10}","{""1"": 55, ""2"": 10}"
R1_PCA85_WARD__M0031,R1_PCA85_WARD,0.4295381229775209,0.7116010438352354,37.83477256248752,1.0,1.0,10,"{""0"": 55, ""1"": 10}","{""1"": 55, ""2"": 10}"
R1_PCA85_WARD__M0032,R1_PCA85_WARD,0.39149608664901814,0.8020911580200687,35.22636399488723,1.0,1.0,11,"{""0"": 54, ""1"": 11}","{""1"": 54, ""2"": 11}"
R1_PCA85_WARD__M0033,R1_PCA85_WARD,0.43730850112929254,0.7538187763800281,47.09056303877985,1.0,0.9846153846153847,13,"{""0"": 52, ""1"": 13}","{""1"": 52, ""2"": 13}"
R1_PCA85_WARD__M0034,R1_PCA85_WARD,0.4620169124501015,0.6985294734136376,50.96094964267668,1.0,0.9692307692307692,12,"{""0"": 53, ""1"": 12}","{""1"": 53, ""2"": 12}"
R1_PCA85_WARD__M0035,R1_PCA85_WARD,0.409736811570228,0.7876767179106375,38.93715570001023,1.0,0.9846153846153847,11,"{""0"": 54, ""1"": 11}","{""1"": 54, ""2"": 11}"
R1_PCA85_WARD__M0036,R1_PCA85_WARD,0.4176127731959362,0.7964301458014409,40.8630275331959,1.0,1.0,12,"{""0"": 53, ""1"": 12}","{""1"": 53, ""2"": 12}"
R1_PCA85_WARD__M0037,R1_PCA85_WARD,0.4079634480902423,0.7418271759309537,34.35278012026351,1.0,1.0,10,"{""0"": 55, ""1"": 10}","{""1"": 55, ""2"": 10}"
R1_PCA85_WARD__M0038,R1_PCA85_WARD,0.4419050837874826,0.7014881700930728,39.65909489137459,1.0,1.0,10,"{""0"": 55, ""1"": 10}","{""1"": 55, ""2"": 10}"
R1_PCA85_WARD__M0039,R1_PCA85_WARD,0.3927264288104198,0.7949292916188531,37.75336882627748,1.0,0.9846153846153847,12,"{""0"": 53, ""1"": 12}","{""1"": 53, ""2"": 12}"
R1_PCA85_WARD__M0040,R1_PCA85_WARD,0.4232079938559212,0.7350079031801988,36.1580156983443,1.0,1.0,9,"{""0"": 56, ""1"": 9}","{""1"": 56, ""2"": 9}"
R1_PCA85_WARD__M0041,R1_PCA85_WARD,0.2810773238906317,1.4067847109538199,30.045332183917857,0.16113551626121303,0.9230769230769231,29,"{""0"": 29, ""1"": 36}","{""1"": 36, ""2"": 29}"
R1_PCA85_WARD__M0042,R1_PCA85_WARD,0.4677296385723286,0.7116001910863216,51.954254122208425,1.0,1.0,12,"{""0"": 53, ""1"": 12}","{""1"": 53, ""2"": 12}"
R1_PCA85_WARD__M0043,R1_PCA85_WARD,0.4135040805309766,0.7654300547850178,39.3652557482869,1.0,0.9692307692307692,11,"{""0"": 54, ""1"": 11}","{""1"": 54, ""2"": 11}"
R1_PCA85_WARD__M0044,R1_PCA85_WARD,0.3070719847447789,1.2149087065997473,33.94746879424551,0.3511630096995951,0.9692307692307692,21,"{""0"": 44, ""1"": 21}","{""1"": 44, ""2"": 21}"
R1_PCA85_WARD__M0045,R1_PCA85_WARD,0.39090117785312084,0.9967266130167542,44.58533001925867,0.5655251893315772,0.9846153846153847,17,"{""0"": 48, ""1"": 17}","{""1"": 48, ""2"": 17}"
R1_PCA85_WARD__M0046,R1_PCA85_WARD,0.38588324758188247,0.7772468286244252,32.66189474830091,1.0,0.9846153846153847,10,"{""0"": 55, ""1"": 10}","{""1"": 55, ""2"": 10}"
R1_PCA85_WARD__M0047,R1_PCA85_WARD,0.41409189968598553,0.8039733156625404,37.20294848986228,1.0,1.0,11,"{""0"": 54, ""1"": 11}","{""1"": 54, ""2"": 11}"
R1_PCA85_WARD__M0048,R1_PCA85_WARD,0.4459589661979017,0.7150571054813986,48.49096060601357,1.0,0.9846153846153847,12,"{""0"": 53, ""1"": 12}","{""1"": 53, ""2"": 12}"
R1_PCA85_WARD__M0049,R1_PCA85_WARD,0.37800110858851893,0.7976875789390288,37.552708539652215,1.0,0.9846153846153847,13,"{""0"": 52, ""1"": 13}","{""1"": 52, ""2"": 13}"
R1_PCA85_WARD__M0050,R1_PCA85_WARD,0.36535147713416927,0.8765746189410084,34.39784260340233,0.9287780992655241,1.0,13,"{""0"": 52, ""1"": 13}","{""1"": 52, ""2"": 13}"
R1_PCA85_WARD__M0051,R1_PCA85_WARD,0.37595372803914806,0.886702852792307,32.306956179011586,0.9228790582346534,1.0,11,"{""0"": 54, ""1"": 11}","{""1"": 54, ""2"": 11}"
R1_PCA85_WARD__M0052,R1_PCA85_WARD,0.43690287514632276,0.7345628916364361,42.10990228228669,1.0,1.0,11,"{""0"": 54, ""1"": 11}","{""1"": 54, ""2"": 11}"
R1_PCA85_WARD__M0053,R1_PCA85_WARD,0.40849900009197826,0.7595110231441737,36.990876329162774,1.0,0.9846153846153847,11,"{""0"": 54, ""1"": 11}","{""1"": 54, ""2"": 11}"
R1_PCA85_WARD__M0054,R1_PCA85_WARD,0.38546903325888066,0.8127452410154947,32.992570398980504,1.0,1.0,10,"{""0"": 55, ""1"": 10}","{""1"": 55, ""2"": 10}"
R1_PCA85_WARD__M0055,R1_PCA85_WARD,0.40274614863118713,0.8998072702731669,44.69145902455837,0.7405783826223502,0.9846153846153847,16,"{""0"": 49, ""1"": 16}","{""1"": 49, ""2"": 16}"
R1_PCA85_WARD__M0056,R1_PCA85_WARD,0.43475212165585186,0.7244681161159394,44.04500253413483,1.0,0.9846153846153847,11,"{""0"": 54, ""1"": 11}","{""1"": 54, ""2"": 11}"
R1_PCA85_WARD__M0057,R1_PCA85_WARD,0.40306802256462176,0.7737300574297036,36.839903642389565,1.0,0.9846153846153847,11,"{""0"": 54, ""1"": 11}","{""1"": 54, ""2"": 11}"
R1_PCA85_WARD__M0058,R1_PCA85_WARD,0.4071981672122641,0.7551205311684794,40.552029393711685,1.0,0.9846153846153847,12,"{""0"": 53, ""1"": 12}","{""1"": 53, ""2"": 12}"
R1_PCA85_WARD__M0059,R1_PCA85_WARD,0.28541766539250246,1.490935494217808,26.362083005659255,0.1134531928084315,0.9384615384615385,29,"{""0"": 29, ""1"": 36}","{""1"": 36, ""2"": 29}"
R1_PCA85_WARD__M0060,R1_PCA85_WARD,0.35718532743365655,0.893876118455327,28.25575764407071,0.9187261893132753,0.9846153846153847,10,"{""0"": 55, ""1"": 10}","{""1"": 55, ""2"": 10}"
R1_PCA85_WARD__M0061,R1_PCA85_WARD,0.39589640767980766,0.8033727156843268,36.00513822408329,1.0,1.0,11,"{""0"": 54, ""1"": 11}","{""1"": 54, ""2"": 11}"
R1_PCA85_WARD__M0062,R1_PCA85_WARD,0.38879138040922956,0.9075229945915828,41.854010739687396,0.6774940460439269,1.0,16,"{""0"": 49, ""1"": 16}","{""1"": 49, ""2"": 16}"
R1_PCA85_WARD__M0063,R1_PCA85_WARD,0.289397779940525,1.3983694449470943,29.663797125409882,0.11736178467507274,0.9538461538461539,32,"{""0"": 32, ""1"": 33}","{""1"": 33, ""2"": 32}"
R1_PCA85_WARD__M0064,R1_PCA85_WARD,0.4195864378130217,0.6897079618311706,31.770343832886127,1.0,0.9846153846153847,8,"{""0"": 57, ""1"": 8}","{""1"": 57, ""2"": 8}"
R1_PCA85_WARD__M0065,R1_PCA85_WARD,0.383552756714708,0.9011399162952328,42.73131768237499,0.8042929292929293,1.0,16,"{""0"": 49, ""1"": 16}","{""1"": 49, ""2"": 16}"
R1_PCA85_WARD__M0066,R1_PCA85_WARD,0.4374371018165224,0.7431938636849084,44.112307797241485,1.0,1.0,11,"{""0"": 54, ""1"": 11}","{""1"": 54, ""2"": 11}"
R1_PCA85_WARD__M0067,R1_PCA85_WARD,0.4585746330518778,0.6661958130192364,44.92035054775377,1.0,0.9846153846153847,10,"{""0"": 55, ""1"": 10}","{""1"": 55, ""2"": 10}"
R1_PCA85_WARD__M0068,R1_PCA85_WARD,0.3856903436817519,0.8120847566467218,34.48448052980028,1.0,0.9846153846153847,11,"{""0"": 54, ""1"": 11}","{""1"": 54, ""2"": 11}"
R1_PCA85_WARD__M0069,R1_PCA85_WARD,0.3213256652142855,1.3196282013919323,31.169412774871777,0.39716616573636754,0.9692307692307692,21,"{""0"": 44, ""1"": 21}","{""1"": 44, ""2"": 21}"
R1_PCA85_WARD__M0070,R1_PCA85_WARD,0.45087487819640215,0.7160499249806305,47.80303634013929,1.0,1.0,12,"{""0"": 53, ""1"": 12}","{""1"": 53, ""2"": 12}"
R1_PCA85_WARD__M0071,R1_PCA85_WARD,0.37068207780787327,0.8355339215215302,33.37775976259334,1.0,0.9846153846153847,11,"{""0"": 54, ""1"": 11}","{""1"": 54, ""2"": 11}"
R1_PCA85_WARD__M0072,R1_PCA85_WARD,0.359422264911334,0.8771201828882818,34.35841413552711,0.9287780992655241,0.9692307692307692,13,"{""0"": 52, ""1"": 13}","{""1"": 52, ""2"": 13}"
R1_PCA85_WARD__M0073,R1_PCA85_WARD,0.461383523271218,0.6777782446596802,50.977197199830684,1.0,1.0,12,"{""0"": 53, ""1"": 12}","{""1"": 53, ""2"": 12}"
R1_PCA85_WARD__M0074,R1_PCA85_WARD,0.43143628102264153,0.7622826115144948,37.58539807279952,1.0,1.0,10,"{""0"": 55, ""1"": 10}","{""1"": 55, ""2"": 10}"
R1_PCA85_WARD__M0075,R1_PCA85_WARD,0.3826005043397684,0.8001684704699619,29.2264322985838,1.0,0.9846153846153847,9,"{""0"": 56, ""1"": 9}","{""1"": 56, ""2"": 9}"
R1_PCA85_WARD__M0076,R1_PCA85_WARD,0.35802575650005536,1.2176106896738284,38.455955858065536,0.37539660955489074,0.9692307692307692,24,"{""0"": 24, ""1"": 41}","{""1"": 41, ""2"": 24}"
R1_PCA85_WARD__M0077,R1_PCA85_WARD,0.4628141022907807,0.6562706750139657,45.56450814897089,0.9228790582346534,0.9846153846153847,10,"{""0"": 55, ""1"": 10}","{""1"": 55, ""2"": 10}"
R1_PCA85_WARD__M0078,R1_PCA85_WARD,0.4207558761122406,0.7515648019535568,39.20159718946047,1.0,0.9846153846153847,11,"{""0"": 54, ""1"": 11}","{""1"": 54, ""2"": 11}"
R1_PCA85_WARD__M0079,R1_PCA85_WARD,0.4202037663393442,0.8070298082673234,42.91321699223382,0.8574499377757665,0.9846153846153847,13,"{""0"": 52, ""1"": 13}","{""1"": 52, ""2"": 13}"
R1_PCA85_WARD__M0080,R1_PCA85_WARD,0.3972286094467265,0.8283818889187782,34.99965933273647,1.0,1.0,11,"{""0"": 54, ""1"": 11}","{""1"": 54, ""2"": 11}"
R1_PCA85_WARD__M0081,R1_PCA85_WARD,0.45633912977026964,0.720663293775846,38.96194809170125,1.0,1.0,9,"{""0"": 56, ""1"": 9}","{""1"": 56, ""2"": 9}"
R1_PCA85_WARD__M0082,R1_PCA85_WARD,0.3946059781995889,0.7696299160935349,31.333999129985994,1.0,1.0,9,"{""0"": 56, ""1"": 9}","{""1"": 56, ""2"": 9}"
R1_PCA85_WARD__M0083,R1_PCA85_WARD,0.4290040568127917,0.7192442079291474,33.30705588568392,1.0,1.0,8,"{""0"": 57, ""1"": 8}","{""1"": 57, ""2"": 8}"
R1_PCA85_WARD__M0084,R1_PCA85_WARD,0.4496502232766356,0.686389059418127,50.46277829394734,1.0,0.9846153846153847,12,"{""0"": 53, ""1"": 12}","{""1"": 53, ""2"": 12}"
R1_PCA85_WARD__M0085,R1_PCA85_WARD,0.3559660704874208,0.9346522898995335,32.92619208543817,0.7858376511226253,1.0,13,"{""0"": 52, ""1"": 13}","{""1"": 52, ""2"": 13}"
R1_PCA85_WARD__M0086,R1_PCA85_WARD,0.4623761013380327,0.6980611841359808,50.012809246456676,1.0,1.0,11,"{""0"": 54, ""1"": 11}","{""1"": 54, ""2"": 11}"
R1_PCA85_WARD__M0087,R1_PCA85_WARD,0.42419887506432963,0.7102790753261442,32.10939931772517,1.0,0.9846153846153847,8,"{""0"": 57, ""1"": 8}","{""1"": 57, ""2"": 8}"
R1_PCA85_WARD__M0088,R1_PCA85_WARD,0.39945869638063686,0.793142979455791,39.80235150021666,1.0,0.9846153846153847,12,"{""0"": 53, ""1"": 12}","{""1"": 53, ""2"": 12}"
R1_PCA85_WARD__M0089,R1_PCA85_WARD,0.49317004195366176,0.6698599222874649,49.93614590264828,1.0,1.0,10,"{""0"": 55, ""1"": 10}","{""1"": 55, ""2"": 10}"
R1_PCA85_WARD__M0090,R1_PCA85_WARD,0.39214979712851983,0.7248656748158586,28.268804763250742,1.0,1.0,8,"{""0"": 57, ""1"": 8}","{""1"": 57, ""2"": 8}"
R1_PCA85_WARD__M0091,R1_PCA85_WARD,0.39524909007297937,0.8691766878608599,40.78771346344361,0.7247304362918447,1.0,14,"{""0"": 51, ""1"": 14}","{""1"": 51, ""2"": 14}"
R1_PCA85_WARD__M0092,R1_PCA85_WARD,0.42918155614456555,0.7136853279731106,34.168409840127445,1.0,0.9846153846153847,8,"{""0"": 57, ""1"": 8}","{""1"": 57, ""2"": 8}"
R1_PCA85_WARD__M0093,R1_PCA85_WARD,0.39998490204892584,0.7924691197101525,34.40339405337083,1.0,1.0,10,"{""0"": 55, ""1"": 10}","{""1"": 55, ""2"": 10}"
R1_PCA85_WARD__M0094,R1_PCA85_WARD,0.44185188649472446,0.7282774463401762,40.935878986763804,1.0,0.9846153846153847,10,"{""0"": 55, ""1"": 10}","{""1"": 55, ""2"": 10}"
R1_PCA85_WARD__M0095,R1_PCA85_WARD,0.4040074288605593,0.8190514886687537,36.89014427578283,1.0,1.0,11,"{""0"": 54, ""1"": 11}","{""1"": 54, ""2"": 11}"
R1_PCA85_WARD__M0096,R1_PCA85_WARD,0.4200992148499479,0.737498746728577,39.127128197130226,1.0,0.9692307692307692,10,"{""0"": 55, ""1"": 10}","{""1"": 55, ""2"": 10}"
R1_PCA85_WARD__M0097,R1_PCA85_WARD,0.3976575212238931,0.8633196317655577,39.76873319261838,0.7858376511226253,0.9846153846153847,13,"{""0"": 52, ""1"": 13}","{""1"": 52, ""2"": 13}"
R1_PCA85_WARD__M0098,R1_PCA85_WARD,0.40311475077559716,0.8127812677781279,38.78655697438898,1.0,1.0,12,"{""0"": 53, ""1"": 12}","{""1"": 53, ""2"": 12}"
R1_PCA85_WARD__M0099,R1_PCA85_WARD,0.4341434023218336,0.7199666879997275,43.52280276088714,0.9261606184048209,0.9692307692307692,11,"{""0"": 54, ""1"": 11}","{""1"": 54, ""2"": 11}"
R1_PCA85_WARD__M0100,R1_PCA85_WARD,0.3981400079064518,0.7639743645700019,34.45345586916833,1.0,0.9846153846153847,10,"{""0"": 55, ""1"": 10}","{""1"": 55, ""2"": 10}"
R1_PCA85_WARD__M0101,R1_PCA85_WARD,0.4203472646191444,0.7895685926827132,42.11366721999111,0.9261606184048209,1.0,12,"{""0"": 53, ""1"": 12}","{""1"": 53, ""2"": 12}"
R1_PCA85_WARD__M0102,R1_PCA85_WARD,0.4302520917850583,0.7187300857822748,37.197097271635556,1.0,1.0,9,"{""0"": 56, ""1"": 9}","{""1"": 56, ""2"": 9}"
R1_PCA85_WARD__M0103,R1_PCA85_WARD,0.45000779877352176,0.6653493939966353,40.93209868358934,1.0,1.0,9,"{""0"": 56, ""1"": 9}","{""1"": 56, ""2"": 9}"
R1_PCA85_WARD__M0104,R1_PCA85_WARD,0.4396350613921027,0.7435055406053055,52.70114030921308,0.9308780645858084,0.9846153846153847,14,"{""0"": 51, ""1"": 14}","{""1"": 51, ""2"": 14}"
R1_PCA85_WARD__M0105,R1_PCA85_WARD,0.408968518124604,0.7920956878632991,40.13482477496424,1.0,1.0,12,"{""0"": 53, ""1"": 12}","{""1"": 53, ""2"": 12}"
R1_PCA85_WARD__M0106,R1_PCA85_WARD,0.4155382399253993,0.7856140092748611,39.56898130763244,1.0,0.9846153846153847,11,"{""0"": 54, ""1"": 11}","{""1"": 54, ""2"": 11}"
R1_PCA85_WARD__M0107,R1_PCA85_WARD,0.42336294347417797,0.7533580926918363,42.752968799199074,1.0,0.9846153846153847,12,"{""0"": 53, ""1"": 12}","{""1"": 53, ""2"": 12}"
R1_PCA85_WARD__M0108,R1_PCA85_WARD,0.41061685957646515,0.7874936238507166,43.67368506589685,1.0,1.0,13,"{""0"": 52, ""1"": 13}","{""1"": 52, ""2"": 13}"
R1_PCA85_WARD__M0109,R1_PCA85_WARD,0.3651016262478608,0.8442662028749173,26.575710623943184,1.0,1.0,9,"{""0"": 56, ""1"": 9}","{""1"": 56, ""2"": 9}"
R1_PCA85_WARD__M0110,R1_PCA85_WARD,0.40141930516349067,0.9173940183895236,44.30202032924809,0.7335181568059144,0.9538461538461539,15,"{""0"": 50, ""1"": 15}","{""1"": 50, ""2"": 15}"
R1_PCA85_WARD__M0111,R1_PCA85_WARD,0.4445708860755549,0.7295143616352125,40.678776909397136,1.0,0.9846153846153847,10,"{""0"": 55, ""1"": 10}","{""1"": 55, ""2"": 10}"
R1_PCA85_WARD__M0112,R1_PCA85_WARD,0.4415381510003664,0.7155406623013216,45.49651630472734,1.0,0.9692307692307692,11,"{""0"": 54, ""1"": 11}","{""1"": 54, ""2"": 11}"
R1_PCA85_WARD__M0113,R1_PCA85_WARD,0.3711357883380071,0.8336163358414241,29.792778926029616,1.0,1.0,10,"{""0"": 55, ""1"": 10}","{""1"": 55, ""2"": 10}"
R1_PCA85_WARD__M0114,R1_PCA85_WARD,0.4320371515560693,0.71816063714525,39.23247168334925,1.0,1.0,10,"{""0"": 55, ""1"": 10}","{""1"": 55, ""2"": 10}"
R1_PCA85_WARD__M0115,R1_PCA85_WARD,0.4461744869665662,0.7292669809053047,34.05685798973372,1.0,1.0,8,"{""0"": 57, ""1"": 8}","{""1"": 57, ""2"": 8}"
R1_PCA85_WARD__M0116,R1_PCA85_WARD,0.36497876875426477,0.8600853614488296,29.119872167282463,1.0,1.0,10,"{""0"": 55, ""1"": 10}","{""1"": 55, ""2"": 10}"
R1_PCA85_WARD__M0117,R1_PCA85_WARD,0.39938313811127785,0.8055177576035555,36.3635213709486,1.0,1.0,11,"{""0"": 54, ""1"": 11}","{""1"": 54, ""2"": 11}"
R1_PCA85_WARD__M0118,R1_PCA85_WARD,0.40853018416722153,0.7872515236035275,41.24558987674442,1.0,1.0,12,"{""0"": 53, ""1"": 12}","{""1"": 53, ""2"": 12}"
R1_PCA85_WARD__M0119,R1_PCA85_WARD,0.38361022216432766,0.7942041365692754,27.096149770082697,1.0,0.9692307692307692,8,"{""0"": 57, ""1"": 8}","{""1"": 57, ""2"": 8}"
R1_PCA85_WARD__M0120,R1_PCA85_WARD,0.3601963321404176,0.854112385751659,30.335156383002207,1.0,0.9692307692307692,11,"{""0"": 54, ""1"": 11}","{""1"": 54, ""2"": 11}"
R1_PCA85_WARD__M0121,R1_PCA85_WARD,0.4377775590460637,0.7493560458984989,42.43801241264213,1.0,1.0,11,"{""0"": 54, ""1"": 11}","{""1"": 54, ""2"": 11}"
R1_PCA85_WARD__M0122,R1_PCA85_WARD,0.4024799347618032,0.7433240881909351,37.0800848443569,1.0,0.9846153846153847,10,"{""0"": 55, ""1"": 10}","{""1"": 55, ""2"": 10}"
R1_PCA85_WARD__M0123,R1_PCA85_WARD,0.3885233186859068,0.8219462999529532,39.460653977704375,1.0,0.9846153846153847,13,"{""0"": 52, ""1"": 13}","{""1"": 52, ""2"": 13}"
R1_PCA85_WARD__M0124,R1_PCA85_WARD,0.30909017585029985,1.374439073691692,30.616212990511308,0.16306649724692926,0.9384615384615385,30,"{""0"": 30, ""1"": 35}","{""1"": 35, ""2"": 30}"
R1_PCA85_WARD__M0125,R1_PCA85_WARD,0.4179325956604891,0.7602210702315656,45.12534053256369,1.0,1.0,13,"{""0"": 52, ""1"": 13}","{""1"": 52, ""2"": 13}"
R1_PCA85_WARD__M0126,R1_PCA85_WARD,0.35255766178478615,1.0043719929004886,35.305681724741056,0.7405783826223502,0.9846153846153847,16,"{""0"": 49, ""1"": 16}","{""1"": 49, ""2"": 16}"
R1_PCA85_WARD__M0127,R1_PCA85_WARD,0.4134696573297171,0.737833930932212,38.579615791849754,1.0,0.9846153846153847,10,"{""0"": 55, ""1"": 10}","{""1"": 55, ""2"": 10}"
R1_PCA85_WARD__M0128,R1_PCA85_WARD,0.45724089926186945,0.7041639262778134,44.71214872109873,1.0,1.0,11,"{""0"": 54, ""1"": 11}","{""1"": 54, ""2"": 11}"
R1_PCA85_WARD__M0129,R1_PCA85_WARD,0.4160566708190975,0.7550585484528302,36.640367232617486,1.0,0.9846153846153847,10,"{""0"": 55, ""1"": 10}","{""1"": 55, ""2"": 10}"
R1_PCA85_WARD__M0130,R1_PCA85_WARD,0.38359126210229944,0.7848898700588045,31.490045214327893,1.0,0.9846153846153847,10,"{""0"": 55, ""1"": 10}","{""1"": 55, ""2"": 10}"
R1_PCA85_WARD__M0131,R1_PCA85_WARD,0.4032701324071066,0.8348954556475554,36.14526589771121,0.8444710305930611,0.9692307692307692,11,"{""0"": 54, ""1"": 11}","{""1"": 54, ""2"": 11}"
R1_PCA85_WARD__M0132,R1_PCA85_WARD,0.3665612825126458,0.850916415271531,29.56023613731427,1.0,0.9692307692307692,10,"{""0"": 55, ""1"": 10}","{""1"": 55, ""2"": 10}"
R1_PCA85_WARD__M0133,R1_PCA85_WARD,0.4520874865133718,0.7116430630318362,42.628498298056265,1.0,0.9846153846153847,10,"{""0"": 55, ""1"": 10}","{""1"": 55, ""2"": 10}"
R1_PCA85_WARD__M0134,R1_PCA85_WARD,0.3093333376630589,1.380525093436239,29.218347348891722,0.31824176506182994,0.9538461538461539,22,"{""0"": 22, ""1"": 43}","{""1"": 43, ""2"": 22}"
R1_PCA85_WARD__M0135,R1_PCA85_WARD,0.46674207856868705,0.6961742804973983,56.63263400978696,1.0,0.9846153846153847,13,"{""0"": 52, ""1"": 13}","{""1"": 52, ""2"": 13}"
R1_PCA85_WARD__M0136,R1_PCA85_WARD,0.39190496777678374,0.7990688106033847,35.7553643722649,0.9228790582346534,0.9692307692307692,11,"{""0"": 54, ""1"": 11}","{""1"": 54, ""2"": 11}"
R1_PCA85_WARD__M0137,R1_PCA85_WARD,0.4052319623172425,0.7826220684110705,36.18485235287347,1.0,0.9538461538461539,10,"{""0"": 55, ""1"": 10}","{""1"": 55, ""2"": 10}"
R1_PCA85_WARD__M0138,R1_PCA85_WARD,0.4093883174815994,0.7472283104031981,40.08972588745929,1.0,0.9846153846153847,11,"{""0"": 54, ""1"": 11}","{""1"": 54, ""2"": 11}"
R1_PCA85_WARD__M0139,R1_PCA85_WARD,0.41111193265138635,0.8207197755526238,38.67247540185687,0.8517043139740166,1.0,12,"{""0"": 53, ""1"": 12}","{""1"": 53, ""2"": 12}"
R1_PCA85_WARD__M0140,R1_PCA85_WARD,0.44225831284776146,0.7405444676533032,48.565632706447325,1.0,0.9846153846153847,13,"{""0"": 52, ""1"": 13}","{""1"": 52, ""2"": 13}"
R1_PCA85_WARD__M0141,R1_PCA85_WARD,0.42042144622063404,0.76756604507601,34.34281421310181,1.0,1.0,9,"{""0"": 56, ""1"": 9}","{""1"": 56, ""2"": 9}"
R1_PCA85_WARD__M0142,R1_PCA85_WARD,0.4735059433438034,0.6461002437501222,43.55263094712377,1.0,1.0,9,"{""0"": 56, ""1"": 9}","{""1"": 56, ""2"": 9}"
R1_PCA85_WARD__M0143,R1_PCA85_WARD,0.3757101793868076,0.8236555735598627,30.892039394046346,0.9228790582346534,0.9846153846153847,10,"{""0"": 55, ""1"": 10}","{""1"": 55, ""2"": 10}"
R1_PCA85_WARD__M0144,R1_PCA85_WARD,0.39866034848021287,0.7813513383423232,38.967161742828814,1.0,1.0,12,"{""0"": 53, ""1"": 12}","{""1"": 53, ""2"": 12}"
R1_PCA85_WARD__M0145,R1_PCA85_WARD,0.4119609290813795,0.7903098268452788,41.273335694066674,1.0,1.0,12,"{""0"": 53, ""1"": 12}","{""1"": 53, ""2"": 12}"
R1_PCA85_WARD__M0146,R1_PCA85_WARD,0.3892968459439369,0.7827531836796997,24.499817443129945,1.0,1.0,7,"{""0"": 58, ""1"": 7}","{""1"": 58, ""2"": 7}"
R1_PCA85_WARD__M0147,R1_PCA85_WARD,0.44152554810808337,0.7366644915125122,46.072281370712794,1.0,1.0,12,"{""0"": 53, ""1"": 12}","{""1"": 53, ""2"": 12}"
R1_PCA85_WARD__M0148,R1_PCA85_WARD,0.38652234895946364,0.7351042559939758,25.048727194202932,1.0,0.9846153846153847,7,"{""0"": 58, ""1"": 7}","{""1"": 58, ""2"": 7}"
R1_PCA85_WARD__M0149,R1_PCA85_WARD,0.34996031699183805,1.2272443212986295,38.05703235100794,0.3401411623366872,0.9846153846153847,25,"{""0"": 25, ""1"": 40}","{""1"": 40, ""2"": 25}"
R1_PCA85_WARD__M0150,R1_PCA85_WARD,0.4340244068559913,0.7381881010207495,39.1326142628904,1.0,0.9692307692307692,10,"{""0"": 55, ""1"": 10}","{""1"": 55, ""2"": 10}"
R1_PCA85_WARD__M0151,R1_PCA85_WARD,0.42768965536356307,0.7492318958395222,42.5179398298481,1.0,0.9846153846153847,11,"{""0"": 54, ""1"": 11}","{""1"": 54, ""2"": 11}"
R1_PCA85_WARD__M0152,R1_PCA85_WARD,0.42040342231818767,0.7827925863005247,42.63721013184647,1.0,0.9846153846153847,12,"{""0"": 53, ""1"": 12}","{""1"": 53, ""2"": 12}"
R1_PCA85_WARD__M0153,R1_PCA85_WARD,0.32611544931581743,1.1270685899979602,34.05401813716569,0.3555628810228207,0.9846153846153847,18,"{""0"": 47, ""1"": 18}","{""1"": 47, ""2"": 18}"
R1_PCA85_WARD__M0154,R1_PCA85_WARD,0.43250810173811755,0.7450766219229351,43.702280159097945,1.0,1.0,12,"{""0"": 53, ""1"": 12}","{""1"": 53, ""2"": 12}"
R1_PCA85_WARD__M0155,R1_PCA85_WARD,0.43031954926792104,0.7501623308301083,41.838225597660454,1.0,1.0,11,"{""0"": 54, ""1"": 11}","{""1"": 54, ""2"": 11}"
R1_PCA85_WARD__M0156,R1_PCA85_WARD,0.4261454540673573,0.7633614076143649,43.7688615962375,1.0,0.9846153846153847,12,"{""0"": 53, ""1"": 12}","{""1"": 53, ""2"": 12}"
R1_PCA85_WARD__M0157,R1_PCA85_WARD,0.36510539186690577,0.7989733939719136,24.61606873519415,1.0,0.9846153846153847,8,"{""0"": 57, ""1"": 8}","{""1"": 57, ""2"": 8}"
R1_PCA85_WARD__M0158,R1_PCA85_WARD,0.3041340608803238,1.4191798621623142,29.234669381389725,0.18787798232205755,0.9384615384615385,29,"{""0"": 29, ""1"": 36}","{""1"": 36, ""2"": 29}"
R1_PCA85_WARD__M0159,R1_PCA85_WARD,0.42343838649519533,0.7749427472585318,40.38993180696385,0.9228790582346534,1.0,11,"{""0"": 54, ""1"": 11}","{""1"": 54, ""2"": 11}"
R1_PCA85_WARD__M0160,R1_PCA85_WARD,0.31568487131220263,1.308354661009921,32.35699871727675,0.32745326879292863,0.9076923076923077,23,"{""0"": 23, ""1"": 42}","{""1"": 42, ""2"": 23}"
R1_PCA85_WARD__M0161,R1_PCA85_WARD,0.42539156106228354,0.7632732270577763,40.31293268713959,1.0,1.0,11,"{""0"": 54, ""1"": 11}","{""1"": 54, ""2"": 11}"
R1_PCA85_WARD__M0162,R1_PCA85_WARD,0.462258521318972,0.7251759896501719,45.446468273228895,1.0,0.9846153846153847,10,"{""0"": 55, ""1"": 10}","{""1"": 55, ""2"": 10}"
R1_PCA85_WARD__M0163,R1_PCA85_WARD,0.4135424062035324,0.7468508441588448,33.89554847740943,1.0,1.0,9,"{""0"": 56, ""1"": 9}","{""1"": 56, ""2"": 9}"
R1_PCA85_WARD__M0164,R1_PCA85_WARD,0.447350402346176,0.698135509257894,41.737971756675805,1.0,0.9846153846153847,10,"{""0"": 55, ""1"": 10}","{""1"": 55, ""2"": 10}"
R1_PCA85_WARD__M0165,R1_PCA85_WARD,0.3144650746259929,1.0353828139838572,27.772891160383622,0.7137494134209291,0.9538461538461539,13,"{""0"": 52, ""1"": 13}","{""1"": 52, ""2"": 13}"
R1_PCA85_WARD__M0166,R1_PCA85_WARD,0.36972770610600325,0.9880866084989697,38.43829021439602,0.6851995350639287,0.9846153846153847,17,"{""0"": 48, ""1"": 17}","{""1"": 48, ""2"": 17}"
R1_PCA85_WARD__M0167,R1_PCA85_WARD,0.44272876172696524,0.733672112236565,47.90930529727585,1.0,0.9692307692307692,12,"{""0"": 53, ""1"": 12}","{""1"": 53, ""2"": 12}"
R1_PCA85_WARD__M0168,R1_PCA85_WARD,0.34037736609547614,1.2552800259177486,37.37806743746435,0.2778740612362796,0.9846153846153847,28,"{""0"": 28, ""1"": 37}","{""1"": 37, ""2"": 28}"
R1_PCA85_WARD__M0169,R1_PCA85_WARD,0.39379552180952054,0.7493809049715097,28.628835613018765,1.0,0.9538461538461539,8,"{""0"": 57, ""1"": 8}","{""1"": 57, ""2"": 8}"
R1_PCA85_WARD__M0170,R1_PCA85_WARD,0.40048752322666503,0.7724245094956597,32.160748954963836,1.0,1.0,9,"{""0"": 56, ""1"": 9}","{""1"": 56, ""2"": 9}"
R1_PCA85_WARD__M0171,R1_PCA85_WARD,0.3970976790711714,0.8604454553406811,39.21754975224209,0.7858376511226253,1.0,13,"{""0"": 52, ""1"": 13}","{""1"": 52, ""2"": 13}"
R1_PCA85_WARD__M0172,R1_PCA85_WARD,0.3753504493396282,0.8131182257058881,28.242584704310428,1.0,1.0,9,"{""0"": 56, ""1"": 9}","{""1"": 56, ""2"": 9}"
R1_PCA85_WARD__M0173,R1_PCA85_WARD,0.4187871422765145,0.6920461960592685,32.129065502478596,0.9133982846198684,0.9692307692307692,8,"{""0"": 57, ""1"": 8}","{""1"": 57, ""2"": 8}"
R1_PCA85_WARD__M0174,R1_PCA85_WARD,0.3975802596107267,0.8334462928984374,39.58111039385327,0.7247304362918447,1.0,14,"{""0"": 51, ""1"": 14}","{""1"": 51, ""2"": 14}"
R1_PCA85_WARD__M0175,R1_PCA85_WARD,0.4411348267849669,0.7014621556555648,43.673298178226794,1.0,0.9846153846153847,11,"{""0"": 54, ""1"": 11}","{""1"": 54, ""2"": 11}"
R1_PCA85_WARD__M0176,R1_PCA85_WARD,0.30526047108701104,1.3929688031855365,30.090292538718842,0.18506168722907637,0.9230769230769231,28,"{""0"": 28, ""1"": 37}","{""1"": 37, ""2"": 28}"
R1_PCA85_WARD__M0177,R1_PCA85_WARD,0.3841935990071452,1.1473930134879922,41.228053834465804,0.4445868580705802,0.9692307692307692,21,"{""0"": 21, ""1"": 44}","{""1"": 44, ""2"": 21}"
R1_PCA85_WARD__M0178,R1_PCA85_WARD,0.4014623956273107,0.766881197911516,37.4080034428755,1.0,0.9846153846153847,11,"{""0"": 54, ""1"": 11}","{""1"": 54, ""2"": 11}"
R1_PCA85_WARD__M0179,R1_PCA85_WARD,0.44321761600410475,0.7355160347932419,50.62618362329702,1.0,0.9692307692307692,13,"{""0"": 52, ""1"": 13}","{""1"": 52, ""2"": 13}"
R1_PCA85_WARD__M0180,R1_PCA85_WARD,0.43679495361532705,0.7751471753521834,45.05895793159298,1.0,1.0,12,"{""0"": 53, ""1"": 12}","{""1"": 53, ""2"": 12}"
R1_PCA85_WARD__M0181,R1_PCA85_WARD,0.3150641610395919,1.3100709481158481,32.74464826623029,0.2655367231638418,0.9846153846153847,25,"{""0"": 25, ""1"": 40}","{""1"": 40, ""2"": 25}"
R1_PCA85_WARD__M0182,R1_PCA85_WARD,0.4415984658794641,0.6983497204590811,42.36668226723504,1.0,1.0,10,"{""0"": 55, ""1"": 10}","{""1"": 55, ""2"": 10}"
R1_PCA85_WARD__M0183,R1_PCA85_WARD,0.42936370474977914,0.7359218113392938,48.08713158010752,1.0,0.9692307692307692,13,"{""0"": 52, ""1"": 13}","{""1"": 52, ""2"": 13}"
R1_PCA85_WARD__M0184,R1_PCA85_WARD,0.4208687383509628,0.7712464780687409,43.42764906290845,1.0,0.9692307692307692,12,"{""0"": 53, ""1"": 12}","{""1"": 53, ""2"": 12}"
R1_PCA85_WARD__M0185,R1_PCA85_WARD,0.4018840324154187,0.7637696339917779,30.92824744030835,1.0,1.0,9,"{""0"": 56, ""1"": 9}","{""1"": 56, ""2"": 9}"
R1_PCA85_WARD__M0186,R1_PCA85_WARD,0.394528134521451,0.8257958945369834,37.845948855772725,1.0,0.9846153846153847,12,"{""0"": 53, ""1"": 12}","{""1"": 53, ""2"": 12}"
R1_PCA85_WARD__M0187,R1_PCA85_WARD,0.4756255658559726,0.645856000870785,48.53166736676365,1.0,1.0,10,"{""0"": 55, ""1"": 10}","{""1"": 55, ""2"": 10}"
R1_PCA85_WARD__M0188,R1_PCA85_WARD,0.4383034503894411,0.7258061966749274,33.59095752936579,1.0,1.0,8,"{""0"": 57, ""1"": 8}","{""1"": 57, ""2"": 8}"
R1_PCA85_WARD__M0189,R1_PCA85_WARD,0.39088628995688907,0.8491433750203791,41.15600459825635,0.8620480557871598,0.9846153846153847,14,"{""0"": 51, ""1"": 14}","{""1"": 51, ""2"": 14}"
R1_PCA85_WARD__M0190,R1_PCA85_WARD,0.4164859839158783,0.7828037186967393,39.91551546519103,1.0,1.0,11,"{""0"": 54, ""1"": 11}","{""1"": 54, ""2"": 11}"
R1_PCA85_WARD__M0191,R1_PCA85_WARD,0.4079371076631595,0.7357278069523773,36.335353001827336,1.0,0.9846153846153847,10,"{""0"": 55, ""1"": 10}","{""1"": 55, ""2"": 10}"
R1_PCA85_WARD__M0192,R1_PCA85_WARD,0.361272363112654,0.8235671721126501,30.794601606059267,1.0,0.9538461538461539,11,"{""0"": 54, ""1"": 11}","{""1"": 54, ""2"": 11}"
R1_PCA85_WARD__M0193,R1_PCA85_WARD,0.4234776872224119,0.8265160252901388,46.740922825244944,0.7247304362918447,1.0,14,"{""0"": 51, ""1"": 14}","{""1"": 51, ""2"": 14}"
R1_PCA85_WARD__M0194,R1_PCA85_WARD,0.3543235286089347,0.9393761532862921,32.332238717591174,0.7137494134209291,0.9846153846153847,13,"{""0"": 52, ""1"": 13}","{""1"": 52, ""2"": 13}"
R1_PCA85_WARD__M0195,R1_PCA85_WARD,0.4727913460523457,0.591988735722212,32.429412803902515,1.0,0.9846153846153847,6,"{""0"": 59, ""1"": 6}","{""1"": 59, ""2"": 6}"
R1_PCA85_WARD__M0196,R1_PCA85_WARD,0.362310985539302,0.8820138548543607,33.25017999736475,0.9261606184048209,1.0,12,"{""0"": 53, ""1"": 12}","{""1"": 53, ""2"": 12}"
R1_PCA85_WARD__M0197,R1_PCA85_WARD,0.41920690835281976,0.7528636796726796,39.66407091901975,1.0,0.9692307692307692,11,"{""0"": 54, ""1"": 11}","{""1"": 54, ""2"": 11}"
R1_PCA85_WARD__M0198,R1_PCA85_WARD,0.4410004616489818,0.6927528350093065,47.02798214814176,1.0,0.9538461538461539,11,"{""0"": 54, ""1"": 11}","{""1"": 54, ""2"": 11}"
R1_PCA85_WARD__M0199,R1_PCA85_WARD,0.4756133284755853,0.6493165000270976,40.3484536491458,1.0,1.0,8,"{""0"": 57, ""1"": 8}","{""1"": 57, ""2"": 8}"
R1_PCA85_WARD__M0200,R1_PCA85_WARD,0.4406389041491696,0.7000525361400842,42.472894774044335,1.0,0.9846153846153847,11,"{""0"": 54, ""1"": 11}","{""1"": 54, ""2"": 11}"
R1_PCA85_WARD__M0201,R1_PCA85_WARD,0.46796909833429406,0.6816360667752223,42.9208170812726,1.0,1.0,9,"{""0"": 56, ""1"": 9}","{""1"": 56, ""2"": 9}"
R1_PCA85_WARD__M0202,R1_PCA85_WARD,0.4284467359978308,0.7351747215166012,43.039588867944886,1.0,0.9846153846153847,12,"{""0"": 53, ""1"": 12}","{""1"": 53, ""2"": 12}"
R1_PCA85_WARD__M0203,R1_PCA85_WARD,0.41749139116077444,0.7689563760492619,36.40353942757877,1.0,1.0,10,"{""0"": 55, ""1"": 10}","{""1"": 55, ""2"": 10}"
R1_PCA85_WARD__M0204,R1_PCA85_WARD,0.4226519154865515,0.7645678782448642,32.06326418615594,1.0,0.9846153846153847,8,"{""0"": 57, ""1"": 8}","{""1"": 57, ""2"": 8}"
R1_PCA85_WARD__M0205,R1_PCA85_WARD,0.4263735293906978,0.7087509994521671,38.40593704934273,1.0,0.9692307692307692,10,"{""0"": 55, ""1"": 10}","{""1"": 55, ""2"": 10}"
R1_PCA85_WARD__M0206,R1_PCA85_WARD,0.42902515963548715,0.7490395133780039,35.512255001932274,1.0,0.9846153846153847,9,"{""0"": 56, ""1"": 9}","{""1"": 56, ""2"": 9}"
R1_PCA85_WARD__M0207,R1_PCA85_WARD,0.4084320961184356,0.7340772210304287,31.009386965666696,1.0,0.9692307692307692,8,"{""0"": 57, ""1"": 8}","{""1"": 57, ""2"": 8}"
R1_PCA85_WARD__M0208,R1_PCA85_WARD,0.27995972024017884,1.521798821382522,25.241173091404157,0.15321438685924668,0.9384615384615385,27,"{""0"": 27, ""1"": 38}","{""1"": 38, ""2"": 27}"
R1_PCA85_WARD__M0209,R1_PCA85_WARD,0.4213615461794207,0.7406243407367532,39.36962342290942,1.0,1.0,10,"{""0"": 55, ""1"": 10}","{""1"": 55, ""2"": 10}"
R1_PCA85_WARD__M0210,R1_PCA85_WARD,0.3493528138028681,1.041422806637864,36.66448831738652,0.6851995350639287,0.9692307692307692,17,"{""0"": 48, ""1"": 17}","{""1"": 48, ""2"": 17}"
R1_PCA85_WARD__M0211,R1_PCA85_WARD,0.3700535095760888,0.8031505719962855,25.357580053375564,1.0,0.9846153846153847,8,"{""0"": 57, ""1"": 8}","{""1"": 57, ""2"": 8}"
R1_PCA85_WARD__M0212,R1_PCA85_WARD,0.44704146685475954,0.7218195944854482,40.766948616198036,1.0,1.0,10,"{""0"": 55, ""1"": 10}","{""1"": 55, ""2"": 10}"
R1_PCA85_WARD__M0213,R1_PCA85_WARD,0.3463335899236732,0.9504094555998854,27.56454598783232,0.9228790582346534,1.0,11,"{""0"": 54, ""1"": 11}","{""1"": 54, ""2"": 11}"
R1_PCA85_WARD__M0214,R1_PCA85_WARD,0.41061570424518096,0.7545927304575053,33.20917513020926,1.0,1.0,9,"{""0"": 56, ""1"": 9}","{""1"": 56, ""2"": 9}"
R1_PCA85_WARD__M0215,R1_PCA85_WARD,0.37284164951185733,0.9270495793431496,36.774444597048095,0.7247304362918447,1.0,14,"{""0"": 51, ""1"": 14}","{""1"": 51, ""2"": 14}"
R1_PCA85_WARD__M0216,R1_PCA85_WARD,0.4508078084332067,0.7066389511302844,50.38693301489666,1.0,1.0,12,"{""0"": 53, ""1"": 12}","{""1"": 53, ""2"": 12}"
R1_PCA85_WARD__M0217,R1_PCA85_WARD,0.4407204939581302,0.718313512045708,34.39030544912969,1.0,1.0,8,"{""0"": 57, ""1"": 8}","{""1"": 57, ""2"": 8}"
R1_PCA85_WARD__M0218,R1_PCA85_WARD,0.37854368231006713,1.155603291848897,40.96696422677923,0.4058148884844894,1.0,22,"{""0"": 22, ""1"": 43}","{""1"": 43, ""2"": 22}"
R1_PCA85_WARD__M0219,R1_PCA85_WARD,0.3437150137754164,1.2869397046504882,34.56934227597288,0.2371685721235709,0.9538461538461539,26,"{""0"": 26, ""1"": 39}","{""1"": 39, ""2"": 26}"
R1_PCA85_WARD__M0220,R1_PCA85_WARD,0.3407743146037293,1.3096963213474306,30.83459769091707,0.37261337969808744,0.9076923076923077,19,"{""0"": 19, ""1"": 46}","{""1"": 46, ""2"": 19}"
R1_PCA85_WARD__M0221,R1_PCA85_WARD,0.4098850932992512,0.8227365471320871,40.99995029715384,0.8574499377757665,0.9846153846153847,13,"{""0"": 52, ""1"": 13}","{""1"": 52, ""2"": 13}"
R1_PCA85_WARD__M0222,R1_PCA85_WARD,0.31519517543984293,1.3080232848073687,32.836299929293936,0.29559080215527056,0.9538461538461539,24,"{""0"": 41, ""1"": 24}","{""1"": 41, ""2"": 24}"
R1_PCA85_WARD__M0223,R1_PCA85_WARD,0.3974468291830889,0.7955953746074708,30.322594914640458,1.0,1.0,9,"{""0"": 56, ""1"": 9}","{""1"": 56, ""2"": 9}"
R1_PCA85_WARD__M0224,R1_PCA85_WARD,0.43224343470332727,0.7534877796950676,43.78801998469517,1.0,0.9846153846153847,12,"{""0"": 53, ""1"": 12}","{""1"": 53, ""2"": 12}"
R1_PCA85_WARD__M0225,R1_PCA85_WARD,0.40257299332786933,0.7792145562389532,36.36894751445987,1.0,1.0,11,"{""0"": 54, ""1"": 11}","{""1"": 54, ""2"": 11}"
R1_PCA85_WARD__M0226,R1_PCA85_WARD,0.4029920724952144,0.7611953983017362,31.99314827500815,1.0,1.0,9,"{""0"": 56, ""1"": 9}","{""1"": 56, ""2"": 9}"
R1_PCA85_WARD__M0227,R1_PCA85_WARD,0.3219482982991021,1.2166053736572753,35.38342722992206,0.26337425698572303,0.9846153846153847,21,"{""0"": 44, ""1"": 21}","{""1"": 44, ""2"": 21}"
R1_PCA85_WARD__M0228,R1_PCA85_WARD,0.3941208341707766,0.8243193110995977,40.238746040820544,1.0,0.9846153846153847,13,"{""0"": 52, ""1"": 13}","{""1"": 52, ""2"": 13}"
R1_PCA85_WARD__M0229,R1_PCA85_WARD,0.4571354310624321,0.6507068938450249,34.3772398379723,0.9064306439641018,0.9846153846153847,7,"{""0"": 58, ""1"": 7}","{""1"": 58, ""2"": 7}"
R1_PCA85_WARD__M0230,R1_PCA85_WARD,0.3468840605676975,1.2306369326517315,36.04587351069806,0.4058148884844894,0.9538461538461539,22,"{""0"": 22, ""1"": 43}","{""1"": 43, ""2"": 22}"
R1_PCA85_WARD__M0231,R1_PCA85_WARD,0.2866650816146954,1.4878426677945662,26.571241075510187,0.2103764631445745,0.9230769230769231,27,"{""0"": 27, ""1"": 38}","{""1"": 38, ""2"": 27}"
R1_PCA85_WARD__M0232,R1_PCA85_WARD,0.406823359170118,0.8379632756400446,39.52585553626522,0.8517043139740166,0.9692307692307692,12,"{""0"": 53, ""1"": 12}","{""1"": 53, ""2"": 12}"
R1_PCA85_WARD__M0233,R1_PCA85_WARD,0.34711876816099874,0.8705058246351618,27.165018135281105,1.0,0.9692307692307692,10,"{""0"": 55, ""1"": 10}","{""1"": 55, ""2"": 10}"
R1_PCA85_WARD__M0234,R1_PCA85_WARD,0.3823765294319048,0.8370534205134228,31.49310293863408,1.0,1.0,10,"{""0"": 55, ""1"": 10}","{""1"": 55, ""2"": 10}"
R1_PCA85_WARD__M0235,R1_PCA85_WARD,0.4266528280343688,0.7033406411202747,35.594064298594795,1.0,1.0,9,"{""0"": 56, ""1"": 9}","{""1"": 56, ""2"": 9}"
R1_PCA85_WARD__M0236,R1_PCA85_WARD,0.43691703949487054,0.7047354588942396,41.50646408818812,1.0,1.0,10,"{""0"": 55, ""1"": 10}","{""1"": 55, ""2"": 10}"
R1_PCA85_WARD__M0237,R1_PCA85_WARD,0.4333936262886728,0.7248978027209042,41.17597276153134,1.0,0.9846153846153847,11,"{""0"": 54, ""1"": 11}","{""1"": 54, ""2"": 11}"
R1_PCA85_WARD__M0238,R1_PCA85_WARD,0.4065331383925881,0.8099284454790515,40.088721192056155,0.9287780992655241,0.9846153846153847,13,"{""0"": 52, ""1"": 13}","{""1"": 52, ""2"": 13}"
R1_PCA85_WARD__M0239,R1_PCA85_WARD,0.4457195758931542,0.7078921985034541,52.07513830281245,1.0,1.0,13,"{""0"": 52, ""1"": 13}","{""1"": 52, ""2"": 13}"
R1_PCA85_WARD__M0240,R1_PCA85_WARD,0.40574202958242434,0.7706693725486914,39.724381118538766,1.0,0.9846153846153847,12,"{""0"": 53, ""1"": 12}","{""1"": 53, ""2"": 12}"
R1_PCA85_WARD__M0241,R1_PCA85_WARD,0.37397068651474963,0.8442715556018506,29.49444369053977,1.0,1.0,10,"{""0"": 55, ""1"": 10}","{""1"": 55, ""2"": 10}"
R1_PCA85_WARD__M0242,R1_PCA85_WARD,0.41910432880576154,0.7916128032398674,42.8035755540688,0.9287780992655241,0.9846153846153847,13,"{""0"": 52, ""1"": 13}","{""1"": 52, ""2"": 13}"
R1_PCA85_WARD__M0243,R1_PCA85_WARD,0.4202253205363133,0.7482541806896348,39.3084610156669,1.0,0.9846153846153847,11,"{""0"": 54, ""1"": 11}","{""1"": 54, ""2"": 11}"
R1_PCA85_WARD__M0244,R1_PCA85_WARD,0.3926836973424067,0.7731806588732353,36.14181194048324,1.0,1.0,11,"{""0"": 54, ""1"": 11}","{""1"": 54, ""2"": 11}"
R1_PCA85_WARD__M0245,R1_PCA85_WARD,0.42738041084864187,0.726885162171173,28.90185077701071,1.0,1.0,7,"{""0"": 58, ""1"": 7}","{""1"": 58, ""2"": 7}"
R1_PCA85_WARD__M0246,R1_PCA85_WARD,0.37855232505798014,0.9200885661940815,41.295198092629946,0.7462562396006656,1.0,17,"{""0"": 48, ""1"": 17}","{""1"": 48, ""2"": 17}"
R1_PCA85_WARD__M0247,R1_PCA85_WARD,0.4182252137879706,0.7534714556068312,42.63969093365177,1.0,1.0,12,"{""0"": 53, ""1"": 12}","{""1"": 53, ""2"": 12}"
R1_PCA85_WARD__M0248,R1_PCA85_WARD,0.4679428946416165,0.7136185340810483,47.953972913778216,1.0,1.0,11,"{""0"": 54, ""1"": 11}","{""1"": 54, ""2"": 11}"
R1_PCA85_WARD__M0249,R1_PCA85_WARD,0.40788377861681124,0.8497824557749334,41.501902305024565,0.7858376511226253,0.9846153846153847,13,"{""0"": 52, ""1"": 13}","{""1"": 52, ""2"": 13}"
R1_PCA85_WARD__M0250,R1_PCA85_WARD,0.48168938924639865,0.6437518499669614,48.49943470068861,1.0,0.9846153846153847,10,"{""0"": 55, ""1"": 10}","{""1"": 55, ""2"": 10}"
R0_KMEANS__M0001,R0_KMEANS,0.3430786191867776,1.0606127626044684,32.20548061721409,0.7247304362918447,1.0,14,"{""0"": 14, ""1"": 51}","{""1"": 51, ""2"": 14}"
R0_KMEANS__M0002,R0_KMEANS,0.25723875308695165,1.4221838275859962,22.675117860959457,0.39121994414549416,1.0,17,"{""0"": 48, ""1"": 17}","{""1"": 48, ""2"": 17}"
R0_KMEANS__M0003,R0_KMEANS,0.29341533619691607,1.3824079787887409,30.648526176321305,0.3067288086221963,1.0,26,"{""0"": 26, ""1"": 39}","{""1"": 39, ""2"": 26}"
R0_KMEANS__M0004,R0_KMEANS,0.3260813945574968,1.1715483287293862,30.630748579102605,0.602487691111687,1.0,15,"{""0"": 50, ""1"": 15}","{""1"": 50, ""2"": 15}"
R0_KMEANS__M0005,R0_KMEANS,0.38747581138999243,0.8317416967223408,24.28163966928825,1.0,1.0,7,"{""0"": 58, ""1"": 7}","{""1"": 58, ""2"": 7}"
R0_KMEANS__M0006,R0_KMEANS,0.3116316902410526,1.1682497391826205,29.471975886003037,0.6774940460439269,1.0,16,"{""0"": 16, ""1"": 49}","{""1"": 49, ""2"": 16}"
R0_KMEANS__M0007,R0_KMEANS,0.35477302039341346,1.0876022425602512,36.021956105484605,0.6149598393574297,1.0,16,"{""0"": 16, ""1"": 49}","{""1"": 49, ""2"": 16}"
R0_KMEANS__M0008,R0_KMEANS,0.3059415350474411,1.146303952620499,28.813962711360876,0.6679084619478446,1.0,15,"{""0"": 50, ""1"": 15}","{""1"": 50, ""2"": 15}"
R0_KMEANS__M0009,R0_KMEANS,0.30604638409691204,1.3364433789205,32.018450863922325,0.37539660955489074,1.0,24,"{""0"": 41, ""1"": 24}","{""1"": 41, ""2"": 24}"
R0_KMEANS__M0010,R0_KMEANS,0.30386565281221195,1.1599360586261147,28.42593629276349,0.602487691111687,1.0,15,"{""0"": 15, ""1"": 50}","{""1"": 50, ""2"": 15}"
R0_KMEANS__M0011,R0_KMEANS,0.3329916016356709,1.077086878834994,34.40538728192895,0.6149598393574297,1.0,16,"{""0"": 16, ""1"": 49}","{""1"": 49, ""2"": 16}"
R0_KMEANS__M0012,R0_KMEANS,0.37284971961718494,0.8458482842590158,33.1809535630989,1.0,1.0,11,"{""0"": 54, ""1"": 11}","{""1"": 54, ""2"": 11}"
R0_KMEANS__M0013,R0_KMEANS,0.3790426454318442,0.9580600595328288,40.07302035981047,0.7335181568059144,1.0,15,"{""0"": 50, ""1"": 15}","{""1"": 50, ""2"": 15}"
R0_KMEANS__M0014,R0_KMEANS,0.34845979247543846,1.0235474063429026,33.186937341923404,0.7933783662535089,1.0,14,"{""0"": 51, ""1"": 14}","{""1"": 51, ""2"": 14}"
R0_KMEANS__M0015,R0_KMEANS,0.3713128985686835,0.9188191075413426,33.96491870255455,0.8517043139740166,1.0,12,"{""0"": 12, ""1"": 53}","{""1"": 53, ""2"": 12}"
R0_KMEANS__M0016,R0_KMEANS,0.34584237012474517,0.9004771233119094,24.933490994397847,1.0,1.0,9,"{""0"": 9, ""1"": 56}","{""1"": 56, ""2"": 9}"
R0_KMEANS__M0017,R0_KMEANS,0.4041730198637654,0.8043502830365419,37.8309172117244,1.0,1.0,11,"{""0"": 54, ""1"": 11}","{""1"": 54, ""2"": 11}"
R0_KMEANS__M0018,R0_KMEANS,0.38248452919178194,0.8656500688857695,31.456365988303663,1.0,1.0,10,"{""0"": 10, ""1"": 55}","{""1"": 55, ""2"": 10}"
R0_KMEANS__M0019,R0_KMEANS,0.35823784420522725,0.8766950699236656,29.070491738491206,1.0,1.0,10,"{""0"": 10, ""1"": 55}","{""1"": 55, ""2"": 10}"
R0_KMEANS__M0020,R0_KMEANS,0.323407571315443,1.142257431382756,35.21167233117708,0.575670602044467,1.0,18,"{""0"": 47, ""1"": 18}","{""1"": 47, ""2"": 18}"
R0_KMEANS__M0021,R0_KMEANS,0.3936396348261922,0.8295604068421408,38.616637122944454,0.9261606184048209,1.0,12,"{""0"": 12, ""1"": 53}","{""1"": 53, ""2"": 12}"
R0_KMEANS__M0022,R0_KMEANS,0.30231437815576195,1.1823998527447608,30.18310589355444,0.6249755525132017,1.0,17,"{""0"": 48, ""1"": 17}","{""1"": 48, ""2"": 17}"
R0_KMEANS__M0023,R0_KMEANS,0.3310360869630263,1.0938135951893493,36.229020108080924,0.6394744882370913,1.0,19,"{""0"": 46, ""1"": 19}","{""1"": 46, ""2"": 19}"
R0_KMEANS__M0024,R0_KMEANS,0.34573639749513096,1.083071677852968,35.63228470119524,0.6149598393574297,1.0,16,"{""0"": 49, ""1"": 16}","{""1"": 49, ""2"": 16}"
R0_KMEANS__M0025,R0_KMEANS,0.35684650832838233,0.9234273625453316,30.66670721190143,1.0,1.0,11,"{""0"": 54, ""1"": 11}","{""1"": 54, ""2"": 11}"
R0_KMEANS__M0026,R0_KMEANS,0.3207185400578559,0.9784358664872657,29.352649743600864,0.9287780992655241,1.0,13,"{""0"": 13, ""1"": 52}","{""1"": 52, ""2"": 13}"
R0_KMEANS__M0027,R0_KMEANS,0.40314796439125977,0.8018387318045395,32.4387795387683,1.0,1.0,9,"{""0"": 56, ""1"": 9}","{""1"": 56, ""2"": 9}"
R0_KMEANS__M0028,R0_KMEANS,0.351133652510084,0.9630411004791257,34.828555609555394,0.7933783662535089,1.0,14,"{""0"": 51, ""1"": 14}","{""1"": 51, ""2"": 14}"
R0_KMEANS__M0029,R0_KMEANS,0.31624441871299896,1.1418613680802143,30.874166121797145,0.6774940460439269,1.0,16,"{""0"": 49, ""1"": 16}","{""1"": 49, ""2"": 16}"
R0_KMEANS__M0030,R0_KMEANS,0.345917814693838,0.9741792764117835,35.07238046697708,0.7994276471320144,1.0,15,"{""0"": 50, ""1"": 15}","{""1"": 50, ""2"": 15}"
R0_KMEANS__M0031,R0_KMEANS,0.3538457154725715,1.0263029712894185,35.91472960250539,0.7335181568059144,1.0,15,"{""0"": 50, ""1"": 15}","{""1"": 50, ""2"": 15}"
R0_KMEANS__M0032,R0_KMEANS,0.3321185012634438,1.1113991705444093,34.44422679027004,0.6913897747145356,1.0,18,"{""0"": 47, ""1"": 18}","{""1"": 47, ""2"": 18}"
R0_KMEANS__M0033,R0_KMEANS,0.3048312511532672,1.1399718209987926,28.92888618593624,0.6774940460439269,1.0,16,"{""0"": 49, ""1"": 16}","{""1"": 49, ""2"": 16}"
R0_KMEANS__M0034,R0_KMEANS,0.31989919802950617,1.121074806597183,32.87007267840943,0.6851995350639287,1.0,17,"{""0"": 48, ""1"": 17}","{""1"": 48, ""2"": 17}"
R0_KMEANS__M0035,R0_KMEANS,0.3400547324693614,1.0804745014710366,34.26124100033955,0.6774940460439269,1.0,16,"{""0"": 49, ""1"": 16}","{""1"": 49, ""2"": 16}"
R0_KMEANS__M0036,R0_KMEANS,0.28910405313695153,1.4236877976931308,26.202821359096298,0.38626609442060084,1.0,20,"{""0"": 20, ""1"": 45}","{""1"": 45, ""2"": 20}"
R0_KMEANS__M0037,R0_KMEANS,0.36196772591845316,1.0407784481248465,36.305132657971185,0.6679084619478446,1.0,15,"{""0"": 15, ""1"": 50}","{""1"": 50, ""2"": 15}"
R0_KMEANS__M0038,R0_KMEANS,0.3700119879849813,0.8850795876336712,34.39403171731917,1.0,1.0,12,"{""0"": 53, ""1"": 12}","{""1"": 53, ""2"": 12}"
R0_KMEANS__M0039,R0_KMEANS,0.37506852510891775,0.8931709460986148,34.96580967809772,1.0,1.0,12,"{""0"": 12, ""1"": 53}","{""1"": 53, ""2"": 12}"
R0_KMEANS__M0040,R0_KMEANS,0.2841318427364576,1.4227776104378325,28.34299727307179,0.33463559411862687,1.0,24,"{""0"": 24, ""1"": 41}","{""1"": 41, ""2"": 24}"
R0_KMEANS__M0041,R0_KMEANS,0.32178741197352995,1.0977841064937397,33.07243530209639,0.6851995350639287,1.0,17,"{""0"": 17, ""1"": 48}","{""1"": 48, ""2"": 17}"
R0_KMEANS__M0042,R0_KMEANS,0.2746403971978141,1.4610066649511766,26.527758463651423,0.2873266688165108,1.0,23,"{""0"": 23, ""1"": 42}","{""1"": 42, ""2"": 23}"
R0_KMEANS__M0043,R0_KMEANS,0.3248047977579487,1.1049510365090718,30.655722379544954,0.7335181568059144,1.0,15,"{""0"": 50, ""1"": 15}","{""1"": 50, ""2"": 15}"
R0_KMEANS__M0044,R0_KMEANS,0.2752881419329233,1.4397144592158038,27.603521726054502,0.33463559411862687,1.0,24,"{""0"": 41, ""1"": 24}","{""1"": 41, ""2"": 24}"
R0_KMEANS__M0045,R0_KMEANS,0.3830197974167253,0.880480081699655,33.61715601728087,0.9228790582346534,1.0,11,"{""0"": 54, ""1"": 11}","{""1"": 54, ""2"": 11}"
R0_KMEANS__M0046,R0_KMEANS,0.37523142605659976,0.8709246078699565,34.63175494252417,1.0,1.0,12,"{""0"": 53, ""1"": 12}","{""1"": 53, ""2"": 12}"
R0_KMEANS__M0047,R0_KMEANS,0.29404366939758075,1.2611716905945656,28.218260870819286,0.575670602044467,1.0,18,"{""0"": 47, ""1"": 18}","{""1"": 47, ""2"": 18}"
R0_KMEANS__M0048,R0_KMEANS,0.32770493497912684,1.1062971961665948,34.163738238047834,0.6249755525132017,1.0,17,"{""0"": 17, ""1"": 48}","{""1"": 48, ""2"": 17}"
R0_KMEANS__M0049,R0_KMEANS,0.34290499137071,1.1163928779968995,36.90163828153533,0.575670602044467,1.0,18,"{""0"": 18, ""1"": 47}","{""1"": 47, ""2"": 18}"
R0_KMEANS__M0050,R0_KMEANS,0.34599140356392244,0.9459999582187637,31.078698670635227,0.9261606184048209,1.0,12,"{""0"": 53, ""1"": 12}","{""1"": 53, ""2"": 12}"
R0_KMEANS__M0051,R0_KMEANS,0.3524380530092727,1.0733149273323614,38.09883315997348,0.6249755525132017,1.0,17,"{""0"": 17, ""1"": 48}","{""1"": 48, ""2"": 17}"
R0_KMEANS__M0052,R0_KMEANS,0.3590528386104901,0.9855729166314493,38.75986873731483,0.8042929292929293,1.0,16,"{""0"": 49, ""1"": 16}","{""1"": 49, ""2"": 16}"
R0_KMEANS__M0053,R0_KMEANS,0.32448745731692563,1.1089878212857553,32.17771226529643,0.6149598393574297,1.0,16,"{""0"": 16, ""1"": 49}","{""1"": 49, ""2"": 16}"
R0_KMEANS__M0054,R0_KMEANS,0.31340491588126834,1.163589557981043,31.03369054571127,0.6249755525132017,1.0,17,"{""0"": 17, ""1"": 48}","{""1"": 48, ""2"": 17}"
R0_KMEANS__M0055,R0_KMEANS,0.3910755134949094,0.8267231806860478,36.92074852388142,1.0,1.0,12,"{""0"": 12, ""1"": 53}","{""1"": 53, ""2"": 12}"
R0_KMEANS__M0056,R0_KMEANS,0.3475830125075614,0.953527189446029,30.922914257193828,0.9261606184048209,1.0,12,"{""0"": 12, ""1"": 53}","{""1"": 53, ""2"": 12}"
R0_KMEANS__M0057,R0_KMEANS,0.3871379349222109,0.7952490489874688,32.157339047695636,1.0,1.0,10,"{""0"": 55, ""1"": 10}","{""1"": 55, ""2"": 10}"
R0_KMEANS__M0058,R0_KMEANS,0.27791705379696346,1.3230327072179824,26.555013046722063,0.4638385623803211,1.0,18,"{""0"": 18, ""1"": 47}","{""1"": 47, ""2"": 18}"
R0_KMEANS__M0059,R0_KMEANS,0.3281115307473766,1.0795188671327605,35.75823500679844,0.6249755525132017,1.0,17,"{""0"": 17, ""1"": 48}","{""1"": 48, ""2"": 17}"
R0_KMEANS__M0060,R0_KMEANS,0.3107447782056604,1.0911305188265463,26.976467413394627,0.7137494134209291,1.0,13,"{""0"": 13, ""1"": 52}","{""1"": 52, ""2"": 13}"
R0_KMEANS__M0061,R0_KMEANS,0.3285484380518375,1.085757307270875,31.123539967654878,0.7335181568059144,1.0,15,"{""0"": 50, ""1"": 15}","{""1"": 50, ""2"": 15}"
R0_KMEANS__M0062,R0_KMEANS,0.3526836713937366,0.926109309024848,27.30330642119318,1.0,1.0,10,"{""0"": 55, ""1"": 10}","{""1"": 55, ""2"": 10}"
R0_KMEANS__M0063,R0_KMEANS,0.3478368104687652,0.9045077704414604,29.92329150299762,0.9228790582346534,1.0,11,"{""0"": 54, ""1"": 11}","{""1"": 54, ""2"": 11}"
R0_KMEANS__M0064,R0_KMEANS,0.37673009332976587,0.876334523485253,32.1781245221868,1.0,1.0,11,"{""0"": 54, ""1"": 11}","{""1"": 54, ""2"": 11}"
R0_KMEANS__M0065,R0_KMEANS,0.34954930645773064,0.947566971668447,32.345392190095744,0.8574499377757665,1.0,13,"{""0"": 13, ""1"": 52}","{""1"": 52, ""2"": 13}"
R0_KMEANS__M0066,R0_KMEANS,0.3461698375009233,0.8886087611670731,27.42563235436062,1.0,1.0,10,"{""0"": 55, ""1"": 10}","{""1"": 55, ""2"": 10}"
R0_KMEANS__M0067,R0_KMEANS,0.36654459868822675,0.8810817036834956,27.839801265348225,1.0,1.0,9,"{""0"": 56, ""1"": 9}","{""1"": 56, ""2"": 9}"
R0_KMEANS__M0068,R0_KMEANS,0.2861446419067569,1.4282034948530367,27.328908189360167,0.31824176506182994,1.0,22,"{""0"": 22, ""1"": 43}","{""1"": 43, ""2"": 22}"
R0_KMEANS__M0069,R0_KMEANS,0.3479164101670087,1.0802531027201998,39.0862752396068,0.5838097415961583,1.0,19,"{""0"": 46, ""1"": 19}","{""1"": 46, ""2"": 19}"
R0_KMEANS__M0070,R0_KMEANS,0.31643199560173535,1.1271501652746148,29.85624099426737,0.6679084619478446,1.0,15,"{""0"": 50, ""1"": 15}","{""1"": 50, ""2"": 15}"
R0_KMEANS__M0071,R0_KMEANS,0.39613039022844465,0.8589044884816905,35.30661904881151,1.0,1.0,11,"{""0"": 54, ""1"": 11}","{""1"": 54, ""2"": 11}"
R0_KMEANS__M0072,R0_KMEANS,0.3477014631424823,0.9414904231797677,28.7534524825749,1.0,1.0,11,"{""0"": 11, ""1"": 54}","{""1"": 54, ""2"": 11}"
R0_KMEANS__M0073,R0_KMEANS,0.3813679924484741,0.8640221026295294,39.3132868792214,0.9287780992655241,1.0,13,"{""0"": 52, ""1"": 13}","{""1"": 52, ""2"": 13}"
R0_KMEANS__M0074,R0_KMEANS,0.2796669200311169,1.4783968580185085,27.493447128589068,0.18085534253921437,1.0,27,"{""0"": 27, ""1"": 38}","{""1"": 38, ""2"": 27}"
R0_KMEANS__M0075,R0_KMEANS,0.28468701251749784,1.408060652254727,28.94940498225653,0.33463559411862687,1.0,24,"{""0"": 24, ""1"": 41}","{""1"": 41, ""2"": 24}"
R0_KMEANS__M0076,R0_KMEANS,0.28206425348776565,1.4400770462640806,27.43240812450444,0.32745326879292863,1.0,23,"{""0"": 23, ""1"": 42}","{""1"": 42, ""2"": 23}"
R0_KMEANS__M0077,R0_KMEANS,0.3456755916976933,1.1111127041716258,34.39812389142634,0.5371393492940454,1.0,15,"{""0"": 50, ""1"": 15}","{""1"": 50, ""2"": 15}"
R0_KMEANS__M0078,R0_KMEANS,0.34797517804972616,1.06907788496958,36.03660686528576,0.6149598393574297,1.0,16,"{""0"": 49, ""1"": 16}","{""1"": 49, ""2"": 16}"
R0_KMEANS__M0079,R0_KMEANS,0.31284606582892155,1.1364508188891675,28.715891942701735,0.6679084619478446,1.0,15,"{""0"": 15, ""1"": 50}","{""1"": 50, ""2"": 15}"
R0_KMEANS__M0080,R0_KMEANS,0.2835681250443908,1.3014346857305386,27.72357021487177,0.47597624617599427,1.0,19,"{""0"": 19, ""1"": 46}","{""1"": 46, ""2"": 19}"
R0_KMEANS__M0081,R0_KMEANS,0.34817281191759125,0.9908452244733027,30.12055141027167,0.7763844190433914,1.0,12,"{""0"": 12, ""1"": 53}","{""1"": 53, ""2"": 12}"
R0_KMEANS__M0082,R0_KMEANS,0.2952227548706472,1.386477331457126,30.743797075426016,0.3067288086221963,1.0,26,"{""0"": 26, ""1"": 39}","{""1"": 39, ""2"": 26}"
R0_KMEANS__M0083,R0_KMEANS,0.2735860653859735,1.5116458133112465,25.516778139650615,0.29559080215527056,1.0,24,"{""0"": 24, ""1"": 41}","{""1"": 41, ""2"": 24}"
R0_KMEANS__M0084,R0_KMEANS,0.28301296248400026,1.4517358328503753,26.828494676077334,0.32745326879292863,1.0,23,"{""0"": 42, ""1"": 23}","{""1"": 42, ""2"": 23}"
R0_KMEANS__M0085,R0_KMEANS,0.3084332637328699,1.1278049418994536,30.515730720659896,0.6774940460439269,1.0,16,"{""0"": 49, ""1"": 16}","{""1"": 49, ""2"": 16}"
R0_KMEANS__M0086,R0_KMEANS,0.38418448015779866,0.8781757309479898,34.46125469632775,0.9228790582346534,1.0,11,"{""0"": 54, ""1"": 11}","{""1"": 54, ""2"": 11}"
R0_KMEANS__M0087,R0_KMEANS,0.3057908539107239,1.225221371548976,30.601890902526424,0.5192896385346768,1.0,18,"{""0"": 47, ""1"": 18}","{""1"": 47, ""2"": 18}"
R0_KMEANS__M0088,R0_KMEANS,0.36806783165268736,0.911733147966694,36.0371613620908,0.9287780992655241,1.0,13,"{""0"": 52, ""1"": 13}","{""1"": 52, ""2"": 13}"
R0_KMEANS__M0089,R0_KMEANS,0.304562945109273,1.2074836137676672,30.28627430220938,0.575670602044467,1.0,18,"{""0"": 47, ""1"": 18}","{""1"": 47, ""2"": 18}"
R0_KMEANS__M0090,R0_KMEANS,0.33598234897975526,1.0485013821097757,31.42399238960935,0.7247304362918447,1.0,14,"{""0"": 51, ""1"": 14}","{""1"": 51, ""2"": 14}"
R0_KMEANS__M0091,R0_KMEANS,0.2847739913554769,1.4252781105330485,28.755381912675094,0.3019478077761901,1.0,25,"{""0"": 25, ""1"": 40}","{""1"": 40, ""2"": 25}"
R0_KMEANS__M0092,R0_KMEANS,0.35049550919972394,1.0524722739273316,33.71228082334268,0.7335181568059144,1.0,15,"{""0"": 15, ""1"": 50}","{""1"": 50, ""2"": 15}"
R0_KMEANS__M0093,R0_KMEANS,0.3539935351170241,0.9558573592283458,35.873317521252424,0.8657432072456047,1.0,15,"{""0"": 15, ""1"": 50}","{""1"": 50, ""2"": 15}"
R0_KMEANS__M0094,R0_KMEANS,0.37112020728345035,0.84608765456963,32.85258980396016,1.0,1.0,11,"{""0"": 54, ""1"": 11}","{""1"": 54, ""2"": 11}"
R0_KMEANS__M0095,R0_KMEANS,0.344507296723512,0.9300457483925312,30.432400799092687,0.9261606184048209,1.0,12,"{""0"": 53, ""1"": 12}","{""1"": 53, ""2"": 12}"
R0_KMEANS__M0096,R0_KMEANS,0.31360250350212204,1.1368675451577281,27.388160354785033,0.7247304362918447,1.0,14,"{""0"": 51, ""1"": 14}","{""1"": 51, ""2"": 14}"
R0_KMEANS__M0097,R0_KMEANS,0.291817698997398,1.1769787000998833,26.24697872295295,0.7335181568059144,1.0,15,"{""0"": 50, ""1"": 15}","{""1"": 50, ""2"": 15}"
R0_KMEANS__M0098,R0_KMEANS,0.3940305866572878,0.8270818846925574,41.05825303563068,1.0,1.0,13,"{""0"": 52, ""1"": 13}","{""1"": 52, ""2"": 13}"
R0_KMEANS__M0099,R0_KMEANS,0.3733336924040403,0.9270366595357974,37.669004190206714,0.9308780645858084,1.0,14,"{""0"": 51, ""1"": 14}","{""1"": 51, ""2"": 14}"
R0_KMEANS__M0100,R0_KMEANS,0.31059601736117587,1.1747422673972394,30.272553678403543,0.6249755525132017,1.0,17,"{""0"": 17, ""1"": 48}","{""1"": 48, ""2"": 17}"
R0_KMEANS__M0101,R0_KMEANS,0.33139260226333817,1.0755101760258938,31.398218965546132,0.7335181568059144,1.0,15,"{""0"": 15, ""1"": 50}","{""1"": 50, ""2"": 15}"
R0_KMEANS__M0102,R0_KMEANS,0.30324993551360174,1.2206406228190247,26.905457810390725,0.602487691111687,1.0,15,"{""0"": 50, ""1"": 15}","{""1"": 50, ""2"": 15}"
R0_KMEANS__M0103,R0_KMEANS,0.26124913802661237,1.5459074541270783,25.1317849741285,0.18085534253921437,1.0,27,"{""0"": 38, ""1"": 27}","{""1"": 38, ""2"": 27}"
R0_KMEANS__M0104,R0_KMEANS,0.3463524938298758,1.0781322029483316,40.81698694841298,0.5838097415961583,1.0,19,"{""0"": 46, ""1"": 19}","{""1"": 46, ""2"": 19}"
R0_KMEANS__M0105,R0_KMEANS,0.3027966566205324,1.3820866692003064,29.573057088506882,0.31824176506182994,1.0,22,"{""0"": 22, ""1"": 43}","{""1"": 43, ""2"": 22}"
R0_KMEANS__M0106,R0_KMEANS,0.2973412051589985,1.2041347719445488,27.922007071574285,0.6149598393574297,1.0,16,"{""0"": 16, ""1"": 49}","{""1"": 49, ""2"": 16}"
R0_KMEANS__M0107,R0_KMEANS,0.4012678761531386,0.8189205934106233,39.85004469489853,1.0,1.0,12,"{""0"": 12, ""1"": 53}","{""1"": 53, ""2"": 12}"
R0_KMEANS__M0108,R0_KMEANS,0.3157072751269827,1.1442970142929139,27.864910656949455,0.7247304362918447,1.0,14,"{""0"": 51, ""1"": 14}","{""1"": 51, ""2"": 14}"
R0_KMEANS__M0109,R0_KMEANS,0.2731558936970284,1.487197890423835,25.76752064909433,0.32745326879292863,1.0,23,"{""0"": 23, ""1"": 42}","{""1"": 42, ""2"": 23}"
R0_KMEANS__M0110,R0_KMEANS,0.3843357552402397,0.8588037221636384,36.901121353424784,1.0,1.0,12,"{""0"": 53, ""1"": 12}","{""1"": 53, ""2"": 12}"
R0_KMEANS__M0111,R0_KMEANS,0.32160677944670296,1.1266047245217328,30.639302125284562,0.6679084619478446,1.0,15,"{""0"": 50, ""1"": 15}","{""1"": 50, ""2"": 15}"
R0_KMEANS__M0112,R0_KMEANS,0.3481581838135278,1.0040148052201268,34.223598926899776,0.7933783662535089,1.0,14,"{""0"": 51, ""1"": 14}","{""1"": 51, ""2"": 14}"
R0_KMEANS__M0113,R0_KMEANS,0.34380106461822185,1.0118338061078838,36.09633795108911,0.7462562396006656,1.0,17,"{""0"": 17, ""1"": 48}","{""1"": 48, ""2"": 17}"
R0_KMEANS__M0114,R0_KMEANS,0.3265462217856454,1.1180726742809457,33.887551426073685,0.6249755525132017,1.0,17,"{""0"": 17, ""1"": 48}","{""1"": 48, ""2"": 17}"
R0_KMEANS__M0115,R0_KMEANS,0.35460098444675303,0.963538237120781,29.65052081383413,0.8444710305930611,1.0,11,"{""0"": 11, ""1"": 54}","{""1"": 54, ""2"": 11}"
R0_KMEANS__M0116,R0_KMEANS,0.36641776350513555,0.919617758137568,30.98325388597813,0.8444710305930611,1.0,11,"{""0"": 54, ""1"": 11}","{""1"": 54, ""2"": 11}"
R0_KMEANS__M0117,R0_KMEANS,0.3811961430370582,0.8775858530518171,33.26361636655575,0.9228790582346534,1.0,11,"{""0"": 11, ""1"": 54}","{""1"": 54, ""2"": 11}"
R0_KMEANS__M0118,R0_KMEANS,0.28840283165227854,1.2940318832933926,28.963138205131465,0.42374957687905995,1.0,19,"{""0"": 19, ""1"": 46}","{""1"": 46, ""2"": 19}"
R0_KMEANS__M0119,R0_KMEANS,0.3312508858660541,1.0447454129873717,31.62802997193431,0.7247304362918447,1.0,14,"{""0"": 51, ""1"": 14}","{""1"": 51, ""2"": 14}"
R0_KMEANS__M0120,R0_KMEANS,0.29690053894104024,1.2383732271633077,29.958030658187905,0.5838097415961583,1.0,19,"{""0"": 46, ""1"": 19}","{""1"": 46, ""2"": 19}"
R0_KMEANS__M0121,R0_KMEANS,0.3623948771003271,0.8805575498737511,29.720846860188495,1.0,1.0,10,"{""0"": 10, ""1"": 55}","{""1"": 55, ""2"": 10}"
R0_KMEANS__M0122,R0_KMEANS,0.3267226647855467,1.1168869451206296,30.989057735717175,0.6679084619478446,1.0,15,"{""0"": 15, ""1"": 50}","{""1"": 50, ""2"": 15}"
R0_KMEANS__M0123,R0_KMEANS,0.32904939344157946,1.0713031959060164,31.580091876994757,0.7335181568059144,1.0,15,"{""0"": 50, ""1"": 15}","{""1"": 50, ""2"": 15}"
R0_KMEANS__M0124,R0_KMEANS,0.32082238984647343,1.0648906597184344,28.371067592562845,0.7137494134209291,1.0,13,"{""0"": 52, ""1"": 13}","{""1"": 52, ""2"": 13}"
R0_KMEANS__M0125,R0_KMEANS,0.3660133422851226,0.8860620038314471,27.02221154320767,1.0,1.0,9,"{""0"": 56, ""1"": 9}","{""1"": 56, ""2"": 9}"
R0_KMEANS__M0126,R0_KMEANS,0.38140910617254964,0.8641506722410612,33.762379802967,0.9228790582346534,1.0,11,"{""0"": 54, ""1"": 11}","{""1"": 54, ""2"": 11}"
R0_KMEANS__M0127,R0_KMEANS,0.3332386480434856,1.0829532537194733,33.712808344081125,0.602487691111687,1.0,15,"{""0"": 15, ""1"": 50}","{""1"": 50, ""2"": 15}"
R0_KMEANS__M0128,R0_KMEANS,0.3905324173111171,0.9082916566262449,37.2231656249466,0.8517043139740166,1.0,12,"{""0"": 53, ""1"": 12}","{""1"": 53, ""2"": 12}"
R0_KMEANS__M0129,R0_KMEANS,0.344996850278723,0.8810248837903036,27.44727473732431,1.0,1.0,10,"{""0"": 55, ""1"": 10}","{""1"": 55, ""2"": 10}"
R0_KMEANS__M0130,R0_KMEANS,0.32333569770659,1.1649299549252419,33.70832032025605,0.575670602044467,1.0,18,"{""0"": 47, ""1"": 18}","{""1"": 47, ""2"": 18}"
R0_KMEANS__M0131,R0_KMEANS,0.2854176154019193,1.422579885394711,28.870526274573493,0.2655367231638418,1.0,25,"{""0"": 40, ""1"": 25}","{""1"": 40, ""2"": 25}"
R0_KMEANS__M0132,R0_KMEANS,0.3152896467262762,1.110049614967874,30.70725199114785,0.602487691111687,1.0,15,"{""0"": 50, ""1"": 15}","{""1"": 50, ""2"": 15}"
R0_KMEANS__M0133,R0_KMEANS,0.3081286299834947,1.3141412764954221,31.949402776996028,0.4058148884844894,1.0,22,"{""0"": 43, ""1"": 22}","{""1"": 43, ""2"": 22}"
R0_KMEANS__M0134,R0_KMEANS,0.290870219506659,1.4126838053338973,27.303732055937992,0.3511630096995951,1.0,21,"{""0"": 21, ""1"": 44}","{""1"": 44, ""2"": 21}"
R0_KMEANS__M0135,R0_KMEANS,0.2624192849209045,1.4222189533484864,27.035847540548023,0.23679359376284242,1.0,22,"{""0"": 22, ""1"": 43}","{""1"": 43, ""2"": 22}"
R0_KMEANS__M0136,R0_KMEANS,0.3517197621227596,1.0708112788737871,40.29211415152549,0.6394744882370913,1.0,19,"{""0"": 46, ""1"": 19}","{""1"": 46, ""2"": 19}"
R0_KMEANS__M0137,R0_KMEANS,0.3418832034697929,1.1034501346116092,35.11252857313459,0.6249755525132017,1.0,17,"{""0"": 48, ""1"": 17}","{""1"": 48, ""2"": 17}"
R0_KMEANS__M0138,R0_KMEANS,0.3334284691021004,1.00141748825811,30.408289776936474,0.7858376511226253,1.0,13,"{""0"": 52, ""1"": 13}","{""1"": 52, ""2"": 13}"
R0_KMEANS__M0139,R0_KMEANS,0.34692919341546896,0.9367639976948752,29.45928436185213,0.9228790582346534,1.0,11,"{""0"": 11, ""1"": 54}","{""1"": 54, ""2"": 11}"
R0_KMEANS__M0140,R0_KMEANS,0.29199003419123726,1.263744488649828,27.765738321299864,0.5067891373801917,1.0,17,"{""0"": 17, ""1"": 48}","{""1"": 48, ""2"": 17}"
R0_KMEANS__M0141,R0_KMEANS,0.3451648641873023,1.0105188953308697,34.624651343964636,0.7994276471320144,1.0,15,"{""0"": 15, ""1"": 50}","{""1"": 50, ""2"": 15}"
R0_KMEANS__M0142,R0_KMEANS,0.29413884094744397,1.3868261384793124,29.979467564399037,0.29559080215527056,1.0,24,"{""0"": 24, ""1"": 41}","{""1"": 41, ""2"": 24}"
R0_KMEANS__M0143,R0_KMEANS,0.32415335453155447,0.9550674271752395,27.960846665386768,1.0,1.0,12,"{""0"": 12, ""1"": 53}","{""1"": 53, ""2"": 12}"
R0_KMEANS__M0144,R0_KMEANS,0.3174959192796147,1.0938741148676558,26.231486819145804,0.7763844190433914,1.0,12,"{""0"": 53, ""1"": 12}","{""1"": 53, ""2"": 12}"
R0_KMEANS__M0145,R0_KMEANS,0.34370452860165146,0.9440972146633368,30.68715990040895,0.9261606184048209,1.0,12,"{""0"": 12, ""1"": 53}","{""1"": 53, ""2"": 12}"
R0_KMEANS__M0146,R0_KMEANS,0.3437444433255949,0.9905369610964276,35.6500347548191,0.7405783826223502,1.0,16,"{""0"": 49, ""1"": 16}","{""1"": 49, ""2"": 16}"
R0_KMEANS__M0147,R0_KMEANS,0.3273455272112642,1.0626933795660196,28.8442708797856,0.7137494134209291,1.0,13,"{""0"": 13, ""1"": 52}","{""1"": 52, ""2"": 13}"
R0_KMEANS__M0148,R0_KMEANS,0.3598259532089938,0.8873367958163654,28.64159162973515,1.0,1.0,10,"{""0"": 10, ""1"": 55}","{""1"": 55, ""2"": 10}"
R0_KMEANS__M0149,R0_KMEANS,0.34399985150129847,1.014240174296459,34.715815282330965,0.7994276471320144,1.0,15,"{""0"": 15, ""1"": 50}","{""1"": 50, ""2"": 15}"
R0_KMEANS__M0150,R0_KMEANS,0.36310178396474396,1.0494144122137836,37.969118264042706,0.6149598393574297,1.0,16,"{""0"": 16, ""1"": 49}","{""1"": 49, ""2"": 16}"
R0_KMEANS__M0151,R0_KMEANS,0.3576972633885693,0.9424626010778689,28.094305753710834,0.9187261893132753,1.0,10,"{""0"": 10, ""1"": 55}","{""1"": 55, ""2"": 10}"
R0_KMEANS__M0152,R0_KMEANS,0.3620042812427267,0.8864149787447398,28.786629215016784,1.0,1.0,10,"{""0"": 55, ""1"": 10}","{""1"": 55, ""2"": 10}"
R0_KMEANS__M0153,R0_KMEANS,0.3600259731373041,0.9196979762741487,32.41941910880012,1.0,1.0,12,"{""0"": 53, ""1"": 12}","{""1"": 53, ""2"": 12}"
R0_KMEANS__M0154,R0_KMEANS,0.36953930212199404,1.0012685395119354,38.21728588347217,0.7335181568059144,1.0,15,"{""0"": 15, ""1"": 50}","{""1"": 50, ""2"": 15}"
R0_KMEANS__M0155,R0_KMEANS,0.28111092915640884,1.3253757510141495,30.68400220080244,0.3612607914711165,1.0,22,"{""0"": 43, ""1"": 22}","{""1"": 43, ""2"": 22}"
R0_KMEANS__M0156,R0_KMEANS,0.37171963915006767,0.8889750973651935,36.160954673030815,0.9287780992655241,1.0,13,"{""0"": 13, ""1"": 52}","{""1"": 52, ""2"": 13}"
R0_KMEANS__M0157,R0_KMEANS,0.28489463526322545,1.4276756902507828,27.321803230578997,0.31824176506182994,1.0,22,"{""0"": 22, ""1"": 43}","{""1"": 43, ""2"": 22}"
R0_KMEANS__M0158,R0_KMEANS,0.3942307945911826,0.797485056273031,34.13030058668234,1.0,1.0,10,"{""0"": 55, ""1"": 10}","{""1"": 55, ""2"": 10}"
R0_KMEANS__M0159,R0_KMEANS,0.2935352003289391,1.2894131396598898,31.972232038913848,0.3511630096995951,1.0,21,"{""0"": 44, ""1"": 21}","{""1"": 44, ""2"": 21}"
R0_KMEANS__M0160,R0_KMEANS,0.37403763841424303,0.8799208918368018,30.114034791131925,1.0,1.0,10,"{""0"": 10, ""1"": 55}","{""1"": 55, ""2"": 10}"
R0_KMEANS__M0161,R0_KMEANS,0.3533510952867882,1.0369093271450385,34.82382446028198,0.6679084619478446,1.0,15,"{""0"": 50, ""1"": 15}","{""1"": 50, ""2"": 15}"
R0_KMEANS__M0162,R0_KMEANS,0.3185987707405509,1.1345813117161572,31.041082745727707,0.6774940460439269,1.0,16,"{""0"": 16, ""1"": 49}","{""1"": 49, ""2"": 16}"
R0_KMEANS__M0163,R0_KMEANS,0.3481685840984466,1.0414853062923526,34.50259306386488,0.7405783826223502,1.0,16,"{""0"": 49, ""1"": 16}","{""1"": 49, ""2"": 16}"
R0_KMEANS__M0164,R0_KMEANS,0.30044907943035193,1.1991813296089788,28.174278560830377,0.6149598393574297,1.0,16,"{""0"": 16, ""1"": 49}","{""1"": 49, ""2"": 16}"
R0_KMEANS__M0165,R0_KMEANS,0.36961156410818147,0.9242033614470507,38.571759811380126,0.8620480557871598,1.0,14,"{""0"": 14, ""1"": 51}","{""1"": 51, ""2"": 14}"
R0_KMEANS__M0166,R0_KMEANS,0.3572802153568796,0.9173660812145167,28.44336500175857,1.0,1.0,10,"{""0"": 55, ""1"": 10}","{""1"": 55, ""2"": 10}"
R0_KMEANS__M0167,R0_KMEANS,0.28680820787727895,1.4119429877493115,28.96025417937485,0.33463559411862687,1.0,24,"{""0"": 41, ""1"": 24}","{""1"": 41, ""2"": 24}"
R0_KMEANS__M0168,R0_KMEANS,0.2891251534425083,1.3910342806995917,30.644396321378462,0.2750552073342107,1.0,27,"{""0"": 27, ""1"": 38}","{""1"": 38, ""2"": 27}"
R0_KMEANS__M0169,R0_KMEANS,0.29386615854965586,1.4001828528949707,28.62578271917038,0.31824176506182994,1.0,22,"{""0"": 22, ""1"": 43}","{""1"": 43, ""2"": 22}"
R0_KMEANS__M0170,R0_KMEANS,0.332667142423115,0.9429578830579421,28.969230220279435,1.0,1.0,12,"{""0"": 53, ""1"": 12}","{""1"": 53, ""2"": 12}"
R0_KMEANS__M0171,R0_KMEANS,0.3112084663509531,1.1916583898642035,27.66493628764591,0.602487691111687,1.0,15,"{""0"": 15, ""1"": 50}","{""1"": 50, ""2"": 15}"
R0_KMEANS__M0172,R0_KMEANS,0.3248605445160285,1.0935468106191941,30.899735206592933,0.6679084619478446,1.0,15,"{""0"": 50, ""1"": 15}","{""1"": 50, ""2"": 15}"
R0_KMEANS__M0173,R0_KMEANS,0.3170590542076077,1.324952244920135,31.479036487195838,0.4519098832529723,1.0,22,"{""0"": 22, ""1"": 43}","{""1"": 43, ""2"": 22}"
R0_KMEANS__M0174,R0_KMEANS,0.2764929991107141,1.452456659107231,26.555748074351843,0.32745326879292863,1.0,23,"{""0"": 42, ""1"": 23}","{""1"": 42, ""2"": 23}"
R0_KMEANS__M0175,R0_KMEANS,0.28389766749961454,1.4480284264779475,27.159588302584925,0.32745326879292863,1.0,23,"{""0"": 42, ""1"": 23}","{""1"": 42, ""2"": 23}"
R0_KMEANS__M0176,R0_KMEANS,0.32953427768579946,1.057473758095013,30.43359779800583,0.7247304362918447,1.0,14,"{""0"": 14, ""1"": 51}","{""1"": 51, ""2"": 14}"
R0_KMEANS__M0177,R0_KMEANS,0.3795896366665061,0.8829041209470359,40.80676011296117,0.9308780645858084,1.0,14,"{""0"": 14, ""1"": 51}","{""1"": 51, ""2"": 14}"
R0_KMEANS__M0178,R0_KMEANS,0.3511771402243035,0.9962517308042496,35.64859749493105,0.7994276471320144,1.0,15,"{""0"": 15, ""1"": 50}","{""1"": 50, ""2"": 15}"
R0_KMEANS__M0179,R0_KMEANS,0.27860282909726286,1.4525987472216104,24.967356464106743,0.38626609442060084,1.0,20,"{""0"": 45, ""1"": 20}","{""1"": 45, ""2"": 20}"
R0_KMEANS__M0180,R0_KMEANS,0.3033386187148152,1.195575263550141,28.606548814424222,0.6149598393574297,1.0,16,"{""0"": 49, ""1"": 16}","{""1"": 49, ""2"": 16}"
R0_KMEANS__M0181,R0_KMEANS,0.32139236861268167,1.072906090763406,30.723762179280985,0.7335181568059144,1.0,15,"{""0"": 50, ""1"": 15}","{""1"": 50, ""2"": 15}"
R0_KMEANS__M0182,R0_KMEANS,0.319198141324093,1.1191609094934556,32.86225186543639,0.6851995350639287,1.0,17,"{""0"": 17, ""1"": 48}","{""1"": 48, ""2"": 17}"
R0_KMEANS__M0183,R0_KMEANS,0.2718498869965595,1.5338483667265184,25.37155355480772,0.19806471121862715,1.0,25,"{""0"": 25, ""1"": 40}","{""1"": 40, ""2"": 25}"
R0_KMEANS__M0184,R0_KMEANS,0.33329015489006913,0.9726214480912709,27.087821120534105,0.9228790582346534,1.0,11,"{""0"": 54, ""1"": 11}","{""1"": 54, ""2"": 11}"
R0_KMEANS__M0185,R0_KMEANS,0.371851994144832,0.8998150872740669,33.00180010279696,0.9261606184048209,1.0,12,"{""0"": 53, ""1"": 12}","{""1"": 53, ""2"": 12}"
R0_KMEANS__M0186,R0_KMEANS,0.3776340661026653,0.8514426117125166,37.186847795512875,0.9261606184048209,1.0,12,"{""0"": 53, ""1"": 12}","{""1"": 53, ""2"": 12}"
R0_KMEANS__M0187,R0_KMEANS,0.3248848082894006,1.0957331501545835,32.85432238225662,0.6774940460439269,1.0,16,"{""0"": 16, ""1"": 49}","{""1"": 49, ""2"": 16}"
R0_KMEANS__M0188,R0_KMEANS,0.32048535249160137,1.1815849827879146,30.87101838063561,0.5528937381404174,1.0,16,"{""0"": 16, ""1"": 49}","{""1"": 49, ""2"": 16}"
R0_KMEANS__M0189,R0_KMEANS,0.3079698765312802,1.2510497189675442,27.50396547873651,0.49121120571271626,1.0,16,"{""0"": 49, ""1"": 16}","{""1"": 49, ""2"": 16}"
R0_KMEANS__M0190,R0_KMEANS,0.29404715799889447,1.3537274192631008,31.899907294494035,0.3442622950819672,1.0,26,"{""0"": 39, ""1"": 26}","{""1"": 39, ""2"": 26}"
R0_KMEANS__M0191,R0_KMEANS,0.32003046289631865,1.1457636416267993,29.698520486657717,0.602487691111687,1.0,15,"{""0"": 15, ""1"": 50}","{""1"": 50, ""2"": 15}"
R0_KMEANS__M0192,R0_KMEANS,0.261831280653085,1.5289262691435523,25.421535729414828,0.2371685721235709,1.0,26,"{""0"": 26, ""1"": 39}","{""1"": 39, ""2"": 26}"
R0_KMEANS__M0193,R0_KMEANS,0.37793053637326,0.8885391042813865,35.85996442764223,0.9261606184048209,1.0,12,"{""0"": 12, ""1"": 53}","{""1"": 53, ""2"": 12}"
R0_KMEANS__M0194,R0_KMEANS,0.3855353211122784,0.8461987890843063,29.628167877884326,1.0,1.0,9,"{""0"": 56, ""1"": 9}","{""1"": 56, ""2"": 9}"
R0_KMEANS__M0195,R0_KMEANS,0.42802262742238684,0.7649110307155531,44.93644402936903,1.0,1.0,12,"{""0"": 53, ""1"": 12}","{""1"": 53, ""2"": 12}"
R0_KMEANS__M0196,R0_KMEANS,0.31869253140039283,1.1204533143618611,28.104968565988493,0.7247304362918447,1.0,14,"{""0"": 14, ""1"": 51}","{""1"": 51, ""2"": 14}"
R0_KMEANS__M0197,R0_KMEANS,0.3575196274337684,0.883973405038098,28.7554166876415,1.0,1.0,10,"{""0"": 55, ""1"": 10}","{""1"": 55, ""2"": 10}"
R0_KMEANS__M0198,R0_KMEANS,0.34074342995914075,1.0622014834457483,37.62722040739215,0.6913897747145356,1.0,18,"{""0"": 47, ""1"": 18}","{""1"": 47, ""2"": 18}"
R0_KMEANS__M0199,R0_KMEANS,0.31892955037284254,1.1560988337977331,32.25981917976944,0.5655251893315772,1.0,17,"{""0"": 17, ""1"": 48}","{""1"": 48, ""2"": 17}"
R0_KMEANS__M0200,R0_KMEANS,0.2804010396564366,1.4319740187226853,29.270226034166612,0.18787798232205755,1.0,29,"{""0"": 36, ""1"": 29}","{""1"": 36, ""2"": 29}"
R0_KMEANS__M0201,R0_KMEANS,0.4030070203928916,0.7594845503894415,29.666179606902762,1.0,1.0,8,"{""0"": 57, ""1"": 8}","{""1"": 57, ""2"": 8}"
R0_KMEANS__M0202,R0_KMEANS,0.35106725721147874,0.921728044368634,29.816107125331484,0.9228790582346534,1.0,11,"{""0"": 11, ""1"": 54}","{""1"": 54, ""2"": 11}"
R0_KMEANS__M0203,R0_KMEANS,0.3225476261606083,1.1578575080361204,33.93073753889013,0.575670602044467,1.0,18,"{""0"": 18, ""1"": 47}","{""1"": 47, ""2"": 18}"
R0_KMEANS__M0204,R0_KMEANS,0.2992624943173672,1.224992934650802,29.267793018319544,0.44870759289176093,1.0,17,"{""0"": 48, ""1"": 17}","{""1"": 48, ""2"": 17}"
R0_KMEANS__M0205,R0_KMEANS,0.3628330011209437,0.9282906749877524,30.32234849453451,1.0,1.0,11,"{""0"": 11, ""1"": 54}","{""1"": 54, ""2"": 11}"
R0_KMEANS__M0206,R0_KMEANS,0.3641530833671246,0.8976274931187022,29.793471963446716,0.9187261893132753,1.0,10,"{""0"": 10, ""1"": 55}","{""1"": 55, ""2"": 10}"
R0_KMEANS__M0207,R0_KMEANS,0.2965762787681463,1.1834687070663568,25.263412310352813,0.7247304362918447,1.0,14,"{""0"": 51, ""1"": 14}","{""1"": 51, ""2"": 14}"
R0_KMEANS__M0208,R0_KMEANS,0.3871571509145766,0.8473964941436408,33.836253004073285,1.0,1.0,11,"{""0"": 54, ""1"": 11}","{""1"": 54, ""2"": 11}"
R0_KMEANS__M0209,R0_KMEANS,0.2842772304771782,1.3280179934022567,28.59623380871255,0.38626609442060084,1.0,20,"{""0"": 45, ""1"": 20}","{""1"": 45, ""2"": 20}"
R0_KMEANS__M0210,R0_KMEANS,0.29723942660368313,1.3618418735515725,30.75957174910462,0.37539660955489074,1.0,24,"{""0"": 24, ""1"": 41}","{""1"": 41, ""2"": 24}"
R0_KMEANS__M0211,R0_KMEANS,0.3160098240137233,1.1640021335506507,32.064714020168694,0.575670602044467,1.0,18,"{""0"": 18, ""1"": 47}","{""1"": 47, ""2"": 18}"
R0_KMEANS__M0212,R0_KMEANS,0.32601047458941007,1.0826839698973252,30.82645853934723,0.7994276471320144,1.0,15,"{""0"": 50, ""1"": 15}","{""1"": 50, ""2"": 15}"
R0_KMEANS__M0213,R0_KMEANS,0.3029771970568751,1.3751047319495946,28.880406391118278,0.39716616573636754,1.0,21,"{""0"": 21, ""1"": 44}","{""1"": 44, ""2"": 21}"
R0_KMEANS__M0214,R0_KMEANS,0.28338257984112414,1.430070110612711,28.235852952396232,0.29559080215527056,1.0,24,"{""0"": 24, ""1"": 41}","{""1"": 41, ""2"": 24}"
R0_KMEANS__M0215,R0_KMEANS,0.2962904680089886,1.419185433485131,28.070832363451963,0.31824176506182994,1.0,22,"{""0"": 22, ""1"": 43}","{""1"": 43, ""2"": 22}"
R0_KMEANS__M0216,R0_KMEANS,0.4021184495414794,0.8382279241000203,28.07800812342831,1.0,1.0,8,"{""0"": 57, ""1"": 8}","{""1"": 57, ""2"": 8}"
R0_KMEANS__M0217,R0_KMEANS,0.32884685288577664,0.9800036376173799,24.74195011438364,0.7490855319480115,1.0,10,"{""0"": 55, ""1"": 10}","{""1"": 55, ""2"": 10}"
R0_KMEANS__M0218,R0_KMEANS,0.2840424056121399,1.425528773651607,28.38010129076479,0.29559080215527056,1.0,24,"{""0"": 24, ""1"": 41}","{""1"": 41, ""2"": 24}"
R0_KMEANS__M0219,R0_KMEANS,0.33864504641089993,1.1161692474130631,35.57420062550818,0.6249755525132017,1.0,17,"{""0"": 48, ""1"": 17}","{""1"": 48, ""2"": 17}"
R0_KMEANS__M0220,R0_KMEANS,0.3289736514926698,1.1111663722398215,29.749362185132078,0.6559572328375589,1.0,14,"{""0"": 51, ""1"": 14}","{""1"": 51, ""2"": 14}"
R0_KMEANS__M0221,R0_KMEANS,0.3118629773216412,1.1067176163149512,29.25136933207855,0.7335181568059144,1.0,15,"{""0"": 50, ""1"": 15}","{""1"": 50, ""2"": 15}"
R0_KMEANS__M0222,R0_KMEANS,0.2873901292431923,1.310539877381401,27.244375096724465,0.4638385623803211,1.0,18,"{""0"": 18, ""1"": 47}","{""1"": 47, ""2"": 18}"
R0_KMEANS__M0223,R0_KMEANS,0.36978944617026926,0.8773928259838538,34.41364590831967,1.0,1.0,12,"{""0"": 53, ""1"": 12}","{""1"": 53, ""2"": 12}"
R0_KMEANS__M0224,R0_KMEANS,0.297989376318455,1.3029156464875866,29.35615500709636,0.4092764255853534,1.0,18,"{""0"": 18, ""1"": 47}","{""1"": 47, ""2"": 18}"
R0_KMEANS__M0225,R0_KMEANS,0.3310801792008059,1.0400206670874272,30.612428995379897,0.7933783662535089,1.0,14,"{""0"": 14, ""1"": 51}","{""1"": 51, ""2"": 14}"
R0_KMEANS__M0226,R0_KMEANS,0.2836387614479818,1.4132174488052474,28.24479994748465,0.32745326879292863,1.0,23,"{""0"": 42, ""1"": 23}","{""1"": 42, ""2"": 23}"
R0_KMEANS__M0227,R0_KMEANS,0.3133287895800183,1.1698112178857825,31.854241307054536,0.575670602044467,1.0,18,"{""0"": 47, ""1"": 18}","{""1"": 47, ""2"": 18}"
R0_KMEANS__M0228,R0_KMEANS,0.2762521267151874,1.4608638887502574,25.935191111563174,0.3612607914711165,1.0,22,"{""0"": 22, ""1"": 43}","{""1"": 43, ""2"": 22}"
R0_KMEANS__M0229,R0_KMEANS,0.34292787142316133,1.031745263755143,31.855095176131226,0.7933783662535089,1.0,14,"{""0"": 51, ""1"": 14}","{""1"": 51, ""2"": 14}"
R0_KMEANS__M0230,R0_KMEANS,0.3947601250478333,0.9236170474362688,41.53329813009257,0.7247304362918447,1.0,14,"{""0"": 14, ""1"": 51}","{""1"": 51, ""2"": 14}"
R0_KMEANS__M0231,R0_KMEANS,0.30878553924950997,1.2356994039044922,31.121550581651345,0.4638385623803211,1.0,18,"{""0"": 47, ""1"": 18}","{""1"": 47, ""2"": 18}"
R0_KMEANS__M0232,R0_KMEANS,0.34844155119271203,1.0331007227726547,36.573608364579556,0.6774940460439269,1.0,16,"{""0"": 16, ""1"": 49}","{""1"": 49, ""2"": 16}"
R0_KMEANS__M0233,R0_KMEANS,0.2989610600385344,1.2346093934825368,30.262811813402337,0.5293202218419872,1.0,19,"{""0"": 19, ""1"": 46}","{""1"": 46, ""2"": 19}"
R0_KMEANS__M0234,R0_KMEANS,0.2815722986654177,1.2515269842166066,23.58774900409094,0.6559572328375589,1.0,14,"{""0"": 51, ""1"": 14}","{""1"": 51, ""2"": 14}"
R0_KMEANS__M0235,R0_KMEANS,0.2993651533173332,1.2585495231317667,32.169307566231176,0.4353405725567621,1.0,20,"{""0"": 45, ""1"": 20}","{""1"": 45, ""2"": 20}"
R0_KMEANS__M0236,R0_KMEANS,0.3028912068399333,1.368838270334673,28.591322644739428,0.38626609442060084,1.0,20,"{""0"": 20, ""1"": 45}","{""1"": 45, ""2"": 20}"
R0_KMEANS__M0237,R0_KMEANS,0.27513379620907163,1.4761005402594116,27.582868920861785,0.18085534253921437,1.0,27,"{""0"": 27, ""1"": 38}","{""1"": 38, ""2"": 27}"
R0_KMEANS__M0238,R0_KMEANS,0.3700250287694656,0.8799504285485341,30.226889667961487,1.0,1.0,10,"{""0"": 55, ""1"": 10}","{""1"": 55, ""2"": 10}"
R0_KMEANS__M0239,R0_KMEANS,0.3778046850940226,0.8942641430305818,34.349588430684115,0.8517043139740166,1.0,12,"{""0"": 12, ""1"": 53}","{""1"": 53, ""2"": 12}"
R0_KMEANS__M0240,R0_KMEANS,0.3728857110871825,0.8702917262303509,33.43543343427671,0.9228790582346534,1.0,11,"{""0"": 54, ""1"": 11}","{""1"": 54, ""2"": 11}"
R0_KMEANS__M0241,R0_KMEANS,0.32697566432417463,1.0874952989067685,31.979965958195464,0.6774940460439269,1.0,16,"{""0"": 49, ""1"": 16}","{""1"": 49, ""2"": 16}"
R0_KMEANS__M0242,R0_KMEANS,0.27098063946972045,1.373323760876204,25.514363306865,0.47597624617599427,1.0,19,"{""0"": 46, ""1"": 19}","{""1"": 46, ""2"": 19}"
R0_KMEANS__M0243,R0_KMEANS,0.3658797780292953,0.9950717806950615,37.88371581890549,0.7335181568059144,1.0,15,"{""0"": 50, ""1"": 15}","{""1"": 50, ""2"": 15}"
R0_KMEANS__M0244,R0_KMEANS,0.29187578428001515,1.3873150322343917,30.650067666929882,0.2710307625018224,1.0,26,"{""0"": 26, ""1"": 39}","{""1"": 39, ""2"": 26}"
R0_KMEANS__M0245,R0_KMEANS,0.3749716033799234,0.8932718426819641,32.466147806417666,1.0,1.0,11,"{""0"": 54, ""1"": 11}","{""1"": 54, ""2"": 11}"
R0_KMEANS__M0246,R0_KMEANS,0.2946844309541368,1.3053422972345792,30.83889381096173,0.38626609442060084,1.0,20,"{""0"": 45, ""1"": 20}","{""1"": 45, ""2"": 20}"
R0_KMEANS__M0247,R0_KMEANS,0.27535380300367823,1.4656514393089761,26.770458910083438,0.25826182216541904,1.0,24,"{""0"": 41, ""1"": 24}","{""1"": 41, ""2"": 24}"
R0_KMEANS__M0248,R0_KMEANS,0.31102123405426535,1.3661163418629536,30.55129782936054,0.4126103922776751,1.0,23,"{""0"": 23, ""1"": 42}","{""1"": 42, ""2"": 23}"
R0_KMEANS__M0249,R0_KMEANS,0.33536240737934386,1.088841157775777,35.54611225292818,0.5655251893315772,1.0,17,"{""0"": 48, ""1"": 17}","{""1"": 48, ""2"": 17}"
R0_KMEANS__M0250,R0_KMEANS,0.3559646606168065,0.9226378875005101,30.5389761983202,0.9228790582346534,1.0,11,"{""0"": 54, ""1"": 11}","{""1"": 54, ""2"": 11}"
R1_PCA85_KMEANS__M0001,R1_PCA85_KMEANS,0.4552607765324286,0.7233383986213241,52.28328649650009,0.9287780992655241,1.0,13,"{""0"": 52, ""1"": 13}","{""1"": 52, ""2"": 13}"
R1_PCA85_KMEANS__M0002,R1_PCA85_KMEANS,0.4071933064634799,0.8893830095116755,45.26835125804746,0.7335181568059144,1.0,15,"{""0"": 50, ""1"": 15}","{""1"": 50, ""2"": 15}"
R1_PCA85_KMEANS__M0003,R1_PCA85_KMEANS,0.4392434538778427,0.7545769721944582,44.64309195960187,1.0,1.0,12,"{""0"": 53, ""1"": 12}","{""1"": 53, ""2"": 12}"
R1_PCA85_KMEANS__M0004,R1_PCA85_KMEANS,0.37680772779579663,0.9171072826910279,39.44728309201151,0.7335181568059144,1.0,15,"{""0"": 15, ""1"": 50}","{""1"": 50, ""2"": 15}"
R1_PCA85_KMEANS__M0005,R1_PCA85_KMEANS,0.402185601444358,0.9182034900827446,45.2863718927914,0.7405783826223502,1.0,16,"{""0"": 49, ""1"": 16}","{""1"": 49, ""2"": 16}"
R1_PCA85_KMEANS__M0006,R1_PCA85_KMEANS,0.44588411375449044,0.7322259519761682,55.603657463404524,0.9308780645858084,1.0,14,"{""0"": 14, ""1"": 51}","{""1"": 51, ""2"": 14}"
R1_PCA85_KMEANS__M0007,R1_PCA85_KMEANS,0.40989685639556633,0.799544035412121,38.2237496323363,0.9228790582346534,1.0,11,"{""0"": 11, ""1"": 54}","{""1"": 54, ""2"": 11}"
R1_PCA85_KMEANS__M0008,R1_PCA85_KMEANS,0.3794236580468871,0.8571271221566834,36.864341487960274,0.7858376511226253,1.0,13,"{""0"": 13, ""1"": 52}","{""1"": 52, ""2"": 13}"
R1_PCA85_KMEANS__M0009,R1_PCA85_KMEANS,0.40748227452118707,0.8091761235437879,40.06205860290396,0.9261606184048209,1.0,12,"{""0"": 53, ""1"": 12}","{""1"": 53, ""2"": 12}"
R1_PCA85_KMEANS__M0010,R1_PCA85_KMEANS,0.4156019507852905,0.7801878938568441,40.51139034875986,0.9228790582346534,1.0,11,"{""0"": 54, ""1"": 11}","{""1"": 54, ""2"": 11}"
R1_PCA85_KMEANS__M0011,R1_PCA85_KMEANS,0.40986071429797405,0.8753240466780863,49.42339174983027,0.6774940460439269,1.0,16,"{""0"": 16, ""1"": 49}","{""1"": 49, ""2"": 16}"
R1_PCA85_KMEANS__M0012,R1_PCA85_KMEANS,0.3909360288894249,1.0821804184663353,45.12565477654728,0.4519098832529723,1.0,22,"{""0"": 43, ""1"": 22}","{""1"": 43, ""2"": 22}"
R1_PCA85_KMEANS__M0013,R1_PCA85_KMEANS,0.44873137877341185,0.7260147439285898,48.29828081225259,0.9287780992655241,1.0,13,"{""0"": 52, ""1"": 13}","{""1"": 52, ""2"": 13}"
R1_PCA85_KMEANS__M0014,R1_PCA85_KMEANS,0.30932152040958666,1.2097899368250937,35.10519525530605,0.2767535725973601,1.0,22,"{""0"": 22, ""1"": 43}","{""1"": 43, ""2"": 22}"
R1_PCA85_KMEANS__M0015,R1_PCA85_KMEANS,0.3424115372370773,1.2169209629370723,39.30321677955804,0.2750552073342107,1.0,27,"{""0"": 38, ""1"": 27}","{""1"": 38, ""2"": 27}"
R1_PCA85_KMEANS__M0016,R1_PCA85_KMEANS,0.3262856425026698,1.2798356051656132,33.33372000630185,0.31824176506182994,1.0,22,"{""0"": 22, ""1"": 43}","{""1"": 43, ""2"": 22}"
R1_PCA85_KMEANS__M0017,R1_PCA85_KMEANS,0.34962148930049525,1.0478472270507435,42.319809538789805,0.42374957687905995,1.0,19,"{""0"": 19, ""1"": 46}","{""1"": 46, ""2"": 19}"
R1_PCA85_KMEANS__M0018,R1_PCA85_KMEANS,0.43714668137819884,0.8018867671563945,50.7730078012768,0.8620480557871598,1.0,14,"{""0"": 51, ""1"": 14}","{""1"": 51, ""2"": 14}"
R1_PCA85_KMEANS__M0019,R1_PCA85_KMEANS,0.3784145971380236,0.9496245652329591,42.99072323743556,0.6774940460439269,1.0,16,"{""0"": 16, ""1"": 49}","{""1"": 49, ""2"": 16}"
R1_PCA85_KMEANS__M0020,R1_PCA85_KMEANS,0.3534706969416438,1.1878584980374323,38.09311121669956,0.4058148884844894,1.0,22,"{""0"": 22, ""1"": 43}","{""1"": 43, ""2"": 22}"
R1_PCA85_KMEANS__M0021,R1_PCA85_KMEANS,0.4044137014092582,0.8145322027365132,37.570531465111465,0.9228790582346534,1.0,11,"{""0"": 54, ""1"": 11}","{""1"": 54, ""2"": 11}"
R1_PCA85_KMEANS__M0022,R1_PCA85_KMEANS,0.38256833560354875,0.9592918931865747,39.86552368008712,0.602487691111687,1.0,15,"{""0"": 15, ""1"": 50}","{""1"": 50, ""2"": 15}"
R1_PCA85_KMEANS__M0023,R1_PCA85_KMEANS,0.35853592132890916,1.032952595956338,37.08332497341057,0.5371393492940454,1.0,15,"{""0"": 15, ""1"": 50}","{""1"": 50, ""2"": 15}"
R1_PCA85_KMEANS__M0024,R1_PCA85_KMEANS,0.45927169970273246,0.7288405205329402,53.991261459105225,0.9287780992655241,1.0,13,"{""0"": 13, ""1"": 52}","{""1"": 52, ""2"": 13}"
R1_PCA85_KMEANS__M0025,R1_PCA85_KMEANS,0.41082504365502437,0.8755909816933637,42.60681509415317,0.7247304362918447,1.0,14,"{""0"": 51, ""1"": 14}","{""1"": 51, ""2"": 14}"
R1_PCA85_KMEANS__M0026,R1_PCA85_KMEANS,0.37225566013053707,0.9477743369682537,35.410754899890506,0.7137494134209291,1.0,13,"{""0"": 13, ""1"": 52}","{""1"": 52, ""2"": 13}"
R1_PCA85_KMEANS__M0027,R1_PCA85_KMEANS,0.4755125948530445,0.6892335465999935,47.60057257179242,1.0,1.0,10,"{""0"": 55, ""1"": 10}","{""1"": 55, ""2"": 10}"
R1_PCA85_KMEANS__M0028,R1_PCA85_KMEANS,0.3984944245827174,0.941890428212322,46.980009521665174,0.6249755525132017,1.0,17,"{""0"": 17, ""1"": 48}","{""1"": 48, ""2"": 17}"
R1_PCA85_KMEANS__M0029,R1_PCA85_KMEANS,0.3875698990784367,0.8881846779463156,37.50377567752124,0.7247304362918447,1.0,14,"{""0"": 51, ""1"": 14}","{""1"": 51, ""2"": 14}"
R1_PCA85_KMEANS__M0030,R1_PCA85_KMEANS,0.38882782620143286,0.8315922298787126,32.21130162929446,0.9187261893132753,1.0,10,"{""0"": 55, ""1"": 10}","{""1"": 55, ""2"": 10}"
R1_PCA85_KMEANS__M0031,R1_PCA85_KMEANS,0.367111569749744,1.0094003875143487,37.51988257849721,0.6679084619478446,1.0,15,"{""0"": 15, ""1"": 50}","{""1"": 50, ""2"": 15}"
R1_PCA85_KMEANS__M0032,R1_PCA85_KMEANS,0.41049654974255545,0.7793222279202182,35.137598214370456,0.9187261893132753,1.0,10,"{""0"": 10, ""1"": 55}","{""1"": 55, ""2"": 10}"
R1_PCA85_KMEANS__M0033,R1_PCA85_KMEANS,0.4173118863776268,0.8376892763255364,50.88173754909371,0.7405783826223502,1.0,16,"{""0"": 49, ""1"": 16}","{""1"": 49, ""2"": 16}"
R1_PCA85_KMEANS__M0034,R1_PCA85_KMEANS,0.34721878288995667,1.0888211704697188,40.21901158741704,0.485694101024373,1.0,20,"{""0"": 20, ""1"": 45}","{""1"": 45, ""2"": 20}"
R1_PCA85_KMEANS__M0035,R1_PCA85_KMEANS,0.40658008048042477,0.9271062972877117,49.41346745485343,0.575670602044467,1.0,18,"{""0"": 47, ""1"": 18}","{""1"": 47, ""2"": 18}"
R1_PCA85_KMEANS__M0036,R1_PCA85_KMEANS,0.34959377198312896,1.048059460717276,35.271084388488894,0.6149598393574297,1.0,16,"{""0"": 16, ""1"": 49}","{""1"": 49, ""2"": 16}"
R1_PCA85_KMEANS__M0037,R1_PCA85_KMEANS,0.39661191217344094,0.9492717599632969,45.2124041636344,0.6249755525132017,1.0,17,"{""0"": 17, ""1"": 48}","{""1"": 48, ""2"": 17}"
R1_PCA85_KMEANS__M0038,R1_PCA85_KMEANS,0.32770595903400357,1.2396597653771055,35.61501302858666,0.3692136914502821,1.0,23,"{""0"": 23, ""1"": 42}","{""1"": 42, ""2"": 23}"
R1_PCA85_KMEANS__M0039,R1_PCA85_KMEANS,0.38997590911607877,0.863990273490685,37.03448281456549,1.0,1.0,12,"{""0"": 53, ""1"": 12}","{""1"": 53, ""2"": 12}"
R1_PCA85_KMEANS__M0040,R1_PCA85_KMEANS,0.33014674247803627,1.2507662292815724,36.48490897195423,0.33463559411862687,1.0,24,"{""0"": 24, ""1"": 41}","{""1"": 41, ""2"": 24}"
R1_PCA85_KMEANS__M0041,R1_PCA85_KMEANS,0.33962566013586115,1.1036086753135872,34.35564556528905,0.5655251893315772,1.0,17,"{""0"": 48, ""1"": 17}","{""1"": 48, ""2"": 17}"
R1_PCA85_KMEANS__M0042,R1_PCA85_KMEANS,0.41557251212239915,0.8900930014162927,52.364039393849666,0.6330231334178608,1.0,18,"{""0"": 47, ""1"": 18}","{""1"": 47, ""2"": 18}"
R1_PCA85_KMEANS__M0043,R1_PCA85_KMEANS,0.337354976722167,1.2302802578552647,37.90600823077842,0.3401411623366872,1.0,25,"{""0"": 25, ""1"": 40}","{""1"": 40, ""2"": 25}"
R1_PCA85_KMEANS__M0044,R1_PCA85_KMEANS,0.372706599929799,0.997501792779034,38.81643393700246,0.6679084619478446,1.0,15,"{""0"": 15, ""1"": 50}","{""1"": 50, ""2"": 15}"
R1_PCA85_KMEANS__M0045,R1_PCA85_KMEANS,0.3621813884373416,0.9714434541380293,32.87327059285887,0.7858376511226253,1.0,13,"{""0"": 13, ""1"": 52}","{""1"": 52, ""2"": 13}"
R1_PCA85_KMEANS__M0046,R1_PCA85_KMEANS,0.4394007129000937,0.7667482092015376,49.11718145199911,0.7858376511226253,1.0,13,"{""0"": 13, ""1"": 52}","{""1"": 52, ""2"": 13}"
R1_PCA85_KMEANS__M0047,R1_PCA85_KMEANS,0.3422574783525787,1.0431945155816809,33.49811384264916,0.6679084619478446,1.0,15,"{""0"": 15, ""1"": 50}","{""1"": 50, ""2"": 15}"
R1_PCA85_KMEANS__M0048,R1_PCA85_KMEANS,0.42138665182758006,0.8353667129829364,38.23782941131484,0.8352609876294881,1.0,10,"{""0"": 10, ""1"": 55}","{""1"": 55, ""2"": 10}"
R1_PCA85_KMEANS__M0049,R1_PCA85_KMEANS,0.342439362212275,1.2656705716806926,34.48462374820532,0.30656819114351547,1.0,21,"{""0"": 44, ""1"": 21}","{""1"": 44, ""2"": 21}"
R1_PCA85_KMEANS__M0050,R1_PCA85_KMEANS,0.3802111093482961,0.9906181519411931,39.224955604117795,0.602487691111687,1.0,15,"{""0"": 50, ""1"": 15}","{""1"": 50, ""2"": 15}"
R1_PCA85_KMEANS__M0051,R1_PCA85_KMEANS,0.44285180694433257,0.7089465556766607,42.53250167842594,1.0,1.0,11,"{""0"": 11, ""1"": 54}","{""1"": 54, ""2"": 11}"
R1_PCA85_KMEANS__M0052,R1_PCA85_KMEANS,0.4309221680098455,0.7397221651412598,44.700085164288666,0.9261606184048209,1.0,12,"{""0"": 12, ""1"": 53}","{""1"": 53, ""2"": 12}"
R1_PCA85_KMEANS__M0053,R1_PCA85_KMEANS,0.40451563798773355,0.8659361968813847,43.01117007991572,0.7858376511226253,1.0,13,"{""0"": 52, ""1"": 13}","{""1"": 52, ""2"": 13}"
R1_PCA85_KMEANS__M0054,R1_PCA85_KMEANS,0.3945193278253232,0.921672256916044,44.75741876408431,0.6149598393574297,1.0,16,"{""0"": 49, ""1"": 16}","{""1"": 49, ""2"": 16}"
R1_PCA85_KMEANS__M0055,R1_PCA85_KMEANS,0.39217771788352424,0.811400612768937,35.20598391367004,1.0,1.0,11,"{""0"": 54, ""1"": 11}","{""1"": 54, ""2"": 11}"
R1_PCA85_KMEANS__M0056,R1_PCA85_KMEANS,0.3719044233867767,0.878570685990601,35.310510773504184,0.8574499377757665,1.0,13,"{""0"": 52, ""1"": 13}","{""1"": 52, ""2"": 13}"
R1_PCA85_KMEANS__M0057,R1_PCA85_KMEANS,0.4267565935148663,0.8403382529243755,53.44356754605128,0.6913897747145356,1.0,18,"{""0"": 47, ""1"": 18}","{""1"": 47, ""2"": 18}"
R1_PCA85_KMEANS__M0058,R1_PCA85_KMEANS,0.31002790497844707,1.3335377154471628,33.49021213893802,0.18787798232205755,1.0,29,"{""0"": 36, ""1"": 29}","{""1"": 36, ""2"": 29}"
R1_PCA85_KMEANS__M0059,R1_PCA85_KMEANS,0.3349557423234125,1.1293821760575846,38.02664587175538,0.42374957687905995,1.0,19,"{""0"": 19, ""1"": 46}","{""1"": 46, ""2"": 19}"
R1_PCA85_KMEANS__M0060,R1_PCA85_KMEANS,0.30800039132315754,1.1910615051380653,33.66102217776087,0.37261337969808744,1.0,19,"{""0"": 19, ""1"": 46}","{""1"": 46, ""2"": 19}"
R1_PCA85_KMEANS__M0061,R1_PCA85_KMEANS,0.3573401383776833,0.9989548080029461,35.2901918717862,0.6679084619478446,1.0,15,"{""0"": 50, ""1"": 15}","{""1"": 50, ""2"": 15}"
R1_PCA85_KMEANS__M0062,R1_PCA85_KMEANS,0.3935795791159461,0.9584659455087517,45.41774892641038,0.6249755525132017,1.0,17,"{""0"": 17, ""1"": 48}","{""1"": 48, ""2"": 17}"
R1_PCA85_KMEANS__M0063,R1_PCA85_KMEANS,0.2826516256171888,1.2912236304245768,27.58949249703255,0.4092764255853534,1.0,18,"{""0"": 18, ""1"": 47}","{""1"": 47, ""2"": 18}"
R1_PCA85_KMEANS__M0064,R1_PCA85_KMEANS,0.4535057248833213,0.733913082159935,47.5198873870078,1.0,1.0,12,"{""0"": 53, ""1"": 12}","{""1"": 53, ""2"": 12}"
R1_PCA85_KMEANS__M0065,R1_PCA85_KMEANS,0.3773803551791712,0.9106666977302698,41.581470905370296,0.7462562396006656,1.0,17,"{""0"": 17, ""1"": 48}","{""1"": 48, ""2"": 17}"
R1_PCA85_KMEANS__M0066,R1_PCA85_KMEANS,0.3850740517945354,0.8616202017923339,37.683779077141836,0.9287780992655241,1.0,13,"{""0"": 52, ""1"": 13}","{""1"": 52, ""2"": 13}"
R1_PCA85_KMEANS__M0067,R1_PCA85_KMEANS,0.33739668051856775,1.2123243778197366,38.04363523977443,0.3019478077761901,1.0,25,"{""0"": 25, ""1"": 40}","{""1"": 40, ""2"": 25}"
R1_PCA85_KMEANS__M0068,R1_PCA85_KMEANS,0.4216013468828884,0.7923705962108528,47.14614982066364,0.7933783662535089,1.0,14,"{""0"": 51, ""1"": 14}","{""1"": 51, ""2"": 14}"
R1_PCA85_KMEANS__M0069,R1_PCA85_KMEANS,0.36656550849686953,1.0035634703119267,38.9138927682361,0.6149598393574297,1.0,16,"{""0"": 16, ""1"": 49}","{""1"": 49, ""2"": 16}"
R1_PCA85_KMEANS__M0070,R1_PCA85_KMEANS,0.45766188471236274,0.7010097192185258,50.155908641801986,1.0,1.0,12,"{""0"": 12, ""1"": 53}","{""1"": 53, ""2"": 12}"
R1_PCA85_KMEANS__M0071,R1_PCA85_KMEANS,0.3227207432992596,1.280944769788295,33.777768333193244,0.32745326879292863,1.0,23,"{""0"": 23, ""1"": 42}","{""1"": 42, ""2"": 23}"
R1_PCA85_KMEANS__M0072,R1_PCA85_KMEANS,0.385464773321122,0.9892690512971877,48.353075042761176,0.5437262357414449,1.0,21,"{""0"": 44, ""1"": 21}","{""1"": 44, ""2"": 21}"
R1_PCA85_KMEANS__M0073,R1_PCA85_KMEANS,0.3594132281507325,1.044806742392411,40.18979228108046,0.5655251893315772,1.0,17,"{""0"": 48, ""1"": 17}","{""1"": 48, ""2"": 17}"
R1_PCA85_KMEANS__M0074,R1_PCA85_KMEANS,0.37365515397527665,0.8753664640011308,31.761684849733967,0.9228790582346534,1.0,11,"{""0"": 54, ""1"": 11}","{""1"": 54, ""2"": 11}"
R1_PCA85_KMEANS__M0075,R1_PCA85_KMEANS,0.38259631693040835,0.9477718222641144,44.47974291832269,0.7462562396006656,1.0,17,"{""0"": 17, ""1"": 48}","{""1"": 48, ""2"": 17}"
R1_PCA85_KMEANS__M0076,R1_PCA85_KMEANS,0.44017652800596396,0.6772510544410734,36.521199278885284,1.0,1.0,9,"{""0"": 9, ""1"": 56}","{""1"": 56, ""2"": 9}"
R1_PCA85_KMEANS__M0077,R1_PCA85_KMEANS,0.3603200795313699,1.2120550323201145,37.21365445159548,0.4058148884844894,1.0,22,"{""0"": 22, ""1"": 43}","{""1"": 43, ""2"": 22}"
R1_PCA85_KMEANS__M0078,R1_PCA85_KMEANS,0.41361391612117754,0.8308930340421717,37.28680757401972,0.8444710305930611,1.0,11,"{""0"": 54, ""1"": 11}","{""1"": 54, ""2"": 11}"
R1_PCA85_KMEANS__M0079,R1_PCA85_KMEANS,0.36842802400491365,0.8628153926550992,30.120914179586933,0.9187261893132753,1.0,10,"{""0"": 55, ""1"": 10}","{""1"": 55, ""2"": 10}"
R1_PCA85_KMEANS__M0080,R1_PCA85_KMEANS,0.3386603579155035,1.2128739459366171,37.86821960105013,0.37539660955489074,1.0,24,"{""0"": 41, ""1"": 24}","{""1"": 41, ""2"": 24}"
R1_PCA85_KMEANS__M0081,R1_PCA85_KMEANS,0.39506645148187136,0.9871246036561127,47.18459806527239,0.5838097415961583,1.0,19,"{""0"": 46, ""1"": 19}","{""1"": 46, ""2"": 19}"
R1_PCA85_KMEANS__M0082,R1_PCA85_KMEANS,0.403423044191078,0.8414385908513827,41.599621234421875,0.9287780992655241,1.0,13,"{""0"": 13, ""1"": 52}","{""1"": 52, ""2"": 13}"
R1_PCA85_KMEANS__M0083,R1_PCA85_KMEANS,0.31828074296867653,1.3004186304224337,33.53568069394019,0.3019478077761901,1.0,25,"{""0"": 25, ""1"": 40}","{""1"": 40, ""2"": 25}"
R1_PCA85_KMEANS__M0084,R1_PCA85_KMEANS,0.3732708050431603,1.0215382911279884,38.809963727739415,0.5528937381404174,1.0,16,"{""0"": 49, ""1"": 16}","{""1"": 49, ""2"": 16}"
R1_PCA85_KMEANS__M0085,R1_PCA85_KMEANS,0.3266918844510155,1.1490883680756563,31.667069449879698,0.5528937381404174,1.0,16,"{""0"": 49, ""1"": 16}","{""1"": 49, ""2"": 16}"
R1_PCA85_KMEANS__M0086,R1_PCA85_KMEANS,0.33516303464054964,1.144241855530177,39.189208381937526,0.3612607914711165,1.0,22,"{""0"": 43, ""1"": 22}","{""1"": 43, ""2"": 22}"
R1_PCA85_KMEANS__M0087,R1_PCA85_KMEANS,0.3969014228401822,0.8263417926331809,36.22871585116957,0.9228790582346534,1.0,11,"{""0"": 54, ""1"": 11}","{""1"": 54, ""2"": 11}"
R1_PCA85_KMEANS__M0088,R1_PCA85_KMEANS,0.411582953108768,0.7829829309579858,37.65430125091352,0.9228790582346534,1.0,11,"{""0"": 54, ""1"": 11}","{""1"": 54, ""2"": 11}"
R1_PCA85_KMEANS__M0089,R1_PCA85_KMEANS,0.4125358265060035,0.8344528950003856,44.64499826326497,0.8574499377757665,1.0,13,"{""0"": 13, ""1"": 52}","{""1"": 52, ""2"": 13}"
R1_PCA85_KMEANS__M0090,R1_PCA85_KMEANS,0.33518163629129194,1.283889092536492,33.385307196448096,0.3612607914711165,1.0,22,"{""0"": 43, ""1"": 22}","{""1"": 43, ""2"": 22}"
R1_PCA85_KMEANS__M0091,R1_PCA85_KMEANS,0.36086212711045723,1.0164778106335357,35.031969302287564,0.6679084619478446,1.0,15,"{""0"": 50, ""1"": 15}","{""1"": 50, ""2"": 15}"
R1_PCA85_KMEANS__M0092,R1_PCA85_KMEANS,0.4205194877547321,0.8091940989290836,48.442677323326556,0.8620480557871598,1.0,14,"{""0"": 51, ""1"": 14}","{""1"": 51, ""2"": 14}"
R1_PCA85_KMEANS__M0093,R1_PCA85_KMEANS,0.4307865046656555,0.7577457818706412,42.87208613040224,1.0,1.0,12,"{""0"": 53, ""1"": 12}","{""1"": 53, ""2"": 12}"
R1_PCA85_KMEANS__M0094,R1_PCA85_KMEANS,0.395088850719266,0.9311285313428616,41.326109013357446,0.6679084619478446,1.0,15,"{""0"": 50, ""1"": 15}","{""1"": 50, ""2"": 15}"
R1_PCA85_KMEANS__M0095,R1_PCA85_KMEANS,0.41666206369187364,0.864513186618194,51.75481893271428,0.6774940460439269,1.0,16,"{""0"": 16, ""1"": 49}","{""1"": 49, ""2"": 16}"
R1_PCA85_KMEANS__M0096,R1_PCA85_KMEANS,0.2994738716217779,1.3588105513097641,30.701177823354918,0.29559080215527056,1.0,24,"{""0"": 41, ""1"": 24}","{""1"": 41, ""2"": 24}"
R1_PCA85_KMEANS__M0097,R1_PCA85_KMEANS,0.3723071247523119,0.8837244069501975,34.475756365601505,0.9261606184048209,1.0,12,"{""0"": 12, ""1"": 53}","{""1"": 53, ""2"": 12}"
R1_PCA85_KMEANS__M0098,R1_PCA85_KMEANS,0.38095487080279844,0.949730678056484,42.773289937395965,0.6149598393574297,1.0,16,"{""0"": 49, ""1"": 16}","{""1"": 49, ""2"": 16}"
R1_PCA85_KMEANS__M0099,R1_PCA85_KMEANS,0.3237250211514624,1.3452129576856622,32.21891627937465,0.25826182216541904,1.0,24,"{""0"": 41, ""1"": 24}","{""1"": 41, ""2"": 24}"
R1_PCA85_KMEANS__M0100,R1_PCA85_KMEANS,0.4335930785949751,0.7645885340093738,43.774292794147684,1.0,1.0,12,"{""0"": 53, ""1"": 12}","{""1"": 53, ""2"": 12}"
R1_PCA85_KMEANS__M0101,R1_PCA85_KMEANS,0.3732908652631118,0.9218294162453329,34.18671050501131,0.7763844190433914,1.0,12,"{""0"": 12, ""1"": 53}","{""1"": 53, ""2"": 12}"
R1_PCA85_KMEANS__M0102,R1_PCA85_KMEANS,0.33170294491655467,1.1283294874325123,34.635503196009324,0.5192896385346768,1.0,18,"{""0"": 47, ""1"": 18}","{""1"": 47, ""2"": 18}"
R1_PCA85_KMEANS__M0103,R1_PCA85_KMEANS,0.41026834906602483,0.7613640344691242,37.565220923685345,0.9228790582346534,1.0,11,"{""0"": 54, ""1"": 11}","{""1"": 54, ""2"": 11}"
R1_PCA85_KMEANS__M0104,R1_PCA85_KMEANS,0.36256352872590164,0.8747080634004012,30.95680784954579,0.9228790582346534,1.0,11,"{""0"": 11, ""1"": 54}","{""1"": 54, ""2"": 11}"
R1_PCA85_KMEANS__M0105,R1_PCA85_KMEANS,0.32844581850756227,1.263040974845686,35.74485798589609,0.3019478077761901,1.0,25,"{""0"": 25, ""1"": 40}","{""1"": 40, ""2"": 25}"
R1_PCA85_KMEANS__M0106,R1_PCA85_KMEANS,0.3400633781599935,1.215602494264212,38.43548759335352,0.21655514689590996,1.0,29,"{""0"": 36, ""1"": 29}","{""1"": 36, ""2"": 29}"
R1_PCA85_KMEANS__M0107,R1_PCA85_KMEANS,0.4158695475010921,0.8605468398960465,50.052821501214126,0.6774940460439269,1.0,16,"{""0"": 49, ""1"": 16}","{""1"": 49, ""2"": 16}"
R1_PCA85_KMEANS__M0108,R1_PCA85_KMEANS,0.42523127161116325,0.745124555248543,39.626136206150505,1.0,1.0,11,"{""0"": 11, ""1"": 54}","{""1"": 54, ""2"": 11}"
R1_PCA85_KMEANS__M0109,R1_PCA85_KMEANS,0.42509506349814546,0.8508620027740714,55.06158887472413,0.6851995350639287,1.0,17,"{""0"": 48, ""1"": 17}","{""1"": 48, ""2"": 17}"
R1_PCA85_KMEANS__M0110,R1_PCA85_KMEANS,0.33594430895495925,1.2370984122137016,36.5925726685738,0.37539660955489074,1.0,24,"{""0"": 41, ""1"": 24}","{""1"": 41, ""2"": 24}"
R1_PCA85_KMEANS__M0111,R1_PCA85_KMEANS,0.4282366537749211,0.8096701357338492,45.61557056645376,0.8574499377757665,1.0,13,"{""0"": 52, ""1"": 13}","{""1"": 52, ""2"": 13}"
R1_PCA85_KMEANS__M0112,R1_PCA85_KMEANS,0.35421020070029785,0.9987627937562394,38.155887335109455,0.6249755525132017,1.0,17,"{""0"": 17, ""1"": 48}","{""1"": 48, ""2"": 17}"
R1_PCA85_KMEANS__M0113,R1_PCA85_KMEANS,0.39671558418558467,0.8211223675050724,37.30676706932462,1.0,1.0,12,"{""0"": 53, ""1"": 12}","{""1"": 53, ""2"": 12}"
R1_PCA85_KMEANS__M0114,R1_PCA85_KMEANS,0.3269015488615514,1.1226350401768832,32.54307940308853,0.5655251893315772,1.0,17,"{""0"": 48, ""1"": 17}","{""1"": 48, ""2"": 17}"
R1_PCA85_KMEANS__M0115,R1_PCA85_KMEANS,0.3384304123291998,1.0563750540445513,35.55685659142536,0.6851995350639287,1.0,17,"{""0"": 17, ""1"": 48}","{""1"": 48, ""2"": 17}"
R1_PCA85_KMEANS__M0116,R1_PCA85_KMEANS,0.3534277995615906,1.108335992177951,35.83537827466732,0.49121120571271626,1.0,16,"{""0"": 49, ""1"": 16}","{""1"": 49, ""2"": 16}"
R1_PCA85_KMEANS__M0117,R1_PCA85_KMEANS,0.3814045231009828,0.8585563309002131,37.10368775391517,0.8574499377757665,1.0,13,"{""0"": 13, ""1"": 52}","{""1"": 52, ""2"": 13}"
R1_PCA85_KMEANS__M0118,R1_PCA85_KMEANS,0.4261064670999161,0.7913865957750851,47.31107183536089,0.8574499377757665,1.0,13,"{""0"": 52, ""1"": 13}","{""1"": 52, ""2"": 13}"
R1_PCA85_KMEANS__M0119,R1_PCA85_KMEANS,0.42101816776339795,0.8172930032551751,48.28069557194572,0.7994276471320144,1.0,15,"{""0"": 50, ""1"": 15}","{""1"": 50, ""2"": 15}"
R1_PCA85_KMEANS__M0120,R1_PCA85_KMEANS,0.3983898831673507,0.8458633075109017,44.287718752279915,0.6559572328375589,1.0,14,"{""0"": 51, ""1"": 14}","{""1"": 51, ""2"": 14}"
R1_PCA85_KMEANS__M0121,R1_PCA85_KMEANS,0.4232337269984538,0.7574967880188824,42.00219577274268,0.9228790582346534,1.0,11,"{""0"": 54, ""1"": 11}","{""1"": 54, ""2"": 11}"
R1_PCA85_KMEANS__M0122,R1_PCA85_KMEANS,0.3845264261143092,0.8652875323493102,33.55218993401218,0.9228790582346534,1.0,11,"{""0"": 11, ""1"": 54}","{""1"": 54, ""2"": 11}"
R1_PCA85_KMEANS__M0123,R1_PCA85_KMEANS,0.31769059733376237,1.2864917213441642,34.999861023589226,0.3067288086221963,1.0,26,"{""0"": 39, ""1"": 26}","{""1"": 39, ""2"": 26}"
R1_PCA85_KMEANS__M0124,R1_PCA85_KMEANS,0.3453087150877511,1.0896402358844932,37.95921067480335,0.4638385623803211,1.0,18,"{""0"": 18, ""1"": 47}","{""1"": 47, ""2"": 18}"
R1_PCA85_KMEANS__M0125,R1_PCA85_KMEANS,0.42944186731547085,0.7520868004514734,40.800918302294924,1.0,1.0,11,"{""0"": 54, ""1"": 11}","{""1"": 54, ""2"": 11}"
R1_PCA85_KMEANS__M0126,R1_PCA85_KMEANS,0.40722957667061027,0.9090130899409309,44.41504736138539,0.6679084619478446,1.0,15,"{""0"": 50, ""1"": 15}","{""1"": 50, ""2"": 15}"
R1_PCA85_KMEANS__M0127,R1_PCA85_KMEANS,0.43324988762753613,0.8276765765557931,46.73867336380407,0.7858376511226253,1.0,13,"{""0"": 52, ""1"": 13}","{""1"": 52, ""2"": 13}"
R1_PCA85_KMEANS__M0128,R1_PCA85_KMEANS,0.3059032846060367,1.3218185261174227,33.8152538669403,0.21655514689590996,1.0,29,"{""0"": 36, ""1"": 29}","{""1"": 36, ""2"": 29}"
R1_PCA85_KMEANS__M0129,R1_PCA85_KMEANS,0.31961704053326473,1.3065514390194943,32.22318052838879,0.3612607914711165,1.0,22,"{""0"": 22, ""1"": 43}","{""1"": 43, ""2"": 22}"
R1_PCA85_KMEANS__M0130,R1_PCA85_KMEANS,0.37426566315441584,0.8924325457157967,37.2861824574838,0.7933783662535089,1.0,14,"{""0"": 51, ""1"": 14}","{""1"": 51, ""2"": 14}"
R1_PCA85_KMEANS__M0131,R1_PCA85_KMEANS,0.44845550117492067,0.7056435171044655,40.32400718711346,0.9133982846198684,1.0,9,"{""0"": 56, ""1"": 9}","{""1"": 56, ""2"": 9}"
R1_PCA85_KMEANS__M0132,R1_PCA85_KMEANS,0.3257997332764469,1.2487773264064461,36.20358952308622,0.33463559411862687,1.0,24,"{""0"": 41, ""1"": 24}","{""1"": 41, ""2"": 24}"
R1_PCA85_KMEANS__M0133,R1_PCA85_KMEANS,0.3427620535803424,1.0299363224381923,31.880734057812987,0.6559572328375589,1.0,14,"{""0"": 51, ""1"": 14}","{""1"": 51, ""2"": 14}"
R1_PCA85_KMEANS__M0134,R1_PCA85_KMEANS,0.3782295757198572,0.8931592608067441,41.768592941379865,0.7335181568059144,1.0,15,"{""0"": 15, ""1"": 50}","{""1"": 50, ""2"": 15}"
R1_PCA85_KMEANS__M0135,R1_PCA85_KMEANS,0.3458581300273485,1.0730512856571968,29.58029088077238,0.6409765438008617,1.0,13,"{""0"": 52, ""1"": 13}","{""1"": 52, ""2"": 13}"
R1_PCA85_KMEANS__M0136,R1_PCA85_KMEANS,0.3774374112489899,0.8490342968500544,35.532103649456374,0.9261606184048209,1.0,12,"{""0"": 12, ""1"": 53}","{""1"": 53, ""2"": 12}"
R1_PCA85_KMEANS__M0137,R1_PCA85_KMEANS,0.335201333088413,1.0687969508856106,35.240876948845646,0.5655251893315772,1.0,17,"{""0"": 17, ""1"": 48}","{""1"": 48, ""2"": 17}"
R1_PCA85_KMEANS__M0138,R1_PCA85_KMEANS,0.3091346364550504,1.3299719440150264,29.835270375712117,0.3384541526644263,1.0,20,"{""0"": 20, ""1"": 45}","{""1"": 45, ""2"": 20}"
R1_PCA85_KMEANS__M0139,R1_PCA85_KMEANS,0.39750267981946275,0.8503461320359116,43.13363926866001,0.8657432072456047,1.0,15,"{""0"": 50, ""1"": 15}","{""1"": 50, ""2"": 15}"
R1_PCA85_KMEANS__M0140,R1_PCA85_KMEANS,0.3717589786906679,0.975408369040327,37.64568382322974,0.6679084619478446,1.0,15,"{""0"": 15, ""1"": 50}","{""1"": 50, ""2"": 15}"
R1_PCA85_KMEANS__M0141,R1_PCA85_KMEANS,0.3934765190641928,0.9089188513779121,43.553462073473106,0.602487691111687,1.0,15,"{""0"": 15, ""1"": 50}","{""1"": 50, ""2"": 15}"
R1_PCA85_KMEANS__M0142,R1_PCA85_KMEANS,0.38008772488595904,0.972437455911229,42.79822215467699,0.6249755525132017,1.0,17,"{""0"": 17, ""1"": 48}","{""1"": 48, ""2"": 17}"
R1_PCA85_KMEANS__M0143,R1_PCA85_KMEANS,0.3543413664526054,1.030197487543279,38.58963873159407,0.6249755525132017,1.0,17,"{""0"": 17, ""1"": 48}","{""1"": 48, ""2"": 17}"
R1_PCA85_KMEANS__M0144,R1_PCA85_KMEANS,0.3173602413443382,1.0841014622460132,27.577122006847645,0.6409765438008617,1.0,13,"{""0"": 52, ""1"": 13}","{""1"": 52, ""2"": 13}"
R1_PCA85_KMEANS__M0145,R1_PCA85_KMEANS,0.3122242353023014,1.238002071675234,30.63331105791763,0.42374957687905995,1.0,19,"{""0"": 46, ""1"": 19}","{""1"": 46, ""2"": 19}"
R1_PCA85_KMEANS__M0146,R1_PCA85_KMEANS,0.42122901002811014,0.7944239257054286,36.461076249897964,1.0,1.0,10,"{""0"": 55, ""1"": 10}","{""1"": 55, ""2"": 10}"
R1_PCA85_KMEANS__M0147,R1_PCA85_KMEANS,0.3874609927094362,0.9781195419516984,42.9592203193871,0.6149598393574297,1.0,16,"{""0"": 16, ""1"": 49}","{""1"": 49, ""2"": 16}"
R1_PCA85_KMEANS__M0148,R1_PCA85_KMEANS,0.3561319647792099,1.085338338834926,41.70590364808526,0.38626609442060084,1.0,20,"{""0"": 20, ""1"": 45}","{""1"": 45, ""2"": 20}"
R1_PCA85_KMEANS__M0149,R1_PCA85_KMEANS,0.33257259005298706,1.1564470525658628,34.306157508951635,0.4092764255853534,1.0,18,"{""0"": 47, ""1"": 18}","{""1"": 47, ""2"": 18}"
R1_PCA85_KMEANS__M0150,R1_PCA85_KMEANS,0.3462034270810158,1.062979301478049,36.81434866948982,0.5528937381404174,1.0,16,"{""0"": 16, ""1"": 49}","{""1"": 49, ""2"": 16}"
R1_PCA85_KMEANS__M0151,R1_PCA85_KMEANS,0.35684742985554724,0.9487191556463036,35.108539915784704,0.7933783662535089,1.0,14,"{""0"": 51, ""1"": 14}","{""1"": 51, ""2"": 14}"
R1_PCA85_KMEANS__M0152,R1_PCA85_KMEANS,0.34225433838759867,1.2215575705109334,37.6693582037621,0.37539660955489074,1.0,24,"{""0"": 41, ""1"": 24}","{""1"": 41, ""2"": 24}"
R1_PCA85_KMEANS__M0153,R1_PCA85_KMEANS,0.3278036045985136,1.260042701591305,35.4563859826845,0.33463559411862687,1.0,24,"{""0"": 41, ""1"": 24}","{""1"": 41, ""2"": 24}"
R1_PCA85_KMEANS__M0154,R1_PCA85_KMEANS,0.4093166554151318,0.834154060125881,46.091703674635326,0.8620480557871598,1.0,14,"{""0"": 14, ""1"": 51}","{""1"": 51, ""2"": 14}"
R1_PCA85_KMEANS__M0155,R1_PCA85_KMEANS,0.38881079882846825,0.9296329891574531,41.040925073221615,0.7994276471320144,1.0,15,"{""0"": 50, ""1"": 15}","{""1"": 50, ""2"": 15}"
R1_PCA85_KMEANS__M0156,R1_PCA85_KMEANS,0.43172699650722995,0.7513016314778187,49.19674658977334,0.9287780992655241,1.0,13,"{""0"": 52, ""1"": 13}","{""1"": 52, ""2"": 13}"
R1_PCA85_KMEANS__M0157,R1_PCA85_KMEANS,0.32503392446123763,1.1494313141844674,34.55811387470122,0.42374957687905995,1.0,19,"{""0"": 46, ""1"": 19}","{""1"": 46, ""2"": 19}"
R1_PCA85_KMEANS__M0158,R1_PCA85_KMEANS,0.3251538314532176,1.0854435884576967,31.94449867291581,0.6774940460439269,1.0,16,"{""0"": 49, ""1"": 16}","{""1"": 49, ""2"": 16}"
R1_PCA85_KMEANS__M0159,R1_PCA85_KMEANS,0.31929877356776687,1.1556353874596976,31.089956913640172,0.5067891373801917,1.0,17,"{""0"": 17, ""1"": 48}","{""1"": 48, ""2"": 17}"
R1_PCA85_KMEANS__M0160,R1_PCA85_KMEANS,0.4415326560990354,0.7970399654281161,52.55471791166831,0.7994276471320144,1.0,15,"{""0"": 50, ""1"": 15}","{""1"": 50, ""2"": 15}"
R1_PCA85_KMEANS__M0161,R1_PCA85_KMEANS,0.3509556659837406,0.9774989805341217,32.23119245699221,0.7137494134209291,1.0,13,"{""0"": 13, ""1"": 52}","{""1"": 52, ""2"": 13}"
R1_PCA85_KMEANS__M0162,R1_PCA85_KMEANS,0.4104782017238583,0.7709062369021422,29.682465173315713,1.0,1.0,8,"{""0"": 8, ""1"": 57}","{""1"": 57, ""2"": 8}"
R1_PCA85_KMEANS__M0163,R1_PCA85_KMEANS,0.3935683134914334,0.8818437350626167,40.237966654419914,0.7933783662535089,1.0,14,"{""0"": 51, ""1"": 14}","{""1"": 51, ""2"": 14}"
R1_PCA85_KMEANS__M0164,R1_PCA85_KMEANS,0.3593137045679192,0.9192206219650342,28.376404155200895,0.7490855319480115,1.0,10,"{""0"": 10, ""1"": 55}","{""1"": 55, ""2"": 10}"
R1_PCA85_KMEANS__M0165,R1_PCA85_KMEANS,0.39414738862954024,0.8454579209040995,30.141957824052483,0.9133982846198684,1.0,9,"{""0"": 56, ""1"": 9}","{""1"": 56, ""2"": 9}"
R1_PCA85_KMEANS__M0166,R1_PCA85_KMEANS,0.39901125688404304,0.8534830254260667,44.836688540344,0.7994276471320144,1.0,15,"{""0"": 50, ""1"": 15}","{""1"": 50, ""2"": 15}"
R1_PCA85_KMEANS__M0167,R1_PCA85_KMEANS,0.34114337479012624,1.2168790377238987,37.580351500418125,0.37539660955489074,1.0,24,"{""0"": 41, ""1"": 24}","{""1"": 41, ""2"": 24}"
R1_PCA85_KMEANS__M0168,R1_PCA85_KMEANS,0.3015009058703777,1.3752808086248147,28.79962887617927,0.30656819114351547,1.0,21,"{""0"": 44, ""1"": 21}","{""1"": 44, ""2"": 21}"
R1_PCA85_KMEANS__M0169,R1_PCA85_KMEANS,0.3736715893665388,0.9900443153797098,39.76719378038223,0.5655251893315772,1.0,17,"{""0"": 17, ""1"": 48}","{""1"": 48, ""2"": 17}"
R1_PCA85_KMEANS__M0170,R1_PCA85_KMEANS,0.440971162374645,0.7440911412143009,40.947154804063665,1.0,1.0,11,"{""0"": 11, ""1"": 54}","{""1"": 54, ""2"": 11}"
R1_PCA85_KMEANS__M0171,R1_PCA85_KMEANS,0.37499575446765476,0.9855909579967567,42.18269246910121,0.5655251893315772,1.0,17,"{""0"": 48, ""1"": 17}","{""1"": 48, ""2"": 17}"
R1_PCA85_KMEANS__M0172,R1_PCA85_KMEANS,0.43025020410476633,0.7380003022482594,42.78571531536241,1.0,1.0,11,"{""0"": 54, ""1"": 11}","{""1"": 54, ""2"": 11}"
R1_PCA85_KMEANS__M0173,R1_PCA85_KMEANS,0.3594063970517629,1.0814254150102498,37.7117312940472,0.5067891373801917,1.0,17,"{""0"": 48, ""1"": 17}","{""1"": 48, ""2"": 17}"
R1_PCA85_KMEANS__M0174,R1_PCA85_KMEANS,0.4174495317671366,0.774422390652361,39.01478187206147,1.0,1.0,11,"{""0"": 54, ""1"": 11}","{""1"": 54, ""2"": 11}"
R1_PCA85_KMEANS__M0175,R1_PCA85_KMEANS,0.42354732173769094,0.7439357058026204,44.92270431246578,0.9261606184048209,1.0,12,"{""0"": 53, ""1"": 12}","{""1"": 53, ""2"": 12}"
R1_PCA85_KMEANS__M0176,R1_PCA85_KMEANS,0.4059790630556178,0.7940927500768198,37.014086919245756,1.0,1.0,11,"{""0"": 11, ""1"": 54}","{""1"": 54, ""2"": 11}"
R1_PCA85_KMEANS__M0177,R1_PCA85_KMEANS,0.3396785067495716,1.075690155164963,33.759877678637444,0.6149598393574297,1.0,16,"{""0"": 49, ""1"": 16}","{""1"": 49, ""2"": 16}"
R1_PCA85_KMEANS__M0178,R1_PCA85_KMEANS,0.3515314798508547,1.1765778710963262,39.07921520728147,0.4126103922776751,1.0,23,"{""0"": 42, ""1"": 23}","{""1"": 42, ""2"": 23}"
R1_PCA85_KMEANS__M0179,R1_PCA85_KMEANS,0.38694017299972877,0.9516723702033975,41.70108881514066,0.602487691111687,1.0,15,"{""0"": 50, ""1"": 15}","{""1"": 50, ""2"": 15}"
R1_PCA85_KMEANS__M0180,R1_PCA85_KMEANS,0.3480197062320072,1.0452013750694928,35.88423267927944,0.6774940460439269,1.0,16,"{""0"": 49, ""1"": 16}","{""1"": 49, ""2"": 16}"
R1_PCA85_KMEANS__M0181,R1_PCA85_KMEANS,0.39737294014334984,0.9136635559126519,42.549147055527044,0.7335181568059144,1.0,15,"{""0"": 50, ""1"": 15}","{""1"": 50, ""2"": 15}"
R1_PCA85_KMEANS__M0182,R1_PCA85_KMEANS,0.3901662863673915,0.7939373747241978,34.64710007746089,0.9228790582346534,1.0,11,"{""0"": 54, ""1"": 11}","{""1"": 54, ""2"": 11}"
R1_PCA85_KMEANS__M0183,R1_PCA85_KMEANS,0.40353226942841863,0.8184711600713177,36.37175660717983,1.0,1.0,11,"{""0"": 54, ""1"": 11}","{""1"": 54, ""2"": 11}"
R1_PCA85_KMEANS__M0184,R1_PCA85_KMEANS,0.3983483592343012,0.904440684709869,49.35037811163447,0.6851995350639287,1.0,17,"{""0"": 17, ""1"": 48}","{""1"": 48, ""2"": 17}"
R1_PCA85_KMEANS__M0185,R1_PCA85_KMEANS,0.45571830448585726,0.707671077292843,47.654263625428065,0.9228790582346534,1.0,11,"{""0"": 54, ""1"": 11}","{""1"": 54, ""2"": 11}"
R1_PCA85_KMEANS__M0186,R1_PCA85_KMEANS,0.32276739740446736,1.1520851237004774,35.07536290160999,0.47597624617599427,1.0,19,"{""0"": 46, ""1"": 19}","{""1"": 46, ""2"": 19}"
R1_PCA85_KMEANS__M0187,R1_PCA85_KMEANS,0.3024525694552496,1.366832610853853,31.621766112783043,0.18506168722907637,1.0,28,"{""0"": 28, ""1"": 37}","{""1"": 37, ""2"": 28}"
R1_PCA85_KMEANS__M0188,R1_PCA85_KMEANS,0.424574282865629,0.7502773199886387,41.67123700942743,1.0,1.0,11,"{""0"": 54, ""1"": 11}","{""1"": 54, ""2"": 11}"
R1_PCA85_KMEANS__M0189,R1_PCA85_KMEANS,0.4208778032135981,0.7689031038161003,38.732561315841,1.0,1.0,11,"{""0"": 54, ""1"": 11}","{""1"": 54, ""2"": 11}"
R1_PCA85_KMEANS__M0190,R1_PCA85_KMEANS,0.4181208762004021,0.7761485301518766,37.09581432805496,1.0,1.0,10,"{""0"": 55, ""1"": 10}","{""1"": 55, ""2"": 10}"
R1_PCA85_KMEANS__M0191,R1_PCA85_KMEANS,0.394391130455817,0.8339014702290142,36.9826752400808,0.9261606184048209,1.0,12,"{""0"": 12, ""1"": 53}","{""1"": 53, ""2"": 12}"
R1_PCA85_KMEANS__M0192,R1_PCA85_KMEANS,0.39742652404395906,0.8417372510346319,40.835943328565484,0.9287780992655241,1.0,13,"{""0"": 52, ""1"": 13}","{""1"": 52, ""2"": 13}"
R1_PCA85_KMEANS__M0193,R1_PCA85_KMEANS,0.41417342517877487,0.7939423947958169,43.78046395727848,0.9287780992655241,1.0,13,"{""0"": 13, ""1"": 52}","{""1"": 52, ""2"": 13}"
R1_PCA85_KMEANS__M0194,R1_PCA85_KMEANS,0.34482798693465355,1.058872498239853,36.24282716095699,0.575670602044467,1.0,18,"{""0"": 47, ""1"": 18}","{""1"": 47, ""2"": 18}"
R1_PCA85_KMEANS__M0195,R1_PCA85_KMEANS,0.34516586770908086,1.020898990863166,36.02958674382878,0.6774940460439269,1.0,16,"{""0"": 49, ""1"": 16}","{""1"": 49, ""2"": 16}"
R1_PCA85_KMEANS__M0196,R1_PCA85_KMEANS,0.3511758026919665,1.1609710716798298,40.25897119555705,0.37539660955489074,1.0,24,"{""0"": 24, ""1"": 41}","{""1"": 41, ""2"": 24}"
R1_PCA85_KMEANS__M0197,R1_PCA85_KMEANS,0.38203196667236816,0.8308381879406354,33.533291809018806,0.9228790582346534,1.0,11,"{""0"": 54, ""1"": 11}","{""1"": 54, ""2"": 11}"
R1_PCA85_KMEANS__M0198,R1_PCA85_KMEANS,0.42107489726568736,0.76788471497419,43.09349069510009,0.9287780992655241,1.0,13,"{""0"": 52, ""1"": 13}","{""1"": 52, ""2"": 13}"
R1_PCA85_KMEANS__M0199,R1_PCA85_KMEANS,0.39968884394103965,0.8638213103411454,42.83957341874818,0.7994276471320144,1.0,15,"{""0"": 50, ""1"": 15}","{""1"": 50, ""2"": 15}"
R1_PCA85_KMEANS__M0200,R1_PCA85_KMEANS,0.32631338458487846,1.165714174094746,35.18606360874721,0.485694101024373,1.0,20,"{""0"": 45, ""1"": 20}","{""1"": 45, ""2"": 20}"
R1_PCA85_KMEANS__M0201,R1_PCA85_KMEANS,0.46962004931170587,0.6749960657860595,49.26403079406689,1.0,1.0,11,"{""0"": 54, ""1"": 11}","{""1"": 54, ""2"": 11}"
R1_PCA85_KMEANS__M0202,R1_PCA85_KMEANS,0.3837539322518918,0.9249289795607776,38.79194696874903,0.7247304362918447,1.0,14,"{""0"": 51, ""1"": 14}","{""1"": 51, ""2"": 14}"
R1_PCA85_KMEANS__M0203,R1_PCA85_KMEANS,0.3648492237549661,0.9594546547971163,36.13776193444887,0.6409765438008617,1.0,13,"{""0"": 13, ""1"": 52}","{""1"": 52, ""2"": 13}"
R1_PCA85_KMEANS__M0204,R1_PCA85_KMEANS,0.3341401290945899,1.251362101090127,35.32141453787253,0.3612607914711165,1.0,22,"{""0"": 43, ""1"": 22}","{""1"": 43, ""2"": 22}"
R1_PCA85_KMEANS__M0205,R1_PCA85_KMEANS,0.4579472461774223,0.715018809922913,49.54745428950064,1.0,1.0,12,"{""0"": 53, ""1"": 12}","{""1"": 53, ""2"": 12}"
R1_PCA85_KMEANS__M0206,R1_PCA85_KMEANS,0.3830936045215772,0.9777079591086549,46.88669591679484,0.575670602044467,1.0,18,"{""0"": 47, ""1"": 18}","{""1"": 47, ""2"": 18}"
R1_PCA85_KMEANS__M0207,R1_PCA85_KMEANS,0.41086568760334197,0.852624966572568,43.72118096654912,0.7933783662535089,1.0,14,"{""0"": 51, ""1"": 14}","{""1"": 51, ""2"": 14}"
R1_PCA85_KMEANS__M0208,R1_PCA85_KMEANS,0.41725300866479187,0.8404203905425254,43.101176711021594,0.8574499377757665,1.0,13,"{""0"": 52, ""1"": 13}","{""1"": 52, ""2"": 13}"
R1_PCA85_KMEANS__M0209,R1_PCA85_KMEANS,0.4028376992609861,0.7847889894429161,37.52476617238489,1.0,1.0,11,"{""0"": 11, ""1"": 54}","{""1"": 54, ""2"": 11}"
R1_PCA85_KMEANS__M0210,R1_PCA85_KMEANS,0.33263291307719917,1.2524981357684233,35.25007724733548,0.3692136914502821,1.0,23,"{""0"": 42, ""1"": 23}","{""1"": 42, ""2"": 23}"
R1_PCA85_KMEANS__M0211,R1_PCA85_KMEANS,0.3147616783255764,1.1665347405958053,29.34310455235696,0.5528937381404174,1.0,16,"{""0"": 16, ""1"": 49}","{""1"": 49, ""2"": 16}"
R1_PCA85_KMEANS__M0212,R1_PCA85_KMEANS,0.3302206103918302,1.2578066328897546,36.35674107199923,0.2655367231638418,1.0,25,"{""0"": 40, ""1"": 25}","{""1"": 40, ""2"": 25}"
R1_PCA85_KMEANS__M0213,R1_PCA85_KMEANS,0.3910284899737015,0.8869720659914275,38.716137784993265,0.7137494134209291,1.0,13,"{""0"": 52, ""1"": 13}","{""1"": 52, ""2"": 13}"
R1_PCA85_KMEANS__M0214,R1_PCA85_KMEANS,0.3643690146557814,0.9225170218977277,33.692083053846595,0.7137494134209291,1.0,13,"{""0"": 52, ""1"": 13}","{""1"": 52, ""2"": 13}"
R1_PCA85_KMEANS__M0215,R1_PCA85_KMEANS,0.42974775997170594,0.8042948873170191,45.42425942446418,0.7858376511226253,1.0,13,"{""0"": 13, ""1"": 52}","{""1"": 52, ""2"": 13}"
R1_PCA85_KMEANS__M0216,R1_PCA85_KMEANS,0.4167457700041363,0.8081678263145347,44.60679756118273,0.8620480557871598,1.0,14,"{""0"": 51, ""1"": 14}","{""1"": 51, ""2"": 14}"
R1_PCA85_KMEANS__M0217,R1_PCA85_KMEANS,0.34409823892387514,1.1230311835328401,39.714943251221044,0.38626609442060084,1.0,20,"{""0"": 20, ""1"": 45}","{""1"": 45, ""2"": 20}"
R1_PCA85_KMEANS__M0218,R1_PCA85_KMEANS,0.4198370340717548,0.8025983762117654,47.21030336550676,0.7933783662535089,1.0,14,"{""0"": 51, ""1"": 14}","{""1"": 51, ""2"": 14}"
R1_PCA85_KMEANS__M0219,R1_PCA85_KMEANS,0.304957368665698,1.3445289719083497,31.449417249862613,0.25826182216541904,1.0,24,"{""0"": 41, ""1"": 24}","{""1"": 41, ""2"": 24}"
R1_PCA85_KMEANS__M0220,R1_PCA85_KMEANS,0.38898215634680183,0.9291100640065749,43.97281801525925,0.6774940460439269,1.0,16,"{""0"": 49, ""1"": 16}","{""1"": 49, ""2"": 16}"
R1_PCA85_KMEANS__M0221,R1_PCA85_KMEANS,0.3400121744280137,1.2752246942882888,34.518568962680575,0.32745326879292863,1.0,23,"{""0"": 23, ""1"": 42}","{""1"": 42, ""2"": 23}"
R1_PCA85_KMEANS__M0222,R1_PCA85_KMEANS,0.37803716757204237,0.8777320327714009,36.236662048091006,0.9287780992655241,1.0,13,"{""0"": 52, ""1"": 13}","{""1"": 52, ""2"": 13}"
R1_PCA85_KMEANS__M0223,R1_PCA85_KMEANS,0.38075890281974234,0.9972716984562259,42.70272833724153,0.575670602044467,1.0,18,"{""0"": 18, ""1"": 47}","{""1"": 47, ""2"": 18}"
R1_PCA85_KMEANS__M0224,R1_PCA85_KMEANS,0.4423598837074239,0.7246411054618697,48.42238044815882,0.9261606184048209,1.0,12,"{""0"": 53, ""1"": 12}","{""1"": 53, ""2"": 12}"
R1_PCA85_KMEANS__M0225,R1_PCA85_KMEANS,0.3413382446855305,1.231288807441779,37.13904679772776,0.3019478077761901,1.0,25,"{""0"": 25, ""1"": 40}","{""1"": 40, ""2"": 25}"
R1_PCA85_KMEANS__M0226,R1_PCA85_KMEANS,0.3041769849998288,1.2043503214740146,28.86098110293847,0.4298245614035088,1.0,16,"{""0"": 49, ""1"": 16}","{""1"": 49, ""2"": 16}"
R1_PCA85_KMEANS__M0227,R1_PCA85_KMEANS,0.36961441832107433,1.0456270655740616,46.151974864722185,0.4445868580705802,1.0,21,"{""0"": 44, ""1"": 21}","{""1"": 44, ""2"": 21}"
R1_PCA85_KMEANS__M0228,R1_PCA85_KMEANS,0.3451614581401255,1.2148303441731199,39.71877134782392,0.24177667674704936,1.0,27,"{""0"": 38, ""1"": 27}","{""1"": 38, ""2"": 27}"
R1_PCA85_KMEANS__M0229,R1_PCA85_KMEANS,0.42451444583616826,0.8136332382349146,46.72674185070468,0.8574499377757665,1.0,13,"{""0"": 52, ""1"": 13}","{""1"": 52, ""2"": 13}"
R1_PCA85_KMEANS__M0230,R1_PCA85_KMEANS,0.39974112193742267,0.8574406496322472,41.78797608564383,0.8574499377757665,1.0,13,"{""0"": 13, ""1"": 52}","{""1"": 52, ""2"": 13}"
R1_PCA85_KMEANS__M0231,R1_PCA85_KMEANS,0.35023135415965057,1.0575801568472007,32.142048953388965,0.5869014918942209,1.0,14,"{""0"": 51, ""1"": 14}","{""1"": 51, ""2"": 14}"
R1_PCA85_KMEANS__M0232,R1_PCA85_KMEANS,0.40115922684940714,0.8294125072714338,41.068537736368214,0.9287780992655241,1.0,13,"{""0"": 52, ""1"": 13}","{""1"": 52, ""2"": 13}"
R1_PCA85_KMEANS__M0233,R1_PCA85_KMEANS,0.38106379718692845,0.8357242249454456,33.84842160793015,1.0,1.0,11,"{""0"": 54, ""1"": 11}","{""1"": 54, ""2"": 11}"
R1_PCA85_KMEANS__M0234,R1_PCA85_KMEANS,0.37973664226557985,0.934076403289258,40.71854076217431,0.7335181568059144,1.0,15,"{""0"": 15, ""1"": 50}","{""1"": 50, ""2"": 15}"
R1_PCA85_KMEANS__M0235,R1_PCA85_KMEANS,0.4448626766696615,0.7408810308261833,42.918150433958445,1.0,1.0,11,"{""0"": 54, ""1"": 11}","{""1"": 54, ""2"": 11}"
R1_PCA85_KMEANS__M0236,R1_PCA85_KMEANS,0.30637207850204756,1.2438903308836506,30.83918889618841,0.4353405725567621,1.0,20,"{""0"": 20, ""1"": 45}","{""1"": 45, ""2"": 20}"
R1_PCA85_KMEANS__M0237,R1_PCA85_KMEANS,0.4017559044175907,0.8260717408450727,38.169821567120984,1.0,1.0,12,"{""0"": 12, ""1"": 53}","{""1"": 53, ""2"": 12}"
R1_PCA85_KMEANS__M0238,R1_PCA85_KMEANS,0.4274557672616151,0.7725437515645477,40.568676543485616,0.9228790582346534,1.0,11,"{""0"": 11, ""1"": 54}","{""1"": 54, ""2"": 11}"
R1_PCA85_KMEANS__M0239,R1_PCA85_KMEANS,0.33635038827079106,1.2788339237041875,34.61085662959578,0.32745326879292863,1.0,23,"{""0"": 42, ""1"": 23}","{""1"": 42, ""2"": 23}"
R1_PCA85_KMEANS__M0240,R1_PCA85_KMEANS,0.3209685264993165,1.320885288293481,32.32054890290207,0.2873266688165108,1.0,23,"{""0"": 23, ""1"": 42}","{""1"": 42, ""2"": 23}"
R1_PCA85_KMEANS__M0241,R1_PCA85_KMEANS,0.3259545850668484,1.251225138660073,35.136774405223136,0.3692136914502821,1.0,23,"{""0"": 42, ""1"": 23}","{""1"": 42, ""2"": 23}"
R1_PCA85_KMEANS__M0242,R1_PCA85_KMEANS,0.3824845768887191,0.8552921592858586,33.24827675187455,1.0,1.0,11,"{""0"": 54, ""1"": 11}","{""1"": 54, ""2"": 11}"
R1_PCA85_KMEANS__M0243,R1_PCA85_KMEANS,0.34768455559146394,1.2359685711794697,37.28113222449507,0.33463559411862687,1.0,24,"{""0"": 41, ""1"": 24}","{""1"": 41, ""2"": 24}"
R1_PCA85_KMEANS__M0244,R1_PCA85_KMEANS,0.4042824002723187,0.8742991215327981,44.02878739317585,0.7994276471320144,1.0,15,"{""0"": 15, ""1"": 50}","{""1"": 50, ""2"": 15}"
R1_PCA85_KMEANS__M0245,R1_PCA85_KMEANS,0.3516287854523019,1.0171551726603154,39.08816468109542,0.6330231334178608,1.0,18,"{""0"": 18, ""1"": 47}","{""1"": 47, ""2"": 18}"
R1_PCA85_KMEANS__M0246,R1_PCA85_KMEANS,0.332389594023479,1.1196027355028768,37.91510942496561,0.42374957687905995,1.0,19,"{""0"": 46, ""1"": 19}","{""1"": 46, ""2"": 19}"
R1_PCA85_KMEANS__M0247,R1_PCA85_KMEANS,0.3854827376856375,0.9216398003459462,45.163083138025904,0.6249755525132017,1.0,17,"{""0"": 17, ""1"": 48}","{""1"": 48, ""2"": 17}"
R1_PCA85_KMEANS__M0248,R1_PCA85_KMEANS,0.4746759218512115,0.6775187547641763,54.04088981002048,1.0,1.0,12,"{""0"": 12, ""1"": 53}","{""1"": 53, ""2"": 12}"
R1_PCA85_KMEANS__M0249,R1_PCA85_KMEANS,0.4135430275437326,0.8059506484869222,38.6533794837625,0.9228790582346534,1.0,11,"{""0"": 54, ""1"": 11}","{""1"": 54, ""2"": 11}"
R1_PCA85_KMEANS__M0250,R1_PCA85_KMEANS,0.3391426455094759,1.2420742936530762,36.95473003878798,0.33463559411862687,1.0,24,"{""0"": 24, ""1"": 41}","{""1"": 41, ""2"": 24}"
